product_id,product_name,category,price,stock_quantity,brand
1,Plan Get,Books,278.27,533,BrandA
5,Finally Develop,Beauty,307.6,862,BrandC
7,Various Account,Electronics,200.95,267,BrandC
8,Build Of,Beauty,262.73,198,BrandA
9,Save Keep,Clothing,155.47,355,BrandD
11,Usually Generation,Clothing,79.13,906,BrandB
13,See Fine,Books,299.74,84,BrandB
16,Same One,Beauty,152.27,199,BrandB
17,Option Early,Toys,65.91,215,BrandB
21,Speak Indicate,Clothing,49.2,234,BrandA
23,Manage Family,Beauty,217.74,920,BrandC
25,Hear Choice,Electronics,205.07,43,BrandA
26,Learn Occur,Beauty,351.39,94,BrandC
27,Eat Add,Books,336.82,535,BrandC
29,Admit Car,Home,192.6,667,BrandC
30,Similar Doctor,Home,137.83,162,BrandD
32,Exist Peace,Toys,463.94,132,BrandD
35,Later Charge,Toys,320.73,430,BrandB
36,Upon Reality,Clothing,339.19,132,BrandB
37,Realize Response,Books,119.22,184,BrandC
40,Front Statement,Beauty,236.34,294,BrandB
41,Past Something,Clothing,254.19,904,BrandA
43,Interview Do,Books,78.97,710,BrandC
46,Blue Learn,Toys,196.65,598,BrandD
48,Major Money,Clothing,342.7,8,BrandD
50,Rich Research,Clothing,150.78,323,BrandD
51,Degree Personal,Books,66.17,982,BrandD
54,Short Off,Electronics,485.4,636,BrandC
55,Green Person,Beauty,234.79,381,BrandD
57,Daughter Fire,Beauty,457.97,720,BrandC
58,Truth Soldier,Clothing,212.32,708,BrandC
60,Likely Focus,Beauty,333.06,575,BrandD
61,From Carry,Books,293.61,869,BrandC
63,Near Hear,Beauty,333.03,248,BrandC
64,Mrs Cause,Books,71.66,137,BrandD
66,Line Toward,Clothing,161.26,506,BrandC
71,Check Space,Clothing,34.35,986,BrandA
72,Rich Conference,Home,75.39,131,BrandC
77,Lot Change,Clothing,43.68,35,BrandD
81,Season Federal,Electronics,440.99,465,BrandC
82,Pm Itself,Toys,132.27,321,BrandD
83,Station Plan,Electronics,354.78,809,BrandC
84,Others Prove,Clothing,159.31,470,BrandB
85,Thing Out,Home,37.41,806,BrandC
88,Marriage Poor,Beauty,266.79,716,BrandD
90,Include Understand,Electronics,156.8,422,BrandA
91,Order All,Clothing,326.43,362,BrandB
95,Happen Election,Clothing,388.02,494,BrandA
96,As Number,Clothing,74.7,583,BrandD
98,Foreign Type,Beauty,171.81,383,BrandD
100,Service Public,Books,405.6,612,BrandD
104,Act Design,Beauty,430.59,203,BrandD
105,Whom Spring,Books,209.67,183,BrandC
113,Research Apply,Books,341.94,680,BrandC
114,Turn Build,Beauty,299.21,743,BrandB
118,Letter Keep,Clothing,290.25,899,BrandB
119,Office Five,Beauty,469.78,446,BrandB
120,Dog Before,Home,192.94,319,BrandD
125,Physical Team,Home,458.09,936,BrandB
126,Scientist Election,Beauty,8.23,158,BrandB
134,Treatment Recent,Books,403.83,340,BrandA
135,Degree Ahead,Electronics,481.64,667,BrandD
136,Mention Find,Books,53.51,164,BrandC
137,To Goal,Toys,412.07,7,BrandB
140,Appear Majority,Electronics,92.45,933,BrandB
141,Add Ever,Electronics,194.84,673,BrandA
143,Common Someone,Clothing,17.41,50,BrandD
144,Table Close,Books,26.6,601,BrandC
147,Especially Receive,Toys,391.49,868,BrandB
149,Enough Past,Home,484.35,557,BrandB
151,Entire Those,Home,405.2,851,BrandC
154,Toward Cause,Home,281.1,448,BrandD
155,Ready May,Home,146.69,84,BrandB
157,Present Almost,Electronics,24.76,697,BrandB
160,Hard Another,Clothing,28.45,738,BrandA
162,Head Subject,Clothing,109.14,818,BrandD
163,Increase Color,Home,486.03,641,BrandC
165,Capital Answer,Beauty,273.8,310,BrandB
174,Author Still,Electronics,442.93,405,BrandC
177,Citizen Wrong,Clothing,53.54,21,BrandD
178,Agent Light,Electronics,435.63,661,BrandA
182,Page Five,Electronics,97.2,656,BrandC
188,Read Strategy,Home,200.92,16,BrandD
189,Door Analysis,Clothing,35.19,240,BrandD
193,Situation Because,Books,399.08,82,BrandC
194,Already Late,Home,422.59,581,BrandC
196,Scene Reduce,Toys,300.75,128,BrandA
197,Themselves Impact,Beauty,125.98,825,BrandC
203,Dinner Interview,Clothing,38.2,135,BrandC
206,Middle Rock,Beauty,161.69,339,BrandB
207,List Note,Clothing,372.29,904,BrandB
209,Across Drop,Toys,446.75,879,BrandB
210,Debate Exist,Beauty,399.88,912,BrandA
211,Drug Fund,Beauty,453.85,606,BrandB
212,Forward Himself,Beauty,458.86,176,BrandA
213,Since Organization,Electronics,493.64,863,BrandB
214,Whole War,Electronics,209.55,846,BrandA
217,Window Radio,Electronics,127.36,162,BrandA
220,Federal Collection,Clothing,48.43,345,BrandD
222,Across Plan,Toys,322.65,96,BrandB
224,Discover Person,Clothing,358.45,292,BrandC
225,Energy Theory,Beauty,479.77,412,BrandB
226,Report Tree,Clothing,184.12,766,BrandC
227,Thousand Fill,Electronics,113.71,912,BrandA
230,Serious Save,Toys,52.73,364,BrandC
233,Design Crime,Electronics,460.75,902,BrandB
237,Audience Particular,Toys,438.69,794,BrandC
240,Kid Civil,Toys,40.03,377,BrandC
243,Participant Magazine,Electronics,301.85,853,BrandD
244,Center Occur,Toys,462.52,136,BrandC
245,Case Finish,Books,464.59,964,BrandB
246,Not Material,Beauty,106.42,730,BrandC
247,Trouble Sound,Toys,31.37,421,BrandB
248,New Where,Electronics,9.81,745,BrandD
249,Lay Factor,Toys,214.66,517,BrandB
250,Bank Hotel,Clothing,205.87,762,BrandA
253,Every Level,Toys,441.22,620,BrandC
254,Nation Fish,Electronics,455.13,42,BrandD
259,Land Information,Home,410.82,803,BrandA
260,Woman Impact,Clothing,487.76,953,BrandA
264,Fill Support,Beauty,429.67,541,BrandD
266,Degree Throughout,Books,316.62,70,BrandD
267,Adult Meeting,Electronics,215.68,145,BrandC
272,Floor While,Toys,340.66,318,BrandA
273,Realize Middle,Toys,226.46,975,BrandD
275,Force Its,Books,479.57,518,BrandB
280,Nothing Style,Electronics,355.27,913,BrandC
282,Than Director,Beauty,228.82,631,BrandB
284,Bed Up,Electronics,212.94,845,BrandD
286,Garden Song,Toys,171.4,324,BrandA
287,Author Against,Home,214.38,286,BrandC
288,Force Blue,Books,234.4,390,BrandC
289,Usually Stage,Toys,315.06,416,BrandD
292,Staff Daughter,Toys,170.06,271,BrandD
297,Interest Perform,Toys,121.56,943,BrandC
300,Which To,Clothing,68.93,360,BrandA
301,Pressure Sense,Books,84.58,125,BrandC
302,Defense Arm,Beauty,257.37,954,BrandC
308,Line Improve,Toys,374.42,91,BrandA
310,Speak Seem,Clothing,202.21,673,BrandD
313,Individual Outside,Clothing,23.15,873,BrandA
314,Keep Child,Toys,84.51,139,BrandA
316,City Imagine,Electronics,293.07,781,BrandA
318,Strong Action,Books,410.45,440,BrandA
320,Account Course,Beauty,150.98,448,BrandA
321,Technology Nation,Home,97.32,147,BrandC
322,Interesting Can,Home,200.89,512,BrandA
323,Popular Design,Electronics,420.21,295,BrandD
326,Trade Impact,Books,364.93,654,BrandC
328,Record Man,Toys,259.75,116,BrandB
329,But Similar,Books,134.06,269,BrandB
330,Attorney Decade,Toys,72.6,85,BrandD
331,Maybe Sister,Home,24.79,189,BrandC
332,My Call,Beauty,473.24,398,BrandB
335,Film Serious,Toys,97.58,144,BrandA
336,Good Economy,Electronics,399.27,17,BrandB
339,Term Either,Electronics,331.85,87,BrandD
343,Inside Others,Home,190.76,721,BrandD
347,Sing And,Home,336.84,162,BrandB
348,Down Modern,Beauty,471.62,691,BrandC
349,Society Agent,Books,118.82,435,BrandC
354,Candidate Drug,Clothing,361.81,137,BrandB
355,Whatever Year,Home,9.83,641,BrandB
357,Rest Mission,Beauty,398.62,362,BrandC
359,Recent Century,Clothing,486.28,766,BrandB
360,Yard Movement,Clothing,421.14,144,BrandC
363,Rock Next,Toys,453.83,809,BrandC
366,A Though,Beauty,280.49,7,BrandD
368,Cup Successful,Clothing,470.37,634,BrandD
373,Question Difficult,Home,356.32,924,BrandD
374,Much The,Toys,275.32,584,BrandB
375,Billion Certain,Toys,343.28,202,BrandC
377,Travel Chair,Toys,357.78,27,BrandC
380,Medical Several,Home,151.19,697,BrandD
382,Watch Should,Home,63.21,329,BrandB
384,Market Let,Books,18.22,461,BrandD
386,Artist Force,Home,86.06,433,BrandD
390,Task About,Books,369.15,871,BrandB
394,Strategy Defense,Beauty,95.52,926,BrandB
395,Region Short,Clothing,302.21,968,BrandC
400,Ago Provide,Toys,311.63,262,BrandD
402,Phone Important,Clothing,318.74,337,BrandB
404,Second Able,Clothing,128.08,751,BrandB
405,Home Coach,Home,114.73,315,BrandD
406,Glass Huge,Clothing,273.94,931,BrandC
407,Fund Difference,Electronics,332.5,496,BrandA
408,Range Us,Electronics,349.86,73,BrandC
410,Process Administration,Electronics,138.02,556,BrandC
411,Also Who,Electronics,306.75,551,BrandB
413,Author Allow,Clothing,473.71,348,BrandB
414,Worry Soldier,Electronics,205.39,381,BrandD
417,Cultural Fund,Clothing,32.38,858,BrandB
420,I Born,Home,334.47,923,BrandB
421,Very Why,Electronics,499.21,594,BrandC
424,Week Out,Toys,157.34,659,BrandA
425,Office Country,Home,158.09,165,BrandA
427,Fight First,Beauty,192.46,553,BrandA
430,Side Scientist,Clothing,124.73,924,BrandA
435,Outside After,Clothing,102.16,731,BrandD
439,Break Teacher,Electronics,94.33,649,BrandB
440,Back Evening,Electronics,131.2,595,BrandB
444,Safe Until,Electronics,291.21,130,BrandD
445,Member Rather,Electronics,136.6,171,BrandC
448,Develop Republican,Books,75.03,849,BrandD
451,Serious Forward,Books,111.68,47,BrandB
456,State Treatment,Clothing,179.47,768,BrandB
458,Air Traditional,Electronics,169.07,481,BrandB
461,Much Fast,Electronics,450.22,290,BrandC
462,Almost Defense,Books,127.83,242,BrandC
463,Play Sometimes,Toys,225.11,206,BrandD
464,Claim Training,Clothing,444.45,850,BrandC
465,Culture Concern,Beauty,342.2,983,BrandB
469,Beautiful Career,Books,315.37,672,BrandC
470,Require Old,Books,159.17,309,BrandB
471,Action Recent,Books,201.83,863,BrandD
472,House Hundred,Beauty,412.15,747,BrandD
477,Finally Say,Clothing,412.98,50,BrandC
480,Two Radio,Beauty,379.53,686,BrandB
481,These City,Toys,131.05,606,BrandB
482,Every Focus,Clothing,253.16,278,BrandD
483,Myself All,Clothing,180.53,217,BrandB
486,Provide Send,Beauty,294.97,514,BrandC
488,Writer Positive,Electronics,33.43,33,BrandA
489,Strategy Skill,Home,319.04,30,BrandB
490,Pass Such,Toys,327.59,899,BrandB
492,Billion Free,Books,407.19,566,BrandC
497,Ability Generation,Home,107.73,477,BrandC
502,Face Worker,Books,270.39,225,BrandC
503,Such Media,Home,402.76,792,BrandD
506,Often Old,Electronics,19.46,627,BrandB
508,Store Best,Beauty,442.84,535,BrandB
509,Environment Particularly,Toys,49.49,504,BrandD
510,Conference Health,Electronics,181.91,838,BrandC
511,Those Occur,Home,437.5,975,BrandD
514,Foot Pressure,Books,228.8,678,BrandB
515,Decision Turn,Beauty,101.92,230,BrandC
516,Cover While,Home,143.09,587,BrandD
519,Left Technology,Electronics,126.17,604,BrandC
520,Movie Campaign,Electronics,124.66,247,BrandB
521,Guy Star,Books,222.83,816,BrandC
523,Home Senior,Beauty,473.89,88,BrandA
525,Sister It,Electronics,381.23,236,BrandB
528,Especially Threat,Electronics,84.5,106,BrandD
529,Serve Identify,Clothing,449.03,11,BrandB
530,Mr Yard,Books,61.17,276,BrandA
531,Manage Blue,Toys,409.69,700,BrandC
534,Poor Attack,Books,275.12,253,BrandB
540,Science Paper,Home,228.09,366,BrandC
542,Term Detail,Beauty,356.18,391,BrandC
543,Force Research,Electronics,99.42,752,BrandC
546,Fly Challenge,Electronics,196.62,661,BrandB
548,Base Game,Beauty,138.32,964,BrandD
549,If Recently,Electronics,261.26,494,BrandD
553,Draw Class,Beauty,127.95,77,BrandB
556,Quality Play,Electronics,202.93,278,BrandB
558,Same Red,Electronics,19.59,65,BrandA
559,Similar Situation,Toys,373.99,865,BrandC
560,Reality Measure,Books,178.07,955,BrandA
562,Federal Ability,Home,443.63,3,BrandA
566,Identify Long,Electronics,471.61,334,BrandA
568,Figure Data,Clothing,489.11,567,BrandA
570,Today Task,Toys,284.76,356,BrandD
576,With Media,Electronics,232.73,982,BrandD
579,Central Sell,Books,203.42,136,BrandB
580,Mean Church,Clothing,428.75,760,BrandB
582,Type Become,Books,12.57,145,BrandD
585,Line Degree,Toys,107.58,50,BrandA
588,Western Player,Home,217.36,700,BrandB
591,Country Really,Electronics,398.99,906,BrandC
595,Art Support,Electronics,21.92,439,BrandC
596,Change Different,Toys,438.89,609,BrandA
597,To Green,Toys,391.92,10,BrandA
600,Discover Interest,Beauty,104.03,677,BrandB
602,Them Type,Books,482.59,503,BrandA
603,Box Threat,Books,165.16,990,BrandB
605,Glass Financial,Beauty,286.1,537,BrandD
610,Hotel Federal,Home,462.35,716,BrandA
616,Great While,Clothing,28.37,88,BrandA
617,Responsibility Begin,Toys,424.63,780,BrandD
620,Cell Actually,Books,324.61,749,BrandB
624,Relate Pretty,Toys,381.74,597,BrandC
626,Pm Green,Clothing,53.09,919,BrandC
630,Expert Above,Home,11.58,284,BrandA
632,Church Daughter,Home,292.19,896,BrandA
633,Project Without,Electronics,125.17,157,BrandB
634,Theory Specific,Clothing,341.46,185,BrandB
636,Reflect Oil,Beauty,419.08,862,BrandD
639,Into Main,Beauty,403.24,344,BrandB
641,Social Operation,Toys,69.74,893,BrandC
643,Film Dinner,Toys,115.39,802,BrandB
644,These Ask,Toys,59.38,497,BrandD
645,Word Item,Toys,470.83,603,BrandB
647,Control Support,Toys,490.35,455,BrandC
650,Fight Might,Electronics,438.52,895,BrandC
652,Audience Account,Beauty,27.53,765,BrandD
655,Arrive Assume,Beauty,293.56,234,BrandB
660,List Old,Electronics,471.13,594,BrandD
664,Lot Green,Beauty,475.1,846,BrandC
666,Soon Government,Books,40.05,575,BrandB
668,Success Scientist,Electronics,480.18,384,BrandC
671,Word Dinner,Beauty,37.03,718,BrandC
673,Thank Statement,Electronics,185.28,529,BrandB
675,Throughout I,Electronics,127.92,138,BrandD
678,Firm Natural,Toys,475.16,600,BrandA
684,Unit Person,Electronics,152.16,147,BrandD
686,Sit Build,Beauty,90.69,178,BrandC
687,Price Key,Clothing,68.44,299,BrandC
689,Magazine Six,Electronics,93.99,589,BrandA
691,Page State,Toys,102.83,17,BrandD
692,Truth Nothing,Electronics,259.39,772,BrandC
700,Identify Huge,Electronics,371.97,967,BrandC
701,Author Plan,Clothing,226.29,731,BrandD
702,Attack Work,Electronics,449.86,706,BrandC
703,Every Well,Electronics,160.71,808,BrandA
704,Player Find,Electronics,22.6,585,BrandD
705,List Green,Home,195.01,751,BrandD
706,Nor Section,Electronics,43.09,997,BrandA
707,Herself Board,Beauty,232.0,695,BrandD
708,Base Week,Electronics,115.68,505,BrandA
709,Personal Language,Beauty,298.47,119,BrandA
710,Interesting Notice,Toys,379.84,564,BrandB
711,Mind Stay,Books,29.25,884,BrandC
712,Feel With,Books,82.55,114,BrandB
714,Hand Experience,Books,339.81,892,BrandC
717,Hard Discover,Clothing,140.86,792,BrandA
721,Make Again,Electronics,438.12,946,BrandD
724,Focus Real,Books,150.85,767,BrandD
725,Over When,Beauty,332.98,491,BrandA
726,Finally Arm,Clothing,87.32,981,BrandD
727,While Likely,Books,357.63,479,BrandA
732,Adult Rule,Toys,281.89,31,BrandA
733,Cost Cold,Home,167.59,406,BrandC
739,House And,Clothing,430.18,616,BrandC
740,Kitchen Official,Clothing,149.63,462,BrandD
741,Explain More,Electronics,69.33,716,BrandC
742,Animal Responsibility,Home,163.68,182,BrandD
747,Sing Computer,Home,184.2,538,BrandC
748,Local Artist,Home,399.28,848,BrandD
750,Media Consider,Clothing,267.81,547,BrandA
751,Clear Example,Clothing,352.49,493,BrandA
754,Smile Floor,Home,379.33,512,BrandB
756,Daughter Story,Toys,243.78,543,BrandC
757,Official Floor,Books,11.15,882,BrandD
758,Whether Me,Beauty,30.18,965,BrandA
759,Standard Spend,Home,294.8,168,BrandD
761,Gun Force,Home,268.74,895,BrandD
762,Medical State,Toys,274.96,176,BrandC
766,To Allow,Electronics,434.6,807,BrandA
768,Attack Wonder,Toys,276.16,966,BrandB
769,Provide Business,Electronics,357.11,871,BrandB
775,Identify Bit,Electronics,281.57,891,BrandC
777,Short Player,Books,372.57,592,BrandD
779,Book Interest,Electronics,62.24,1000,BrandC
782,Store Source,Books,73.24,80,BrandA
783,Really Open,Clothing,311.98,451,BrandD
785,Son Beautiful,Clothing,129.49,189,BrandA
786,Half Poor,Home,25.99,902,BrandB
790,Good Center,Electronics,286.51,129,BrandC
793,Center Few,Beauty,162.63,162,BrandB
794,Radio Score,Beauty,326.06,784,BrandB
795,Life Also,Clothing,49.01,309,BrandC
796,Professional Produce,Home,395.58,596,BrandD
798,Finally Form,Home,401.79,317,BrandA
801,Different First,Toys,365.0,222,BrandD
806,Themselves Buy,Toys,399.21,518,BrandD
807,Edge Decade,Electronics,120.02,248,BrandB
810,Artist Wonder,Electronics,426.56,973,BrandA
819,Far Financial,Toys,382.26,127,BrandA
820,Light Director,Beauty,163.35,802,BrandD
823,Feeling Remain,Electronics,163.65,140,BrandC
824,War Statement,Electronics,136.58,280,BrandB
825,Can Court,Electronics,458.5,959,BrandA
827,Item Year,Books,57.09,742,BrandC
828,Impact Society,Books,78.39,273,BrandA
829,Measure Sit,Electronics,47.64,246,BrandB
831,Official Turn,Toys,303.18,215,BrandA
833,International Offer,Beauty,490.24,358,BrandC
834,Garden Energy,Beauty,399.11,460,BrandB
838,From Effort,Books,127.66,245,BrandD
842,Event Large,Beauty,484.18,990,BrandA
843,Artist Many,Books,21.02,944,BrandD
845,Room Financial,Toys,391.98,608,BrandA
846,Anyone Small,Home,137.34,82,BrandB
847,Building Fill,Home,218.89,10,BrandA
850,Success City,Clothing,75.47,796,BrandA
852,Traditional Station,Clothing,98.59,376,BrandD
854,Animal Traditional,Clothing,238.57,807,BrandC
855,Picture Machine,Electronics,333.72,606,BrandA
856,Marriage Must,Beauty,66.26,979,BrandB
858,Travel Somebody,Clothing,141.4,740,BrandA
860,Until Machine,Home,359.94,535,BrandB
861,Child Traditional,Toys,349.59,329,BrandB
864,Vote Management,Home,232.79,292,BrandC
865,Seat Suddenly,Home,37.57,355,BrandA
869,Everyone Risk,Beauty,65.39,813,BrandC
870,Protect Its,Toys,98.06,110,BrandA
872,Unit Training,Toys,412.46,472,BrandC
875,Oil Protect,Home,185.47,506,BrandC
876,Benefit Goal,Home,403.45,348,BrandA
877,Popular Least,Electronics,389.68,940,BrandB
878,Change No,Beauty,211.47,490,BrandA
881,Travel Ever,Books,155.27,353,BrandC
883,To President,Clothing,427.75,461,BrandB
884,Heavy Your,Toys,142.67,173,BrandA
887,Money Lead,Books,383.58,805,BrandD
889,Course Here,Clothing,398.42,379,BrandD
892,Program All,Books,276.22,566,BrandB
895,Anyone Another,Clothing,479.96,777,BrandA
896,Today Usually,Books,134.51,45,BrandB
898,Top West,Clothing,493.33,877,BrandD
900,Window In,Beauty,44.9,683,BrandA
901,Pattern Green,Beauty,425.42,38,BrandB
902,Feel Arrive,Home,155.67,44,BrandD
905,Dog Evidence,Beauty,170.09,530,BrandA
911,Family Risk,Beauty,133.53,645,BrandA
918,Although Action,Toys,397.76,517,BrandC
920,Morning Specific,Toys,425.43,971,BrandD
923,Brother Particularly,Toys,250.65,347,BrandA
924,Clearly Ahead,Electronics,55.6,179,BrandA
926,Century Lead,Electronics,347.8,393,BrandA
929,Herself Institution,Home,31.3,306,BrandC
931,Most Set,Beauty,102.62,799,BrandA
933,Loss Staff,Beauty,492.14,424,BrandB
934,Get Media,Toys,220.26,572,BrandA
938,Much Population,Clothing,331.47,968,BrandA
942,Blue Lose,Books,385.21,167,BrandC
944,South Wish,Books,32.63,180,BrandC
945,Wind Suffer,Clothing,356.59,451,BrandC
947,Officer Property,Home,163.87,645,BrandD
948,Their Oil,Home,214.12,857,BrandB
949,Rule Care,Electronics,10.04,890,BrandA
952,Material Development,Beauty,334.57,37,BrandD
954,Else Example,Electronics,252.18,891,BrandD
955,Policy Collection,Books,410.53,992,BrandB
963,Table Which,Toys,425.62,786,BrandB
964,Mean Attention,Beauty,333.72,613,BrandA
968,Class Moment,Home,369.33,549,BrandD
973,Important Sign,Electronics,89.48,608,BrandA
974,Piece Weight,Home,471.69,480,BrandD
978,Lawyer To,Electronics,468.41,874,BrandD
986,New Try,Books,226.39,951,BrandB
987,Hard Seek,Beauty,408.24,636,BrandC
990,Own Choice,Toys,460.0,220,BrandC
993,Drive Mission,Clothing,97.6,56,BrandA
998,Performance Structure,Electronics,127.75,756,BrandD
1004,Score Race,Toys,307.18,768,BrandA
1005,Conference Share,Books,208.02,844,BrandB
1007,Station Music,Books,131.13,951,BrandA
1010,Exist For,Beauty,79.45,664,BrandB
1012,Time Role,Beauty,491.15,201,BrandA
1016,Per Number,Electronics,181.72,84,BrandC
1025,Career Partner,Beauty,295.66,971,BrandB
1026,Go Serve,Clothing,339.14,163,BrandB
1030,Summer Value,Electronics,216.71,586,BrandB
1034,Fear Dinner,Clothing,410.1,73,BrandA
1036,Spring Base,Home,424.7,482,BrandA
1037,That Appear,Electronics,15.97,56,BrandD
1040,Successful Market,Books,60.73,636,BrandB
1041,Room Build,Electronics,476.57,93,BrandD
1042,Laugh International,Clothing,468.48,588,BrandD
1043,Region Single,Books,108.09,301,BrandC
1045,Onto Challenge,Clothing,276.65,527,BrandD
1047,Discuss Explain,Electronics,290.13,34,BrandD
1053,Camera Direction,Toys,473.91,352,BrandC
1054,Together Every,Clothing,19.43,190,BrandD
1055,Again Tell,Home,70.33,155,BrandD
1056,Our Plant,Beauty,409.78,268,BrandB
1057,Trade Doctor,Home,265.36,771,BrandD
1058,Style Approach,Clothing,28.84,71,BrandD
1062,Reduce Three,Books,221.14,700,BrandC
1064,Agent Enjoy,Clothing,221.82,826,BrandB
1065,By Unit,Clothing,174.92,663,BrandC
1066,Plant A,Toys,222.6,203,BrandC
1068,Perhaps Base,Electronics,87.47,921,BrandB
1072,Memory Director,Books,171.27,485,BrandA
1076,As Cup,Beauty,347.45,52,BrandC
1078,Likely Success,Toys,421.06,850,BrandB
1081,Behavior Move,Clothing,308.03,679,BrandA
1083,Office On,Toys,255.23,163,BrandD
1084,Option Many,Toys,292.03,73,BrandD
1085,Table Move,Beauty,499.13,342,BrandD
1089,Apply Question,Clothing,42.2,57,BrandA
1093,Ask Production,Toys,418.81,353,BrandB
1094,Region Amount,Clothing,498.06,555,BrandC
1095,Available Everybody,Home,169.34,648,BrandC
1096,Note Standard,Books,38.06,981,BrandB
1098,Boy It,Toys,487.09,380,BrandC
1100,Expect Itself,Electronics,253.84,214,BrandC
1102,Available Man,Clothing,401.34,653,BrandB
1104,Very Because,Clothing,190.56,110,BrandB
1107,Seem Step,Books,71.12,631,BrandB
1108,Magazine Not,Books,153.62,454,BrandB
1109,Later Fear,Clothing,343.8,530,BrandA
1110,Employee Care,Electronics,65.21,773,BrandC
1111,Account World,Beauty,435.65,29,BrandA
1112,Identify Work,Electronics,256.92,229,BrandD
1114,Catch Per,Home,426.23,748,BrandD
1115,Write Explain,Clothing,321.14,604,BrandB
1118,Pick Call,Books,8.46,534,BrandA
1120,Wonder Break,Clothing,456.58,820,BrandB
1124,Environment Often,Clothing,214.91,155,BrandA
1125,Girl Both,Toys,68.63,183,BrandD
1127,Team Race,Home,202.19,215,BrandD
1128,Choice Race,Electronics,271.95,869,BrandA
1130,Speech Fear,Beauty,47.19,60,BrandB
1131,Answer Accept,Electronics,11.2,58,BrandC
1133,Huge City,Home,231.6,300,BrandB
1134,Short May,Clothing,203.52,611,BrandA
1136,Front Until,Books,498.04,339,BrandD
1137,Off Tough,Books,471.01,605,BrandB
1140,Put Production,Home,388.61,355,BrandC
1143,Which Whatever,Electronics,19.87,174,BrandA
1144,Argue They,Home,307.2,994,BrandB
1146,Necessary Institution,Books,151.64,69,BrandD
1147,Simple City,Clothing,414.77,325,BrandA
1148,Painting Continue,Electronics,371.08,41,BrandB
1149,Eat Include,Beauty,30.17,392,BrandD
1151,Top Music,Beauty,432.13,339,BrandD
1154,Either His,Clothing,273.23,241,BrandC
1156,Think Federal,Clothing,186.11,135,BrandC
1158,Individual Politics,Clothing,123.52,648,BrandA
1160,Inside Interesting,Beauty,227.08,272,BrandA
1161,Black Imagine,Electronics,303.6,739,BrandC
1162,Director Week,Toys,94.71,742,BrandA
1163,Memory City,Electronics,152.08,191,BrandC
1165,Trouble Step,Beauty,420.58,788,BrandC
1167,Compare Seven,Beauty,245.91,495,BrandA
1168,Push Investment,Home,319.69,418,BrandD
1169,Result Of,Books,220.56,568,BrandD
1170,Surface Institution,Books,326.11,93,BrandD
1171,Too See,Home,53.5,446,BrandC
1174,Leader Network,Home,444.46,656,BrandA
1175,Front Behind,Electronics,100.24,256,BrandA
1179,Teacher Past,Toys,180.47,201,BrandA
1180,Quality Everything,Toys,94.31,182,BrandC
1187,Play Myself,Beauty,228.15,670,BrandB
1189,Near Address,Electronics,213.45,108,BrandA
1192,Opportunity Successful,Clothing,411.2,414,BrandC
1195,Republican Green,Electronics,391.15,469,BrandB
1196,Window Attention,Toys,131.19,753,BrandB
1201,Miss Director,Clothing,378.54,895,BrandC
1202,Enjoy Standard,Clothing,434.47,294,BrandA
1203,Behind Every,Books,474.6,559,BrandD
1205,Feel Travel,Beauty,220.1,42,BrandB
1206,Type Goal,Electronics,268.78,406,BrandA
1207,House Factor,Home,181.34,115,BrandA
1213,Product Detail,Beauty,381.25,39,BrandC
1214,Upon Them,Clothing,36.29,269,BrandA
1215,Check Receive,Home,137.17,690,BrandA
1216,East Floor,Clothing,358.34,988,BrandA
1218,Personal Bad,Home,417.01,461,BrandD
1222,Later Series,Clothing,350.79,859,BrandA
1226,Difference Success,Books,277.49,794,BrandD
1227,Student By,Electronics,52.07,512,BrandB
1228,Pay Resource,Toys,26.17,267,BrandB
1231,Sister Avoid,Electronics,392.01,294,BrandD
1233,Family Everybody,Electronics,359.7,372,BrandB
1237,Drive Allow,Electronics,54.93,277,BrandB
1238,Quite Eight,Electronics,294.59,533,BrandA
1239,Quality Black,Beauty,113.03,487,BrandB
1247,Program Month,Electronics,499.24,907,BrandC
1249,Name Receive,Toys,414.34,737,BrandB
1254,Quickly Class,Books,497.36,559,BrandC
1257,Arrive Section,Toys,347.57,153,BrandD
1258,Discussion Support,Electronics,121.16,611,BrandC
1260,Set Wear,Clothing,27.88,383,BrandB
1261,Poor Matter,Beauty,401.41,172,BrandC
1265,Executive Nature,Electronics,46.09,20,BrandC
1269,Mouth Stuff,Books,171.54,874,BrandD
1272,Man Beat,Electronics,50.18,877,BrandB
1273,Low Now,Beauty,425.22,502,BrandD
1274,Decade Threat,Toys,485.51,479,BrandD
1276,Participant Style,Toys,69.64,583,BrandB
1277,Friend Surface,Home,450.75,438,BrandA
1278,Never Require,Toys,174.69,701,BrandB
1281,Consumer Management,Books,100.74,816,BrandB
1282,Throw Leader,Clothing,33.63,955,BrandC
1283,Society Hard,Toys,53.79,754,BrandA
1285,Hotel Along,Home,354.71,940,BrandB
1286,Truth Think,Toys,48.98,95,BrandC
1291,Exist Situation,Electronics,352.74,201,BrandA
1292,Tax Total,Books,6.31,245,BrandA
1294,Everybody Hear,Electronics,214.45,315,BrandC
1295,Real Education,Electronics,158.2,753,BrandD
1296,Exactly Theory,Home,389.43,754,BrandA
1298,Experience According,Home,351.47,76,BrandA
1301,Large Church,Home,436.75,646,BrandB
1304,East Movie,Toys,211.34,242,BrandA
1305,Parent Decide,Toys,279.63,728,BrandD
1306,Series Or,Electronics,481.77,257,BrandC
1308,Alone Major,Clothing,207.65,235,BrandC
1310,Free Positive,Books,426.92,922,BrandD
1312,Finally North,Toys,391.35,571,BrandD
1320,Financial Level,Home,418.3,488,BrandB
1321,Move Executive,Clothing,155.17,19,BrandB
1322,Record General,Electronics,258.46,609,BrandC
1325,Former Own,Books,266.75,532,BrandA
1327,Whole Unit,Books,490.28,398,BrandC
1328,Five Information,Books,309.65,403,BrandA
1330,Rise Across,Toys,235.57,582,BrandB
1335,Skin End,Clothing,137.17,801,BrandB
1340,Look Light,Toys,468.55,407,BrandA
1342,Behind Find,Home,317.37,947,BrandC
1343,Reflect Long,Clothing,406.29,170,BrandA
1344,Space Marriage,Beauty,165.23,172,BrandB
1346,Stand Light,Clothing,23.43,773,BrandC
1347,Career Ever,Toys,41.29,503,BrandB
1350,Technology Dinner,Books,235.66,539,BrandD
1354,Style Dark,Toys,93.88,133,BrandC
1355,Who Interest,Home,172.5,983,BrandA
1356,Rise Culture,Electronics,114.67,995,BrandD
1357,Hear Option,Clothing,419.0,603,BrandA
1359,Per Collection,Beauty,28.41,911,BrandB
1362,Get Hospital,Electronics,138.6,221,BrandD
1363,Four Same,Beauty,378.71,161,BrandC
1364,Wife Budget,Clothing,335.06,920,BrandC
1365,Deal Page,Beauty,470.48,386,BrandB
1366,Personal Step,Electronics,128.34,419,BrandA
1369,Age Too,Home,340.45,618,BrandA
1370,Order Over,Home,94.14,573,BrandD
1373,Also See,Toys,297.49,505,BrandB
1375,Factor Home,Books,183.84,89,BrandC
1376,Produce Form,Beauty,372.91,111,BrandD
1379,Deep Someone,Electronics,365.51,578,BrandC
1380,Five Line,Beauty,414.4,829,BrandA
1385,Trip Next,Beauty,172.79,742,BrandD
1391,Drop Clear,Beauty,111.92,418,BrandC
1392,Whom Side,Clothing,189.5,573,BrandA
1395,Citizen Response,Beauty,64.0,359,BrandD
1396,Friend Play,Electronics,378.77,191,BrandD
1398,Skill Sit,Home,337.05,900,BrandD
1399,Defense East,Electronics,235.01,856,BrandC
1401,Beyond Teacher,Books,307.8,997,BrandA
1402,Organization Central,Home,219.42,605,BrandD
1405,Wish View,Home,141.79,180,BrandA
1407,Fact Pick,Toys,391.7,9,BrandA
1408,Section Four,Toys,394.43,306,BrandC
1411,Finally Work,Electronics,194.99,316,BrandB
1412,Billion Cause,Clothing,123.51,597,BrandC
1417,Per Ok,Clothing,127.96,211,BrandB
1418,After Machine,Toys,360.76,571,BrandC
1419,Add Person,Beauty,452.17,261,BrandD
1420,Front Describe,Beauty,331.94,503,BrandA
1421,Under Picture,Electronics,31.34,229,BrandD
1423,Teach Similar,Books,334.85,323,BrandB
1424,Whatever Much,Books,468.43,749,BrandB
1425,Television Conference,Beauty,143.26,523,BrandA
1426,State Answer,Clothing,15.51,812,BrandB
1427,Approach Million,Toys,21.04,89,BrandA
1429,Pay Letter,Home,204.5,583,BrandA
1436,Difference These,Clothing,362.42,212,BrandD
1438,Career Expert,Books,339.35,660,BrandB
1439,Under Bag,Home,146.84,609,BrandC
1441,Popular Brother,Electronics,194.19,608,BrandB
1443,Section Recognize,Clothing,305.1,721,BrandC
1445,While No,Toys,246.49,962,BrandC
1446,Every Gun,Beauty,426.27,635,BrandB
1451,Admit Customer,Home,221.36,885,BrandA
1454,Paper Society,Clothing,316.88,538,BrandA
1455,Dog Election,Home,36.23,220,BrandD
1458,We Cultural,Books,326.8,181,BrandA
1460,Cost Property,Toys,303.46,921,BrandD
1461,Human Father,Toys,87.12,830,BrandB
1463,Subject Know,Books,384.13,943,BrandB
1464,Environment Effort,Electronics,60.54,127,BrandB
1466,Poor Money,Home,11.32,246,BrandC
1467,Option Sport,Clothing,133.5,924,BrandB
1469,Nothing Both,Toys,281.7,578,BrandB
1471,Product Than,Clothing,340.38,372,BrandD
1473,Watch Too,Clothing,365.39,424,BrandD
1474,Sea Officer,Books,454.41,306,BrandD
1476,Subject Think,Beauty,381.59,709,BrandD
1479,Air Hour,Beauty,300.11,945,BrandB
1481,Good Her,Home,52.74,335,BrandC
1482,Gun Cold,Beauty,250.22,470,BrandD
1483,Program Camera,Home,309.48,269,BrandD
1484,Fine Growth,Electronics,463.48,793,BrandD
1487,Operation Among,Books,85.88,246,BrandB
1490,Enjoy Look,Home,174.02,740,BrandD
1491,Hope Idea,Clothing,214.92,370,BrandC
1492,Game Court,Electronics,396.89,529,BrandD
1494,Example Stand,Home,7.39,131,BrandA
1495,Ball Teach,Beauty,121.24,696,BrandD
1498,Learn Officer,Electronics,185.6,0,BrandC
1500,First Reality,Beauty,71.32,61,BrandD
1502,With Care,Home,122.47,984,BrandD
1509,Politics Also,Home,162.1,722,BrandB
1510,Way Relationship,Electronics,499.35,706,BrandB
1511,Guess Off,Toys,157.95,983,BrandC
1513,Real Here,Toys,197.65,774,BrandD
1519,Professional Describe,Home,100.95,512,BrandC
1521,Voice By,Toys,391.49,109,BrandD
1522,Member Very,Books,411.45,289,BrandC
1524,Ahead Culture,Electronics,226.44,705,BrandD
1527,Dog Gas,Books,235.87,858,BrandD
1530,Field Explain,Beauty,85.04,607,BrandB
1533,Management Notice,Home,401.86,265,BrandD
1534,Main It,Toys,35.28,753,BrandA
1536,Them Hundred,Home,204.73,860,BrandA
1539,Front Pull,Toys,461.61,693,BrandB
1542,Get Arrive,Clothing,291.87,195,BrandC
1546,Security Office,Electronics,85.52,85,BrandC
1558,It With,Electronics,261.65,699,BrandD
1559,Serious Next,Clothing,492.53,903,BrandD
1565,Million Include,Beauty,281.09,555,BrandD
1569,Magazine Fire,Toys,99.65,561,BrandB
1570,Able Piece,Books,85.21,65,BrandB
1571,Seven Open,Beauty,108.35,829,BrandD
1572,Main Second,Beauty,401.86,239,BrandD
1573,Drive Line,Books,380.62,256,BrandA
1579,Her Subject,Books,240.2,751,BrandA
1580,Treatment Think,Clothing,310.22,486,BrandA
1582,Easy Decision,Clothing,143.19,510,BrandB
1584,Court She,Clothing,318.68,972,BrandC
1586,Support Wrong,Home,209.1,485,BrandB
1587,Camera Why,Books,225.75,183,BrandB
1590,Live Tree,Electronics,186.4,428,BrandC
1594,Rock Attack,Beauty,173.63,94,BrandA
1597,Area Exist,Books,121.61,231,BrandA
1600,Save Commercial,Books,212.11,170,BrandB
1601,Room Impact,Electronics,21.75,675,BrandA
1602,Throw What,Clothing,94.26,87,BrandD
1605,Either Time,Clothing,412.02,61,BrandD
1606,Other Above,Beauty,269.9,243,BrandC
1610,Measure Laugh,Books,183.12,799,BrandC
1614,Trouble Nothing,Beauty,163.2,146,BrandC
1615,Southern Knowledge,Books,439.15,477,BrandB
1616,Effect Operation,Books,379.68,652,BrandC
1617,Service Reflect,Clothing,489.32,451,BrandB
1619,Girl Visit,Clothing,309.92,587,BrandD
1621,Get Race,Beauty,316.2,931,BrandC
1625,Receive Again,Books,73.31,389,BrandA
1627,Follow Model,Toys,23.41,724,BrandA
1628,Somebody Section,Clothing,90.12,728,BrandB
1630,Such Force,Home,451.13,375,BrandA
1634,Writer Something,Toys,179.28,929,BrandC
1640,Best Use,Books,334.77,96,BrandB
1642,Process Store,Beauty,234.19,570,BrandD
1647,Guess Ball,Home,462.19,14,BrandA
1648,Effect Effort,Beauty,166.24,644,BrandB
1649,Walk Force,Home,333.65,892,BrandB
1650,Candidate Soldier,Clothing,473.41,272,BrandD
1652,Him Window,Books,479.58,282,BrandC
1658,Just Institution,Electronics,354.32,77,BrandC
1660,Spring Cultural,Clothing,333.39,296,BrandC
1661,Space Lose,Clothing,454.08,253,BrandA
1662,Stuff May,Electronics,372.99,614,BrandB
1663,Base Rock,Books,66.48,232,BrandC
1664,Day Senior,Beauty,19.56,206,BrandD
1665,Almost Together,Books,69.74,144,BrandB
1667,Require Perform,Toys,98.73,781,BrandA
1671,Director Huge,Clothing,481.46,491,BrandA
1673,Look Recent,Clothing,299.66,687,BrandB
1674,Job By,Home,42.04,797,BrandD
1676,Piece Great,Clothing,134.62,470,BrandB
1677,Congress Yes,Electronics,467.49,820,BrandA
1680,Everyone Bring,Electronics,190.35,690,BrandD
1683,Agreement Fill,Clothing,242.76,280,BrandA
1684,Author Kitchen,Toys,484.78,171,BrandB
1685,Record Issue,Electronics,214.13,197,BrandB
1687,Know Evening,Beauty,106.0,831,BrandB
1688,Not Score,Books,494.88,277,BrandC
1689,There Benefit,Beauty,341.22,403,BrandB
1690,Technology Million,Toys,484.4,385,BrandD
1691,Mrs Face,Home,290.66,377,BrandD
1696,Special General,Books,390.91,608,BrandD
1699,One Above,Home,457.52,122,BrandA
1700,Trial Religious,Toys,484.3,859,BrandC
1702,Fund Pm,Clothing,252.12,275,BrandB
1704,Car Feeling,Clothing,342.19,716,BrandB
1705,Garden Class,Beauty,316.87,709,BrandD
1711,Picture Memory,Clothing,130.35,247,BrandA
1713,That Behind,Toys,150.88,486,BrandB
1724,What Win,Clothing,175.73,107,BrandC
1725,Information Upon,Toys,328.16,964,BrandA
1726,Test Member,Clothing,10.9,700,BrandA
1727,Education Include,Books,139.04,18,BrandA
1728,Structure Loss,Clothing,353.81,809,BrandB
1729,Mrs Reach,Books,378.48,4,BrandD
1736,American Bed,Toys,17.37,179,BrandB
1738,Between Tend,Beauty,99.68,647,BrandB
1740,Most Check,Books,228.31,652,BrandC
1741,Information End,Beauty,272.04,861,BrandB
1742,Become Possible,Books,217.25,463,BrandA
1746,And Goal,Clothing,367.9,37,BrandA
1748,Cold Suddenly,Clothing,81.42,812,BrandB
1749,Perhaps Office,Electronics,376.11,26,BrandD
1750,Major Business,Beauty,154.07,542,BrandB
1752,Sound Sit,Clothing,394.21,427,BrandD
1754,Get Fine,Books,13.25,820,BrandC
1755,Beautiful Organization,Beauty,401.67,511,BrandC
1758,Majority Movement,Clothing,385.28,464,BrandB
1759,Central Should,Electronics,66.38,835,BrandA
1761,Individual Protect,Home,38.32,408,BrandA
1762,Look Seat,Beauty,199.11,568,BrandC
1763,Seem Game,Beauty,481.03,999,BrandA
1767,Ground Guess,Electronics,163.47,307,BrandC
1769,Movie Under,Beauty,467.88,605,BrandC
1770,Medical Record,Beauty,61.92,933,BrandA
1773,Debate Necessary,Beauty,144.63,587,BrandD
1776,My Fund,Books,269.58,607,BrandA
1777,Region Knowledge,Home,198.53,291,BrandA
1779,Day Newspaper,Clothing,322.26,99,BrandD
1781,Choose Political,Beauty,437.81,310,BrandB
1787,Audience Agency,Home,376.11,785,BrandD
1797,Ten Daughter,Clothing,427.73,887,BrandD
1798,Either Move,Toys,144.11,529,BrandB
1799,Top Act,Electronics,150.31,891,BrandD
1802,Particularly Perhaps,Books,154.13,848,BrandB
1803,On Than,Electronics,11.56,213,BrandB
1805,Picture Father,Books,478.27,820,BrandD
1807,Able Every,Electronics,231.43,794,BrandA
1809,Note They,Toys,119.72,223,BrandB
1810,Program Responsibility,Books,354.85,852,BrandB
1811,Or Can,Toys,329.19,280,BrandD
1815,Together Response,Books,158.07,364,BrandB
1819,Television Whole,Home,278.63,875,BrandA
1820,Condition Seem,Electronics,116.97,842,BrandD
1821,Coach Spring,Home,255.44,769,BrandD
1822,Bad Government,Home,442.71,452,BrandA
1823,Personal Station,Clothing,358.45,502,BrandC
1824,Town People,Books,288.08,891,BrandC
1826,Consumer Rather,Clothing,463.62,875,BrandB
1827,Affect Interesting,Clothing,200.45,927,BrandC
1829,Reach Bank,Beauty,260.97,523,BrandB
1832,Fast Word,Electronics,281.9,87,BrandB
1833,Mouth Weight,Home,473.75,992,BrandD
1834,Marriage Series,Electronics,95.32,363,BrandC
1836,Agree Attorney,Books,162.46,884,BrandA
1837,Game Claim,Toys,111.91,57,BrandB
1838,Religious Sometimes,Electronics,433.57,809,BrandC
1839,Ground Enter,Electronics,453.62,151,BrandD
1841,Simply Can,Toys,486.86,916,BrandD
1843,Seat Experience,Toys,265.06,995,BrandA
1846,Provide Window,Electronics,170.24,710,BrandD
1847,Environment He,Books,21.93,248,BrandB
1852,Order Pull,Toys,154.9,221,BrandB
1853,Southern Against,Books,307.72,615,BrandD
1854,Into Teacher,Books,17.57,492,BrandB
1856,Experience List,Beauty,67.61,990,BrandA
1857,Might Share,Electronics,310.95,513,BrandA
1858,Assume Would,Home,216.07,166,BrandD
1859,Resource It,Clothing,460.3,10,BrandC
1860,Hand Must,Toys,163.06,859,BrandD
1862,Rich Whatever,Home,146.35,506,BrandC
1864,Relate High,Toys,394.78,794,BrandC
1865,Care Able,Books,19.71,953,BrandC
1866,Everything And,Toys,13.77,558,BrandB
1867,Happen Free,Clothing,351.43,630,BrandD
1870,Great Red,Home,97.32,187,BrandC
1872,Everything Receive,Clothing,87.34,511,BrandB
1875,Talk Suddenly,Toys,27.98,822,BrandC
1876,College Word,Toys,405.81,682,BrandD
1880,Old Happen,Toys,372.6,4,BrandD
1881,Interest Us,Electronics,25.81,334,BrandA
1882,Any Worker,Clothing,391.77,297,BrandD
1883,Bad Defense,Clothing,215.81,796,BrandC
1884,Simply Tonight,Books,428.28,879,BrandA
1885,Always Carry,Toys,129.51,493,BrandC
1886,Voice Plant,Books,28.42,83,BrandD
1889,Will Suffer,Beauty,477.49,182,BrandD
1890,Reach Budget,Clothing,366.16,343,BrandD
1894,Avoid Number,Toys,313.9,446,BrandA
1896,Interest Me,Books,338.5,394,BrandD
1898,Writer Worker,Home,123.06,309,BrandD
1901,Newspaper Factor,Beauty,122.37,940,BrandD
1903,Week Order,Clothing,24.22,816,BrandD
1904,Federal Case,Clothing,458.06,824,BrandD
1905,Thought Politics,Clothing,275.72,803,BrandC
1906,Light Run,Books,144.43,636,BrandA
1907,Catch Develop,Toys,59.46,365,BrandA
1909,Black However,Toys,311.13,439,BrandB
1912,Seven Cell,Home,263.47,63,BrandD
1913,Difference Scene,Beauty,281.4,621,BrandD
1914,Skill Easy,Home,395.84,989,BrandD
1915,National Space,Toys,8.44,380,BrandC
1916,Become Computer,Home,238.08,158,BrandD
1918,Student This,Toys,17.43,906,BrandC
1919,Born Any,Electronics,489.36,25,BrandD
1920,Edge Red,Home,174.36,133,BrandC
1922,Week Drop,Home,404.33,284,BrandC
1924,Be Source,Electronics,422.4,889,BrandD
1925,Per Always,Beauty,127.83,332,BrandD
1926,Character Term,Toys,186.96,976,BrandB
1928,Trouble Miss,Beauty,451.71,819,BrandB
1933,Subject Less,Books,479.48,38,BrandB
1934,Card Full,Toys,45.5,443,BrandB
1937,Its Here,Books,208.67,877,BrandC
1938,Information Participant,Books,485.16,161,BrandD
1940,Standard Avoid,Toys,382.55,374,BrandC
1941,Audience However,Electronics,167.94,49,BrandD
1944,Effort Fish,Toys,417.1,546,BrandA
1945,Return Explain,Books,223.91,35,BrandA
1948,Close Level,Home,102.42,256,BrandD
1950,Turn White,Home,149.45,218,BrandC
1952,Camera Religious,Clothing,57.16,311,BrandA
1953,Feel Drive,Clothing,141.32,753,BrandD
1957,Spend Network,Beauty,394.68,398,BrandD
1961,Table Little,Home,20.49,106,BrandA
1965,Much Seat,Home,298.01,862,BrandC
1967,Ask Candidate,Books,202.04,204,BrandB
1968,Rich Because,Toys,59.94,533,BrandB
1969,Citizen Change,Clothing,368.73,681,BrandB
1972,Case Message,Clothing,410.45,78,BrandD
1973,Position Economic,Home,83.83,50,BrandA
1974,Spring Human,Electronics,284.65,259,BrandC
1975,International Reason,Toys,493.25,314,BrandA
1976,Especially Vote,Home,12.51,262,BrandA
1980,Bank Crime,Home,46.83,616,BrandC
1981,Hair Small,Toys,14.28,408,BrandA
1982,State Truth,Beauty,355.29,334,BrandB
1983,Deal Able,Toys,434.56,567,BrandC
1984,Light Serious,Books,350.19,671,BrandA
1986,Class Few,Books,220.48,576,BrandD
1988,Turn Make,Books,319.24,12,BrandD
1990,Leader Hospital,Books,200.35,641,BrandA
1992,Maintain Significant,Clothing,321.42,275,BrandC
1994,Hundred Hundred,Home,22.25,876,BrandB
1995,Yes Himself,Beauty,364.02,915,BrandA
1996,Area Much,Home,44.8,310,BrandA
1998,Miss Article,Clothing,460.62,932,BrandA
1999,Main Event,Clothing,227.89,520,BrandD
2001,Skill Garden,Beauty,46.73,108,BrandA
2004,Join Part,Electronics,334.76,694,BrandC
2006,Send Religious,Books,326.68,361,BrandC
2009,Discuss Know,Clothing,101.96,954,BrandA
2014,Lead Top,Toys,450.7,170,BrandC
2019,Upon Than,Beauty,347.28,487,BrandB
2023,Wish Tonight,Electronics,468.56,80,BrandC
2025,Discuss Sure,Beauty,7.16,343,BrandB
2027,Suggest Gas,Electronics,156.65,104,BrandB
2029,Computer Old,Toys,173.85,518,BrandB
2032,Yard Hour,Clothing,94.26,802,BrandC
2033,Table Ago,Electronics,284.9,791,BrandB
2034,Old Cost,Toys,247.91,865,BrandC
2037,For Before,Toys,95.35,15,BrandB
2038,Set Impact,Books,57.32,872,BrandA
2042,Wait Risk,Beauty,132.95,588,BrandC
2044,Friend Feeling,Home,349.4,868,BrandB
2047,Else Particular,Clothing,142.35,973,BrandB
2048,Back And,Books,123.98,604,BrandA
2049,Ten Area,Electronics,412.35,62,BrandD
2050,Experience Start,Home,450.99,274,BrandA
2053,Industry Adult,Toys,240.29,927,BrandC
2054,Cultural Western,Electronics,380.61,740,BrandA
2058,Key Learn,Beauty,64.37,987,BrandA
2059,Pattern Laugh,Beauty,62.69,171,BrandB
2060,College Whether,Books,255.51,455,BrandC
2062,First Join,Electronics,26.78,652,BrandC
2066,Hundred Civil,Electronics,122.96,558,BrandA
2069,Political Office,Toys,324.64,569,BrandC
2071,Scientist Real,Electronics,389.74,801,BrandD
2072,Out Care,Electronics,269.25,918,BrandD
2073,Force Tonight,Books,192.12,571,BrandA
2077,Exist Break,Clothing,129.53,788,BrandC
2078,Order Memory,Toys,314.96,716,BrandA
2079,State Perhaps,Electronics,419.66,513,BrandC
2081,Especially Compare,Toys,35.9,102,BrandA
2083,Far Mind,Books,182.58,827,BrandB
2087,Month Increase,Electronics,428.16,878,BrandC
2088,War Yard,Toys,453.78,108,BrandB
2089,Situation Network,Home,430.0,396,BrandD
2092,Grow Even,Beauty,295.88,940,BrandA
2093,Store Join,Beauty,176.21,975,BrandD
2094,Suggest Religious,Clothing,461.15,495,BrandB
2095,Concern Its,Electronics,50.28,561,BrandD
2097,Use Too,Electronics,8.36,97,BrandC
2098,Upon Indicate,Beauty,272.69,970,BrandD
2100,Able Lose,Toys,114.55,978,BrandC
2102,Try Southern,Electronics,44.44,491,BrandB
2110,Writer Able,Clothing,262.04,779,BrandB
2111,During Deep,Clothing,293.23,534,BrandA
2115,Response Cause,Beauty,314.2,644,BrandC
2121,Well Hair,Toys,330.82,492,BrandB
2122,Those Explain,Home,218.77,446,BrandD
2126,Field Hear,Clothing,49.64,100,BrandB
2127,Mrs Safe,Clothing,272.09,484,BrandA
2129,Throughout Forget,Clothing,66.46,936,BrandB
2130,Mouth Traditional,Electronics,401.11,349,BrandB
2132,Writer Alone,Books,418.25,894,BrandA
2135,Official Prepare,Beauty,30.31,278,BrandA
2138,Best Medical,Toys,180.75,627,BrandC
2140,Air Natural,Clothing,112.64,92,BrandD
2142,Sure Stand,Toys,128.02,178,BrandD
2144,Form Position,Clothing,341.46,375,BrandC
2145,Situation Capital,Clothing,394.43,477,BrandC
2147,Old Us,Beauty,236.89,760,BrandC
2149,Main Stuff,Electronics,7.37,450,BrandA
2150,Production Keep,Clothing,117.62,666,BrandA
2151,Money Much,Clothing,151.48,926,BrandA
2152,Pick Conference,Electronics,116.24,53,BrandD
2154,West Improve,Home,110.74,378,BrandA
2157,Large Republican,Clothing,81.48,184,BrandC
2159,Country Movement,Toys,290.79,199,BrandC
2160,State Source,Electronics,202.61,993,BrandC
2161,Measure Thought,Toys,318.94,370,BrandD
2163,Sound See,Books,374.98,134,BrandB
2164,Check Small,Clothing,300.1,587,BrandD
2165,American Point,Clothing,329.78,787,BrandC
2171,Learn Their,Electronics,175.25,705,BrandB
2172,Worker Culture,Electronics,75.68,921,BrandB
2173,Reach Improve,Toys,465.44,718,BrandB
2174,Really American,Clothing,162.45,301,BrandC
2175,There Music,Beauty,335.55,703,BrandB
2176,Effect Process,Books,496.71,654,BrandB
2181,Pick Help,Toys,226.74,581,BrandA
2183,Audience Add,Toys,218.31,584,BrandA
2186,Manage Democrat,Books,359.74,557,BrandC
2187,Box Nation,Toys,92.49,33,BrandB
2189,Performance Everything,Toys,177.97,120,BrandB
2190,Must Available,Toys,404.72,35,BrandC
2195,Political Dog,Home,322.64,673,BrandA
2202,Actually Forget,Home,108.33,765,BrandC
2204,Natural Difficult,Books,404.54,717,BrandD
2209,Indicate Anything,Toys,238.77,622,BrandA
2210,Far Full,Electronics,17.35,995,BrandB
2212,Unit Drug,Electronics,110.37,667,BrandB
2215,Consumer Idea,Electronics,456.08,669,BrandC
2216,Law Time,Electronics,113.02,954,BrandD
2218,Center Research,Books,300.32,995,BrandB
2219,Medical Movement,Clothing,112.05,321,BrandA
2221,Any Space,Electronics,249.53,521,BrandB
2222,Deep Cover,Clothing,79.33,732,BrandC
2224,Movie Challenge,Home,84.79,728,BrandA
2227,Ok Themselves,Books,136.05,267,BrandA
2229,Cup Risk,Electronics,430.43,999,BrandB
2233,Into Collection,Electronics,182.14,809,BrandA
2236,Couple Possible,Clothing,177.54,521,BrandB
2238,Power Play,Clothing,355.66,323,BrandC
2239,Student Authority,Beauty,485.31,55,BrandC
2243,Final Popular,Toys,187.18,58,BrandB
2245,Language Make,Beauty,36.09,520,BrandC
2246,Room Determine,Beauty,348.12,232,BrandB
2247,Chance Might,Home,49.18,319,BrandB
2248,Successful Street,Home,471.0,710,BrandC
2252,Son Glass,Clothing,57.3,64,BrandC
2254,Per Fall,Clothing,349.8,149,BrandA
2255,Environment Point,Beauty,285.51,475,BrandA
2257,During Town,Books,216.4,93,BrandD
2258,Task Model,Home,343.48,176,BrandC
2263,Sell Culture,Electronics,365.91,157,BrandD
2264,Technology Something,Home,155.98,838,BrandC
2269,Seek College,Home,71.36,178,BrandA
2271,Medical Form,Beauty,348.19,896,BrandA
2276,Save Lot,Home,240.23,410,BrandC
2277,Suffer Early,Beauty,356.85,560,BrandB
2278,Western Good,Home,247.3,899,BrandC
2287,Stand Magazine,Clothing,297.45,899,BrandB
2290,Imagine Answer,Clothing,71.81,391,BrandB
2291,Scene Thus,Electronics,164.0,131,BrandB
2293,Know Energy,Clothing,477.51,922,BrandB
2294,Become Store,Toys,240.55,392,BrandC
2296,Give Recent,Clothing,127.41,220,BrandB
2297,Yourself Occur,Home,382.97,995,BrandC
2299,War Tend,Toys,186.49,303,BrandC
2301,Under Break,Beauty,490.63,935,BrandC
2302,Measure Star,Clothing,304.68,175,BrandA
2304,Myself Area,Books,186.93,371,BrandA
2305,Beautiful Seat,Home,91.88,844,BrandC
2306,Prevent Serious,Home,77.96,898,BrandC
2308,Must Fall,Books,44.58,410,BrandD
2309,Decision More,Books,172.81,683,BrandA
2311,Result Together,Books,281.33,603,BrandB
2313,Seven Adult,Home,434.76,130,BrandD
2314,Physical Court,Beauty,319.23,883,BrandB
2316,Soon Middle,Beauty,79.5,410,BrandC
2319,Leave Analysis,Toys,300.19,745,BrandC
2320,Task Seek,Books,180.25,528,BrandA
2322,Once Beautiful,Toys,152.58,217,BrandC
2323,Keep Different,Beauty,138.14,458,BrandC
2325,Thousand Either,Clothing,64.66,749,BrandB
2326,Above By,Clothing,428.98,147,BrandD
2330,Social Ahead,Clothing,318.67,388,BrandC
2332,Officer Both,Electronics,449.2,410,BrandB
2334,Book Go,Toys,421.9,159,BrandC
2335,Set If,Electronics,69.42,809,BrandC
2339,True They,Home,193.4,850,BrandA
2341,Technology Program,Home,58.29,629,BrandD
2342,Of Image,Home,48.87,320,BrandC
2344,Central Finish,Clothing,28.68,883,BrandC
2347,Memory Evidence,Books,329.36,960,BrandC
2348,Television Fear,Toys,334.59,637,BrandA
2350,Trial Get,Beauty,140.3,912,BrandD
2352,Follow Head,Clothing,215.78,351,BrandD
2353,Letter Sometimes,Books,495.43,48,BrandD
2354,Chair Edge,Clothing,406.34,392,BrandB
2355,Stock She,Home,114.53,955,BrandB
2357,Leg Bad,Clothing,399.13,366,BrandA
2359,Stock None,Electronics,144.66,675,BrandA
2361,Make Say,Books,467.79,234,BrandD
2362,Two Ten,Beauty,262.25,155,BrandA
2363,Soldier World,Toys,339.48,487,BrandD
2370,Mission Figure,Books,134.17,968,BrandC
2371,Environment Never,Toys,216.1,216,BrandA
2373,Down Then,Beauty,70.7,493,BrandA
2376,Appear Wonder,Books,46.67,503,BrandC
2380,Order Often,Electronics,422.14,863,BrandA
2383,Head Style,Books,49.13,352,BrandA
2385,Eight Team,Toys,84.13,328,BrandD
2386,Read News,Books,469.07,541,BrandA
2389,Dinner Property,Books,119.26,51,BrandA
2390,Right Analysis,Books,329.5,943,BrandC
2391,Assume Low,Home,232.65,431,BrandA
2393,Study Ability,Beauty,160.16,983,BrandB
2394,Why Total,Clothing,140.69,337,BrandA
2399,Consider Between,Books,43.28,468,BrandC
2400,Law I,Clothing,374.57,707,BrandD
2403,Participant Issue,Electronics,304.09,593,BrandA
2404,Maintain Onto,Books,281.47,140,BrandC
2405,Soldier Course,Books,50.71,349,BrandA
2409,Day Themselves,Beauty,96.42,457,BrandC
2410,Mission Strategy,Home,78.36,499,BrandD
2411,Game Despite,Toys,485.47,183,BrandB
2412,Education Follow,Beauty,258.19,93,BrandA
2415,Even Listen,Books,361.52,171,BrandC
2420,Lay Her,Books,103.69,839,BrandC
2426,Hold Protect,Electronics,251.86,392,BrandA
2430,Research Million,Electronics,400.81,140,BrandC
2435,Fly Beyond,Books,148.09,610,BrandA
2436,Cover Rate,Electronics,449.0,98,BrandB
2438,Election Answer,Clothing,100.42,75,BrandC
2441,Develop Move,Books,281.63,771,BrandA
2442,Green Myself,Clothing,55.42,791,BrandA
2445,Education Soon,Beauty,438.49,956,BrandD
2447,Husband Establish,Clothing,492.6,191,BrandD
2449,Civil My,Toys,21.83,777,BrandC
2450,Political Water,Clothing,224.27,11,BrandC
2451,Visit Research,Home,384.3,90,BrandC
2452,Go Challenge,Electronics,433.83,252,BrandC
2454,Far Specific,Beauty,352.0,370,BrandD
2456,Help Expert,Electronics,106.52,268,BrandA
2460,Even Deal,Toys,13.69,666,BrandB
2462,They Onto,Electronics,382.57,740,BrandB
2463,Probably Strategy,Home,127.16,145,BrandB
2464,Collection Top,Beauty,132.23,315,BrandB
2466,Eight Happy,Toys,266.67,329,BrandB
2467,Century Analysis,Toys,180.66,286,BrandA
2468,Tree Series,Electronics,169.28,454,BrandA
2469,Money Change,Electronics,171.88,227,BrandB
2470,Challenge Center,Electronics,124.53,93,BrandB
2471,Bed This,Books,226.72,229,BrandA
2474,Economy My,Electronics,184.34,465,BrandA
2478,Pretty Enough,Clothing,108.69,317,BrandA
2479,Over Know,Home,246.68,526,BrandB
2480,Window Light,Electronics,174.4,225,BrandC
2481,Should List,Books,431.56,282,BrandA
2483,Go Low,Toys,5.98,657,BrandD
2484,Fact Republican,Books,283.85,70,BrandC
2485,Letter Under,Home,189.34,639,BrandA
2486,Here Key,Beauty,40.12,872,BrandC
2488,Onto Course,Electronics,398.23,60,BrandB
2489,Thing Threat,Beauty,100.16,716,BrandA
2491,Enter Watch,Books,57.02,577,BrandA
2493,Also Test,Books,69.07,656,BrandD
2495,Good Administration,Clothing,65.99,589,BrandD
2499,Parent Yes,Home,83.51,15,BrandC
2500,Get Once,Clothing,336.29,117,BrandA
2501,Owner Pass,Clothing,338.67,930,BrandD
2505,Assume Evidence,Clothing,102.98,70,BrandD
2507,Letter Actually,Books,32.12,976,BrandB
2508,Trial Allow,Books,159.71,648,BrandB
2512,Home Compare,Beauty,195.62,809,BrandB
2518,Run Nice,Books,110.85,204,BrandC
2520,Reason Bring,Clothing,50.36,518,BrandB
2521,Student Outside,Clothing,158.72,626,BrandA
2522,Difficult Will,Electronics,160.15,64,BrandC
2523,Skill Mean,Books,221.29,39,BrandA
2525,Can Huge,Beauty,280.75,856,BrandC
2528,Rather Couple,Clothing,15.69,760,BrandB
2529,Role Never,Toys,273.15,576,BrandC
2530,Wonder Miss,Beauty,63.62,600,BrandA
2534,Girl His,Toys,391.74,963,BrandD
2535,Trip Society,Home,20.39,990,BrandD
2536,Possible Church,Clothing,428.48,890,BrandB
2537,Base Baby,Books,268.22,678,BrandB
2538,Yourself Fight,Toys,384.0,727,BrandD
2539,Step Bill,Books,417.75,511,BrandB
2541,Environmental Actually,Beauty,451.95,265,BrandD
2545,Bar Growth,Books,169.44,844,BrandB
2546,Project Development,Clothing,144.64,423,BrandD
2549,Exactly Tv,Toys,440.07,54,BrandD
2550,Herself Tend,Home,332.97,328,BrandD
2551,Different Resource,Toys,222.7,429,BrandA
2552,Short One,Home,282.03,670,BrandB
2557,Seem Pass,Beauty,27.4,209,BrandB
2569,Fill Not,Electronics,185.98,776,BrandC
2571,Walk It,Toys,281.77,71,BrandA
2572,Should News,Electronics,66.62,878,BrandB
2574,Quite Parent,Clothing,8.02,416,BrandB
2577,Blue Parent,Books,372.03,190,BrandC
2578,Me Argue,Books,324.28,168,BrandB
2579,Fact Fall,Home,174.42,998,BrandC
2585,Task Identify,Electronics,283.4,877,BrandB
2586,Put World,Home,238.76,415,BrandA
2587,Process Study,Home,48.16,662,BrandA
2588,Beyond Every,Electronics,5.16,697,BrandA
2594,Own Heart,Books,346.41,828,BrandB
2595,Need Full,Electronics,68.01,56,BrandB
2596,Perhaps Green,Beauty,190.96,420,BrandA
2601,Top Course,Books,236.74,570,BrandC
2602,Together Sing,Home,12.55,414,BrandC
2605,Issue Situation,Clothing,453.54,646,BrandB
2606,Why Many,Beauty,327.2,1000,BrandB
2610,Discussion Series,Electronics,376.92,793,BrandD
2611,Best Else,Electronics,493.84,322,BrandC
2613,Perform Name,Beauty,438.06,468,BrandD
2614,None Others,Electronics,446.77,420,BrandD
2618,Fill We,Clothing,120.23,823,BrandC
2619,Center Surface,Beauty,321.06,511,BrandB
2622,Must Available,Books,29.68,273,BrandB
2628,Our Concern,Toys,329.06,346,BrandD
2629,Onto Husband,Books,484.15,602,BrandA
2631,Manager Television,Beauty,14.17,168,BrandC
2632,Page Method,Beauty,14.35,593,BrandB
2633,Dark Ask,Clothing,172.73,829,BrandA
2635,Fund Between,Books,184.41,162,BrandD
2636,Face Television,Toys,350.91,21,BrandB
2637,Science Body,Electronics,155.97,566,BrandA
2638,Up Culture,Clothing,363.66,523,BrandD
2639,Project Can,Beauty,82.49,500,BrandA
2640,By Box,Home,268.22,682,BrandD
2642,Weight Rich,Home,54.12,656,BrandA
2646,Character Magazine,Home,404.56,123,BrandA
2647,Phone Offer,Home,116.5,870,BrandB
2648,Tough Pick,Toys,497.79,358,BrandB
2652,Foot Run,Clothing,54.15,530,BrandA
2653,Congress Again,Home,64.91,767,BrandC
2654,Meet Free,Toys,207.54,585,BrandC
2656,Trip Song,Books,328.52,500,BrandB
2657,Former Radio,Beauty,11.42,286,BrandC
2660,Box Look,Home,210.95,777,BrandC
2661,Three Inside,Books,456.06,961,BrandB
2664,Rock Space,Home,374.0,78,BrandA
2665,Exist First,Home,83.58,101,BrandB
2667,Space Offer,Beauty,236.91,573,BrandA
2671,Best Of,Beauty,67.91,345,BrandB
2672,Happy Lead,Clothing,182.17,500,BrandB
2676,Page Room,Clothing,9.7,435,BrandD
2677,Sister Worker,Beauty,404.21,791,BrandD
2678,Pull Hope,Books,74.36,373,BrandB
2680,Discover Provide,Beauty,79.68,823,BrandB
2683,Actually Let,Beauty,368.36,208,BrandC
2685,Difficult Blue,Clothing,290.19,81,BrandD
2687,Hope Play,Home,113.94,667,BrandA
2691,Fight Language,Home,460.48,775,BrandB
2692,Least Indicate,Clothing,113.2,275,BrandD
2693,Idea Interview,Books,449.79,872,BrandA
2694,Suggest Customer,Toys,364.82,657,BrandA
2695,Civil Say,Toys,391.5,778,BrandD
2699,True Real,Clothing,451.24,615,BrandD
2700,American Speak,Books,229.96,857,BrandB
2703,Student Particularly,Beauty,30.13,228,BrandD
2705,My Not,Books,226.55,170,BrandC
2708,Cold Position,Books,476.66,833,BrandA
2709,New Parent,Toys,398.31,133,BrandA
2710,Against Know,Electronics,233.64,230,BrandC
2712,Return Truth,Toys,304.11,752,BrandB
2717,Few Give,Beauty,449.04,721,BrandD
2719,List Send,Beauty,292.63,955,BrandD
2720,Baby Build,Beauty,87.63,995,BrandA
2722,Research Election,Home,183.21,504,BrandB
2723,She Smile,Toys,186.86,817,BrandC
2724,Ok Soldier,Electronics,287.3,466,BrandA
2727,Investment Share,Beauty,411.09,30,BrandA
2729,Smile Someone,Books,350.9,655,BrandA
2730,Animal Scene,Books,86.57,110,BrandC
2738,Call Else,Books,161.71,408,BrandB
2741,Remember Sing,Beauty,302.67,760,BrandD
2743,Toward Wide,Books,319.67,268,BrandD
2744,Discuss Show,Electronics,210.86,939,BrandC
2745,Perform Majority,Beauty,219.91,74,BrandD
2749,Visit Your,Home,417.25,969,BrandA
2750,Without Image,Clothing,292.39,236,BrandD
2752,Newspaper Hand,Home,239.96,322,BrandB
2757,Ball Current,Toys,13.23,337,BrandD
2758,Position Although,Home,497.23,706,BrandB
2766,Well Small,Toys,359.43,367,BrandD
2770,Give Box,Clothing,169.56,355,BrandD
2771,Tough Build,Books,424.93,967,BrandD
2775,Remain Wonder,Clothing,61.13,570,BrandD
2776,A Race,Electronics,104.75,25,BrandC
2779,Every Pressure,Toys,331.77,949,BrandA
2781,Generation Consider,Home,350.14,415,BrandC
2782,Account Hear,Clothing,166.68,390,BrandC
2783,Data Its,Clothing,401.01,374,BrandC
2784,Sister Total,Books,127.2,899,BrandA
2785,Success Responsibility,Home,168.12,266,BrandC
2788,Effect Can,Clothing,30.35,676,BrandB
2790,Nothing Blood,Electronics,288.6,229,BrandA
2793,System Government,Electronics,341.93,891,BrandD
2794,From Not,Clothing,115.15,531,BrandB
2795,Unit Organization,Clothing,226.76,720,BrandC
2798,Source Send,Electronics,341.45,871,BrandB
2800,Claim Few,Beauty,383.36,564,BrandC
2805,Class Success,Toys,379.71,778,BrandA
2806,Throughout Strategy,Electronics,71.75,178,BrandA
2809,Answer Sport,Home,252.27,934,BrandC
2813,Become Character,Electronics,288.96,956,BrandB
2815,Local Deal,Beauty,394.34,990,BrandA
2816,Under See,Toys,324.06,785,BrandA
2817,Increase Claim,Electronics,40.02,76,BrandD
2818,Accept Card,Electronics,198.22,999,BrandC
2819,We Dinner,Clothing,421.95,841,BrandA
2821,Establish Report,Books,148.85,452,BrandA
2825,Fine Special,Home,444.53,384,BrandD
2826,Season Catch,Clothing,54.15,596,BrandA
2827,Issue Design,Books,453.9,912,BrandB
2832,Then Democrat,Toys,482.14,362,BrandA
2834,Feeling Charge,Beauty,393.16,334,BrandD
2836,Mother Ask,Home,314.88,629,BrandA
2837,When Even,Electronics,461.85,545,BrandC
2838,Second Oil,Toys,243.54,728,BrandB
2844,East Message,Clothing,233.53,699,BrandA
2845,Image Of,Home,173.69,467,BrandA
2846,Can Ahead,Books,313.27,150,BrandA
2847,With Fund,Clothing,35.05,377,BrandA
2849,Program Table,Toys,447.23,502,BrandB
2850,Hear Shake,Electronics,224.29,270,BrandD
2851,Door Mean,Toys,231.3,286,BrandD
2854,My Never,Electronics,208.55,815,BrandD
2855,Need Management,Clothing,269.94,993,BrandD
2857,Down Become,Toys,484.46,274,BrandB
2858,Level Without,Clothing,157.46,949,BrandA
2859,Win Success,Electronics,144.9,296,BrandD
2861,Range Chair,Beauty,410.36,819,BrandB
2862,Growth Health,Beauty,224.3,596,BrandC
2864,Media Summer,Clothing,380.06,604,BrandD
2868,Real Democrat,Clothing,362.23,233,BrandB
2874,Conference Power,Books,477.08,34,BrandD
2875,Stay True,Electronics,170.3,807,BrandB
2877,School Attention,Books,408.22,238,BrandD
2878,Lot Accept,Toys,101.22,599,BrandB
2880,Ability Sometimes,Toys,333.6,63,BrandB
2882,White Seven,Beauty,98.59,321,BrandC
2884,Accept Rather,Home,106.57,891,BrandD
2885,Soon Next,Beauty,301.63,351,BrandA
2889,Federal Throw,Books,188.56,756,BrandC
2891,Study First,Clothing,426.67,566,BrandB
2896,Seven Age,Electronics,234.6,842,BrandA
2897,Growth First,Beauty,428.32,523,BrandA
2898,Country Decide,Beauty,165.22,154,BrandA
2900,Relationship Environmental,Books,342.18,503,BrandB
2903,Free Staff,Electronics,290.83,375,BrandB
2904,West Main,Toys,281.35,779,BrandB
2905,Require Give,Home,139.83,271,BrandB
2907,Care Risk,Books,349.12,711,BrandD
2909,Physical Threat,Books,288.87,8,BrandD
2913,Tv Learn,Electronics,80.09,467,BrandA
2914,Call Piece,Beauty,330.96,504,BrandA
2916,Family Consider,Clothing,298.99,277,BrandB
2918,President Race,Electronics,293.08,928,BrandD
2919,Admit Detail,Home,353.1,777,BrandB
2921,Face Western,Toys,417.32,454,BrandB
2923,Do Capital,Toys,348.71,764,BrandB
2925,Movie Suddenly,Books,495.92,373,BrandC
2926,Our Medical,Electronics,212.12,775,BrandB
2931,Baby Ahead,Toys,85.46,443,BrandB
2938,Which Majority,Beauty,58.27,536,BrandD
2941,Worry Some,Clothing,407.36,31,BrandC
2944,Response Accept,Beauty,202.42,451,BrandA
2945,Such Subject,Clothing,120.14,627,BrandA
2946,Page Learn,Clothing,167.64,754,BrandB
2953,Final Seat,Toys,409.12,484,BrandD
2955,Represent Difficult,Beauty,271.87,425,BrandD
2960,Ball Particular,Books,422.07,148,BrandC
2961,Next Environment,Toys,455.88,732,BrandB
2962,Nothing Building,Toys,76.94,151,BrandC
2964,Hour Seat,Toys,138.31,510,BrandA
2965,Evidence Mention,Electronics,27.42,175,BrandB
2966,Success Clearly,Home,271.8,261,BrandB
2967,Order Only,Books,245.3,165,BrandA
2968,Later Maintain,Beauty,355.5,189,BrandC
2972,Yard Themselves,Home,65.96,182,BrandD
2976,Compare Dark,Toys,474.49,360,BrandA
2980,Much Where,Toys,439.9,320,BrandD
2983,Interview Just,Electronics,341.37,48,BrandB
2985,According Lot,Beauty,330.0,284,BrandC
2986,Answer Five,Clothing,409.31,281,BrandD
2987,On As,Toys,331.08,940,BrandA
2990,Truth News,Clothing,9.7,404,BrandC
2991,Sit Candidate,Beauty,363.53,538,BrandD
2992,Around Education,Home,25.59,899,BrandA
2993,White Within,Beauty,21.85,670,BrandD
2996,Everything Join,Beauty,437.35,624,BrandA
3004,Score Rest,Toys,21.47,682,BrandC
3005,House Somebody,Clothing,485.34,456,BrandC
3006,Spend Food,Beauty,426.25,45,BrandC
3007,Page Player,Toys,226.27,506,BrandC
3009,Benefit Recently,Home,153.49,321,BrandC
3010,Culture Now,Toys,293.25,240,BrandA
3013,Meeting Gas,Books,456.67,749,BrandD
3015,Close Yeah,Clothing,102.39,895,BrandC
3016,Bring Interest,Clothing,75.87,413,BrandC
3017,Million Without,Toys,257.88,288,BrandD
3018,Book Poor,Electronics,51.12,186,BrandB
3019,Same Art,Clothing,154.16,384,BrandB
3020,Require Step,Beauty,440.38,934,BrandA
3022,Worker Land,Clothing,398.67,660,BrandD
3023,National Several,Electronics,167.45,953,BrandA
3024,Where Both,Beauty,147.38,754,BrandC
3025,Able Role,Toys,396.62,258,BrandB
3027,Daughter Most,Books,365.0,223,BrandA
3030,Standard Yard,Home,289.44,214,BrandC
3031,Describe Blue,Beauty,195.71,537,BrandA
3032,Should Sit,Books,343.94,175,BrandA
3033,Whether Onto,Books,404.18,452,BrandA
3034,Word Rich,Books,279.29,549,BrandB
3035,Speech Various,Clothing,357.27,743,BrandD
3036,Public Recent,Clothing,265.2,650,BrandA
3037,Specific Ground,Books,247.75,243,BrandD
3038,Many Take,Clothing,48.07,989,BrandD
3039,Cause Interesting,Home,380.72,622,BrandD
3041,Analysis Service,Books,67.18,398,BrandC
3042,Own Conference,Books,182.5,658,BrandD
3044,Us Phone,Clothing,291.42,779,BrandA
3045,Matter Week,Toys,364.77,97,BrandD
3046,Traditional Hour,Electronics,456.02,121,BrandD
3047,Nation Exist,Books,100.99,938,BrandA
3049,Interest Answer,Beauty,257.14,603,BrandA
3050,News Avoid,Electronics,56.77,963,BrandC
3051,Understand Performance,Electronics,499.79,519,BrandC
3052,Ball Argue,Electronics,107.25,773,BrandC
3053,Central Concern,Toys,109.59,982,BrandC
3054,Impact Morning,Books,259.92,945,BrandB
3055,Lawyer Per,Books,299.89,111,BrandD
3060,Foreign Prevent,Electronics,304.68,249,BrandB
3061,Huge Increase,Beauty,491.43,160,BrandA
3062,Loss Know,Home,482.78,478,BrandB
3063,High One,Clothing,175.57,599,BrandC
3065,Affect Very,Clothing,185.25,509,BrandB
3066,Decide Artist,Clothing,46.51,25,BrandD
3071,Hotel Remember,Home,92.04,119,BrandD
3072,Nice Evening,Clothing,50.17,810,BrandC
3074,Adult Program,Electronics,265.16,777,BrandA
3075,Senior Life,Home,252.09,651,BrandD
3076,Family Each,Clothing,274.87,138,BrandA
3078,Teach Spend,Toys,266.97,904,BrandC
3086,Most Expect,Beauty,102.29,448,BrandC
3087,Allow Remember,Home,170.75,436,BrandB
3089,Commercial Wish,Home,258.24,237,BrandA
3090,Road Mother,Books,432.5,240,BrandB
3092,Offer Apply,Home,106.46,262,BrandA
3097,Week Major,Books,404.39,610,BrandD
3100,Raise Situation,Clothing,276.89,771,BrandA
3102,Now Fire,Clothing,98.05,236,BrandD
3103,Us Buy,Clothing,440.71,237,BrandA
3104,Others Politics,Beauty,51.19,699,BrandA
3106,Institution Window,Home,276.57,245,BrandA
3111,Book Your,Clothing,477.75,983,BrandB
3112,Accept Cultural,Toys,319.38,412,BrandC
3114,Bag Role,Home,407.27,858,BrandB
3115,Successful Million,Books,212.97,848,BrandD
3116,Child Record,Clothing,257.46,684,BrandD
3118,Claim Money,Toys,479.33,392,BrandC
3119,Stop Husband,Toys,478.65,547,BrandB
3121,Anything Sometimes,Home,134.08,140,BrandB
3122,Discussion Assume,Beauty,445.32,262,BrandD
3124,Assume Find,Beauty,230.36,480,BrandC
3127,Media Person,Electronics,254.9,520,BrandC
3128,Put Much,Home,150.21,974,BrandA
3132,Newspaper Clearly,Books,333.62,211,BrandA
3133,Drop Remain,Books,262.38,461,BrandD
3135,Ok Sell,Clothing,340.89,370,BrandA
3136,Thing Will,Books,252.62,187,BrandA
3137,Truth Listen,Toys,356.37,394,BrandC
3138,Speak Moment,Clothing,53.0,668,BrandB
3141,Future News,Electronics,29.69,427,BrandD
3146,Bad Individual,Home,221.11,450,BrandB
3149,Popular Tax,Home,435.92,386,BrandC
3150,Election Also,Home,138.87,525,BrandD
3152,Campaign Skill,Electronics,393.65,275,BrandA
3153,Decade Better,Toys,465.97,308,BrandD
3154,Before Attorney,Electronics,310.0,390,BrandB
3156,Maybe Sound,Electronics,27.34,878,BrandB
3159,World Ready,Beauty,401.22,373,BrandB
3163,Beautiful Probably,Books,257.53,676,BrandB
3164,Term Sister,Books,185.65,450,BrandA
3168,Effect End,Books,322.1,806,BrandD
3170,Professor Member,Clothing,489.73,760,BrandD
3177,Hot Million,Home,361.21,351,BrandB
3180,Such After,Toys,280.28,430,BrandC
3183,Sing Article,Home,363.41,372,BrandB
3184,Thus Upon,Beauty,477.31,378,BrandD
3188,Toward Change,Books,312.42,775,BrandA
3189,Everybody Training,Books,343.65,373,BrandC
3192,Can Boy,Beauty,179.93,37,BrandB
3196,Team Trial,Books,118.11,806,BrandB
3197,Whether Study,Clothing,494.02,376,BrandC
3198,Brother Little,Books,54.19,52,BrandD
3199,Left Little,Home,28.71,640,BrandD
3202,Cost Exactly,Electronics,125.58,45,BrandD
3203,Information Free,Books,159.49,670,BrandD
3204,Region Professional,Beauty,326.07,477,BrandB
3205,Close Produce,Home,397.3,277,BrandB
3206,Evidence Wife,Beauty,137.83,438,BrandD
3212,Tell Up,Electronics,279.79,674,BrandD
3213,Hundred Treat,Clothing,173.91,165,BrandB
3214,Third Ready,Toys,188.51,928,BrandA
3215,Month Stuff,Toys,260.22,786,BrandB
3217,Argue Door,Electronics,204.3,262,BrandA
3218,Lot Relationship,Beauty,205.57,399,BrandB
3220,Federal Future,Beauty,73.26,465,BrandA
3221,Red Nation,Toys,138.7,793,BrandC
3228,Go Various,Home,73.23,346,BrandB
3229,Set Him,Clothing,27.45,473,BrandC
3230,Music Others,Home,269.31,915,BrandD
3233,Become Health,Books,71.45,715,BrandA
3234,Course Along,Clothing,179.11,271,BrandB
3236,Various Break,Electronics,467.29,347,BrandB
3239,Arm Sort,Toys,35.24,758,BrandD
3240,Window Maybe,Home,499.57,842,BrandC
3244,Democratic Nothing,Toys,111.4,781,BrandC
3245,Care North,Toys,497.09,772,BrandA
3246,Game Boy,Toys,413.18,739,BrandB
3248,Door Officer,Home,278.55,342,BrandA
3249,As Area,Beauty,163.17,982,BrandA
3251,Career Be,Home,386.77,944,BrandB
3255,Law Officer,Home,474.47,51,BrandC
3256,Increase Develop,Clothing,64.49,649,BrandB
3258,Voice All,Electronics,44.15,574,BrandB
3260,Watch Modern,Electronics,249.02,915,BrandD
3261,Purpose Point,Electronics,192.02,687,BrandD
3262,Politics School,Home,197.64,586,BrandA
3265,Miss Want,Toys,217.91,87,BrandA
3268,Anything Prevent,Beauty,57.87,999,BrandA
3270,Difference First,Electronics,336.3,192,BrandA
3271,Response Material,Electronics,188.4,594,BrandC
3272,Large Little,Toys,322.79,220,BrandB
3275,Despite Brother,Toys,110.28,381,BrandD
3277,Study Forward,Beauty,240.98,792,BrandD
3279,Act News,Home,94.49,969,BrandB
3280,Forward Point,Books,307.03,572,BrandC
3285,Growth Professional,Toys,355.38,410,BrandB
3286,Necessary Wait,Clothing,251.92,644,BrandD
3287,Girl Most,Beauty,363.91,548,BrandB
3288,Agency Teacher,Toys,161.65,769,BrandD
3289,Mission Product,Beauty,67.89,586,BrandD
3299,Rock Stage,Beauty,438.34,813,BrandA
3306,Candidate Need,Beauty,455.62,610,BrandC
3309,Maybe Shoulder,Home,195.04,658,BrandC
3311,Page Foot,Beauty,110.81,150,BrandD
3317,Worry Issue,Clothing,62.19,818,BrandC
3318,Candidate Cold,Electronics,483.73,197,BrandC
3321,Important Garden,Books,286.04,522,BrandD
3324,Hot Meeting,Books,353.72,521,BrandB
3325,Social Would,Books,354.22,639,BrandA
3326,Parent Successful,Clothing,112.57,663,BrandB
3327,Culture Year,Electronics,231.71,111,BrandA
3336,There Clearly,Home,64.09,854,BrandC
3337,Bank Certain,Home,250.27,266,BrandD
3339,Along Firm,Electronics,267.16,413,BrandD
3340,Gun Decade,Electronics,172.68,800,BrandB
3341,Seven Dark,Home,150.93,101,BrandA
3344,Pm That,Beauty,498.04,963,BrandA
3346,Nothing Visit,Books,349.0,705,BrandA
3348,Character Movie,Electronics,486.23,341,BrandA
3351,Million Fact,Toys,416.61,787,BrandB
3354,Our Main,Electronics,451.94,52,BrandC
3355,Actually Discover,Toys,443.86,765,BrandA
3356,Positive World,Toys,351.83,460,BrandD
3358,Marriage Think,Home,499.02,445,BrandB
3359,Create Admit,Home,40.83,774,BrandA
3362,These Expert,Books,337.57,78,BrandD
3363,Think Positive,Clothing,455.42,693,BrandD
3364,Major Tend,Beauty,315.39,535,BrandB
3366,Dinner Produce,Toys,463.08,199,BrandC
3368,Property Establish,Beauty,409.94,29,BrandD
3369,Traditional Unit,Electronics,275.72,656,BrandD
3370,Environment Today,Beauty,28.95,381,BrandC
3373,Billion Window,Home,28.15,725,BrandC
3374,Pretty Improve,Beauty,329.23,561,BrandD
3376,Ahead Star,Books,265.76,553,BrandD
3377,Raise Professor,Electronics,33.07,904,BrandD
3381,Say Never,Beauty,97.6,767,BrandB
3384,People Position,Electronics,178.44,454,BrandC
3387,Agent Enough,Books,241.09,649,BrandC
3390,Away Pay,Toys,145.39,26,BrandB
3391,Certain Consumer,Books,248.82,949,BrandD
3393,Process Return,Electronics,408.76,30,BrandB
3396,Fall By,Books,387.89,740,BrandB
3397,Affect Debate,Clothing,416.87,522,BrandC
3399,Whom Raise,Toys,190.49,479,BrandD
3400,Four Interest,Clothing,125.73,441,BrandA
3401,Must Political,Home,216.32,769,BrandA
3404,Call Religious,Beauty,450.49,946,BrandC
3405,Tree Within,Electronics,279.01,554,BrandB
3407,Collection Prepare,Toys,418.25,72,BrandA
3410,Could First,Beauty,205.18,397,BrandA
3411,Production Road,Clothing,433.19,921,BrandD
3412,Response Pay,Electronics,112.78,759,BrandA
3413,Nothing Law,Clothing,41.13,265,BrandC
3415,Whatever Author,Clothing,437.59,800,BrandC
3417,Defense End,Beauty,311.61,997,BrandA
3420,Study Direction,Beauty,56.74,319,BrandD
3424,Source List,Electronics,470.5,849,BrandB
3426,North Couple,Beauty,494.25,82,BrandA
3431,Police Share,Clothing,58.85,500,BrandA
3432,Support Country,Books,99.93,270,BrandD
3433,Lot Important,Toys,320.36,245,BrandB
3434,Trade Else,Home,361.1,198,BrandB
3435,Magazine Follow,Electronics,338.37,822,BrandA
3436,Population Strategy,Beauty,137.22,894,BrandC
3442,West Message,Home,270.88,681,BrandD
3443,East Alone,Toys,150.14,811,BrandB
3444,Forward Police,Clothing,492.39,703,BrandA
3445,Assume Strategy,Beauty,82.51,776,BrandA
3446,Once During,Books,142.64,874,BrandB
3447,Pull Real,Electronics,366.58,723,BrandD
3450,Sea Last,Home,396.54,552,BrandB
3452,Pay Watch,Toys,34.07,750,BrandA
3458,Member Magazine,Home,463.63,545,BrandA
3460,Hope Energy,Home,311.51,115,BrandB
3461,Hair Other,Clothing,400.19,239,BrandA
3462,See Compare,Electronics,162.86,465,BrandB
3464,General Seat,Books,313.56,595,BrandC
3465,Lead Lawyer,Clothing,15.87,464,BrandD
3466,Break Kind,Books,207.12,769,BrandB
3467,Book Return,Beauty,286.24,676,BrandC
3469,Street Early,Books,75.73,522,BrandB
3470,Seek Difficult,Electronics,110.42,99,BrandB
3476,Color Pm,Clothing,460.08,857,BrandA
3477,I Clear,Clothing,419.18,536,BrandA
3480,Hand Yourself,Home,149.14,87,BrandA
3483,Community Four,Electronics,255.23,778,BrandA
3484,Character Individual,Clothing,6.14,901,BrandC
3485,Bad Option,Beauty,154.85,639,BrandC
3486,Town Able,Clothing,325.23,180,BrandD
3491,This Degree,Toys,325.31,707,BrandC
3492,Impact Career,Home,11.8,748,BrandA
3495,Big Light,Toys,165.34,872,BrandD
3501,Benefit Industry,Toys,41.18,144,BrandD
3506,Story Camera,Books,195.32,661,BrandB
3508,It Few,Clothing,300.23,901,BrandA
3509,Represent Every,Electronics,365.72,843,BrandC
3511,During Whether,Books,372.22,224,BrandA
3514,Exist Help,Clothing,134.7,900,BrandC
3515,Concern Often,Toys,454.77,395,BrandB
3521,Write Notice,Beauty,434.26,892,BrandD
3524,Past This,Books,319.43,207,BrandD
3527,Will Small,Beauty,97.15,964,BrandC
3528,Would Movie,Books,197.47,35,BrandC
3530,At Deal,Books,80.89,34,BrandD
3535,Black Wear,Toys,256.81,810,BrandC
3536,Try Middle,Beauty,252.92,414,BrandA
3537,Per History,Toys,22.71,106,BrandD
3540,Way Sell,Clothing,499.94,757,BrandA
3541,Act Subject,Clothing,304.2,375,BrandA
3542,Law Somebody,Clothing,327.71,189,BrandA
3545,Television Truth,Clothing,425.67,47,BrandB
3549,Whatever News,Books,300.14,852,BrandD
3551,Sometimes Today,Clothing,459.22,916,BrandD
3554,Music In,Clothing,351.34,89,BrandB
3555,Stay Line,Beauty,233.76,296,BrandC
3556,Stuff Police,Toys,150.26,786,BrandC
3558,Audience Ahead,Electronics,168.33,338,BrandC
3559,Toward Health,Beauty,257.83,645,BrandA
3560,Tell Report,Home,142.22,854,BrandA
3562,About Agent,Books,119.15,163,BrandD
3564,Leave Really,Toys,402.16,216,BrandB
3571,Since Heart,Home,303.03,246,BrandC
3573,Trouble Any,Books,183.02,758,BrandC
3574,Child Check,Home,410.84,437,BrandC
3576,Similar Someone,Toys,441.42,537,BrandB
3579,Program Parent,Electronics,124.94,702,BrandD
3580,Coach Pay,Beauty,381.17,633,BrandC
3581,Force With,Books,183.18,877,BrandA
3582,Owner Seem,Home,141.43,680,BrandA
3584,Expert Career,Electronics,374.87,946,BrandB
3587,Police Remain,Toys,283.58,111,BrandD
3588,Authority Bag,Clothing,332.03,183,BrandD
3592,Parent Strong,Toys,233.63,374,BrandC
3593,Call Really,Beauty,294.13,106,BrandC
3599,Partner Everyone,Home,16.49,735,BrandD
3600,Always Argue,Beauty,145.05,954,BrandB
3603,Within Relationship,Books,100.86,254,BrandA
3606,Bill Alone,Clothing,499.62,413,BrandD
3607,Baby Believe,Electronics,342.79,922,BrandD
3611,Wind Run,Beauty,354.05,103,BrandC
3614,To Shake,Beauty,164.89,632,BrandA
3615,Only Service,Clothing,299.46,845,BrandB
3617,Congress Stock,Beauty,405.36,893,BrandA
3618,Authority Move,Beauty,8.77,439,BrandD
3620,Boy Nothing,Clothing,192.98,327,BrandC
3621,Would Someone,Beauty,103.66,352,BrandB
3628,Star Man,Clothing,457.15,939,BrandC
3630,Seven Month,Books,396.07,245,BrandA
3631,Detail Author,Beauty,13.95,416,BrandD
3633,Bar Follow,Electronics,162.33,571,BrandB
3634,Rise In,Electronics,496.78,610,BrandA
3640,Finish Walk,Books,219.4,261,BrandD
3642,Bank Across,Toys,209.63,933,BrandD
3644,The Everyone,Toys,175.94,731,BrandA
3645,Wife Act,Home,114.59,784,BrandD
3648,Away Author,Electronics,414.19,987,BrandC
3651,Industry Play,Toys,411.31,761,BrandC
3654,At Hold,Clothing,197.67,11,BrandA
3657,Your Become,Electronics,322.69,431,BrandD
3659,Store Over,Clothing,119.56,937,BrandA
3660,Although My,Electronics,226.66,371,BrandB
3661,Life Modern,Clothing,59.66,771,BrandC
3665,Produce Bill,Electronics,304.71,32,BrandC
3669,On Likely,Home,234.28,561,BrandD
3670,Fine Weight,Clothing,266.19,125,BrandD
3671,Need Throw,Beauty,393.58,219,BrandB
3675,During Agreement,Toys,232.93,492,BrandD
3679,Skin Statement,Clothing,328.52,50,BrandB
3680,Or Law,Clothing,66.04,703,BrandD
3681,Your Add,Books,380.17,23,BrandC
3684,Establish Figure,Beauty,361.1,796,BrandD
3685,Green Congress,Electronics,470.64,180,BrandB
3688,Model Enough,Clothing,71.53,13,BrandA
3689,Risk Appear,Toys,118.08,440,BrandC
3690,Simple Response,Beauty,287.12,743,BrandD
3697,Drug Financial,Toys,148.67,435,BrandC
3698,Hope West,Electronics,28.79,623,BrandA
3699,Without Situation,Electronics,442.01,552,BrandA
3700,Must Citizen,Clothing,470.69,898,BrandA
3701,Mouth Herself,Beauty,23.23,499,BrandB
3704,Key Street,Toys,27.01,406,BrandA
3706,Wife Pm,Electronics,69.99,488,BrandD
3713,Before Fact,Books,254.68,889,BrandB
3715,People Understand,Electronics,212.1,36,BrandB
3716,Garden Century,Books,388.5,843,BrandB
3721,Level Away,Books,426.43,253,BrandC
3726,Mother Deep,Beauty,169.86,588,BrandC
3727,Whether Head,Beauty,261.05,956,BrandD
3729,Answer Economy,Home,206.19,119,BrandB
3739,Someone More,Home,436.31,821,BrandA
3740,Fly Market,Clothing,487.97,718,BrandA
3742,Particularly Seek,Home,408.25,304,BrandA
3743,Easy Usually,Books,417.68,314,BrandB
3748,Medical Agent,Clothing,365.16,707,BrandA
3750,Out Know,Clothing,375.17,165,BrandB
3751,Wrong For,Electronics,337.48,487,BrandB
3755,Maybe Source,Beauty,134.41,848,BrandC
3756,Support Own,Clothing,46.34,768,BrandC
3757,Explain Set,Home,336.54,250,BrandD
3759,Anyone Space,Clothing,242.37,819,BrandA
3761,General Church,Home,180.43,653,BrandD
3762,Good Music,Books,293.02,87,BrandC
3763,Environmental Light,Books,474.14,154,BrandD
3764,There My,Clothing,27.43,659,BrandD
3765,Church Behavior,Clothing,229.71,185,BrandB
3766,She Huge,Electronics,254.91,308,BrandA
3767,Whatever Purpose,Beauty,307.3,390,BrandA
3771,Total Attention,Clothing,199.2,963,BrandB
3778,Top Once,Home,133.76,3,BrandD
3781,Old Safe,Beauty,355.79,609,BrandC
3782,Join Himself,Beauty,318.15,639,BrandB
3785,Somebody From,Toys,384.98,899,BrandC
3786,Quickly Likely,Toys,485.31,507,BrandB
3788,Your Draw,Books,309.6,829,BrandA
3789,Traditional Usually,Electronics,313.37,58,BrandD
3791,Song According,Books,284.01,368,BrandD
3792,Executive Add,Home,306.55,700,BrandD
3794,I Early,Home,97.77,213,BrandC
3796,Thousand Movie,Beauty,62.92,701,BrandD
3799,Mrs Information,Beauty,322.08,300,BrandD
3804,His Share,Books,37.93,141,BrandD
3805,Draw Financial,Clothing,391.7,978,BrandC
3808,Difference Where,Home,251.48,284,BrandA
3813,Especially Leader,Clothing,223.19,496,BrandC
3815,Skin Remain,Toys,281.77,521,BrandD
3819,Book Peace,Beauty,383.03,256,BrandD
3820,Before Agree,Electronics,242.68,123,BrandB
3821,Approach This,Toys,192.91,583,BrandA
3822,Popular Edge,Clothing,350.72,729,BrandA
3832,Page When,Beauty,97.05,544,BrandB
3834,Today Attorney,Beauty,289.11,118,BrandC
3835,Local Discussion,Toys,382.65,882,BrandC
3836,Lot Bag,Home,62.52,512,BrandD
3841,Again Instead,Home,452.45,790,BrandB
3843,Tend Me,Home,162.46,79,BrandA
3844,Read Test,Clothing,227.71,304,BrandB
3846,Couple Might,Toys,333.8,481,BrandC
3849,Face Act,Electronics,41.48,913,BrandC
3850,Per Southern,Electronics,222.32,69,BrandD
3852,Tv Stay,Home,331.67,147,BrandC
3854,Choice Heavy,Books,264.82,398,BrandD
3856,Compare Politics,Clothing,197.0,628,BrandA
3857,Tonight Page,Home,295.19,756,BrandB
3858,Best News,Home,433.26,788,BrandB
3859,Statement Congress,Home,97.77,367,BrandC
3860,Action Reflect,Electronics,399.14,246,BrandC
3861,True That,Books,190.76,640,BrandB
3862,Loss Program,Books,63.35,550,BrandD
3864,Theory Whose,Beauty,306.68,102,BrandA
3866,Style Dinner,Home,182.31,612,BrandC
3869,Board Discussion,Beauty,192.98,921,BrandA
3871,Part Behind,Electronics,362.05,807,BrandC
3872,Mission Network,Clothing,235.7,523,BrandA
3875,Certainly Rather,Beauty,158.37,232,BrandC
3886,Help During,Books,430.87,878,BrandD
3887,Meeting Change,Toys,99.67,465,BrandB
3889,Whole Drive,Beauty,80.37,985,BrandC
3890,Box Already,Home,475.62,353,BrandD
3891,There Hotel,Clothing,442.1,31,BrandB
3893,His Ok,Clothing,424.8,119,BrandC
3894,Nation Page,Beauty,342.67,596,BrandA
3897,Surface Agreement,Books,249.85,390,BrandA
3900,Born Time,Toys,235.58,917,BrandA
3905,Or Positive,Toys,58.96,143,BrandC
3911,Image Relationship,Clothing,131.81,873,BrandD
3912,Guess Government,Clothing,22.76,57,BrandD
3914,Window Poor,Home,107.23,930,BrandB
3915,Defense Event,Beauty,116.15,635,BrandA
3918,More Store,Beauty,24.64,4,BrandB
3922,Throw Detail,Beauty,461.47,285,BrandD
3923,Some Four,Electronics,245.81,439,BrandA
3925,Let Understand,Books,373.12,502,BrandD
3928,Lay Large,Home,130.06,896,BrandD
3929,City Win,Books,316.59,297,BrandD
3933,Range Include,Electronics,258.7,86,BrandA
3934,Tonight Color,Toys,85.22,666,BrandB
3938,I Republican,Toys,312.43,674,BrandB
3940,Assume You,Home,81.95,379,BrandD
3950,Particularly Instead,Clothing,315.0,287,BrandC
3952,Before Writer,Clothing,407.45,159,BrandA
3953,Of Doctor,Books,38.63,14,BrandD
3956,Order Factor,Beauty,491.04,421,BrandB
3957,Sell Such,Home,96.74,838,BrandB
3958,Security Newspaper,Beauty,222.51,118,BrandB
3965,Data Reflect,Home,209.18,893,BrandC
3968,Early Put,Books,379.87,673,BrandB
3970,Might Forward,Electronics,412.4,200,BrandB
3973,Report Simply,Clothing,239.67,581,BrandA
3974,Board How,Home,418.83,465,BrandA
3977,Myself Voice,Toys,409.37,48,BrandC
3978,Court Series,Electronics,445.9,409,BrandD
3979,Reality Son,Beauty,376.68,985,BrandD
3980,Wish Public,Toys,434.48,886,BrandB
3981,Could Member,Home,91.68,448,BrandD
3985,Unit People,Toys,431.38,951,BrandA
3986,Congress Notice,Home,346.72,516,BrandC
3988,First Adult,Beauty,68.52,854,BrandC
3991,Degree Crime,Beauty,146.61,266,BrandB
3994,Drop Road,Beauty,112.21,71,BrandA
3995,Little Area,Clothing,203.35,616,BrandB
3999,Down Charge,Clothing,137.53,540,BrandB
4000,Chair Stuff,Toys,47.55,937,BrandD
4001,Able Sure,Books,367.11,650,BrandD
4003,Notice Find,Books,142.51,795,BrandC
4004,Energy Fund,Electronics,90.41,508,BrandC
4007,Free Southern,Home,171.27,254,BrandD
4008,Son Station,Clothing,39.08,315,BrandB
4013,Energy Spring,Beauty,6.8,504,BrandA
4017,Join Her,Electronics,130.26,268,BrandC
4018,Section Father,Books,491.77,478,BrandC
4019,Their Pretty,Books,263.58,2,BrandB
4021,Assume Music,Books,35.86,891,BrandA
4022,American Top,Toys,133.94,730,BrandC
4024,Hold Also,Toys,143.61,100,BrandA
4028,It Office,Beauty,341.21,424,BrandD
4029,Near Left,Books,206.13,53,BrandB
4033,Choice Themselves,Electronics,256.33,689,BrandC
4034,Rather Market,Toys,173.02,957,BrandB
4036,Later Develop,Home,283.57,918,BrandC
4037,Rich Accept,Clothing,491.23,162,BrandD
4040,Yeah Approach,Books,348.89,555,BrandB
4043,Sit Blood,Books,356.95,831,BrandB
4046,Least Probably,Books,44.14,813,BrandB
4048,Four Interview,Toys,319.02,751,BrandB
4050,Once White,Clothing,29.69,332,BrandC
4051,Behavior New,Clothing,385.68,989,BrandD
4053,Eat Approach,Home,374.92,106,BrandB
4054,Budget Budget,Toys,341.64,55,BrandB
4056,Present Draw,Home,206.63,857,BrandB
4060,Next Rather,Clothing,134.59,626,BrandA
4062,Anyone Water,Toys,50.15,104,BrandC
4063,Collection Future,Books,218.73,806,BrandD
4065,Important Company,Clothing,456.9,370,BrandA
4067,Especially Five,Books,23.45,712,BrandA
4069,Accept Question,Books,498.71,781,BrandD
4070,Clear Nature,Books,208.63,221,BrandC
4072,Eight See,Books,489.12,33,BrandA
4076,Low Exactly,Clothing,251.14,156,BrandD
4077,Radio Lawyer,Electronics,358.25,363,BrandD
4079,Politics Month,Books,404.35,351,BrandB
4080,Professional Recognize,Beauty,399.57,487,BrandA
4081,Mention Explain,Home,250.62,272,BrandD
4083,Brother Case,Beauty,455.73,395,BrandB
4084,Summer Include,Clothing,425.33,146,BrandC
4085,President Style,Beauty,408.29,303,BrandB
4086,Discuss National,Electronics,208.53,617,BrandC
4087,Heavy Field,Books,385.03,552,BrandA
4095,Seek Manager,Beauty,27.83,10,BrandA
4096,Sell Determine,Home,388.63,475,BrandD
4097,National Your,Clothing,161.3,66,BrandD
4099,Increase Explain,Books,256.27,84,BrandA
4103,Tree Happen,Clothing,184.14,683,BrandA
4104,Behavior Child,Clothing,110.44,131,BrandA
4107,Its Because,Electronics,283.19,914,BrandA
4109,Usually Scene,Books,76.32,532,BrandC
4115,Top Prepare,Electronics,124.12,786,BrandC
4117,Other House,Books,394.7,65,BrandC
4118,Former Today,Clothing,61.98,916,BrandB
4123,Deep Economy,Home,221.36,228,BrandC
4125,Throughout List,Toys,42.54,902,BrandC
4126,Leg Glass,Toys,77.48,4,BrandB
4127,Information Policy,Home,382.79,227,BrandD
4128,Fall Onto,Toys,366.25,297,BrandA
4132,Series Red,Books,440.71,391,BrandC
4134,Modern Garden,Beauty,404.84,246,BrandA
4137,Perform Weight,Beauty,132.82,922,BrandA
4138,Though Everybody,Beauty,74.73,551,BrandC
4143,Simply Western,Toys,344.86,651,BrandB
4147,Thank Student,Toys,227.01,157,BrandD
4150,Hear Imagine,Home,39.45,41,BrandD
4151,Mrs World,Beauty,182.11,226,BrandC
4155,Necessary Compare,Electronics,472.59,179,BrandB
4158,Suffer General,Toys,252.17,489,BrandA
4159,Foreign They,Books,30.26,731,BrandA
4160,Speech Hand,Home,49.78,771,BrandC
4161,Past All,Clothing,311.52,741,BrandA
4163,Unit Sea,Clothing,237.72,526,BrandA
4164,Through Pretty,Clothing,165.11,886,BrandB
4166,Oil Factor,Clothing,317.72,882,BrandC
4167,Per That,Clothing,489.45,317,BrandA
4168,Dog Out,Books,18.94,340,BrandC
4169,Before Child,Beauty,154.59,950,BrandA
4171,Quickly Performance,Clothing,374.27,994,BrandA
4174,Already Then,Electronics,359.59,354,BrandB
4176,Small Table,Books,103.56,889,BrandD
4182,Situation Particular,Electronics,344.34,522,BrandD
4184,Increase Full,Clothing,17.17,880,BrandC
4187,Its Hope,Electronics,328.62,230,BrandD
4188,Choice Expert,Electronics,296.85,504,BrandA
4192,Professor Three,Toys,87.97,781,BrandC
4194,Concern Mother,Books,250.67,573,BrandB
4196,Mr Listen,Clothing,264.49,17,BrandC
4197,Natural Add,Toys,380.66,999,BrandB
4200,Type Nor,Beauty,17.57,198,BrandB
4201,Society Cup,Books,153.89,633,BrandA
4202,Wear Large,Beauty,137.43,285,BrandB
4204,Could Sure,Clothing,389.38,457,BrandD
4206,Fight Sister,Electronics,246.35,186,BrandA
4207,Property As,Electronics,318.14,95,BrandB
4210,Unit Herself,Electronics,84.22,804,BrandB
4211,Eat Beautiful,Books,174.37,57,BrandA
4212,Rule Expect,Home,237.26,338,BrandC
4214,Green Thing,Clothing,270.24,245,BrandC
4215,Entire Wear,Electronics,343.93,626,BrandA
4222,Education Bed,Electronics,261.72,181,BrandC
4229,Enough Around,Books,434.24,691,BrandA
4230,Pay East,Books,48.69,201,BrandC
4233,Enjoy Cell,Beauty,396.38,900,BrandD
4242,Understand Light,Books,121.91,597,BrandC
4243,Wish Seat,Clothing,434.52,437,BrandA
4245,Need Remember,Toys,427.51,1000,BrandB
4246,Western Your,Clothing,436.52,102,BrandA
4248,Clear Exactly,Toys,358.18,240,BrandB
4249,Message Health,Books,402.99,298,BrandC
4250,Surface Top,Electronics,399.27,109,BrandB
4251,Card Plant,Electronics,172.53,300,BrandC
4255,Far Remain,Books,378.55,961,BrandC
4256,Any Police,Clothing,317.52,151,BrandC
4258,Sister Man,Clothing,354.96,275,BrandC
4259,Commercial Responsibility,Books,71.86,440,BrandB
4260,Human Create,Clothing,490.01,746,BrandC
4261,Hand Role,Toys,119.38,135,BrandB
4262,Member Town,Beauty,204.35,562,BrandD
4263,Town Consumer,Toys,280.66,52,BrandD
4264,Know Lose,Electronics,310.42,105,BrandC
4266,Face Anything,Toys,182.49,265,BrandD
4267,Financial We,Clothing,351.82,598,BrandA
4269,Fish Human,Toys,390.21,384,BrandA
4274,Local Open,Beauty,35.63,550,BrandD
4280,Yeah Computer,Home,58.66,468,BrandA
4281,Success Spend,Beauty,178.8,708,BrandC
4284,White Wear,Electronics,153.08,717,BrandA
4285,Top Positive,Electronics,483.64,386,BrandD
4286,Easy Paper,Toys,22.26,603,BrandB
4289,Safe Physical,Toys,163.97,465,BrandC
4290,Cut Her,Electronics,239.14,862,BrandB
4291,Brother But,Clothing,51.06,754,BrandB
4297,Machine Attention,Books,136.58,733,BrandC
4298,Present Personal,Clothing,458.24,842,BrandB
4299,Field Various,Toys,123.84,689,BrandD
4300,Writer Treat,Electronics,361.24,930,BrandB
4305,He State,Electronics,242.44,199,BrandC
4307,Since Power,Toys,496.47,562,BrandA
4308,Visit Your,Beauty,266.5,856,BrandB
4309,Protect Daughter,Home,460.28,143,BrandD
4310,Season Instead,Books,30.1,266,BrandB
4311,Example Manage,Beauty,208.35,605,BrandD
4312,Be Affect,Toys,135.89,255,BrandC
4313,Party Life,Books,256.42,269,BrandC
4315,Wear Perhaps,Toys,499.92,268,BrandA
4318,Box Section,Beauty,57.01,441,BrandB
4319,Still Realize,Toys,225.36,92,BrandC
4320,Carry Writer,Books,450.21,531,BrandC
4323,Never Soldier,Home,68.84,321,BrandD
4326,Current Site,Electronics,496.08,831,BrandA
4329,Dream Shake,Electronics,402.21,570,BrandD
4330,Note Choose,Home,236.01,137,BrandD
4332,Yes Country,Home,295.61,45,BrandB
4337,Attack Simple,Beauty,323.16,342,BrandD
4340,Air Material,Electronics,96.44,685,BrandB
4342,Audience Land,Beauty,305.46,511,BrandC
4343,Result Campaign,Clothing,457.89,828,BrandB
4344,Whose Painting,Electronics,68.87,209,BrandC
4345,None Popular,Books,27.51,303,BrandD
4346,Guy Sometimes,Books,65.1,725,BrandA
4351,Fear Which,Clothing,102.21,262,BrandA
4354,Over Goal,Toys,67.74,97,BrandB
4355,Determine Democrat,Home,66.32,337,BrandA
4356,Just None,Books,14.5,747,BrandC
4358,Camera Exactly,Books,369.53,258,BrandD
4360,Peace Must,Books,43.99,76,BrandC
4363,Painting Wall,Beauty,422.82,253,BrandD
4366,Break Level,Beauty,183.23,179,BrandA
4368,Heavy Country,Toys,342.05,563,BrandB
4369,Budget Huge,Home,58.76,357,BrandD
4375,Available Resource,Books,53.45,396,BrandB
4377,Rule Meet,Electronics,171.18,145,BrandB
4378,Thing Item,Beauty,61.63,73,BrandB
4382,Sign Foreign,Home,306.87,347,BrandD
4386,Her Carry,Clothing,233.15,519,BrandB
4388,Tax Child,Home,108.91,2,BrandB
4389,Public He,Toys,202.13,801,BrandA
4390,Half Site,Home,93.05,252,BrandB
4391,Raise Feeling,Toys,10.4,955,BrandA
4399,Help Daughter,Books,133.6,554,BrandB
4400,Hold Firm,Toys,298.15,196,BrandC
4401,Last Reduce,Toys,214.49,0,BrandB
4402,Leg Thank,Electronics,330.04,900,BrandD
4404,Young Value,Books,272.54,438,BrandC
4406,Expect Push,Electronics,492.76,212,BrandC
4407,Similar Should,Electronics,435.23,567,BrandD
4410,Thank Everybody,Beauty,378.38,912,BrandC
4411,Factor Matter,Toys,354.39,459,BrandA
4413,Week Civil,Clothing,273.72,178,BrandD
4416,Here Meeting,Toys,244.18,500,BrandA
4418,Anyone Newspaper,Beauty,58.16,433,BrandD
4419,May Tough,Home,204.25,801,BrandD
4420,Scientist Watch,Electronics,450.43,936,BrandB
4424,Fact Popular,Books,411.12,73,BrandA
4427,Bit Wish,Electronics,433.45,326,BrandC
4430,Skill Energy,Toys,430.86,825,BrandA
4432,Center Establish,Home,198.92,257,BrandD
4433,Computer Maybe,Clothing,494.3,48,BrandD
4435,But Become,Home,45.32,40,BrandD
4439,Audience Quickly,Toys,38.88,735,BrandC
4440,Method Everyone,Home,181.82,52,BrandC
4445,Space Authority,Home,253.37,305,BrandA
4446,Learn Few,Books,301.42,26,BrandA
4449,Summer What,Electronics,477.15,486,BrandB
4450,Experience Power,Beauty,212.28,34,BrandD
4451,Loss Check,Books,108.61,756,BrandA
4455,Head And,Electronics,381.18,403,BrandB
4456,Man Make,Beauty,360.69,416,BrandA
4461,Statement Customer,Toys,399.38,639,BrandC
4462,Guess Give,Electronics,461.23,937,BrandB
4464,Visit Specific,Electronics,285.86,30,BrandB
4467,Religious Result,Books,444.47,389,BrandD
4470,Plant Media,Toys,402.23,336,BrandD
4471,Hundred Expect,Books,245.32,799,BrandB
4472,Person Successful,Books,435.48,565,BrandC
4473,Agree Nor,Home,253.02,729,BrandA
4474,Account Paper,Electronics,131.42,958,BrandC
4475,Inside Lose,Home,447.55,927,BrandB
4478,Land Available,Books,48.05,968,BrandC
4481,Trial Present,Beauty,388.89,100,BrandB
4482,Recently Respond,Beauty,423.94,216,BrandB
4484,Not Trip,Toys,336.05,880,BrandA
4486,Movement Early,Beauty,157.72,400,BrandB
4488,World Sure,Electronics,296.29,733,BrandC
4489,Scientist Whole,Books,122.28,126,BrandB
4490,Eye Order,Home,5.43,153,BrandB
4491,What Behind,Clothing,252.18,174,BrandC
4492,Food More,Books,480.17,849,BrandC
4494,Expert Road,Toys,299.81,596,BrandC
4495,Gas Article,Toys,470.04,146,BrandA
4496,Science Cold,Toys,399.55,710,BrandA
4499,Door Own,Home,198.7,863,BrandC
4502,Quickly According,Clothing,397.13,680,BrandD
4503,Identify Like,Electronics,64.42,195,BrandC
4504,Middle Seat,Books,254.35,312,BrandB
4508,Human Argue,Beauty,164.1,232,BrandB
4510,Human Effect,Clothing,77.91,657,BrandB
4512,Partner Truth,Beauty,486.57,190,BrandC
4523,Trip Us,Electronics,158.63,218,BrandA
4527,Church Against,Clothing,338.17,699,BrandB
4530,Resource Simple,Toys,125.19,638,BrandB
4531,Goal Need,Books,396.11,627,BrandA
4533,Consider Apply,Beauty,391.78,362,BrandD
4535,Grow All,Beauty,23.71,280,BrandB
4537,Woman Significant,Books,122.17,491,BrandC
4538,Health Fund,Electronics,290.8,233,BrandB
4539,Half Apply,Toys,137.25,707,BrandB
4541,Be Draw,Toys,163.94,479,BrandC
4542,Eat State,Home,381.62,12,BrandB
4544,Laugh Travel,Clothing,241.94,710,BrandD
4547,Lay Truth,Electronics,227.12,426,BrandB
4548,Put That,Clothing,129.98,836,BrandC
4549,Throw Occur,Toys,409.19,45,BrandC
4550,Finally Southern,Clothing,11.73,368,BrandD
4551,Add Buy,Home,28.04,211,BrandD
4552,Voice Learn,Electronics,143.52,271,BrandB
4557,Dog Dinner,Books,125.15,537,BrandC
4560,Toward Commercial,Toys,159.97,437,BrandC
4561,Support Class,Books,175.18,734,BrandB
4562,Heart Baby,Books,460.79,844,BrandC
4565,Other Family,Books,276.38,539,BrandC
4566,Start Let,Books,437.62,236,BrandD
4571,Age Subject,Clothing,89.68,625,BrandC
4572,Friend Price,Home,280.72,381,BrandD
4573,Interesting How,Books,369.64,676,BrandB
4574,Anyone Upon,Electronics,405.65,923,BrandC
4576,Production Upon,Electronics,184.85,306,BrandC
4577,Yet As,Home,372.49,652,BrandB
4579,Along City,Beauty,123.25,796,BrandD
4583,Series Grow,Toys,337.8,77,BrandB
4584,Cause Which,Beauty,132.23,50,BrandC
4585,Policy Perhaps,Beauty,113.98,519,BrandD
4586,South Say,Electronics,302.11,521,BrandD
4587,Evening Environmental,Electronics,297.61,863,BrandA
4588,Everybody Imagine,Beauty,78.72,185,BrandA
4592,Few We,Home,298.27,966,BrandA
4593,You Cut,Electronics,373.95,171,BrandA
4596,Himself Through,Beauty,292.09,334,BrandC
4597,May Tough,Beauty,205.63,23,BrandB
4598,World Listen,Clothing,257.04,112,BrandD
4599,Newspaper Kitchen,Beauty,225.01,184,BrandD
4601,Size Phone,Home,298.45,284,BrandB
4606,Point Public,Toys,16.63,178,BrandA
4607,Company Memory,Home,274.01,182,BrandC
4608,People Push,Beauty,369.47,960,BrandD
4613,Second Skin,Toys,286.72,319,BrandB
4618,Bank Bank,Toys,14.73,32,BrandB
4622,North Assume,Clothing,367.06,917,BrandA
4624,Ok Huge,Books,88.6,535,BrandD
4625,Time None,Electronics,382.71,72,BrandD
4629,Race Cut,Electronics,191.33,751,BrandC
4632,Look People,Home,425.4,440,BrandC
4634,Cup Assume,Books,220.79,491,BrandD
4635,Choice Beautiful,Clothing,489.57,639,BrandC
4638,Time Same,Clothing,390.56,4,BrandC
4643,Direction So,Books,126.65,520,BrandA
4644,Well Six,Beauty,138.99,977,BrandD
4646,Brother Low,Toys,296.0,879,BrandD
4648,Soon Allow,Electronics,297.08,453,BrandA
4652,Art Parent,Clothing,91.27,441,BrandC
4657,Close Into,Beauty,145.08,507,BrandD
4658,Hundred Member,Home,388.1,336,BrandD
4665,Doctor Amount,Toys,440.09,162,BrandB
4666,Month Return,Home,239.21,439,BrandB
4667,Chair Bag,Beauty,332.78,47,BrandC
4669,Challenge Also,Home,463.88,485,BrandC
4672,Chair Power,Beauty,33.77,311,BrandA
4674,Instead Take,Clothing,454.22,897,BrandB
4675,Us Push,Books,130.06,649,BrandD
4676,Father Assume,Books,312.72,321,BrandD
4678,Unit Event,Electronics,240.44,382,BrandD
4679,Property Current,Electronics,236.35,513,BrandB
4684,Senior Admit,Books,69.76,419,BrandC
4686,National Current,Home,52.46,272,BrandB
4687,Day First,Toys,154.01,10,BrandB
4690,Year Artist,Toys,164.35,89,BrandD
4693,Over Later,Books,238.48,163,BrandC
4695,Organization Million,Home,210.5,542,BrandD
4700,Beyond Chance,Books,415.55,711,BrandA
4702,Assume Live,Clothing,396.13,903,BrandC
4707,Once Safe,Home,31.66,74,BrandC
4709,Forward Not,Home,27.78,197,BrandD
4710,State Feel,Beauty,259.6,348,BrandD
4714,These She,Books,477.82,511,BrandB
4717,At National,Toys,307.34,543,BrandC
4720,Son Concern,Beauty,203.04,466,BrandC
4721,Provide Leave,Books,110.38,246,BrandA
4722,Student Interesting,Books,278.98,15,BrandB
4726,Avoid Hotel,Electronics,103.96,865,BrandC
4733,Sign Current,Home,295.53,433,BrandA
4736,News Congress,Electronics,379.52,414,BrandD
4737,Newspaper Enter,Beauty,147.37,944,BrandD
4739,Show Quickly,Beauty,88.53,997,BrandD
4745,Society Question,Electronics,25.96,211,BrandB
4746,Enter Information,Beauty,250.93,792,BrandD
4753,Write Lay,Electronics,163.36,208,BrandC
4754,Opportunity Worry,Clothing,248.94,331,BrandB
4757,Hour Director,Home,271.33,123,BrandD
4758,Term Focus,Home,403.24,808,BrandC
4759,Style Amount,Books,237.7,426,BrandC
4761,Half Mission,Toys,460.61,694,BrandA
4762,Beyond Letter,Toys,254.89,395,BrandC
4763,Traditional Else,Home,418.83,482,BrandD
4767,West Out,Books,105.09,702,BrandD
4770,Become Professor,Electronics,242.81,634,BrandA
4772,Leave Recently,Electronics,212.79,70,BrandB
4773,List System,Electronics,206.02,571,BrandC
4775,Southern Color,Toys,263.81,26,BrandD
4779,Story Response,Toys,105.11,202,BrandB
4780,Identify Compare,Books,16.28,32,BrandD
4781,Instead Modern,Home,181.28,81,BrandA
4782,Degree Personal,Clothing,479.66,535,BrandB
4783,Single Third,Electronics,419.97,721,BrandC
4784,Market Thousand,Beauty,488.3,791,BrandB
4786,Left At,Beauty,199.59,727,BrandC
4789,Anything Situation,Books,25.43,701,BrandC
4791,Win Lawyer,Toys,41.89,269,BrandB
4792,Treatment Situation,Electronics,475.29,76,BrandC
4794,Middle Above,Beauty,305.18,226,BrandC
4796,Story Sometimes,Toys,332.61,473,BrandA
4800,Material Fast,Electronics,355.34,615,BrandD
4801,Pressure Bill,Books,456.65,635,BrandC
4802,Firm Morning,Clothing,327.95,113,BrandB
4804,No Consider,Electronics,63.23,660,BrandD
4805,Push Score,Beauty,451.44,149,BrandC
4806,Appear Above,Home,219.24,156,BrandB
4808,Check Lay,Books,494.39,820,BrandD
4809,High Baby,Beauty,337.42,457,BrandD
4814,Deep Nature,Books,29.05,752,BrandB
4815,Card Imagine,Home,359.56,862,BrandB
4818,Present Why,Home,188.57,349,BrandB
4819,Forget Gas,Home,219.23,90,BrandD
4826,Seat Though,Clothing,458.62,757,BrandC
4827,So Strategy,Home,129.99,892,BrandC
4830,Run Move,Books,375.75,730,BrandD
4831,Upon Law,Toys,421.19,258,BrandA
4832,Image Tax,Toys,275.77,217,BrandD
4834,People Community,Beauty,385.64,772,BrandB
4835,Writer Tend,Home,294.03,487,BrandC
4837,Face Share,Home,360.85,831,BrandC
4838,Far Open,Home,270.37,637,BrandA
4839,Successful Many,Home,289.42,762,BrandB
4840,Little Myself,Clothing,133.02,555,BrandD
4842,Hospital Several,Books,369.5,692,BrandA
4848,Culture Certain,Electronics,367.13,130,BrandD
4849,Door Staff,Toys,388.49,305,BrandD
4850,Particular Develop,Beauty,464.76,964,BrandA
4854,Charge Wife,Books,77.09,958,BrandD
4860,Yes Road,Beauty,306.05,674,BrandB
4865,Why Than,Electronics,69.41,659,BrandD
4869,Factor Cold,Clothing,384.49,538,BrandB
4871,Consider Support,Books,234.98,273,BrandA
4872,Tax Game,Clothing,294.08,958,BrandC
4873,Best Fund,Home,110.58,728,BrandD
4877,Than Door,Beauty,173.39,412,BrandA
4879,How Little,Beauty,352.76,764,BrandA
4881,Hospital Create,Electronics,436.56,380,BrandC
4883,During Compare,Home,90.5,385,BrandD
4884,Leave Catch,Clothing,409.13,906,BrandA
4885,Area Together,Electronics,219.09,572,BrandD
4887,Off Size,Beauty,405.15,384,BrandD
4888,Coach Their,Beauty,309.78,952,BrandB
4890,Speech Bring,Clothing,387.53,826,BrandD
4892,Laugh Last,Electronics,442.67,878,BrandC
4894,Relate Station,Books,335.8,711,BrandC
4896,Wife Those,Books,129.99,852,BrandC
4897,Former Garden,Toys,161.01,549,BrandC
4899,Talk Mean,Beauty,453.33,373,BrandB
4901,Material Player,Beauty,241.3,866,BrandB
4904,Fly Anything,Toys,336.63,432,BrandD
4907,Economic Sell,Clothing,288.43,564,BrandD
4909,Know Focus,Electronics,40.13,90,BrandB
4910,Trade Network,Books,332.82,758,BrandB
4911,Pretty Expert,Electronics,455.57,228,BrandD
4913,Lay Moment,Toys,271.84,95,BrandC
4916,Part Need,Electronics,129.21,576,BrandC
4921,Point Song,Toys,354.08,931,BrandB
4922,More Education,Clothing,433.3,992,BrandA
4923,Herself Help,Beauty,344.71,491,BrandC
4924,Report Again,Books,241.36,173,BrandA
4930,Sport Since,Home,219.55,487,BrandD
4933,Drive Contain,Home,130.18,158,BrandD
4935,Require Choice,Toys,123.38,439,BrandC
4938,Try Whom,Electronics,74.01,817,BrandC
4939,Seek Toward,Toys,304.71,816,BrandD
4940,He Five,Home,147.34,368,BrandA
4941,Art Protect,Electronics,16.79,310,BrandD
4942,In Whatever,Beauty,184.91,31,BrandD
4948,Sing Perform,Electronics,475.83,455,BrandC
4949,Sound Listen,Clothing,45.41,413,BrandC
4951,Between Catch,Home,334.0,873,BrandA
4954,Drive Part,Home,188.69,567,BrandB
4955,Coach Base,Beauty,384.55,315,BrandA
4959,Five Ago,Electronics,211.72,88,BrandB
4963,Chair Every,Toys,253.92,902,BrandB
4965,Somebody Which,Beauty,324.37,329,BrandD
4966,Understand Visit,Home,37.74,312,BrandA
4970,Base Sort,Books,380.01,573,BrandC
4971,Increase Cup,Clothing,60.51,709,BrandD
4972,President Next,Home,303.11,631,BrandA
4973,Young Decision,Home,454.11,193,BrandD
4975,Sense Of,Clothing,294.65,247,BrandC
4976,Ever Difference,Electronics,115.61,21,BrandC
4977,Citizen Contain,Electronics,428.48,708,BrandC
4978,Mrs Throw,Home,472.09,692,BrandB
4979,Measure Well,Books,247.83,65,BrandD
4980,Safe Situation,Clothing,108.69,602,BrandD
4981,All Whole,Electronics,480.92,983,BrandC
4982,Point Similar,Toys,340.27,53,BrandC
4983,Across Ago,Beauty,69.37,335,BrandD
4984,Half Government,Books,474.69,242,BrandC
4985,Give Woman,Clothing,119.86,200,BrandB
4986,Song Describe,Home,262.65,247,BrandD
4987,International Media,Toys,100.76,68,BrandB
4992,Whether Discussion,Clothing,79.45,251,BrandA
4993,Create Throughout,Books,324.98,397,BrandD
4995,Art Himself,Home,205.24,999,BrandD
5000,South From,Books,199.27,245,BrandA
5002,Subject Factor,Electronics,381.62,965,BrandA
5004,Tax Low,Home,184.18,533,BrandD
5005,Congress Number,Beauty,485.56,735,BrandD
5011,Me Beyond,Clothing,172.68,832,BrandC
5016,Company Production,Clothing,400.58,263,BrandD
5017,Interesting Option,Home,473.77,450,BrandD
5020,Former Social,Clothing,32.82,705,BrandB
5021,Explain Us,Beauty,328.52,641,BrandD
5024,Various Rise,Clothing,146.8,316,BrandA
5026,Indicate Bring,Beauty,211.55,901,BrandA
5028,Run Her,Toys,235.12,922,BrandA
5029,Policy Draw,Beauty,30.67,518,BrandD
5031,People Possible,Books,143.16,170,BrandB
5032,Former Interesting,Beauty,343.27,286,BrandC
5034,Police Field,Clothing,339.32,674,BrandD
5035,Physical Building,Clothing,328.25,617,BrandB
5036,Gas Cut,Toys,477.39,790,BrandA
5041,Could Finally,Toys,491.45,291,BrandC
5042,Manage Cut,Home,153.43,963,BrandA
5043,Then Surface,Toys,49.24,910,BrandA
5044,Different Manager,Clothing,49.39,784,BrandB
5047,Hundred Out,Home,389.87,389,BrandA
5048,Either Education,Beauty,247.33,800,BrandB
5049,Ground Site,Home,412.43,992,BrandB
5050,Mouth Special,Beauty,160.34,375,BrandA
5051,Nothing General,Clothing,82.03,495,BrandA
5054,Sort Investment,Electronics,171.29,236,BrandD
5055,Beyond Contain,Electronics,46.3,434,BrandB
5056,Deep Will,Clothing,497.5,837,BrandC
5061,Sport Poor,Toys,302.93,943,BrandA
5064,Fine Tough,Clothing,115.82,367,BrandD
5065,Type Finally,Beauty,427.12,949,BrandB
5068,Near Plant,Electronics,23.14,211,BrandA
5070,Heart Act,Beauty,133.15,292,BrandA
5074,Use Road,Home,22.9,7,BrandC
5075,Land Participant,Toys,41.76,104,BrandB
5081,Without Concern,Beauty,121.96,336,BrandA
5082,Which Run,Beauty,51.18,580,BrandA
5084,Arrive Career,Books,134.7,303,BrandA
5085,Approach Cultural,Beauty,67.41,47,BrandC
5087,Along Recognize,Toys,320.31,788,BrandD
5090,Special Officer,Toys,60.13,332,BrandB
5092,Key Decade,Beauty,100.67,835,BrandD
5098,Push Range,Books,233.02,618,BrandD
5099,Minute Here,Home,289.83,681,BrandB
5100,During Fine,Toys,43.94,990,BrandB
5106,Gas Mother,Toys,453.18,965,BrandC
5107,Have System,Home,74.46,607,BrandA
5109,Spend Whole,Beauty,380.66,244,BrandC
5110,Sort Former,Books,127.17,998,BrandA
5117,Quickly Produce,Home,442.72,856,BrandD
5119,Determine Second,Clothing,285.96,52,BrandD
5120,Around Likely,Books,342.98,461,BrandB
5121,Start Me,Books,264.24,100,BrandA
5122,Another Economic,Toys,192.9,579,BrandC
5125,Audience Believe,Toys,457.39,288,BrandC
5127,Social Enter,Home,202.15,693,BrandB
5128,Then Thus,Beauty,278.88,721,BrandB
5130,List List,Clothing,151.35,322,BrandD
5131,Audience Dog,Beauty,465.93,743,BrandC
5137,Area Tell,Electronics,201.77,419,BrandA
5141,Region Them,Beauty,422.52,68,BrandB
5144,Camera At,Books,379.6,545,BrandB
5146,Before Big,Electronics,77.21,599,BrandD
5148,Agree Each,Beauty,320.59,319,BrandC
5150,Protect Necessary,Clothing,448.38,920,BrandC
5151,Trip Claim,Clothing,233.14,830,BrandC
5152,May Along,Electronics,393.77,645,BrandB
5159,Describe White,Electronics,215.93,658,BrandB
5160,Prepare Outside,Clothing,450.64,901,BrandC
5163,Somebody Else,Clothing,273.89,463,BrandD
5164,Only Technology,Clothing,60.9,150,BrandA
5166,Able Federal,Beauty,253.96,208,BrandC
5168,Hospital Too,Electronics,423.67,638,BrandA
5169,Night Campaign,Toys,372.55,901,BrandA
5170,Clear Feel,Toys,203.67,359,BrandA
5172,Light Than,Beauty,321.68,199,BrandD
5173,Somebody Will,Electronics,188.67,117,BrandC
5175,College Sort,Books,8.21,917,BrandB
5180,Reality Final,Electronics,499.55,882,BrandD
5184,Everybody Box,Books,381.47,222,BrandC
5187,Whose If,Electronics,106.42,305,BrandB
5188,Seven Capital,Electronics,347.65,183,BrandD
5189,Yes Bar,Books,128.19,555,BrandA
5190,Mrs Budget,Electronics,335.81,735,BrandD
5191,Former Exist,Clothing,201.25,560,BrandB
5192,Behind Century,Beauty,5.17,340,BrandC
5193,Live Everybody,Electronics,248.2,539,BrandC
5195,Ask Upon,Electronics,318.04,387,BrandD
5196,Personal Travel,Electronics,290.29,382,BrandD
5197,Enter Chance,Clothing,382.23,911,BrandD
5200,Dinner Successful,Books,347.48,120,BrandD
5201,See Watch,Electronics,90.19,238,BrandD
5202,Tend Technology,Clothing,7.01,600,BrandC
5205,Customer Student,Home,470.15,712,BrandC
5206,Training Save,Electronics,36.25,57,BrandC
5211,According Include,Clothing,223.06,885,BrandA
5216,Little Use,Beauty,206.31,475,BrandD
5220,Should Price,Books,136.85,73,BrandB
5222,Dark Price,Books,354.06,364,BrandA
5224,Pick Another,Toys,498.81,274,BrandC
5226,Home Compare,Beauty,461.07,933,BrandB
5227,Part Such,Clothing,373.64,889,BrandB
5229,Yet Gun,Toys,16.6,855,BrandB
5232,Many Bill,Electronics,111.04,209,BrandC
5233,Need Simple,Clothing,475.71,886,BrandC
5234,Office Action,Electronics,247.33,237,BrandD
5236,Big Gun,Beauty,425.6,247,BrandC
5237,Build Particularly,Home,434.94,999,BrandA
5239,Ground Risk,Toys,343.76,584,BrandD
5240,General Add,Books,249.75,901,BrandB
5241,Assume Woman,Books,164.66,744,BrandA
5244,Change Building,Clothing,111.35,250,BrandA
5246,Else Health,Beauty,351.22,680,BrandB
5248,Generation Wind,Home,181.6,728,BrandA
5253,Main Road,Home,396.96,15,BrandD
5254,City Use,Books,488.79,19,BrandC
5255,Certain Third,Electronics,435.88,345,BrandD
5256,Song Prepare,Electronics,46.71,245,BrandD
5257,Receive Under,Clothing,178.12,484,BrandB
5258,People Little,Books,13.49,680,BrandA
5260,Film Stop,Clothing,54.53,828,BrandA
5263,Race She,Toys,317.27,418,BrandA
5264,Job Song,Beauty,489.72,109,BrandB
5265,Probably Argue,Clothing,183.6,791,BrandA
5266,Thus Computer,Toys,251.92,235,BrandC
5270,Seat Pay,Books,209.91,327,BrandC
5271,Bring Decade,Electronics,50.35,186,BrandA
5276,Whatever As,Beauty,66.65,726,BrandA
5278,Strategy Watch,Books,412.79,534,BrandA
5284,Where Bag,Beauty,244.79,282,BrandD
5286,Near Full,Books,7.62,488,BrandD
5287,Can Chance,Electronics,221.97,427,BrandD
5289,Month Goal,Clothing,198.31,25,BrandD
5291,Any Child,Books,243.79,103,BrandB
5293,Item Book,Books,85.69,894,BrandC
5296,Have Home,Home,422.4,636,BrandC
5299,Want Page,Home,39.17,306,BrandA
5302,West Attention,Toys,295.67,597,BrandD
5304,Force Same,Beauty,268.82,907,BrandB
5305,Just Specific,Books,382.23,48,BrandD
5307,Natural Exist,Books,278.38,233,BrandD
5308,Debate Glass,Beauty,28.56,334,BrandA
5315,Bad Event,Toys,275.43,217,BrandC
5316,Dog Owner,Toys,26.64,123,BrandC
5317,Debate Would,Home,143.46,81,BrandB
5318,Himself Exist,Electronics,216.07,142,BrandD
5319,Maybe Three,Clothing,137.38,636,BrandA
5321,Point During,Electronics,13.11,586,BrandB
5326,Message Who,Toys,10.84,338,BrandB
5327,Nation Benefit,Electronics,112.66,882,BrandA
5331,Where Usually,Toys,99.11,652,BrandA
5336,Improve Their,Books,33.94,491,BrandB
5337,Produce Over,Home,330.79,100,BrandD
5338,Nice Fine,Toys,101.37,173,BrandB
5339,Population Election,Home,145.42,663,BrandB
5344,Something Hair,Toys,89.49,916,BrandA
5347,Give Cold,Clothing,24.3,597,BrandA
5351,Sense Do,Beauty,428.6,557,BrandD
5352,Congress Source,Beauty,286.43,923,BrandD
5354,Student Arrive,Home,232.53,558,BrandB
5355,Hand Other,Books,288.97,839,BrandA
5357,Say Law,Electronics,103.99,498,BrandC
5359,Teacher Lead,Electronics,268.58,857,BrandC
5363,One Born,Books,447.04,896,BrandD
5364,Gas He,Toys,288.62,183,BrandB
5366,Conference From,Beauty,290.35,432,BrandC
5369,Respond Radio,Home,432.11,45,BrandB
5370,Staff Push,Toys,211.14,926,BrandD
5371,Kid News,Clothing,262.02,248,BrandA
5373,Keep Whom,Toys,281.77,788,BrandA
5374,Nice School,Toys,121.31,436,BrandA
5376,International Surface,Beauty,287.81,544,BrandB
5378,Order Dinner,Toys,71.23,359,BrandD
5389,Practice Allow,Home,27.33,50,BrandA
5395,City Standard,Beauty,487.75,707,BrandD
5397,Strategy Could,Beauty,25.11,972,BrandA
5400,My She,Books,132.67,570,BrandD
5405,View Health,Home,467.76,991,BrandC
5406,Lay Policy,Toys,245.22,797,BrandD
5407,Defense Music,Toys,219.94,227,BrandD
5409,Possible Land,Clothing,189.54,751,BrandD
5413,His Every,Toys,38.98,876,BrandD
5415,Whole Five,Beauty,193.2,989,BrandA
5416,Think Enter,Electronics,203.84,64,BrandC
5418,Box Whatever,Home,151.51,582,BrandB
5419,Writer Available,Books,13.55,667,BrandA
5420,Actually Project,Beauty,81.62,518,BrandC
5421,Into Decision,Electronics,349.41,31,BrandC
5422,Understand Training,Toys,265.3,413,BrandC
5423,Serve Human,Home,463.17,214,BrandD
5424,According Standard,Books,168.05,915,BrandD
5425,What Threat,Home,283.28,22,BrandC
5427,Summer Easy,Clothing,396.19,586,BrandA
5433,Themselves Of,Home,448.7,879,BrandA
5435,Listen Kind,Beauty,117.55,477,BrandD
5436,This Generation,Beauty,217.75,748,BrandD
5437,Event However,Beauty,403.52,29,BrandB
5439,Much Cut,Toys,353.2,201,BrandB
5440,Today Tax,Home,470.46,343,BrandD
5442,Appear Woman,Beauty,463.71,181,BrandC
5443,Wish Agree,Electronics,332.89,409,BrandC
5450,Society Color,Books,61.83,9,BrandC
5452,Market Value,Books,296.21,249,BrandC
5453,Kitchen Throw,Clothing,49.11,566,BrandC
5454,Eye Site,Clothing,394.48,584,BrandB
5455,Staff Almost,Electronics,316.29,270,BrandC
5459,Structure Usually,Electronics,163.37,236,BrandA
5463,Approach Teach,Books,262.67,776,BrandB
5464,Seek Look,Electronics,275.55,453,BrandA
5465,Evening Attack,Home,355.19,570,BrandB
5468,Learn Like,Beauty,96.09,333,BrandC
5470,Law End,Electronics,399.94,830,BrandC
5472,For Nothing,Home,234.73,893,BrandB
5473,Away Realize,Books,424.86,600,BrandB
5476,Include Source,Beauty,175.61,380,BrandB
5482,Travel Resource,Books,59.53,483,BrandD
5486,Agent Trip,Electronics,271.19,882,BrandA
5487,Rule Author,Beauty,20.49,505,BrandB
5488,Professional Fast,Electronics,360.73,238,BrandA
5489,Natural Million,Clothing,97.17,492,BrandA
5490,Anyone Offer,Beauty,296.7,597,BrandB
5494,Wonder Life,Beauty,446.98,98,BrandC
5495,Girl Although,Home,207.18,917,BrandB
5496,Friend Standard,Home,455.21,109,BrandD
5499,War Establish,Toys,142.74,214,BrandB
5500,Force White,Electronics,420.13,193,BrandA
5503,General Life,Toys,357.12,666,BrandA
5504,Large Mention,Home,29.78,589,BrandB
5507,Indeed Without,Home,304.65,822,BrandC
5508,Quickly Court,Toys,127.89,394,BrandA
5511,Today Foreign,Home,351.45,134,BrandA
5513,Top Edge,Clothing,184.8,795,BrandC
5514,Tv Past,Clothing,498.71,333,BrandB
5517,Knowledge Natural,Home,50.98,219,BrandC
5518,Approach Almost,Beauty,187.61,202,BrandC
5519,Almost May,Home,194.2,331,BrandD
5520,Three Lay,Beauty,423.0,781,BrandA
5523,Rock Machine,Home,200.53,926,BrandA
5528,Interesting Woman,Clothing,157.3,127,BrandC
5529,Site Reflect,Toys,199.17,417,BrandA
5530,Ever Agreement,Electronics,220.71,27,BrandC
5535,Little Bring,Beauty,293.2,28,BrandC
5536,Religious Two,Beauty,132.29,986,BrandC
5538,Both Any,Beauty,412.7,229,BrandD
5539,Edge Way,Toys,399.33,385,BrandC
5541,This Bit,Toys,270.72,997,BrandD
5543,Eat Television,Electronics,490.11,957,BrandB
5547,Prevent Cut,Toys,119.69,883,BrandB
5548,North Power,Beauty,370.49,502,BrandB
5550,Contain Condition,Toys,126.57,895,BrandB
5551,Pattern Country,Books,131.62,867,BrandA
5552,Upon Foreign,Clothing,268.43,338,BrandB
5553,Cost Capital,Toys,194.19,931,BrandB
5555,During Rather,Clothing,20.84,27,BrandB
5556,Skill Culture,Clothing,238.08,554,BrandB
5557,Education Industry,Clothing,59.68,386,BrandA
5564,Girl Partner,Toys,228.59,570,BrandB
5566,Necessary Study,Beauty,48.02,174,BrandC
5571,Whether Product,Toys,278.95,371,BrandA
5572,Leave Student,Clothing,423.53,834,BrandD
5575,Easy Although,Beauty,276.63,129,BrandD
5576,Else Themselves,Electronics,491.28,453,BrandC
5577,Machine Inside,Electronics,374.13,629,BrandB
5578,Fly Doctor,Clothing,408.43,584,BrandA
5581,Scientist Onto,Clothing,64.99,795,BrandD
5583,Skill Share,Beauty,337.46,436,BrandD
5584,Soldier Billion,Home,124.23,226,BrandB
5589,Life Friend,Beauty,232.14,285,BrandA
5592,Enter Always,Toys,181.72,525,BrandD
5593,Sign Rather,Home,250.5,763,BrandB
5595,Bring Generation,Electronics,136.98,393,BrandD
5596,Sign What,Home,34.45,210,BrandC
5597,Management Democratic,Electronics,125.71,270,BrandC
5598,Their Network,Beauty,297.74,962,BrandA
5599,Rest Soldier,Toys,133.04,605,BrandB
5602,Every Concern,Electronics,493.01,524,BrandB
5606,Knowledge Loss,Clothing,442.02,358,BrandB
5608,Serve Government,Electronics,496.93,982,BrandD
5611,According Two,Clothing,34.73,710,BrandC
5612,Get Case,Clothing,480.99,467,BrandB
5617,For Thank,Beauty,283.35,707,BrandA
5619,Offer Contain,Toys,86.9,281,BrandA
5621,From Set,Toys,7.24,840,BrandD
5629,Leader Goal,Books,5.75,744,BrandA
5630,Go Lose,Books,266.1,258,BrandB
5635,Pull Benefit,Home,438.8,749,BrandD
5643,Not Coach,Books,12.96,965,BrandD
5645,Similar Listen,Toys,15.56,738,BrandC
5647,Write Be,Clothing,188.75,597,BrandA
5649,Amount Share,Clothing,225.97,171,BrandB
5651,Management Management,Books,432.21,17,BrandD
5652,Couple Manager,Home,420.77,223,BrandD
5654,Modern Talk,Home,62.64,929,BrandD
5655,Get Pull,Beauty,304.35,312,BrandD
5659,Science Clear,Electronics,361.49,713,BrandA
5660,Factor Still,Clothing,106.55,980,BrandC
5661,Accept Early,Beauty,298.66,271,BrandA
5664,Conference Public,Electronics,7.08,480,BrandC
5665,Say Town,Books,8.62,317,BrandC
5666,Strong Course,Toys,86.86,470,BrandA
5667,Fight Late,Beauty,216.37,865,BrandA
5669,Ground Explain,Home,69.36,555,BrandA
5670,Become Wide,Electronics,262.87,745,BrandB
5671,Central Attention,Toys,423.33,444,BrandA
5673,No Ok,Home,127.93,66,BrandA
5674,Should Strong,Beauty,434.23,412,BrandA
5675,Itself Bank,Books,328.11,549,BrandB
5676,East Change,Books,162.83,66,BrandC
5679,Audience Writer,Clothing,236.44,933,BrandC
5680,Notice Nation,Beauty,378.24,397,BrandD
5682,Life Drug,Toys,76.02,746,BrandC
5686,Dark Sea,Beauty,478.48,302,BrandA
5687,This Team,Clothing,466.93,39,BrandB
5689,Network Them,Clothing,190.63,3,BrandB
5690,Painting Source,Toys,274.69,788,BrandB
5691,Success Catch,Toys,222.94,789,BrandB
5693,Dinner Way,Home,142.23,490,BrandB
5695,Fall Player,Books,443.96,496,BrandA
5697,Concern So,Toys,491.23,651,BrandA
5700,Best Listen,Clothing,95.71,169,BrandA
5704,Sign Team,Clothing,409.57,471,BrandC
5705,American Person,Clothing,479.21,794,BrandC
5712,Financial First,Beauty,61.73,326,BrandD
5714,Together Best,Home,74.16,650,BrandA
5715,Agree Half,Toys,185.49,807,BrandB
5716,Probably Think,Beauty,134.85,785,BrandA
5720,Business Week,Home,171.2,81,BrandD
5725,View Usually,Books,146.4,464,BrandC
5728,Speak Hear,Electronics,471.5,777,BrandB
5731,Her Note,Books,444.27,67,BrandC
5732,Class Trial,Books,188.05,301,BrandD
5735,Operation Understand,Clothing,335.62,569,BrandD
5736,Model Throughout,Toys,232.72,266,BrandC
5739,North Fire,Clothing,122.04,780,BrandA
5741,Own Act,Clothing,458.82,177,BrandA
5743,Base Agreement,Clothing,479.03,818,BrandB
5744,Ball Data,Books,131.81,80,BrandD
5747,Maintain Effect,Home,219.11,542,BrandA
5748,Defense Big,Clothing,240.16,224,BrandD
5749,Agree Moment,Clothing,454.1,803,BrandA
5752,Add Imagine,Clothing,220.35,458,BrandB
5754,Responsibility Sea,Home,90.99,266,BrandD
5755,Five Red,Toys,33.46,421,BrandC
5757,Any Night,Home,335.91,837,BrandD
5758,Money Hope,Electronics,317.4,816,BrandC
5759,Shake Away,Beauty,412.46,660,BrandD
5760,Along Power,Books,281.32,542,BrandD
5763,Relate Response,Clothing,497.66,844,BrandB
5764,Others Weight,Books,403.7,885,BrandD
5765,Huge Society,Electronics,162.44,952,BrandD
5769,When Trade,Electronics,465.66,116,BrandD
5771,Place East,Home,5.23,956,BrandB
5772,Three Program,Beauty,130.01,588,BrandA
5773,Cultural Night,Books,332.74,310,BrandC
5774,Picture Kid,Books,17.37,164,BrandA
5775,Account Stand,Electronics,252.8,591,BrandC
5778,Ok Whatever,Electronics,242.0,312,BrandB
5779,Particular Pay,Electronics,441.07,792,BrandC
5781,Despite Executive,Toys,266.21,438,BrandD
5783,Site Role,Books,225.54,124,BrandC
5784,Tax Executive,Toys,171.55,593,BrandD
5786,Respond Often,Beauty,187.33,249,BrandB
5794,Now Human,Home,243.38,906,BrandC
5795,Activity Sort,Home,147.0,973,BrandA
5797,Would Should,Books,37.93,557,BrandB
5800,Go Would,Toys,137.93,915,BrandC
5805,Remember Meeting,Toys,66.19,141,BrandA
5806,Station Appear,Electronics,25.1,225,BrandC
5807,Large Conference,Beauty,235.05,914,BrandA
5808,Large Young,Beauty,276.14,599,BrandA
5809,Writer Same,Clothing,315.96,960,BrandA
5811,Serious Water,Home,194.78,374,BrandD
5813,Somebody Hear,Toys,444.7,188,BrandB
5816,Feeling Morning,Home,335.53,936,BrandA
5820,Hair Like,Electronics,298.86,594,BrandB
5821,Anything Left,Electronics,330.11,491,BrandD
5825,Fact Account,Clothing,442.23,760,BrandB
5829,Though Government,Beauty,88.62,917,BrandB
5830,Near Cultural,Electronics,193.43,765,BrandC
5832,Rather Nation,Clothing,467.29,606,BrandA
5835,Opportunity Its,Beauty,63.08,662,BrandD
5836,Enjoy Interview,Home,226.5,461,BrandC
5840,Tough Front,Clothing,12.25,1000,BrandB
5844,Region Simple,Clothing,177.73,584,BrandC
5846,Maintain Ahead,Beauty,343.54,667,BrandA
5847,Box Win,Toys,437.93,118,BrandC
5849,Other Understand,Books,48.48,416,BrandD
5853,Charge Company,Electronics,486.35,934,BrandD
5857,Cause Story,Electronics,170.17,962,BrandC
5860,Ten Popular,Books,52.25,288,BrandA
5861,You Claim,Beauty,72.02,774,BrandD
5863,Create Likely,Clothing,136.31,82,BrandC
5864,Call Television,Books,347.3,37,BrandA
5866,Pm Tough,Clothing,46.65,300,BrandB
5868,Theory End,Toys,121.99,150,BrandB
5869,Reduce Black,Books,129.9,327,BrandA
5873,Artist Society,Beauty,286.65,120,BrandB
5874,Home Call,Home,113.75,211,BrandC
5876,Provide Service,Toys,297.26,390,BrandC
5879,And As,Home,459.46,37,BrandB
5881,Laugh Family,Toys,279.35,126,BrandD
5886,Standard Also,Toys,464.39,95,BrandA
5887,Television If,Clothing,410.89,296,BrandD
5889,Everyone Help,Home,419.93,827,BrandA
5891,Others Short,Electronics,84.54,820,BrandB
5892,Sit City,Clothing,386.65,926,BrandC
5894,Story With,Books,365.77,741,BrandB
5899,Ago Citizen,Electronics,343.21,969,BrandD
5900,News For,Books,428.64,491,BrandD
5902,Number Eight,Books,159.71,246,BrandB
5903,Agreement Help,Beauty,466.54,934,BrandD
5904,Whole Personal,Electronics,438.92,584,BrandD
5905,Land Manager,Beauty,366.82,20,BrandB
5906,Floor Indicate,Books,286.26,946,BrandC
5907,Ask Job,Books,72.18,663,BrandB
5912,Walk Probably,Home,93.06,120,BrandA
5913,Top Notice,Home,190.54,929,BrandB
5915,Drive Nothing,Beauty,282.83,380,BrandB
5917,Employee Nothing,Beauty,122.7,464,BrandD
5918,Act Back,Toys,435.09,500,BrandA
5920,Past Risk,Beauty,438.2,581,BrandD
5921,Drug Room,Beauty,148.93,299,BrandD
5923,Who Six,Beauty,422.96,717,BrandD
5925,Those Draw,Books,22.95,573,BrandC
5927,Ability Seek,Home,207.69,428,BrandB
5931,Participant Attention,Toys,39.3,559,BrandD
5933,Pressure Apply,Electronics,167.23,620,BrandA
5934,Quickly Mrs,Home,463.24,17,BrandD
5939,There Call,Electronics,206.93,633,BrandD
5940,Visit Amount,Electronics,410.35,600,BrandC
5942,Figure Education,Books,360.42,358,BrandA
5944,Moment Ready,Toys,388.51,100,BrandA
5945,Paper Stock,Electronics,56.82,88,BrandC
5952,Modern Pm,Books,217.75,864,BrandA
5953,Game Choice,Toys,364.9,868,BrandC
5957,Vote Stop,Books,387.94,347,BrandC
5958,Thing From,Home,198.85,850,BrandB
5960,Those Body,Beauty,16.42,238,BrandB
5961,Game Candidate,Electronics,359.6,731,BrandC
5965,Sport Wall,Toys,259.72,116,BrandB
5966,Central Any,Home,497.17,885,BrandC
5967,Relate Provide,Electronics,370.26,58,BrandA
5968,Conference Few,Beauty,165.26,945,BrandA
5972,Chance Identify,Toys,480.5,671,BrandA
5973,Mean Suffer,Electronics,299.45,278,BrandB
5974,Foreign American,Books,246.33,251,BrandB
5975,Business Whose,Electronics,42.88,638,BrandC
5980,Begin Mean,Home,8.45,699,BrandA
5986,Matter Series,Books,197.17,399,BrandC
5991,Address First,Electronics,188.59,885,BrandD
5993,Watch Garden,Toys,33.15,215,BrandA
5994,Stop Condition,Electronics,24.1,129,BrandB
5998,Cultural Whom,Electronics,11.26,316,BrandB
6002,Free Save,Electronics,408.87,612,BrandB
6004,Hair Option,Electronics,114.25,691,BrandA
6008,Treat Main,Toys,442.72,897,BrandB
6009,History Leader,Electronics,429.94,122,BrandD
6010,Different Class,Beauty,474.77,479,BrandC
6012,Week Former,Toys,472.42,737,BrandD
6016,Far Sea,Beauty,275.56,99,BrandC
6017,Example Western,Toys,51.19,711,BrandB
6021,Suffer Past,Clothing,116.4,622,BrandC
6023,Central Why,Home,265.83,395,BrandA
6024,Sort Financial,Beauty,498.4,696,BrandB
6027,Candidate Reflect,Clothing,310.1,83,BrandA
6029,Bank Question,Electronics,114.63,263,BrandB
6030,Mission Bit,Books,418.36,459,BrandC
6034,Realize Affect,Electronics,102.65,769,BrandA
6035,Sell Large,Books,314.93,206,BrandA
6036,Scene Recognize,Electronics,180.61,583,BrandD
6038,Collection Also,Clothing,417.57,799,BrandA
6039,Card Argue,Clothing,307.59,420,BrandD
6040,National Authority,Books,460.74,927,BrandC
6042,Around Near,Home,60.76,602,BrandB
6043,Light Future,Clothing,444.13,778,BrandB
6044,Other Building,Home,290.02,374,BrandD
6053,Baby Dark,Electronics,311.63,550,BrandD
6054,Approach Design,Beauty,284.94,508,BrandD
6056,After Eat,Electronics,448.29,870,BrandC
6057,My Seven,Beauty,227.83,74,BrandB
6059,Position Fact,Beauty,95.42,763,BrandA
6060,Son Cost,Toys,434.95,429,BrandC
6066,Have Red,Beauty,168.54,550,BrandA
6068,Need Short,Beauty,464.06,505,BrandA
6072,Allow Discuss,Clothing,233.3,434,BrandC
6075,Research Really,Toys,79.37,742,BrandA
6076,You Energy,Home,406.24,97,BrandD
6077,Affect World,Books,157.96,195,BrandC
6078,Heavy Effect,Electronics,8.71,635,BrandC
6079,Official Land,Beauty,204.29,568,BrandB
6083,After Fine,Beauty,384.25,740,BrandB
6087,Around Single,Books,125.34,667,BrandA
6088,Black Recognize,Electronics,295.43,315,BrandD
6089,Expect Turn,Toys,150.56,822,BrandC
6090,Describe Seem,Electronics,386.01,675,BrandC
6091,Offer Political,Books,174.02,60,BrandC
6092,Page Natural,Clothing,347.89,746,BrandC
6097,Group Represent,Toys,258.86,162,BrandB
6099,Play Apply,Toys,472.72,711,BrandC
6100,Deal Indicate,Electronics,20.68,766,BrandB
6102,Grow Product,Books,347.53,841,BrandC
6103,Down Own,Beauty,188.18,589,BrandA
6104,Oil Public,Books,153.36,328,BrandD
6109,Above Report,Beauty,182.95,15,BrandA
6111,Development Close,Home,181.37,267,BrandD
6113,Participant Idea,Toys,433.8,433,BrandC
6119,Nation Wish,Clothing,225.47,729,BrandD
6120,Though Nature,Books,56.71,858,BrandB
6121,Mouth Player,Books,490.11,107,BrandD
6122,Heart Identify,Home,499.21,143,BrandD
6123,Entire Hospital,Electronics,445.7,159,BrandB
6124,Wish Line,Toys,400.14,307,BrandB
6125,Fact Seven,Books,287.44,694,BrandD
6129,Kitchen Such,Clothing,309.52,734,BrandD
6131,Growth Sit,Clothing,106.2,102,BrandB
6132,College Road,Books,84.75,484,BrandA
6136,Political Family,Clothing,301.58,313,BrandD
6137,Course Pressure,Electronics,354.73,472,BrandD
6139,Tax Difference,Clothing,350.98,7,BrandC
6141,Process Already,Books,302.57,818,BrandD
6143,Policy Easy,Beauty,419.91,909,BrandD
6144,Young Alone,Toys,189.85,401,BrandA
6149,Yes Wear,Electronics,203.27,779,BrandB
6150,Hand Wall,Books,33.07,815,BrandD
6153,Themselves Time,Home,233.97,913,BrandA
6155,Discover Night,Electronics,283.18,369,BrandC
6156,Along Race,Home,33.79,425,BrandD
6159,Also Learn,Clothing,50.01,706,BrandA
6161,Perhaps Economic,Home,94.57,527,BrandD
6162,Fly Project,Beauty,172.33,301,BrandC
6164,Name Election,Home,385.81,369,BrandC
6168,Full Lead,Electronics,200.33,673,BrandC
6169,Cover New,Books,458.09,963,BrandA
6174,Themselves Bank,Toys,484.05,775,BrandD
6175,Carry Drug,Home,490.88,381,BrandB
6177,Walk Eye,Clothing,126.23,51,BrandC
6178,Against Talk,Clothing,424.38,473,BrandD
6179,North Music,Electronics,371.77,559,BrandC
6185,Lose Peace,Beauty,130.8,759,BrandA
6186,Include State,Home,56.21,252,BrandA
6187,Star Most,Beauty,372.64,578,BrandD
6188,More Kid,Clothing,253.18,340,BrandD
6190,Leave Production,Toys,394.87,437,BrandB
6192,Produce Clearly,Clothing,231.01,287,BrandB
6203,Join Rather,Electronics,354.61,213,BrandA
6204,Voice Common,Electronics,375.02,562,BrandD
6209,Investment Everybody,Beauty,10.74,618,BrandA
6210,Both Begin,Electronics,110.82,7,BrandA
6212,Wall Purpose,Clothing,58.49,924,BrandA
6214,Stock Agreement,Beauty,208.89,946,BrandD
6216,Natural Adult,Electronics,152.77,131,BrandA
6220,Since Front,Home,245.18,940,BrandB
6221,Thought Statement,Clothing,288.04,965,BrandA
6225,Rather Region,Toys,123.91,868,BrandB
6226,Tend Magazine,Electronics,371.23,29,BrandD
6232,Weight Into,Electronics,187.16,967,BrandB
6233,Base Medical,Beauty,253.88,20,BrandC
6234,Listen Certainly,Electronics,349.6,212,BrandA
6235,Whatever Ability,Home,304.88,281,BrandA
6236,Later Change,Books,54.99,227,BrandD
6238,Table For,Electronics,61.29,309,BrandC
6242,Growth These,Electronics,84.02,826,BrandB
6243,Social Spring,Toys,115.69,713,BrandD
6244,Floor Look,Electronics,209.35,917,BrandA
6245,Present Piece,Home,61.83,889,BrandC
6247,Democrat Notice,Home,362.49,928,BrandC
6249,Body Way,Toys,458.47,730,BrandC
6250,Civil Me,Books,157.08,482,BrandC
6252,Dark Standard,Electronics,159.53,725,BrandD
6255,Six Structure,Electronics,241.59,207,BrandC
6256,Sit Join,Books,19.89,284,BrandB
6258,Senior Mouth,Clothing,333.96,643,BrandD
6265,Animal Participant,Books,54.22,757,BrandD
6266,None Message,Home,29.6,55,BrandC
6268,There True,Beauty,182.97,871,BrandB
6269,Say Behind,Beauty,357.39,677,BrandB
6272,Something By,Toys,199.68,276,BrandA
6275,Store Authority,Toys,277.75,525,BrandD
6277,President Rich,Beauty,460.48,322,BrandA
6280,Through Wrong,Beauty,294.39,400,BrandB
6281,Significant Option,Beauty,374.0,638,BrandA
6282,Pull Finish,Electronics,453.94,972,BrandD
6288,Table Form,Beauty,329.73,838,BrandB
6293,Top Class,Beauty,216.32,952,BrandD
6296,Lead Population,Clothing,377.76,826,BrandC
6297,Run Rate,Electronics,477.92,496,BrandB
6299,Work Surface,Home,321.74,120,BrandC
6300,Three Believe,Electronics,319.39,868,BrandD
6301,Project Respond,Books,9.15,322,BrandA
6302,Rule Mission,Books,274.8,607,BrandC
6305,Bar Offer,Toys,14.3,609,BrandD
6307,Manage Great,Clothing,260.91,522,BrandB
6310,Civil Side,Books,302.73,627,BrandB
6311,Design Begin,Beauty,458.32,176,BrandA
6314,They Draw,Clothing,383.19,58,BrandA
6315,Generation Energy,Beauty,175.12,888,BrandD
6316,Article Inside,Clothing,285.79,162,BrandB
6317,Tell Education,Home,209.07,618,BrandA
6319,Mission Hand,Home,113.59,694,BrandA
6320,Suffer Identify,Toys,192.4,411,BrandD
6322,Laugh Describe,Books,352.71,213,BrandD
6323,Discover Individual,Clothing,437.87,374,BrandD
6324,Make Officer,Electronics,133.64,283,BrandA
6325,There Among,Books,417.4,509,BrandD
6327,Late Hear,Toys,428.04,136,BrandA
6329,Leg Piece,Beauty,390.1,15,BrandB
6332,Serious General,Home,230.67,616,BrandC
6333,Data Mrs,Electronics,118.71,418,BrandD
6335,Wide Him,Electronics,440.9,912,BrandB
6338,Appear Article,Books,34.12,940,BrandD
6339,Factor Kind,Home,427.23,494,BrandA
6340,Career System,Beauty,200.09,490,BrandC
6342,Senior Design,Clothing,377.89,396,BrandA
6343,Federal Speak,Clothing,55.68,1,BrandA
6346,Society Week,Books,107.27,862,BrandA
6349,Itself Carry,Toys,34.79,181,BrandB
6352,Significant Ball,Toys,341.3,295,BrandA
6356,Relate Improve,Clothing,329.97,878,BrandD
6357,Head Left,Toys,150.2,419,BrandC
6358,Design Record,Toys,324.72,600,BrandC
6359,Main Wait,Books,345.11,590,BrandD
6361,Everything Itself,Books,42.71,382,BrandD
6363,Join For,Electronics,6.21,136,BrandC
6364,Look Firm,Home,136.31,399,BrandC
6367,Fly Spend,Beauty,341.36,409,BrandB
6371,Respond Ahead,Home,344.05,609,BrandA
6375,Mother Class,Toys,395.03,928,BrandC
6377,Bad Staff,Home,335.41,587,BrandB
6379,Religious Entire,Electronics,365.36,249,BrandA
6382,Source Result,Books,386.09,328,BrandA
6386,Represent Cause,Beauty,13.48,730,BrandB
6389,Economy Write,Books,100.61,437,BrandB
6395,West School,Books,440.87,955,BrandC
6396,Save Hundred,Electronics,364.21,104,BrandC
6398,Ever Meet,Electronics,462.17,412,BrandC
6399,Lead Threat,Beauty,56.63,724,BrandC
6401,Commercial Free,Toys,316.19,696,BrandB
6407,Strong Require,Electronics,110.74,299,BrandC
6408,Director Shake,Electronics,102.61,747,BrandA
6409,Day Role,Toys,59.09,237,BrandB
6410,Cup Hear,Books,68.05,139,BrandD
6411,Skill Example,Toys,367.91,924,BrandD
6412,Education Know,Books,51.04,853,BrandB
6413,Development Meeting,Beauty,418.19,718,BrandB
6414,Evening Article,Electronics,160.69,941,BrandA
6415,Smile Worker,Electronics,225.01,743,BrandC
6416,Article Company,Books,14.48,244,BrandA
6418,These Mention,Books,241.7,150,BrandA
6420,Identify Response,Beauty,470.78,269,BrandC
6422,Out Work,Home,8.38,682,BrandC
6428,Argue Explain,Home,145.61,675,BrandD
6430,Everything Police,Toys,366.99,879,BrandD
6432,One Nor,Beauty,481.94,948,BrandA
6435,Federal Rather,Toys,381.69,472,BrandB
6444,Usually Interesting,Clothing,335.53,568,BrandD
6449,Least A,Home,203.97,120,BrandD
6450,Subject Perform,Beauty,435.74,257,BrandD
6451,Dark Long,Toys,98.75,296,BrandA
6452,Author Center,Beauty,434.48,173,BrandA
6453,Movement Voice,Toys,392.54,470,BrandC
6455,School Once,Beauty,493.06,252,BrandB
6456,Continue Usually,Electronics,26.17,392,BrandD
6461,From Morning,Toys,360.34,746,BrandD
6462,Decision Structure,Clothing,317.32,861,BrandC
6467,Too Leader,Toys,174.77,795,BrandD
6468,Agreement Whom,Clothing,175.43,601,BrandA
6471,Seem Serve,Clothing,498.82,410,BrandB
6472,Want One,Beauty,413.68,563,BrandD
6473,Operation Public,Electronics,281.69,9,BrandC
6475,Stage Total,Beauty,432.72,881,BrandA
6477,Lot Simple,Clothing,257.86,607,BrandA
6480,Truth Vote,Clothing,197.42,943,BrandC
6482,Night Meet,Clothing,150.65,554,BrandA
6485,Fact Might,Clothing,460.3,953,BrandD
6487,City Pattern,Toys,279.91,93,BrandA
6488,By Myself,Clothing,441.67,243,BrandC
6492,Score Figure,Books,153.92,446,BrandB
6493,Student Consumer,Books,144.38,53,BrandC
6494,Agent Scene,Toys,221.65,473,BrandB
6497,Know Do,Toys,484.75,949,BrandD
6499,Same Eight,Toys,245.79,89,BrandC
6500,Call Surface,Books,321.46,976,BrandD
6502,Line Able,Clothing,347.52,600,BrandB
6503,Only Ball,Clothing,177.9,362,BrandB
6504,Understand Two,Electronics,60.67,806,BrandC
6506,Really Central,Toys,311.25,221,BrandD
6508,Guy Nothing,Home,176.83,23,BrandA
6511,Care Television,Toys,463.65,763,BrandA
6512,We How,Clothing,176.04,540,BrandD
6513,Notice Anything,Home,155.42,949,BrandD
6516,Say Couple,Books,69.64,75,BrandA
6520,Exist Find,Electronics,398.15,269,BrandB
6521,Environment Order,Electronics,136.62,166,BrandA
6522,This Apply,Electronics,390.51,882,BrandD
6529,Move Eat,Clothing,96.1,43,BrandB
6531,Form Catch,Beauty,438.28,560,BrandA
6533,Huge Wrong,Toys,307.34,222,BrandA
6534,Set Make,Home,381.74,994,BrandA
6535,Born I,Home,269.33,516,BrandC
6539,Inside Similar,Toys,458.94,413,BrandA
6541,Not Street,Toys,270.97,207,BrandC
6543,Amount Report,Home,445.8,921,BrandA
6545,Drive Health,Electronics,369.87,721,BrandC
6548,Face Box,Beauty,371.2,854,BrandC
6549,Doctor Computer,Clothing,249.1,874,BrandB
6553,Nor Only,Books,56.99,527,BrandB
6556,Heart He,Electronics,83.59,285,BrandD
6559,Catch Information,Electronics,122.21,460,BrandD
6560,Get War,Toys,117.92,967,BrandC
6565,Community Animal,Beauty,104.16,875,BrandC
6566,If Special,Toys,247.16,743,BrandC
6567,High Run,Home,450.72,510,BrandC
6570,Beat Western,Beauty,168.39,899,BrandB
6571,Debate American,Books,351.18,722,BrandB
6574,Fall Never,Electronics,246.71,619,BrandA
6576,Rate Story,Clothing,109.89,906,BrandC
6578,Try Heart,Home,318.98,347,BrandA
6583,Hard Course,Electronics,100.98,648,BrandB
6585,Pm Listen,Beauty,119.43,454,BrandA
6586,Great Possible,Toys,158.74,814,BrandA
6588,Report Southern,Electronics,247.07,114,BrandB
6591,Player Eat,Beauty,258.89,198,BrandB
6592,Man Want,Beauty,474.76,864,BrandA
6595,Yard Minute,Home,275.49,486,BrandC
6596,If Together,Toys,364.76,958,BrandB
6597,Across Only,Electronics,261.81,648,BrandC
6598,Just Society,Home,102.81,682,BrandB
6602,Maybe Police,Home,169.42,477,BrandB
6607,Since Member,Books,78.98,750,BrandD
6608,Box Ok,Beauty,186.63,259,BrandD
6611,Really Amount,Clothing,369.26,633,BrandB
6615,Available Score,Beauty,93.68,107,BrandB
6620,Decide Morning,Home,356.23,347,BrandD
6622,Mouth Else,Toys,51.07,362,BrandC
6623,Letter Bag,Home,480.05,909,BrandC
6625,Nature Hand,Clothing,188.23,922,BrandA
6626,Room Own,Beauty,185.68,311,BrandD
6627,Important Everything,Electronics,373.32,357,BrandD
6628,Environment Society,Clothing,314.8,522,BrandB
6630,Mouth Heavy,Toys,113.06,831,BrandB
6631,Effect Use,Clothing,498.4,174,BrandB
6632,Customer Together,Beauty,488.96,394,BrandA
6634,Kind Him,Home,134.25,393,BrandA
6635,Rise Civil,Beauty,490.98,876,BrandA
6636,Newspaper Camera,Clothing,9.81,542,BrandB
6640,Bad Sister,Beauty,345.94,263,BrandC
6642,Win Hand,Beauty,331.04,9,BrandB
6644,General Simply,Home,462.59,229,BrandD
6648,Area So,Home,453.43,799,BrandC
6649,Director Rate,Home,68.03,582,BrandB
6652,Certainly Special,Electronics,56.07,72,BrandD
6654,Play High,Clothing,40.45,532,BrandD
6655,Second Near,Beauty,271.03,391,BrandA
6656,Old Garden,Clothing,498.99,268,BrandC
6657,Inside Together,Clothing,171.54,592,BrandB
6659,Major Certain,Clothing,482.44,455,BrandD
6663,Cost Agency,Beauty,365.14,419,BrandA
6665,Conference Research,Electronics,393.75,772,BrandA
6666,Everyone Suggest,Home,404.96,781,BrandD
6669,Face Politics,Beauty,280.06,256,BrandA
6671,Bill Learn,Electronics,206.79,243,BrandA
6673,Suddenly Million,Home,403.84,851,BrandA
6674,Difference Treatment,Clothing,250.03,773,BrandA
6675,Visit Walk,Books,480.37,463,BrandC
6676,Trouble No,Clothing,64.64,425,BrandD
6677,Door Rise,Home,236.18,606,BrandD
6679,To Name,Electronics,125.09,819,BrandC
6680,Magazine Position,Toys,286.98,24,BrandD
6681,See Affect,Toys,286.28,105,BrandB
6682,Minute Name,Home,248.47,714,BrandC
6684,Sign Stock,Home,317.67,509,BrandB
6686,Behind Pm,Home,493.4,481,BrandD
6689,Defense Culture,Electronics,114.05,527,BrandC
6691,Dog Discussion,Books,82.66,768,BrandB
6692,Set Nearly,Toys,196.21,899,BrandB
6693,Provide Food,Toys,101.62,855,BrandC
6696,Hair Then,Toys,227.32,78,BrandC
6698,Notice Particularly,Toys,56.27,154,BrandA
6701,Investment Door,Books,31.8,844,BrandC
6703,Perform Report,Books,71.3,834,BrandD
6706,Job Visit,Home,297.83,755,BrandC
6711,She Month,Toys,364.72,508,BrandD
6712,Can College,Clothing,132.54,716,BrandA
6713,Offer Ask,Beauty,411.51,208,BrandB
6714,Despite Drug,Books,28.25,816,BrandB
6715,Should Rich,Beauty,66.44,460,BrandD
6719,Simply Education,Home,497.87,488,BrandD
6721,Old Interest,Beauty,39.69,158,BrandC
6722,Cultural Knowledge,Toys,399.71,343,BrandB
6723,Hundred Recognize,Beauty,399.19,861,BrandC
6725,Say Nothing,Books,486.58,885,BrandA
6728,Again She,Toys,297.97,784,BrandD
6729,Sell Situation,Electronics,274.94,690,BrandB
6731,Close Three,Home,140.25,934,BrandA
6732,Discussion Green,Clothing,244.29,607,BrandA
6733,Pattern Serious,Books,288.47,68,BrandA
6735,Now Run,Clothing,125.86,780,BrandC
6737,Now Hard,Electronics,105.36,522,BrandA
6740,Within Seven,Home,263.18,842,BrandD
6741,Happy Ahead,Electronics,416.95,300,BrandA
6743,Determine Difference,Home,210.06,507,BrandC
6744,Eye Mission,Clothing,465.97,195,BrandC
6745,Only Hold,Toys,327.47,744,BrandC
6746,Rule Already,Clothing,399.94,631,BrandB
6747,Run Produce,Toys,173.22,767,BrandD
6750,Always Pretty,Books,266.59,313,BrandD
6753,Official Offer,Electronics,195.28,728,BrandC
6754,Evidence News,Books,181.45,401,BrandB
6756,Series Model,Toys,445.05,100,BrandA
6758,Nearly Water,Toys,459.47,699,BrandD
6760,Sing Ten,Clothing,369.82,757,BrandD
6761,Although Record,Toys,489.26,618,BrandC
6764,Of Reflect,Books,396.49,803,BrandC
6766,Although Risk,Electronics,218.98,994,BrandA
6768,Bit Important,Home,433.84,506,BrandA
6770,Yourself Sit,Clothing,404.78,724,BrandD
6772,Democratic Exactly,Books,276.25,128,BrandA
6776,Get Plan,Clothing,424.89,816,BrandA
6780,Physical Environment,Books,299.77,483,BrandA
6781,Fact Area,Home,214.28,504,BrandA
6784,Near Begin,Electronics,182.93,554,BrandA
6785,Scientist Even,Home,21.99,686,BrandB
6789,Option Appear,Home,106.92,307,BrandD
6793,Daughter Listen,Toys,27.22,451,BrandC
6798,Area Clear,Electronics,197.94,458,BrandD
6799,Clear Poor,Clothing,169.6,900,BrandA
6807,Black Structure,Toys,8.35,988,BrandB
6809,Option Environmental,Clothing,419.28,726,BrandD
6810,Loss Visit,Electronics,448.66,400,BrandC
6811,Positive Able,Home,61.19,780,BrandD
6817,State Bag,Beauty,13.81,855,BrandD
6818,Fall Read,Beauty,484.08,897,BrandB
6819,Finish Cost,Beauty,409.62,231,BrandC
6821,Specific Open,Beauty,309.13,366,BrandB
6828,Rest Course,Home,408.07,366,BrandD
6829,Street Yourself,Electronics,48.23,989,BrandD
6830,Dream Story,Clothing,38.12,859,BrandA
6832,Beyond Even,Clothing,358.79,226,BrandA
6834,Say Citizen,Beauty,485.1,983,BrandC
6836,Trial While,Clothing,83.68,661,BrandD
6844,Southern Drop,Toys,439.54,832,BrandB
6845,Certainly Answer,Electronics,153.72,262,BrandB
6851,Story Station,Beauty,379.1,128,BrandA
6853,Cup Yard,Books,446.88,702,BrandA
6856,Commercial Eight,Clothing,70.34,747,BrandD
6857,Whose Another,Home,436.3,633,BrandB
6859,I Popular,Books,370.42,940,BrandD
6860,Drug Might,Books,349.95,368,BrandB
6867,All Song,Books,487.34,275,BrandC
6869,Television Of,Clothing,199.62,611,BrandC
6870,Stop Sure,Books,349.39,201,BrandC
6872,Like Nothing,Clothing,265.52,372,BrandB
6873,East Environmental,Home,234.22,288,BrandD
6874,Large Myself,Books,286.17,341,BrandD
6876,Although Message,Electronics,312.81,109,BrandA
6878,Name Culture,Home,38.58,28,BrandD
6883,Apply Pass,Books,268.15,848,BrandC
6885,Quality Office,Clothing,301.81,873,BrandB
6886,Girl Role,Clothing,155.07,767,BrandB
6888,Maintain Such,Electronics,382.97,747,BrandC
6890,Standard Eat,Home,292.33,502,BrandB
6891,Bad Inside,Books,125.56,763,BrandA
6893,Analysis What,Home,497.61,696,BrandC
6895,Age Policy,Books,134.87,123,BrandC
6899,Late Final,Electronics,379.29,384,BrandA
6903,On Institution,Home,468.46,257,BrandD
6905,Experience Direction,Books,151.82,801,BrandC
6907,Message Foot,Toys,214.46,793,BrandA
6914,Short Born,Home,483.06,265,BrandA
6915,Pm From,Beauty,232.93,480,BrandD
6917,Operation No,Clothing,212.9,264,BrandD
6918,Sister Its,Clothing,89.92,509,BrandD
6920,Treatment Same,Home,122.75,618,BrandD
6922,However Central,Toys,367.2,876,BrandA
6926,Thus Machine,Beauty,448.19,621,BrandD
6931,Attack Under,Home,218.7,894,BrandD
6932,See Fly,Toys,123.87,312,BrandA
6934,Business Describe,Toys,448.16,447,BrandD
6936,Industry Level,Electronics,154.52,748,BrandD
6937,This Economic,Home,171.33,805,BrandB
6938,They Say,Electronics,189.96,622,BrandA
6939,Hour Machine,Electronics,45.22,376,BrandC
6949,Poor Big,Clothing,26.63,402,BrandA
6958,Take Improve,Books,498.96,373,BrandB
6959,Relationship Treat,Clothing,11.79,831,BrandA
6960,Case Third,Home,65.69,737,BrandD
6962,Win Medical,Toys,99.78,648,BrandC
6964,Speech Enjoy,Beauty,321.0,794,BrandA
6966,President Trip,Home,411.04,156,BrandD
6967,Size Father,Clothing,376.61,197,BrandD
6968,Program Any,Beauty,224.04,391,BrandB
6969,Explain Reach,Electronics,287.82,796,BrandA
6970,Rest Big,Toys,14.96,618,BrandA
6971,Piece Learn,Clothing,94.82,665,BrandD
6972,Tend Treat,Books,39.73,217,BrandC
6976,Move Politics,Home,191.07,928,BrandA
6977,Player Father,Beauty,234.1,13,BrandD
6979,Hope Knowledge,Toys,348.8,36,BrandB
6983,Scene Quite,Clothing,152.26,285,BrandD
6984,Role Heart,Clothing,53.76,941,BrandB
6985,Across Within,Home,367.35,874,BrandD
6986,Gun Light,Home,53.02,857,BrandB
6987,Congress May,Clothing,326.51,314,BrandA
6989,Begin Southern,Clothing,487.33,259,BrandB
6990,Election Herself,Beauty,58.28,377,BrandB
6991,Plan Plan,Electronics,267.61,496,BrandC
6994,Whether Place,Home,283.4,778,BrandA
6995,Ahead Safe,Books,355.86,508,BrandC
6996,Will Generation,Clothing,89.33,382,BrandC
6997,How Modern,Home,294.56,835,BrandD
6998,Evidence Attack,Home,485.57,175,BrandA
6999,Man Imagine,Books,198.51,740,BrandA
7002,Picture Option,Electronics,448.81,700,BrandD
7003,Term Blood,Beauty,359.82,253,BrandD
7006,Tree Throw,Books,279.97,209,BrandB
7009,All By,Toys,89.61,657,BrandB
7010,Majority Mission,Beauty,295.39,508,BrandA
7013,Occur Just,Home,210.68,775,BrandD
7014,Others Put,Beauty,193.82,125,BrandA
7016,System Next,Home,173.32,601,BrandB
7019,Economy Expert,Beauty,119.97,630,BrandC
7023,Later Gun,Toys,461.56,51,BrandC
7025,Money Moment,Beauty,360.01,989,BrandC
7027,Exactly Blue,Books,10.9,631,BrandD
7030,Represent Explain,Home,223.49,261,BrandD
7032,Parent Respond,Books,455.41,288,BrandD
7035,Head Allow,Beauty,115.36,318,BrandD
7036,Benefit Region,Books,182.14,828,BrandA
7040,Simply Situation,Clothing,15.64,221,BrandA
7042,Defense Leader,Clothing,265.42,687,BrandB
7043,Foreign Through,Home,16.12,170,BrandA
7046,Mind Speak,Home,391.05,108,BrandC
7047,Beautiful Air,Beauty,170.3,391,BrandA
7049,Teacher Position,Beauty,80.08,25,BrandC
7052,System Professor,Books,150.57,292,BrandD
7056,Agent Scientist,Toys,5.57,184,BrandB
7058,Already Sort,Toys,266.28,781,BrandB
7059,Watch Training,Toys,462.06,508,BrandC
7065,Heart Better,Electronics,424.05,275,BrandA
7068,Technology Act,Books,160.7,935,BrandD
7070,Crime Letter,Toys,80.5,27,BrandD
7072,Option Message,Beauty,411.07,435,BrandA
7073,Cup Citizen,Electronics,19.97,412,BrandA
7076,Service Impact,Clothing,72.86,454,BrandA
7078,Design Reality,Beauty,128.09,14,BrandC
7080,Model Risk,Toys,163.99,408,BrandA
7082,Enough Finish,Beauty,83.92,427,BrandC
7083,Product Ten,Books,58.78,578,BrandA
7085,Public Recent,Books,280.79,929,BrandC
7087,Total Dream,Home,378.81,923,BrandD
7089,Age Everything,Books,297.22,361,BrandA
7092,Challenge Model,Books,38.55,404,BrandA
7093,Material Hospital,Toys,328.07,669,BrandC
7095,Player Food,Toys,64.39,640,BrandC
7102,Behavior Say,Books,451.06,471,BrandB
7106,Black Morning,Beauty,71.93,660,BrandB
7107,Dinner Dream,Beauty,260.54,508,BrandD
7109,Tree Go,Beauty,389.33,685,BrandA
7112,Degree Factor,Beauty,164.17,657,BrandD
7114,Resource Level,Toys,35.51,296,BrandA
7116,Again Player,Toys,155.33,0,BrandC
7118,Structure Explain,Toys,136.06,499,BrandC
7119,Fire Letter,Toys,145.99,293,BrandA
7122,Attention Form,Beauty,132.65,790,BrandA
7124,Sort Most,Toys,362.02,546,BrandA
7125,Site Develop,Books,156.71,376,BrandA
7126,Sing Audience,Beauty,250.3,443,BrandB
7130,Write Else,Books,237.67,615,BrandA
7131,Tonight Discussion,Clothing,112.51,754,BrandD
7136,Approach Real,Home,187.48,473,BrandA
7137,Fear Pressure,Clothing,405.02,778,BrandB
7144,Shake Sit,Books,381.4,727,BrandB
7157,Between So,Home,257.86,68,BrandB
7159,Public Medical,Toys,85.02,490,BrandC
7162,Wrong Daughter,Toys,43.17,901,BrandB
7163,Along Campaign,Home,34.71,600,BrandB
7164,Impact Trial,Home,484.71,738,BrandB
7167,Part Always,Toys,401.61,731,BrandA
7168,Above Method,Books,89.8,402,BrandD
7170,Ok Western,Clothing,210.66,258,BrandA
7171,Follow Image,Beauty,186.42,730,BrandC
7173,In Thousand,Toys,352.73,832,BrandC
7175,Real Rich,Electronics,8.44,374,BrandD
7181,Personal Lead,Toys,71.92,539,BrandA
7182,Decide Take,Books,452.15,126,BrandD
7183,Ago Heavy,Beauty,400.99,609,BrandA
7184,So Special,Electronics,215.72,771,BrandA
7185,Say Much,Home,257.21,586,BrandB
7186,Though Middle,Home,313.75,472,BrandA
7187,Wall Can,Toys,422.37,777,BrandC
7188,Have Their,Toys,270.59,593,BrandD
7194,Exist Majority,Home,157.85,555,BrandB
7197,Figure Every,Beauty,221.31,774,BrandA
7198,Serious Affect,Books,385.76,954,BrandC
7199,Go Believe,Clothing,189.5,714,BrandB
7201,Clear Hard,Beauty,370.13,731,BrandA
7202,Common South,Beauty,463.74,932,BrandB
7203,As Relate,Clothing,136.29,660,BrandD
7204,Approach Here,Books,91.34,506,BrandA
7208,Others Simply,Home,376.97,356,BrandD
7211,Responsibility Actually,Electronics,394.05,99,BrandC
7212,Political Security,Books,371.3,904,BrandB
7213,Today Ten,Books,425.81,933,BrandB
7215,Himself Thus,Clothing,205.92,822,BrandB
7216,Hour Small,Clothing,63.39,928,BrandA
7217,Chance Base,Clothing,280.06,89,BrandA
7223,Sea Subject,Clothing,355.09,930,BrandB
7228,Behavior News,Clothing,423.27,399,BrandB
7230,Other Room,Home,390.53,593,BrandB
7231,Skin Human,Beauty,344.74,534,BrandC
7232,Want Single,Clothing,483.26,151,BrandD
7233,Blood Great,Books,299.69,542,BrandA
7234,Seem West,Toys,49.54,268,BrandB
7235,The Want,Books,374.67,953,BrandB
7238,Bed Too,Clothing,72.42,422,BrandB
7239,Yeah I,Home,91.42,0,BrandB
7241,Early See,Beauty,389.56,701,BrandD
7242,Must Doctor,Home,342.78,120,BrandD
7248,Soon Certain,Toys,37.97,453,BrandD
7250,Rather Might,Books,105.39,970,BrandB
7251,Nothing Will,Electronics,335.99,462,BrandD
7252,Natural Great,Beauty,73.33,225,BrandD
7254,Item Hold,Beauty,24.25,908,BrandD
7255,Century Resource,Books,209.6,815,BrandA
7256,Suggest I,Home,271.91,253,BrandB
7262,Knowledge Wind,Books,212.92,229,BrandB
7263,Relate Husband,Books,432.96,920,BrandD
7264,Food Many,Toys,189.72,252,BrandC
7265,Whom Than,Beauty,333.01,793,BrandD
7268,Deep Improve,Home,352.11,621,BrandA
7270,Talk Drop,Electronics,396.72,987,BrandD
7271,Effort Game,Books,453.49,723,BrandD
7274,Radio Bill,Beauty,258.86,324,BrandA
7281,For Evidence,Toys,327.39,892,BrandB
7286,Himself Real,Beauty,168.21,902,BrandD
7288,Speak Adult,Books,473.62,295,BrandD
7290,No Despite,Home,306.7,815,BrandD
7293,Somebody Song,Books,258.24,561,BrandC
7296,Administration Foot,Books,392.37,819,BrandD
7297,Society Discussion,Clothing,179.34,83,BrandC
7299,Carry Herself,Clothing,316.25,537,BrandD
7303,Discuss Fall,Toys,79.43,92,BrandB
7311,Dark Serious,Toys,173.27,92,BrandA
7314,How Hold,Beauty,427.64,464,BrandC
7315,Be Color,Electronics,252.5,780,BrandC
7321,Quickly Us,Clothing,360.28,296,BrandD
7322,Clear Young,Books,181.35,130,BrandB
7323,Best Respond,Books,348.8,801,BrandA
7327,Author Service,Electronics,38.82,339,BrandB
7329,Figure A,Clothing,118.77,14,BrandC
7330,Heart Describe,Home,294.9,274,BrandC
7335,State Grow,Electronics,444.57,770,BrandD
7336,Enter New,Toys,469.22,172,BrandD
7338,Nor Less,Beauty,126.61,85,BrandB
7340,Provide Voice,Books,97.56,746,BrandC
7344,Campaign Matter,Electronics,438.87,155,BrandB
7345,Decision Blood,Books,371.29,761,BrandB
7347,Population Down,Beauty,57.8,920,BrandC
7348,Him Already,Toys,52.17,320,BrandD
7350,Billion Property,Electronics,102.34,602,BrandA
7351,Husband Art,Home,182.18,210,BrandB
7353,Pull Use,Electronics,109.05,484,BrandC
7354,In Ground,Books,15.12,999,BrandC
7355,Statement Approach,Books,227.54,364,BrandD
7357,Positive Instead,Beauty,464.53,2,BrandC
7360,Condition Without,Toys,463.85,265,BrandD
7361,Thank Yeah,Clothing,396.02,934,BrandA
7362,Cup Later,Clothing,42.64,579,BrandD
7363,Thank Food,Beauty,235.97,437,BrandA
7365,Stand Lead,Toys,468.91,394,BrandC
7368,Lead To,Toys,241.41,267,BrandB
7372,Miss Physical,Beauty,36.03,139,BrandB
7373,Firm Brother,Toys,337.6,162,BrandC
7381,Report Woman,Toys,330.29,169,BrandB
7382,Against Skin,Toys,112.72,585,BrandA
7384,Usually Unit,Beauty,250.44,555,BrandA
7385,Best Material,Electronics,185.26,926,BrandD
7387,Sort Will,Toys,470.82,705,BrandA
7388,Ahead Walk,Beauty,441.95,394,BrandB
7389,Fast Heart,Clothing,430.83,63,BrandC
7390,Fill Party,Clothing,70.73,177,BrandC
7391,Pressure Move,Clothing,131.36,144,BrandB
7395,Last Television,Books,472.98,271,BrandD
7399,Make Carry,Books,56.5,235,BrandD
7400,Herself Newspaper,Toys,294.29,440,BrandC
7402,Bad Bit,Books,202.37,893,BrandC
7406,Everyone Other,Clothing,349.06,981,BrandA
7409,Grow Whose,Toys,329.02,118,BrandA
7411,Team Type,Toys,208.54,94,BrandA
7413,Particular Service,Books,194.22,275,BrandA
7416,Receive Yard,Toys,482.65,940,BrandC
7417,Result Nothing,Clothing,390.41,330,BrandB
7419,Significant Rule,Electronics,423.07,397,BrandB
7420,College Design,Books,223.23,103,BrandB
7421,Leg Law,Books,39.06,221,BrandB
7423,Current Listen,Beauty,110.68,275,BrandD
7425,Amount Kitchen,Toys,270.59,438,BrandB
7429,Area Development,Books,454.69,190,BrandC
7432,Place Respond,Books,272.09,231,BrandD
7435,Difficult Quickly,Home,115.25,525,BrandB
7437,Attention Statement,Electronics,57.28,935,BrandA
7438,Visit Buy,Electronics,40.09,112,BrandC
7440,Image Medical,Books,152.03,905,BrandD
7442,Wish Benefit,Toys,322.61,17,BrandB
7443,High Answer,Clothing,180.73,165,BrandA
7444,Different Ready,Books,44.92,805,BrandA
7446,Condition Him,Toys,80.71,602,BrandD
7448,Through Item,Home,237.66,467,BrandA
7449,Have Week,Electronics,66.58,907,BrandA
7451,Report Sort,Clothing,281.77,409,BrandC
7453,Clearly Message,Electronics,483.62,640,BrandA
7454,Race Positive,Home,269.38,941,BrandA
7455,Prepare We,Beauty,269.17,471,BrandD
7457,Whole Cause,Toys,83.89,277,BrandD
7458,Argue Worry,Books,13.64,729,BrandD
7460,Raise Fact,Books,476.02,77,BrandC
7461,Fly Use,Electronics,497.85,476,BrandC
7462,Experience Pm,Toys,335.25,255,BrandC
7464,Quality Simply,Books,114.75,637,BrandA
7465,Point Military,Clothing,479.87,183,BrandD
7466,Attack Writer,Home,457.63,318,BrandB
7469,Over Tend,Books,264.31,763,BrandD
7472,Writer Official,Clothing,106.36,470,BrandC
7477,Person Police,Electronics,159.89,44,BrandC
7478,Produce Market,Books,194.9,396,BrandC
7480,Pressure Mouth,Electronics,371.85,44,BrandA
7481,Effect Short,Books,208.44,139,BrandA
7482,Drive Challenge,Books,289.35,883,BrandC
7483,Staff State,Home,177.36,280,BrandA
7486,Shoulder Science,Toys,251.83,291,BrandD
7490,Property Smile,Toys,233.6,395,BrandD
7491,Member Bring,Home,213.76,388,BrandC
7492,Growth Eye,Home,378.74,74,BrandA
7494,Group Develop,Beauty,66.35,398,BrandB
7496,Would Executive,Beauty,142.46,668,BrandA
7497,Send Cold,Books,380.53,632,BrandD
7499,Where Than,Clothing,392.46,407,BrandB
7500,Popular Understand,Books,208.84,704,BrandD
7506,Assume Certainly,Clothing,69.31,167,BrandC
7507,Main Little,Electronics,158.87,205,BrandD
7508,White Catch,Books,222.4,930,BrandC
7509,Pretty Try,Clothing,438.96,346,BrandA
7510,Wait Building,Electronics,250.32,910,BrandB
7513,Help Create,Electronics,384.98,505,BrandB
7514,Something Point,Books,193.17,610,BrandA
7515,Beat Event,Toys,332.87,53,BrandA
7519,Bar Available,Beauty,100.58,261,BrandC
7521,Them Case,Toys,384.62,873,BrandC
7524,Teacher Say,Electronics,429.94,379,BrandC
7525,While Rest,Clothing,67.58,527,BrandB
7526,Agency Kid,Books,5.83,626,BrandC
7530,Reason Month,Beauty,309.21,53,BrandA
7533,Believe Minute,Books,320.15,889,BrandA
7536,Before Such,Beauty,327.54,838,BrandB
7539,Enough Claim,Beauty,225.97,350,BrandC
7540,Peace High,Books,203.8,853,BrandC
7544,Billion Sport,Clothing,42.65,519,BrandD
7545,Travel Lead,Books,67.21,479,BrandB
7547,Generation Reach,Electronics,141.36,98,BrandA
7551,Open Challenge,Beauty,370.7,784,BrandD
7554,Message Road,Beauty,133.49,108,BrandA
7557,Message No,Electronics,160.83,632,BrandA
7559,Over Foreign,Home,14.63,381,BrandB
7560,Specific Continue,Toys,66.39,761,BrandD
7564,Gas Sport,Home,490.95,571,BrandB
7565,Teacher Can,Books,115.77,468,BrandD
7566,Technology Clear,Toys,376.9,470,BrandC
7567,Analysis Pm,Electronics,167.98,319,BrandB
7568,Pass Television,Home,385.93,301,BrandD
7570,Matter Education,Clothing,321.14,373,BrandA
7571,Window Star,Clothing,416.4,223,BrandB
7572,Effort Letter,Beauty,126.49,48,BrandD
7577,Space Myself,Home,206.8,28,BrandB
7580,Training Establish,Electronics,247.04,413,BrandD
7581,None Institution,Books,473.06,901,BrandD
7585,Age Herself,Books,253.6,988,BrandC
7586,Investment Contain,Electronics,270.8,302,BrandB
7592,Pattern Rise,Books,105.31,477,BrandC
7594,Question Audience,Toys,495.2,514,BrandC
7595,Police Value,Books,209.3,988,BrandB
7596,Back As,Clothing,169.38,515,BrandB
7597,Look Five,Beauty,481.34,720,BrandA
7598,Term House,Electronics,435.08,217,BrandD
7599,Particularly Fast,Toys,152.9,659,BrandC
7603,Walk Experience,Beauty,269.43,193,BrandB
7604,Go Professor,Clothing,62.7,815,BrandA
7605,Entire Start,Clothing,192.97,193,BrandD
7608,Conference Indicate,Clothing,207.83,831,BrandD
7610,Upon Couple,Beauty,96.87,625,BrandD
7613,Line Next,Home,277.05,617,BrandC
7616,Identify Ability,Electronics,14.9,101,BrandA
7619,Run Run,Electronics,290.13,90,BrandC
7620,About Always,Beauty,5.9,46,BrandD
7623,Drive Fill,Home,293.26,366,BrandB
7625,Hotel Bank,Home,153.19,729,BrandC
7627,Dream Long,Books,144.27,50,BrandD
7630,There Board,Toys,118.91,510,BrandD
7637,Deep Audience,Home,442.79,38,BrandD
7639,Team They,Beauty,30.2,941,BrandA
7641,High Thus,Beauty,61.89,900,BrandC
7642,Life Establish,Books,259.59,310,BrandA
7643,Guy New,Books,301.62,16,BrandB
7646,Full Door,Home,473.33,776,BrandC
7648,Matter Subject,Home,244.86,124,BrandD
7651,Certain Billion,Clothing,108.54,241,BrandA
7652,Decade Issue,Clothing,116.66,111,BrandC
7653,Matter Part,Books,252.51,308,BrandA
7657,Figure Management,Clothing,387.32,192,BrandB
7660,Course Popular,Clothing,131.77,930,BrandB
7661,Very Production,Books,7.46,0,BrandA
7662,Allow Where,Beauty,387.92,279,BrandB
7663,Improve Thus,Electronics,264.49,617,BrandD
7670,Even Hundred,Toys,183.47,234,BrandA
7672,That Foreign,Books,379.51,193,BrandD
7673,Fact Player,Beauty,63.4,589,BrandD
7675,Spend Interest,Home,441.81,811,BrandC
7677,One Always,Beauty,364.65,47,BrandA
7678,Probably Energy,Home,154.98,121,BrandB
7679,Say Somebody,Home,157.24,217,BrandB
7680,Stuff Attorney,Toys,410.06,887,BrandA
7682,Always Current,Books,363.99,840,BrandD
7683,Notice Defense,Beauty,134.16,618,BrandB
7685,Serious Modern,Home,27.75,889,BrandA
7686,Suddenly However,Clothing,67.58,364,BrandA
7689,Seem Control,Beauty,181.21,506,BrandD
7691,Generation Congress,Clothing,178.37,92,BrandA
7692,Couple Back,Beauty,191.87,814,BrandB
7693,Strategy Behind,Home,124.1,122,BrandC
7696,What Laugh,Beauty,384.74,748,BrandB
7698,Sit Guy,Clothing,35.64,566,BrandB
7699,Price Bank,Books,125.74,482,BrandC
7700,You Fight,Beauty,243.72,639,BrandB
7701,Listen Author,Books,394.36,65,BrandB
7706,Event Expect,Beauty,235.84,207,BrandC
7707,Discussion Value,Clothing,41.04,593,BrandC
7709,Positive Six,Beauty,415.13,595,BrandB
7715,High Real,Toys,318.0,730,BrandC
7717,Leader Central,Beauty,461.6,97,BrandC
7718,Hope Discover,Electronics,252.31,390,BrandD
7721,Best Marriage,Beauty,178.91,712,BrandB
7725,Young Usually,Home,182.94,624,BrandD
7726,Almost Themselves,Electronics,301.51,103,BrandC
7730,Effect Development,Home,339.95,117,BrandC
7736,Rather Seem,Books,347.65,35,BrandB
7737,Pay Decide,Clothing,31.5,596,BrandC
7740,Push Teacher,Clothing,367.39,401,BrandD
7741,Mind Floor,Home,469.58,450,BrandC
7745,Sort Listen,Beauty,276.47,960,BrandB
7747,West Way,Beauty,58.27,935,BrandC
7750,Well Laugh,Beauty,279.44,335,BrandD
7752,Either Investment,Clothing,348.89,573,BrandB
7754,Area Usually,Home,199.88,282,BrandB
7755,Single Field,Clothing,218.26,217,BrandA
7756,Trip Change,Clothing,456.26,774,BrandD
7759,Cost Be,Clothing,102.35,12,BrandD
7760,Person Out,Toys,209.84,980,BrandD
7761,That Professor,Electronics,425.31,194,BrandA
7762,Determine Support,Electronics,77.66,162,BrandC
7763,After Care,Books,477.02,786,BrandC
7765,Political List,Books,84.99,436,BrandA
7767,Set Tend,Clothing,326.45,725,BrandD
7769,Amount Center,Electronics,345.02,990,BrandD
7770,Mr Eye,Toys,431.73,734,BrandA
7771,None West,Books,45.96,870,BrandD
7776,Worry Policy,Electronics,402.97,201,BrandA
7778,Majority Recognize,Electronics,273.11,937,BrandD
7779,Forget Fish,Electronics,411.46,205,BrandC
7780,Toward During,Home,280.41,506,BrandC
7783,Cover Wish,Beauty,251.6,758,BrandA
7785,Field Black,Home,448.1,261,BrandB
7786,Effect Better,Books,487.52,234,BrandB
7789,Risk Husband,Home,468.56,233,BrandB
7792,Article Difficult,Clothing,45.32,381,BrandC
7794,Door Sign,Home,379.55,456,BrandC
7795,Language Act,Toys,195.52,313,BrandD
7796,This Side,Beauty,318.51,591,BrandA
7797,Sea Total,Home,358.97,870,BrandB
7809,Bank Box,Beauty,200.14,902,BrandC
7810,School Have,Clothing,419.62,401,BrandC
7811,Hard Recent,Books,117.2,226,BrandC
7812,Represent Tv,Clothing,266.15,879,BrandA
7813,Hotel At,Toys,422.19,33,BrandA
7816,Both General,Books,142.53,237,BrandA
7818,Alone Professional,Toys,195.69,679,BrandB
7823,When Expect,Books,404.36,453,BrandB
7827,Hope Community,Home,69.65,483,BrandD
7829,Enjoy Simple,Toys,72.13,879,BrandB
7832,Pass Customer,Clothing,385.4,572,BrandB
7835,Improve Only,Toys,476.07,503,BrandD
7836,Finally Three,Home,230.14,642,BrandA
7839,Past Project,Electronics,142.93,538,BrandD
7842,May Develop,Home,213.67,999,BrandC
7843,Wind Year,Home,310.01,730,BrandB
7845,Role Section,Beauty,156.58,63,BrandC
7847,Election Into,Home,203.77,667,BrandD
7848,Process Get,Toys,207.22,529,BrandA
7849,Dream Year,Clothing,280.21,444,BrandD
7855,Argue Yourself,Clothing,177.07,390,BrandA
7856,Compare Option,Home,404.95,280,BrandC
7857,Figure Law,Beauty,286.03,536,BrandD
7858,Anything Method,Beauty,196.02,244,BrandA
7860,Allow Us,Home,313.26,418,BrandC
7861,Imagine Tonight,Home,178.66,328,BrandA
7862,Tv Stop,Electronics,347.98,680,BrandC
7864,Low Impact,Toys,102.47,503,BrandC
7865,Across Must,Toys,159.46,858,BrandA
7866,Star Him,Books,325.02,143,BrandC
7867,Rich Policy,Electronics,158.53,769,BrandD
7870,Guy Financial,Home,185.97,739,BrandC
7872,Sit Night,Home,254.47,58,BrandD
7874,Reason Production,Beauty,263.94,123,BrandC
7877,Use Discuss,Beauty,291.12,122,BrandB
7885,Modern Party,Clothing,230.75,984,BrandC
7887,Court Enter,Clothing,376.11,378,BrandC
7888,Woman Development,Electronics,282.6,183,BrandD
7890,Serve Experience,Books,264.55,961,BrandD
7893,Personal Myself,Clothing,363.31,502,BrandD
7894,Action Stay,Home,439.69,430,BrandB
7898,Expert Decade,Electronics,435.44,866,BrandC
7905,Various Too,Clothing,450.96,972,BrandB
7906,Across Affect,Electronics,113.48,803,BrandA
7908,Our Course,Beauty,380.89,512,BrandD
7909,His Hot,Electronics,57.74,456,BrandD
7910,Simple Learn,Beauty,44.2,718,BrandC
7917,She Economic,Clothing,252.39,371,BrandB
7918,Nice Remain,Beauty,327.2,837,BrandA
7919,Unit Conference,Toys,353.08,137,BrandC
7921,Quality Along,Toys,459.6,495,BrandC
7922,Since Arrive,Toys,209.93,16,BrandB
7926,Lead Detail,Toys,325.3,16,BrandD
7927,Suddenly Clearly,Toys,291.83,549,BrandB
7928,Defense Question,Clothing,240.69,957,BrandB
7931,Minute Bring,Clothing,396.03,121,BrandA
7932,Where Reason,Clothing,211.1,156,BrandC
7933,Run Occur,Beauty,182.35,426,BrandA
7934,Administration Leg,Electronics,216.49,92,BrandC
7935,Study Cup,Beauty,182.67,598,BrandD
7940,Still Indeed,Clothing,219.96,516,BrandD
7941,Poor Poor,Beauty,460.9,40,BrandA
7945,Civil Son,Books,20.85,288,BrandC
7946,Wonder Relationship,Books,427.72,59,BrandB
7948,Food Product,Electronics,254.69,677,BrandD
7950,Deal Our,Home,60.97,696,BrandC
7951,Food Series,Clothing,323.94,40,BrandA
7956,Together Production,Home,145.44,211,BrandC
7958,Star Environment,Toys,317.1,92,BrandB
7961,Once Statement,Beauty,378.0,646,BrandA
7964,Every Every,Clothing,386.5,818,BrandB
7971,Education Late,Toys,193.58,836,BrandB
7973,Instead Agree,Electronics,364.16,819,BrandB
7974,Base Resource,Books,236.97,676,BrandC
7978,Care Improve,Toys,337.28,278,BrandB
7979,Well Leave,Toys,128.03,151,BrandD
7982,Push Never,Clothing,296.36,730,BrandC
7984,Since Best,Toys,338.54,201,BrandA
7986,Talk Find,Electronics,138.54,26,BrandB
7988,Lay Mr,Clothing,362.55,787,BrandA
7992,Hit Character,Books,95.45,175,BrandA
7994,High Billion,Books,40.06,382,BrandB
7999,Lose Than,Books,309.04,112,BrandA
8000,Point Yet,Toys,299.09,564,BrandB
8001,Stand Chair,Home,191.74,49,BrandA
8002,Second Behind,Electronics,96.81,910,BrandC
8006,Which Stage,Electronics,242.11,643,BrandC
8007,Loss Within,Toys,447.69,775,BrandC
8008,Rise Sell,Books,131.29,512,BrandD
8009,Phone Computer,Books,267.89,890,BrandD
8014,Rich Staff,Beauty,199.61,833,BrandB
8017,Nearly Class,Toys,88.8,349,BrandA
8018,Exist Enjoy,Books,146.75,504,BrandC
8020,Half Likely,Toys,150.84,531,BrandA
8024,Billion Out,Books,336.64,467,BrandA
8028,Song Truth,Beauty,297.89,222,BrandC
8030,Compare Conference,Beauty,113.85,691,BrandC
8031,Door Try,Electronics,171.13,233,BrandC
8032,Attorney Dark,Home,183.03,973,BrandC
8033,Ten Analysis,Clothing,142.17,392,BrandA
8035,Become Have,Electronics,175.36,211,BrandA
8038,Peace Your,Electronics,475.21,771,BrandB
8040,Last Loss,Toys,17.3,194,BrandD
8042,Raise Remember,Electronics,89.51,717,BrandA
8044,Father Expect,Electronics,473.22,24,BrandC
8046,Oil Without,Clothing,469.87,94,BrandB
8047,Believe Do,Beauty,419.54,197,BrandD
8048,Source Trip,Home,66.29,273,BrandD
8049,Bank College,Electronics,321.3,104,BrandC
8051,Seven Central,Books,284.83,897,BrandD
8054,Simply Down,Beauty,318.47,911,BrandB
8055,Your Art,Toys,194.9,549,BrandB
8057,View Travel,Home,307.69,87,BrandB
8058,Education Itself,Books,223.03,923,BrandD
8059,Camera Morning,Clothing,93.52,625,BrandC
8064,By Low,Books,423.65,859,BrandD
8065,Machine Knowledge,Books,193.02,515,BrandD
8067,Glass Exist,Electronics,187.51,723,BrandD
8068,Job Miss,Toys,271.13,745,BrandD
8069,Hear Start,Toys,256.79,177,BrandB
8075,Real Hundred,Books,190.86,649,BrandC
8078,Teach Successful,Clothing,402.11,178,BrandC
8080,Ok Oil,Books,365.25,568,BrandA
8081,Recognize Boy,Beauty,157.61,283,BrandD
8083,Kid Although,Books,75.29,356,BrandB
8085,Opportunity Cup,Books,171.37,673,BrandC
8086,Start Nothing,Electronics,292.65,869,BrandD
8089,Clearly Pressure,Beauty,79.81,364,BrandD
8090,Nor Add,Toys,212.36,438,BrandC
8092,President Entire,Clothing,435.92,549,BrandA
8093,Low What,Toys,27.32,677,BrandA
8095,Former Good,Beauty,27.2,604,BrandA
8097,Perform Order,Electronics,479.49,729,BrandA
8099,Trouble Manage,Toys,45.79,341,BrandC
8101,Agreement Whole,Electronics,252.82,456,BrandC
8103,Past Old,Electronics,499.09,224,BrandC
8104,Prepare Theory,Electronics,447.53,285,BrandC
8106,Behavior Listen,Electronics,335.63,382,BrandA
8108,Positive Some,Electronics,208.29,823,BrandA
8110,Site Popular,Beauty,302.53,476,BrandC
8111,Fund Truth,Toys,204.54,710,BrandA
8112,Serious In,Electronics,210.08,450,BrandA
8113,Occur Discussion,Toys,10.83,768,BrandD
8114,Day Center,Electronics,404.86,377,BrandB
8118,Most Pay,Clothing,142.63,588,BrandC
8120,Hot Natural,Clothing,349.98,442,BrandB
8121,Guess Answer,Home,57.55,298,BrandB
8123,Exactly Go,Toys,292.6,267,BrandA
8124,Wall Among,Clothing,429.44,126,BrandB
8126,Game Voice,Toys,424.42,299,BrandB
8129,Others Customer,Books,310.49,135,BrandC
8130,Indeed Allow,Books,463.18,654,BrandD
8131,Month Beat,Toys,47.61,950,BrandB
8135,Item Mean,Clothing,364.91,100,BrandC
8140,Strong Individual,Books,298.36,612,BrandD
8142,Hard Position,Beauty,444.86,513,BrandA
8145,Politics Specific,Home,30.34,15,BrandD
8147,Exist Seem,Home,287.14,837,BrandA
8148,Green Natural,Electronics,78.64,324,BrandB
8151,Lot You,Clothing,204.98,557,BrandD
8153,Speak Media,Toys,280.54,597,BrandA
8154,Any Media,Books,323.95,752,BrandC
8158,Course Summer,Electronics,374.8,547,BrandB
8165,Feel Eight,Beauty,99.87,574,BrandD
8166,Wide Tonight,Books,485.62,643,BrandD
8167,Certainly Successful,Clothing,249.29,887,BrandA
8169,Camera Support,Home,420.73,694,BrandC
8172,Authority Five,Electronics,490.73,475,BrandA
8173,Enter Soon,Clothing,219.94,273,BrandC
8174,Able Thought,Books,435.31,478,BrandB
8175,Girl Bring,Electronics,321.88,80,BrandA
8177,Power Nothing,Electronics,304.26,757,BrandC
8179,Seat Suggest,Beauty,203.88,804,BrandD
8182,Far Project,Clothing,127.18,27,BrandB
8185,Radio Property,Beauty,337.65,638,BrandD
8186,Wide Enough,Beauty,179.63,660,BrandD
8187,Agreement Artist,Electronics,263.58,930,BrandC
8188,Trade Vote,Electronics,385.7,779,BrandA
8191,Shake Study,Clothing,120.0,116,BrandB
8194,Learn Though,Clothing,434.44,911,BrandD
8196,Knowledge Interesting,Home,310.44,296,BrandA
8197,World Race,Toys,44.61,508,BrandA
8199,Customer Century,Clothing,188.32,638,BrandD
8201,Eight Year,Beauty,422.56,325,BrandA
8203,Yard Fear,Books,134.43,472,BrandD
8205,Red Result,Electronics,151.33,150,BrandD
8206,Note Nature,Beauty,325.45,314,BrandB
8211,Respond Share,Clothing,49.83,896,BrandD
8214,Issue Fear,Toys,207.19,833,BrandC
8215,Sit Charge,Beauty,56.05,312,BrandC
8216,Coach Key,Beauty,19.25,566,BrandA
8217,Instead Feeling,Clothing,116.06,899,BrandB
8218,Onto Herself,Books,113.76,431,BrandC
8219,Nation Participant,Home,436.06,588,BrandD
8221,Require Expert,Electronics,206.28,624,BrandC
8227,Throughout List,Beauty,477.39,103,BrandB
8228,Defense Peace,Toys,445.97,941,BrandA
8230,Between Effort,Toys,352.07,572,BrandD
8233,Up Election,Toys,19.46,479,BrandD
8238,Week Top,Toys,50.88,944,BrandA
8239,Type Data,Toys,399.52,133,BrandA
8240,Support Pretty,Toys,190.85,967,BrandC
8242,Seek Cold,Books,20.45,454,BrandD
8244,Price Wife,Toys,181.39,981,BrandC
8246,None For,Toys,422.52,632,BrandA
8249,Service Beyond,Clothing,22.83,35,BrandB
8251,Keep Range,Electronics,409.86,442,BrandA
8252,Protect Paper,Toys,151.26,563,BrandB
8253,Interest Model,Toys,197.19,622,BrandB
8254,Ahead Material,Clothing,431.59,58,BrandA
8256,Enjoy Indicate,Home,162.35,515,BrandC
8258,Then International,Clothing,427.97,949,BrandD
8259,Republican Position,Home,400.34,617,BrandD
8260,College Writer,Books,489.29,251,BrandC
8261,Image Think,Beauty,43.36,963,BrandB
8265,Enough Industry,Electronics,55.71,548,BrandC
8266,Stock Speech,Beauty,88.04,140,BrandC
8267,Dream Newspaper,Beauty,62.52,79,BrandC
8268,Sport Worker,Books,253.43,218,BrandC
8269,Just Through,Beauty,262.07,216,BrandA
8272,Appear Allow,Home,104.35,673,BrandA
8273,Activity Establish,Clothing,242.92,613,BrandA
8276,Rate Team,Books,313.36,805,BrandD
8278,Best Leave,Electronics,169.91,938,BrandB
8279,Indeed View,Toys,457.75,179,BrandA
8280,Why Type,Beauty,204.91,472,BrandD
8281,International Early,Beauty,172.18,799,BrandD
8285,Affect Keep,Books,447.57,926,BrandA
8286,Anything Red,Electronics,103.62,610,BrandB
8289,Indeed Work,Books,156.36,354,BrandD
8290,Feeling Check,Beauty,29.43,637,BrandB
8293,Surface True,Home,93.68,506,BrandA
8294,Machine Just,Beauty,389.97,176,BrandC
8295,Certainly East,Beauty,131.26,186,BrandB
8296,However Real,Toys,488.42,631,BrandB
8297,Green Model,Electronics,83.34,429,BrandC
8300,Effort Behind,Toys,278.97,481,BrandD
8302,Sell Ten,Electronics,341.15,904,BrandB
8304,No Rock,Home,384.86,448,BrandA
8305,Wish Important,Beauty,268.32,798,BrandB
8313,Produce Simple,Books,150.52,147,BrandC
8317,Deal Believe,Beauty,461.55,101,BrandA
8318,Hand Ever,Home,150.9,23,BrandA
8321,First Occur,Home,230.13,550,BrandD
8322,Girl Second,Home,444.42,79,BrandB
8323,Think Later,Clothing,360.36,569,BrandD
8327,Serve Rest,Home,233.64,492,BrandB
8328,Type Effort,Beauty,344.5,262,BrandB
8329,Rather Produce,Clothing,43.06,436,BrandD
8330,Least Everybody,Beauty,155.28,891,BrandC
8332,Especially Senior,Toys,387.4,158,BrandA
8333,Voice Sister,Electronics,280.54,78,BrandC
8335,Movie Place,Clothing,433.62,599,BrandD
8336,Money Table,Beauty,297.37,654,BrandC
8337,Physical Set,Toys,414.97,344,BrandA
8338,Various Meeting,Electronics,143.82,294,BrandA
8339,Itself Result,Beauty,435.89,841,BrandA
8341,Keep Figure,Home,490.01,253,BrandD
8342,Local Yard,Electronics,295.79,305,BrandC
8343,Let Join,Toys,425.15,754,BrandA
8346,Us Development,Beauty,303.46,131,BrandD
8347,Pretty View,Clothing,56.57,929,BrandB
8348,Plant Their,Home,157.93,216,BrandC
8349,Manager Meet,Electronics,446.8,913,BrandD
8350,Federal Case,Toys,249.72,598,BrandD
8351,Listen World,Toys,33.51,645,BrandD
8352,Low Position,Beauty,379.92,620,BrandA
8354,Again Respond,Books,181.07,161,BrandD
8355,Town Side,Books,457.22,166,BrandA
8357,Hotel Town,Toys,186.83,132,BrandC
8358,Know People,Home,16.76,416,BrandB
8364,Them Quickly,Home,328.99,660,BrandD
8367,Art Painting,Home,197.79,239,BrandD
8370,Bar Response,Toys,264.02,474,BrandC
8371,Technology Sense,Electronics,63.87,475,BrandC
8372,Energy Enter,Electronics,51.71,256,BrandC
8373,Culture Place,Home,176.0,811,BrandD
8374,Plan Certain,Books,128.0,868,BrandD
8378,Garden Film,Beauty,362.43,208,BrandC
8381,Minute Live,Beauty,280.51,37,BrandD
8384,Popular Investment,Electronics,471.58,527,BrandC
8392,Near Guess,Beauty,70.07,490,BrandA
8398,Everything Forward,Electronics,247.07,205,BrandA
8400,Drop I,Home,183.27,366,BrandA
8402,Our On,Electronics,48.58,735,BrandA
8405,Reflect Particularly,Books,404.52,254,BrandB
8407,Talk Chance,Beauty,46.62,74,BrandD
8411,General Suggest,Books,338.69,131,BrandA
8412,Newspaper Get,Clothing,196.97,693,BrandB
8414,Enjoy East,Beauty,126.11,218,BrandB
8415,Technology Upon,Electronics,171.31,625,BrandD
8417,Possible Common,Home,398.02,527,BrandB
8418,Determine Close,Home,237.4,881,BrandA
8424,Recently Stage,Toys,411.66,573,BrandC
8425,Pay Democratic,Home,82.97,916,BrandB
8428,Computer Simple,Home,73.42,472,BrandC
8430,Go Social,Electronics,357.87,194,BrandB
8434,Game Road,Books,123.35,648,BrandC
8435,Again College,Toys,324.07,966,BrandB
8436,Decade Identify,Books,297.79,321,BrandA
8440,Effect What,Electronics,354.97,106,BrandB
8442,Father Bit,Home,166.86,942,BrandA
8443,Institution Approach,Clothing,355.29,689,BrandD
8446,Artist Successful,Toys,66.69,148,BrandA
8449,Thus Kid,Home,437.07,867,BrandB
8451,School Adult,Home,372.05,944,BrandA
8454,Foot Office,Beauty,158.52,237,BrandC
8455,Camera Particularly,Home,320.85,882,BrandA
8456,Keep Blue,Toys,374.7,73,BrandD
8457,South Along,Electronics,496.67,520,BrandD
8460,Others Manage,Books,270.75,579,BrandC
8462,Participant Son,Toys,205.92,878,BrandC
8464,Simply High,Toys,169.51,11,BrandA
8470,Bank Discuss,Home,295.37,534,BrandC
8471,Try Current,Books,488.41,855,BrandA
8472,Apply Interesting,Toys,31.02,232,BrandD
8474,Apply Performance,Clothing,431.37,722,BrandB
8475,Common Head,Home,215.87,467,BrandB
8480,Who Head,Clothing,311.22,114,BrandA
8483,Area Into,Electronics,79.64,852,BrandC
8484,Participant With,Toys,448.18,320,BrandB
8491,Break Number,Home,70.13,49,BrandB
8493,Interesting Owner,Electronics,287.97,211,BrandB
8496,Party But,Electronics,309.16,290,BrandB
8497,Task Issue,Clothing,384.17,672,BrandB
8498,Start Never,Clothing,344.67,424,BrandB
8499,That On,Toys,359.61,856,BrandD
8500,Read Ahead,Toys,21.27,539,BrandA
8502,Mean Street,Home,174.08,737,BrandC
8506,Left Stock,Home,250.6,64,BrandB
8509,Collection Long,Books,256.64,14,BrandA
8510,Let Describe,Clothing,159.09,518,BrandA
8520,Grow Sometimes,Beauty,174.02,766,BrandA
8522,Stuff Suddenly,Toys,342.9,279,BrandD
8524,Who Director,Toys,47.47,892,BrandD
8538,Something House,Beauty,74.56,111,BrandB
8539,Far Race,Home,250.37,216,BrandD
8540,Read Usually,Books,404.01,937,BrandC
8542,Career Sense,Toys,354.82,35,BrandC
8544,Yes Occur,Clothing,146.21,205,BrandA
8545,Quality Brother,Books,459.04,835,BrandB
8546,Occur Attack,Electronics,106.55,19,BrandB
8548,People Cost,Clothing,55.16,260,BrandB
8550,Individual After,Electronics,205.34,258,BrandC
8551,How By,Electronics,169.7,276,BrandB
8552,Improve Current,Beauty,37.59,281,BrandB
8554,Allow Customer,Home,18.58,8,BrandC
8559,Now Student,Toys,413.41,826,BrandC
8561,Whom With,Clothing,19.41,624,BrandB
8562,Community Could,Electronics,347.95,474,BrandC
8563,Civil Assume,Beauty,196.61,944,BrandA
8564,Do Old,Beauty,333.03,291,BrandC
8565,Owner Mean,Electronics,9.27,586,BrandC
8567,Nearly Sort,Electronics,181.08,750,BrandA
8570,Majority Identify,Beauty,451.59,136,BrandB
8571,Possible Man,Beauty,315.64,975,BrandA
8573,Specific Manage,Toys,8.57,284,BrandD
8574,Nor Sit,Books,443.03,233,BrandA
8575,Company Feeling,Books,252.19,75,BrandB
8578,Guess Stage,Books,240.75,439,BrandD
8581,Service Present,Clothing,31.83,58,BrandC
8583,Might Success,Home,301.23,862,BrandB
8585,Rest Value,Toys,367.67,230,BrandC
8586,Bring One,Electronics,435.95,119,BrandC
8589,Recognize Wind,Beauty,138.29,225,BrandC
8590,Happen Choose,Toys,31.78,638,BrandD
8594,Church Sister,Toys,314.88,812,BrandC
8595,Investment And,Electronics,348.53,806,BrandB
8598,Nothing Drop,Toys,276.49,13,BrandB
8599,Gun Recent,Clothing,389.33,150,BrandC
8601,Really First,Beauty,405.09,668,BrandC
8602,Trip Indicate,Books,252.03,495,BrandC
8603,Control Cold,Clothing,23.78,808,BrandD
8604,To Talk,Clothing,198.82,857,BrandB
8606,Pick Sell,Beauty,193.5,782,BrandB
8611,Seat Real,Electronics,105.97,456,BrandD
8613,Scene Page,Clothing,290.4,209,BrandA
8618,Where Arm,Electronics,27.88,232,BrandB
8621,Technology Task,Toys,58.16,301,BrandA
8624,Term Area,Home,223.74,744,BrandC
8625,Now Relate,Beauty,48.93,574,BrandC
8627,Lead History,Home,490.94,485,BrandA
8631,Glass Poor,Toys,212.48,905,BrandA
8632,Bar Candidate,Beauty,331.58,148,BrandC
8636,Past Eat,Home,301.78,539,BrandD
8637,Issue Imagine,Home,391.24,679,BrandC
8639,After Player,Electronics,264.56,123,BrandB
8643,Resource Or,Books,460.86,832,BrandA
8644,Husband Former,Electronics,325.62,424,BrandD
8646,Assume Way,Electronics,98.36,195,BrandD
8647,We Operation,Beauty,495.67,681,BrandD
8648,Example Project,Home,330.48,392,BrandC
8650,Production Season,Home,348.25,838,BrandB
8653,Black Mother,Clothing,348.13,88,BrandB
8655,Necessary Treat,Home,92.28,92,BrandC
8656,Expect Condition,Toys,335.8,471,BrandA
8665,Relate Under,Books,416.43,577,BrandA
8667,Reach Market,Clothing,395.67,311,BrandB
8670,Measure Opportunity,Home,191.16,250,BrandC
8672,Song Across,Books,343.18,408,BrandD
8674,Law Offer,Beauty,154.65,877,BrandD
8675,Meet Wait,Beauty,65.98,863,BrandB
8677,Class Article,Electronics,376.09,921,BrandB
8679,Set Left,Beauty,178.25,154,BrandA
8680,Whom Deal,Home,364.95,871,BrandB
8682,Chance Collection,Electronics,368.92,728,BrandA
8686,Among Watch,Clothing,298.2,539,BrandD
8688,Throw Tax,Clothing,386.02,987,BrandB
8689,Southern Professor,Clothing,268.66,133,BrandB
8690,Ground Seven,Toys,299.86,720,BrandC
8691,Author Force,Toys,199.73,38,BrandB
8692,Style Product,Electronics,324.42,557,BrandB
8693,Worry Administration,Home,17.57,233,BrandA
8695,Inside Throughout,Beauty,258.89,948,BrandB
8697,Boy Figure,Beauty,241.17,757,BrandB
8701,More Serve,Beauty,185.39,865,BrandB
8702,Argue Television,Toys,417.66,943,BrandD
8704,Area Girl,Clothing,435.38,5,BrandB
8706,Manage Store,Electronics,81.94,552,BrandA
8707,Be Tv,Toys,189.78,839,BrandA
8708,Quickly Worry,Books,49.76,847,BrandC
8709,Concern Over,Toys,486.66,106,BrandB
8710,Behavior Future,Books,242.85,705,BrandD
8712,Modern Other,Electronics,45.53,438,BrandA
8713,Relationship Pull,Home,408.38,611,BrandD
8716,Point Area,Home,184.57,827,BrandD
8718,Senior Then,Books,232.23,495,BrandD
8721,Bar Phone,Clothing,180.73,327,BrandC
8726,To Ever,Toys,55.71,757,BrandB
8728,Scientist Later,Books,289.48,503,BrandC
8735,And Morning,Books,270.72,269,BrandD
8736,Feeling Tree,Clothing,230.17,155,BrandA
8738,Certain Set,Beauty,421.22,410,BrandA
8741,Son Assume,Books,248.18,236,BrandD
8742,Civil From,Electronics,165.3,260,BrandC
8744,Soon Yes,Home,476.94,33,BrandB
8748,Face Policy,Electronics,176.93,402,BrandA
8749,However Something,Clothing,396.12,636,BrandC
8750,Head Church,Clothing,460.47,236,BrandA
8751,Local Energy,Toys,349.59,491,BrandC
8752,Add Foot,Home,291.33,882,BrandD
8754,Among Effort,Books,93.77,908,BrandA
8756,Pretty Speak,Clothing,367.24,96,BrandD
8759,Indeed Military,Electronics,346.42,437,BrandA
8760,Human Help,Beauty,11.22,956,BrandD
8761,Book Message,Beauty,70.31,678,BrandA
8763,Manager Another,Books,125.69,353,BrandA
8764,Dinner Vote,Home,234.13,708,BrandD
8769,Garden Quality,Electronics,43.94,839,BrandB
8772,Whom Thus,Beauty,16.37,748,BrandA
8773,How Less,Electronics,98.16,484,BrandD
8774,Himself High,Home,139.85,936,BrandC
8775,At How,Clothing,129.97,426,BrandC
8777,Baby Building,Beauty,428.01,914,BrandA
8780,Event Scientist,Beauty,23.48,121,BrandA
8781,Factor Ready,Beauty,479.51,403,BrandD
8783,Born Both,Electronics,136.23,870,BrandA
8786,Between Pm,Toys,231.87,617,BrandD
8790,Cell Yourself,Books,370.1,586,BrandB
8791,Tree East,Home,233.17,956,BrandB
8792,Group Tell,Books,436.27,749,BrandB
8794,Conference Cold,Home,159.3,62,BrandB
8796,Service They,Home,270.24,904,BrandC
8803,Girl Free,Books,341.61,859,BrandA
8805,Others Involve,Electronics,227.76,402,BrandD
8806,Pretty Resource,Home,475.91,214,BrandC
8807,On Republican,Home,32.77,810,BrandB
8810,Music Read,Beauty,41.92,369,BrandC
8811,Go Movement,Electronics,18.6,746,BrandD
8812,Catch Today,Home,82.34,874,BrandA
8813,In Must,Electronics,379.59,804,BrandC
8819,Account Animal,Electronics,14.9,296,BrandA
8820,North Together,Home,227.45,699,BrandC
8823,Source Recognize,Clothing,73.21,842,BrandB
8825,Want Officer,Books,120.81,681,BrandD
8826,Argue Soon,Electronics,304.64,407,BrandD
8828,Despite Hot,Clothing,317.27,852,BrandC
8830,Degree Under,Toys,475.19,705,BrandC
8832,Movie Significant,Toys,415.77,203,BrandD
8833,Page Forget,Books,219.55,589,BrandD
8834,Player Present,Home,33.21,198,BrandD
8836,Great Agency,Toys,162.41,111,BrandD
8837,Mother Moment,Toys,499.58,55,BrandB
8838,Begin Though,Clothing,15.29,982,BrandC
8841,Speak Affect,Books,235.94,110,BrandC
8842,Somebody Cultural,Books,24.26,977,BrandA
8844,Power Meet,Beauty,397.15,582,BrandC
8847,Animal Blue,Home,202.14,407,BrandC
8848,Cause Answer,Electronics,328.44,337,BrandD
8855,Within Nation,Home,368.54,993,BrandB
8856,Outside Also,Electronics,175.72,112,BrandC
8860,Her Owner,Toys,399.55,996,BrandB
8863,Senior Car,Books,275.41,59,BrandC
8864,Born Plant,Electronics,456.3,638,BrandB
8867,Best They,Clothing,277.65,547,BrandD
8869,Treat Fly,Electronics,385.99,636,BrandB
8871,Center Hair,Toys,232.84,19,BrandB
8877,Wind Agent,Electronics,39.04,923,BrandB
8878,While Speak,Beauty,141.15,654,BrandD
8879,Growth Until,Clothing,186.52,305,BrandD
8881,Score Note,Home,214.7,973,BrandD
8882,Picture Scene,Books,457.0,221,BrandB
8884,Administration Buy,Books,19.22,899,BrandC
8886,Story Artist,Books,163.59,610,BrandA
8889,Time West,Toys,113.3,806,BrandB
8891,Line Car,Books,379.72,312,BrandA
8893,Practice Respond,Electronics,200.78,157,BrandD
8894,Able Daughter,Books,323.52,399,BrandD
8896,Wish Itself,Toys,43.5,866,BrandA
8897,Drop Thing,Clothing,340.62,617,BrandA
8899,Affect Subject,Home,108.83,380,BrandD
8901,Kitchen Notice,Home,196.14,59,BrandA
8903,Friend Argue,Clothing,77.91,48,BrandA
8904,Measure Effort,Home,406.44,930,BrandA
8905,Within Practice,Home,457.37,49,BrandA
8907,Research Company,Beauty,112.6,677,BrandA
8911,Maybe Industry,Home,431.53,517,BrandD
8914,Order Amount,Clothing,436.71,431,BrandC
8917,White One,Clothing,8.25,817,BrandC
8918,Make Those,Toys,307.48,351,BrandD
8919,Matter Study,Books,79.17,848,BrandA
8923,Around Practice,Electronics,50.71,589,BrandB
8927,Image Notice,Toys,65.75,1,BrandD
8929,Threat Concern,Books,401.42,229,BrandD
8938,Blue Stand,Beauty,391.11,697,BrandC
8939,Lot Laugh,Home,309.47,912,BrandD
8940,Specific Check,Toys,266.96,284,BrandB
8942,Blood Factor,Home,14.08,686,BrandC
8944,Industry Treat,Beauty,69.24,505,BrandD
8955,Father They,Clothing,386.76,757,BrandD
8956,Population Scene,Home,9.04,154,BrandA
8958,Discover Certainly,Beauty,260.43,78,BrandD
8959,No Relate,Toys,313.68,857,BrandC
8960,Option Three,Clothing,323.79,279,BrandD
8961,Boy Show,Toys,452.76,149,BrandA
8962,Leg Evidence,Books,421.27,59,BrandC
8963,Human She,Beauty,497.72,698,BrandA
8976,Clearly Real,Electronics,397.31,323,BrandD
8981,Exactly Single,Home,45.66,535,BrandD
8983,Congress Range,Toys,235.91,907,BrandB
8984,Seven Reason,Beauty,431.79,790,BrandB
8985,Me Long,Toys,303.83,232,BrandC
8990,Meeting Mind,Home,338.28,156,BrandA
8992,Deep Appear,Beauty,461.55,672,BrandB
8993,Store Technology,Clothing,310.7,136,BrandA
8994,Issue Her,Home,491.03,175,BrandD
8997,American Win,Home,187.19,392,BrandB
9002,Challenge Campaign,Books,104.73,24,BrandA
9003,Table Recognize,Books,242.26,981,BrandC
9005,Policy Look,Beauty,299.31,578,BrandC
9007,Control Summer,Books,392.64,469,BrandA
9009,Start Thus,Home,40.37,159,BrandC
9010,Shake I,Beauty,150.44,72,BrandA
9013,Sort Eight,Toys,308.4,869,BrandC
9017,Free Strategy,Books,80.07,183,BrandD
9022,Perhaps Half,Beauty,22.16,777,BrandA
9024,Hold Hair,Electronics,230.57,903,BrandC
9028,Ahead Customer,Clothing,490.7,494,BrandC
9030,Cup Rock,Toys,124.85,768,BrandD
9033,Once Current,Electronics,11.09,178,BrandB
9036,Old Radio,Electronics,133.3,16,BrandB
9039,Land Our,Electronics,301.34,105,BrandD
9040,Clearly Head,Beauty,391.15,611,BrandD
9043,Item Expect,Toys,160.98,125,BrandB
9046,Computer Seat,Clothing,408.96,547,BrandC
9047,Want Serve,Books,478.35,66,BrandC
9049,Way Very,Beauty,8.67,485,BrandD
9050,Base Fund,Electronics,23.35,838,BrandD
9051,Time Member,Books,357.95,553,BrandA
9055,Step Option,Clothing,34.42,324,BrandD
9056,Article Data,Toys,154.94,968,BrandD
9057,International Enter,Beauty,331.85,137,BrandC
9058,No Everything,Toys,313.57,626,BrandD
9060,Skill Animal,Clothing,95.36,891,BrandD
9065,Newspaper Movement,Clothing,484.48,310,BrandA
9066,President Book,Books,176.22,881,BrandB
9067,Population Growth,Home,383.74,279,BrandD
9068,Positive Note,Books,281.02,663,BrandA
9070,Middle Also,Books,218.86,396,BrandA
9073,Campaign Sound,Beauty,358.7,974,BrandC
9077,Environment Name,Toys,329.51,785,BrandA
9079,Likely Debate,Toys,210.45,399,BrandB
9080,Large Process,Toys,101.8,477,BrandB
9081,Edge Evidence,Home,381.35,99,BrandA
9083,New Young,Clothing,282.06,971,BrandC
9084,Positive Check,Electronics,469.82,667,BrandD
9088,Land Sure,Electronics,394.57,576,BrandB
9090,Billion Skin,Electronics,41.81,605,BrandC
9091,Media Stop,Toys,150.57,967,BrandD
9096,Machine Measure,Home,233.54,332,BrandB
9097,Wall Authority,Books,492.16,665,BrandA
9098,Career Measure,Home,342.16,758,BrandD
9099,Because Brother,Toys,193.69,483,BrandA
9102,Picture Resource,Toys,258.95,620,BrandC
9106,Alone National,Books,69.6,672,BrandD
9107,Weight Our,Electronics,287.68,389,BrandC
9108,Look Hot,Books,20.6,395,BrandB
9111,Deal Growth,Beauty,266.52,661,BrandA
9115,Agreement Chair,Beauty,134.16,260,BrandB
9118,Information Recently,Home,139.25,699,BrandC
9120,Teacher Game,Electronics,199.16,677,BrandA
9121,Son Election,Clothing,456.27,154,BrandA
9123,By Good,Clothing,87.1,920,BrandC
9125,Minute Fight,Toys,161.18,830,BrandC
9127,They Pull,Toys,363.68,935,BrandB
9128,Trouble Money,Electronics,181.54,99,BrandB
9129,Almost Relationship,Beauty,440.49,237,BrandA
9131,Through Store,Beauty,432.09,237,BrandC
9135,Country Until,Electronics,64.49,215,BrandD
9136,Yes Check,Clothing,193.95,318,BrandD
9137,Yet Paper,Clothing,27.85,421,BrandC
9140,Analysis Source,Electronics,320.07,458,BrandC
9141,Training Reality,Clothing,362.92,397,BrandB
9142,Painting Reduce,Electronics,382.19,644,BrandA
9143,Our Our,Home,203.85,976,BrandA
9144,Drop Put,Beauty,317.9,36,BrandB
9145,Into Daughter,Books,77.16,146,BrandB
9146,Raise Site,Clothing,454.43,587,BrandD
9149,Authority Protect,Beauty,378.69,458,BrandB
9150,Sport Mind,Electronics,395.8,348,BrandD
9152,Open Activity,Books,134.64,551,BrandD
9154,And Show,Beauty,399.35,156,BrandB
9155,Lead Million,Books,325.99,796,BrandD
9156,Director Guy,Books,15.36,355,BrandC
9158,Close However,Clothing,395.62,352,BrandB
9160,Rich Quality,Books,499.96,88,BrandA
9162,Very Song,Books,258.09,540,BrandC
9166,Career Visit,Home,218.51,317,BrandC
9171,Firm Specific,Toys,456.62,450,BrandA
9174,First Feel,Electronics,134.06,940,BrandC
9177,Themselves World,Beauty,437.54,442,BrandD
9181,Grow Leg,Home,283.75,548,BrandC
9183,Popular State,Clothing,450.74,966,BrandC
9184,Customer Sure,Electronics,109.19,469,BrandD
9185,Type Degree,Electronics,47.5,113,BrandC
9186,Pass Budget,Beauty,159.78,781,BrandB
9189,Worker Tonight,Home,394.67,101,BrandD
9191,Trouble Tough,Toys,271.08,802,BrandD
9194,Business Buy,Clothing,61.5,111,BrandD
9196,Office Child,Electronics,148.89,316,BrandB
9198,Green Area,Home,83.25,791,BrandB
9201,I Do,Electronics,327.66,48,BrandC
9203,For Quality,Toys,336.75,798,BrandA
9206,Page Director,Toys,293.48,905,BrandA
9208,Sit Their,Beauty,481.29,957,BrandA
9211,Same Field,Clothing,28.25,282,BrandA
9212,Describe Way,Beauty,53.45,446,BrandC
9213,Soon Result,Toys,181.1,860,BrandC
9214,Economy Notice,Home,62.78,992,BrandC
9215,Rather Recent,Clothing,283.59,289,BrandA
9218,Piece Total,Clothing,50.36,184,BrandC
9219,Painting Class,Electronics,428.95,196,BrandA
9220,Or Audience,Clothing,229.6,963,BrandA
9223,Director Open,Home,297.36,261,BrandB
9225,Those Light,Electronics,297.75,500,BrandA
9226,Lay Occur,Books,21.34,663,BrandC
9227,Ahead Care,Clothing,186.4,139,BrandB
9229,Go Tax,Clothing,489.12,671,BrandB
9231,Sport Difference,Books,270.96,112,BrandA
9232,However Director,Beauty,233.45,445,BrandC
9233,Mission Chance,Electronics,328.31,853,BrandA
9235,Everyone Without,Clothing,74.1,134,BrandA
9236,Figure Finish,Beauty,460.03,818,BrandD
9237,Focus Without,Home,50.71,644,BrandA
9238,Push Research,Toys,50.05,991,BrandB
9243,Conference Within,Clothing,262.45,856,BrandD
9245,Development Board,Clothing,380.82,604,BrandC
9246,Truth Should,Clothing,218.1,825,BrandC
9247,Least Evidence,Toys,280.42,283,BrandA
9251,Remain Nothing,Beauty,63.98,240,BrandC
9252,Current Shake,Books,26.05,180,BrandD
9255,Writer Ever,Beauty,270.98,5,BrandA
9257,Family Moment,Books,178.53,875,BrandC
9266,Reveal Exist,Electronics,209.8,48,BrandD
9267,House Reach,Books,182.15,417,BrandC
9271,Organization Letter,Home,236.82,559,BrandC
9272,Wait Dream,Home,405.49,626,BrandC
9273,Knowledge Parent,Books,489.13,508,BrandC
9277,Writer Year,Clothing,370.43,271,BrandC
9278,Low Newspaper,Home,352.75,204,BrandD
9284,Much Expect,Toys,395.2,30,BrandB
9288,Tough Get,Home,463.61,913,BrandA
9289,Visit A,Home,442.05,447,BrandB
9290,Whatever State,Beauty,225.03,817,BrandD
9291,Represent Under,Clothing,346.63,62,BrandD
9292,Middle How,Clothing,176.53,613,BrandA
9294,Finally Your,Home,355.85,957,BrandB
9298,Speak He,Books,363.52,536,BrandD
9305,Training Agree,Beauty,227.93,179,BrandC
9307,Trouble Here,Toys,395.46,659,BrandD
9312,Office A,Home,177.78,793,BrandA
9313,Student Fish,Toys,92.94,994,BrandB
9315,Attack Grow,Books,436.3,957,BrandB
9317,Democratic Wish,Toys,105.35,60,BrandD
9318,Field Building,Beauty,483.11,711,BrandB
9322,No Under,Beauty,270.71,414,BrandD
9328,Summer Cup,Clothing,463.51,766,BrandB
9330,Catch East,Home,102.97,635,BrandA
9332,Down Door,Beauty,399.89,228,BrandC
9336,Purpose These,Clothing,204.58,438,BrandC
9337,Worker Away,Toys,485.71,29,BrandC
9340,Very Out,Books,287.77,727,BrandC
9343,Executive Down,Electronics,241.57,626,BrandA
9344,Rock Involve,Books,120.11,443,BrandC
9349,Create Tell,Beauty,21.84,762,BrandD
9350,Recently Fight,Home,70.32,679,BrandC
9352,Tax Than,Books,371.81,72,BrandD
9353,Table And,Toys,106.07,564,BrandB
9357,Three Hotel,Electronics,382.59,781,BrandA
9359,Loss Board,Toys,36.35,152,BrandB
9361,Often Everyone,Home,38.1,483,BrandA
9362,Somebody Score,Books,318.85,418,BrandC
9364,Simply Into,Toys,92.38,100,BrandB
9369,Simply Challenge,Home,255.89,688,BrandA
9370,Day Available,Beauty,217.02,295,BrandD
9371,Media Answer,Beauty,240.52,165,BrandA
9373,Car Level,Books,199.32,766,BrandC
9376,Energy Watch,Electronics,171.72,59,BrandA
9378,Establish Serious,Beauty,382.01,504,BrandC
9381,Time Keep,Clothing,447.48,729,BrandC
9382,Involve Government,Electronics,326.84,532,BrandB
9383,Leave Explain,Electronics,330.46,398,BrandC
9388,Five One,Home,124.09,652,BrandB
9389,Attention Including,Toys,147.65,841,BrandC
9392,Subject Sure,Home,188.82,213,BrandD
9393,Administration Kid,Books,329.82,28,BrandB
9394,Ball Painting,Beauty,325.76,969,BrandA
9395,Do Simple,Books,14.57,635,BrandC
9400,World Nation,Books,472.51,784,BrandA
9402,Eight Both,Beauty,222.84,282,BrandB
9403,Their Arrive,Electronics,318.23,378,BrandC
9405,Media Seek,Beauty,72.14,483,BrandA
9408,Draw Growth,Books,426.07,83,BrandB
9409,Forward Two,Beauty,168.07,393,BrandD
9415,Method Month,Electronics,374.36,175,BrandD
9418,Green Past,Books,426.57,398,BrandB
9424,Us Reveal,Electronics,11.4,593,BrandD
9425,Push Environmental,Clothing,405.86,828,BrandC
9427,Area Standard,Toys,228.32,460,BrandD
9428,On On,Toys,28.01,830,BrandB
9429,Across Send,Toys,42.64,737,BrandB
9430,Bank Community,Electronics,485.33,971,BrandC
9431,Firm Use,Books,29.04,969,BrandD
9434,Film But,Home,420.18,45,BrandA
9436,Author Democratic,Home,191.56,883,BrandC
9438,Account Large,Beauty,214.27,427,BrandD
9439,Reason Industry,Home,416.29,361,BrandB
9440,Little Cut,Toys,442.53,828,BrandC
9445,Science Account,Books,22.24,244,BrandA
9448,Wall Itself,Clothing,166.69,472,BrandC
9451,For Could,Home,164.87,537,BrandA
9452,Ground Let,Home,308.27,137,BrandA
9456,Suddenly Especially,Beauty,387.24,896,BrandD
9460,Must Audience,Home,372.32,664,BrandC
9463,Natural During,Beauty,52.18,50,BrandB
9466,Whole Friend,Clothing,178.83,868,BrandB
9474,Bag Son,Toys,294.07,343,BrandD
9476,Training Most,Toys,149.15,55,BrandA
9477,Up Language,Toys,228.32,441,BrandD
9478,Call More,Home,169.99,809,BrandD
9480,Live Follow,Toys,401.33,65,BrandD
9483,Few Truth,Beauty,330.11,452,BrandA
9486,Tax Brother,Electronics,448.74,636,BrandC
9487,Arrive Of,Toys,414.38,104,BrandC
9488,Arm Need,Books,48.0,991,BrandD
9496,Find Walk,Toys,310.35,852,BrandC
9497,Indeed Couple,Electronics,250.92,194,BrandB
9498,Collection New,Beauty,181.53,499,BrandA
9499,Upon Food,Beauty,290.04,605,BrandA
9500,Thank Listen,Toys,8.58,109,BrandC
9502,Size Father,Books,241.46,484,BrandC
9504,Perhaps Glass,Electronics,359.97,594,BrandD
9506,Run Toward,Beauty,327.83,953,BrandD
9508,Yeah Degree,Clothing,240.54,359,BrandD
9513,Tend Majority,Electronics,301.4,743,BrandC
9516,Bed Level,Books,120.6,394,BrandC
9517,Blue Water,Toys,262.41,830,BrandC
9518,Tell Blue,Toys,169.71,680,BrandA
9519,Mean Defense,Electronics,364.53,787,BrandD
9520,Hot Rise,Electronics,204.89,357,BrandD
9521,Ahead Produce,Books,59.19,584,BrandA
9523,Everyone Apply,Books,195.56,843,BrandD
9526,Rate Dog,Books,379.46,15,BrandA
9528,Reflect Surface,Toys,471.8,721,BrandC
9530,College Possible,Clothing,146.95,317,BrandD
9532,Understand Affect,Books,190.81,853,BrandA
9533,Involve Century,Beauty,242.89,6,BrandC
9538,Along Size,Home,58.58,25,BrandB
9543,Organization Five,Beauty,134.65,868,BrandA
9546,Amount Within,Beauty,64.12,874,BrandB
9548,Sell Start,Home,113.91,729,BrandA
9550,Civil Job,Books,316.68,942,BrandB
9551,Already Month,Beauty,254.49,872,BrandD
9552,Enough They,Toys,19.23,719,BrandA
9557,Line Clearly,Home,343.56,277,BrandA
9559,Great Drug,Electronics,498.5,253,BrandC
9563,Player Other,Beauty,378.72,209,BrandA
9564,Character Remain,Clothing,499.35,611,BrandA
9565,Low Every,Toys,33.47,589,BrandA
9566,They Well,Electronics,342.99,11,BrandB
9570,Civil Bad,Clothing,416.76,294,BrandB
9573,Sit According,Clothing,346.87,789,BrandD
9574,Million Action,Home,309.12,356,BrandB
9575,Personal Including,Books,250.75,787,BrandC
9576,Scientist Camera,Beauty,282.72,944,BrandC
9578,Policy Sometimes,Clothing,403.4,139,BrandC
9580,Rise About,Books,365.15,140,BrandB
9585,Inside Term,Beauty,305.64,426,BrandA
9594,Expert Decade,Home,59.87,662,BrandA
9596,Ready List,Books,338.56,925,BrandD
9597,Raise Themselves,Beauty,27.25,633,BrandC
9599,Establish Data,Books,450.85,120,BrandA
9603,Prepare Identify,Toys,415.87,161,BrandA
9604,Mission Evening,Clothing,154.85,262,BrandB
9605,Side Stage,Clothing,197.59,174,BrandC
9606,Less Security,Clothing,21.51,839,BrandC
9607,Remember Create,Toys,366.87,816,BrandB
9609,Choice Choice,Clothing,495.76,267,BrandB
9610,Want Benefit,Toys,270.35,787,BrandA
9611,Approach He,Books,451.28,869,BrandA
9613,Order Whose,Toys,360.26,679,BrandB
9615,Meeting Congress,Electronics,434.25,580,BrandA
9618,Central Human,Toys,6.19,258,BrandA
9621,Only Somebody,Books,487.52,274,BrandD
9623,Service Main,Beauty,191.62,703,BrandA
9625,Contain Century,Home,97.15,973,BrandA
9629,Bit Line,Beauty,363.23,136,BrandD
9632,Produce Morning,Clothing,22.82,800,BrandA
9633,Serious Rise,Electronics,399.92,79,BrandB
9638,Get Cup,Electronics,297.91,236,BrandB
9640,Option Respond,Toys,210.21,664,BrandD
9641,Future Democrat,Toys,341.8,505,BrandA
9649,Not Contain,Home,186.71,757,BrandA
9653,Time Pressure,Books,281.13,240,BrandC
9655,Material Deal,Beauty,419.32,980,BrandA
9657,Send Particularly,Toys,353.6,400,BrandC
9659,Hand Example,Electronics,323.77,72,BrandA
9660,Those Professional,Home,481.09,296,BrandB
9662,Position On,Books,345.74,862,BrandC
9666,Make Go,Electronics,444.51,875,BrandC
9667,What Pm,Beauty,435.98,993,BrandB
9669,Such Different,Clothing,148.28,694,BrandB
9670,Coach See,Electronics,495.5,840,BrandD
9671,Bar Age,Books,315.35,829,BrandB
9672,Reflect Free,Beauty,480.13,184,BrandD
9676,Budget Wrong,Beauty,353.2,558,BrandC
9677,Visit Best,Books,113.79,971,BrandB
9678,Green Peace,Home,339.82,239,BrandC
9679,Area Special,Beauty,27.14,160,BrandB
9681,Himself Head,Beauty,120.7,827,BrandA
9682,Reflect Southern,Toys,13.31,56,BrandA
9683,Team Simple,Home,97.23,634,BrandA
9684,Back Particularly,Home,86.44,193,BrandD
9686,Return Feel,Clothing,299.37,108,BrandD
9689,Lawyer Pass,Electronics,15.94,409,BrandD
9690,Mention Cup,Toys,95.66,282,BrandB
9691,Say Figure,Home,14.12,669,BrandA
9693,Heart How,Books,144.92,99,BrandA
9700,American Particular,Toys,56.09,153,BrandB
9701,Line Step,Books,259.15,967,BrandD
9706,Might Under,Electronics,211.14,783,BrandB
9708,Describe Require,Home,137.08,632,BrandA
9710,Stay Tend,Clothing,222.17,278,BrandD
9715,View Rate,Clothing,38.7,287,BrandC
9718,Enter Company,Toys,150.25,357,BrandB
9722,Nature Respond,Toys,425.41,415,BrandC
9724,Movie Thousand,Home,381.73,383,BrandA
9725,Range Tax,Books,109.34,671,BrandD
9727,For Coach,Books,334.65,646,BrandB
9729,Somebody Glass,Clothing,99.05,894,BrandB
9732,Laugh Part,Electronics,322.17,815,BrandA
9734,Hospital Meeting,Clothing,301.42,787,BrandA
9735,Mouth Little,Electronics,208.42,254,BrandB
9736,Up Remain,Clothing,238.74,493,BrandA
9737,Shoulder I,Books,225.21,617,BrandB
9739,Consider Natural,Home,210.82,632,BrandB
9742,Receive Police,Electronics,195.39,848,BrandA
9743,Weight Brother,Electronics,56.63,497,BrandD
9749,Evening Though,Beauty,316.49,879,BrandA
9750,Consumer Know,Books,228.5,685,BrandA
9752,Very Natural,Clothing,108.81,236,BrandB
9758,Consumer Miss,Electronics,130.53,237,BrandB
9760,Wish Meeting,Home,147.85,293,BrandA
9761,Case Itself,Books,331.14,224,BrandC
9766,Theory Culture,Books,476.32,656,BrandC
9768,Adult Her,Electronics,196.18,388,BrandB
9770,Individual Road,Toys,446.7,254,BrandA
9772,Difficult Box,Home,163.0,16,BrandB
9780,Eat People,Home,246.54,365,BrandA
9783,Another In,Electronics,454.0,658,BrandA
9784,Body Account,Books,17.19,883,BrandC
9793,Event Size,Clothing,87.15,399,BrandB
9796,Carry Agree,Electronics,39.59,453,BrandA
9797,Once Hold,Electronics,14.76,762,BrandB
9799,Serve Sure,Home,108.87,106,BrandA
9800,Create Wind,Toys,161.26,220,BrandC
9803,Word Movement,Home,366.83,404,BrandD
9805,Send By,Books,359.93,654,BrandC
9809,Account Deal,Clothing,443.49,735,BrandC
9811,Similar Pay,Electronics,345.69,562,BrandC
9813,Management Out,Electronics,72.8,961,BrandD
9814,Walk Game,Clothing,193.15,42,BrandB
9818,Happy Person,Books,469.61,427,BrandC
9820,A Energy,Home,454.18,106,BrandB
9824,Represent Wonder,Clothing,408.71,459,BrandA
9829,Study Style,Clothing,36.29,666,BrandD
9830,Rather Though,Electronics,93.54,791,BrandB
9831,Reflect Indicate,Clothing,373.0,213,BrandC
9832,Plan Out,Toys,279.27,572,BrandD
9834,Ball Item,Home,436.03,537,BrandD
9836,Or President,Home,13.7,509,BrandD
9838,His Industry,Electronics,285.46,416,BrandB
9841,Process Step,Books,212.92,528,BrandB
9844,Arm Fly,Toys,279.14,180,BrandA
9845,Wear Democrat,Clothing,383.4,289,BrandD
9846,People Partner,Electronics,111.24,305,BrandC
9847,Hold Here,Electronics,328.48,228,BrandC
9848,Across Interview,Books,437.06,294,BrandB
9849,Anything Seven,Toys,221.01,546,BrandC
9850,Sign Candidate,Electronics,282.21,224,BrandD
9853,Space Like,Home,11.42,686,BrandC
9854,Phone Challenge,Beauty,354.36,759,BrandC
9856,Action Do,Books,269.97,758,BrandB
9857,Capital Trade,Beauty,84.83,233,BrandC
9858,International Right,Electronics,250.93,283,BrandB
9861,Especially Truth,Clothing,399.64,477,BrandA
9863,Instead Another,Beauty,495.28,842,BrandC
9864,Answer Exactly,Home,19.39,884,BrandB
9866,Let Find,Toys,69.39,726,BrandA
9867,Section Reality,Beauty,73.46,407,BrandA
9870,Movie Cell,Electronics,487.39,742,BrandA
9873,Drug South,Clothing,401.54,494,BrandC
9874,Option Mission,Books,118.31,429,BrandB
9877,Medical Bag,Home,202.74,18,BrandA
9878,Herself Blood,Books,17.6,83,BrandA
9881,These Pm,Electronics,82.58,899,BrandC
9882,Station You,Beauty,324.15,726,BrandD
9885,Know Situation,Toys,436.35,66,BrandC
9887,Process Strategy,Home,138.13,845,BrandA
9890,Its Doctor,Home,107.89,770,BrandA
9892,Degree Stay,Beauty,467.13,974,BrandB
9893,Radio Report,Clothing,225.24,32,BrandB
9895,Wear Alone,Books,195.53,699,BrandC
9897,Political Again,Home,81.25,197,BrandA
9898,He Here,Electronics,475.03,897,BrandB
9900,War Art,Home,79.23,268,BrandA
9902,Become Tonight,Beauty,269.39,793,BrandC
9904,Interest Power,Clothing,11.11,883,BrandC
9905,Figure Debate,Clothing,127.94,104,BrandD
9907,Area Itself,Clothing,139.11,753,BrandA
9909,Big Worry,Electronics,460.65,618,BrandC
9910,Write List,Toys,289.61,501,BrandD
9911,Hard Dinner,Beauty,286.24,414,BrandB
9914,Floor Stop,Clothing,205.81,581,BrandA
9915,Place Effect,Books,439.47,73,BrandA
9919,Rest More,Books,105.84,813,BrandD
9923,Must In,Beauty,419.36,743,BrandA
9926,Five Social,Home,233.79,789,BrandC
9927,Cost Hair,Beauty,381.1,102,BrandB
9928,On Spend,Electronics,83.14,843,BrandA
9929,Manager Five,Books,14.04,527,BrandC
9931,It News,Books,355.23,593,BrandD
9934,For Ready,Electronics,254.39,114,BrandC
9935,Visit Organization,Books,427.03,366,BrandC
9937,Use Doctor,Beauty,18.32,415,BrandD
9939,Play Half,Home,68.55,480,BrandB
9941,Middle Fear,Beauty,182.17,245,BrandC
9943,Office Show,Clothing,349.9,648,BrandD
9946,Vote Adult,Toys,64.95,892,BrandA
9947,Onto Analysis,Clothing,483.77,37,BrandB
9949,Choice Deep,Toys,414.83,273,BrandB
9950,Free Standard,Toys,246.23,560,BrandD
9952,Discover Stand,Clothing,47.1,349,BrandD
9953,Various How,Clothing,107.92,436,BrandC
9954,Fear Spring,Electronics,115.28,632,BrandD
9956,Alone Run,Electronics,22.95,530,BrandB
9957,Meet Buy,Clothing,313.06,435,BrandB
9959,Actually Real,Books,294.97,930,BrandC
9960,Reveal Simple,Clothing,180.58,607,BrandB
9961,Play Study,Electronics,83.84,993,BrandA
9962,Water Class,Clothing,192.66,290,BrandB
9964,Then With,Clothing,169.36,365,BrandA
9966,Box Yes,Books,177.18,157,BrandA
9967,Himself Seek,Home,44.05,439,BrandB
9968,Turn Treat,Clothing,194.44,203,BrandA
9970,Power Son,Books,373.32,392,BrandB
9972,Stand Fear,Clothing,296.28,313,BrandB
9973,Worker Increase,Home,151.44,26,BrandC
9976,Rise Behind,Clothing,127.89,575,BrandC
9977,List Recently,Books,174.68,748,BrandC
9978,Someone Break,Books,114.55,145,BrandA
9979,Fine Personal,Toys,102.52,358,BrandB
9981,Usually Expert,Clothing,482.03,285,BrandA
9984,Onto Exactly,Books,154.61,16,BrandB
9985,Able Movie,Books,23.27,117,BrandD
9986,Gas Budget,Clothing,477.16,159,BrandC
9988,Back Meet,Toys,15.48,649,BrandB
9989,Teacher Might,Beauty,368.89,960,BrandB
9990,Significant Exist,Electronics,330.52,300,BrandC
9991,Try Respond,Books,367.37,147,BrandD
9995,Civil Face,Books,261.68,699,BrandB
9996,Form Accept,Clothing,288.76,458,BrandB
9997,Down Physical,Electronics,142.55,620,BrandA
10004,Drive Campaign,Books,64.54,972,BrandC
10006,Between Support,Beauty,34.22,521,BrandB
10011,Education Production,Home,438.01,749,BrandD
10012,Seven Site,Electronics,306.25,421,BrandD
10013,Reason Population,Electronics,429.34,932,BrandD
10015,Project Recent,Home,223.97,492,BrandD
10016,Summer Success,Books,109.81,493,BrandA
10017,And Wear,Home,110.75,961,BrandB
10019,Ever Thank,Toys,204.68,980,BrandC
10020,Court Fill,Electronics,148.13,902,BrandB
10022,West Lay,Books,300.28,15,BrandB
10023,Work War,Home,190.42,391,BrandD
10028,Sport Bad,Books,185.22,664,BrandB
10029,Activity Society,Beauty,474.65,946,BrandD
10035,Degree Eat,Home,427.91,266,BrandC
10036,Financial Listen,Clothing,292.11,258,BrandD
10037,Possible That,Electronics,428.86,101,BrandA
10039,Doctor Hundred,Electronics,98.16,205,BrandA
10041,Argue Space,Books,38.42,322,BrandA
10042,Blood Fall,Electronics,81.2,127,BrandB
10046,Result Trouble,Electronics,467.02,265,BrandC
10047,Always How,Home,197.08,585,BrandD
10048,Truth Bill,Books,197.01,830,BrandD
10049,Take Trade,Beauty,175.69,899,BrandC
10051,Place Cultural,Books,46.74,408,BrandD
10053,Score Send,Toys,425.15,528,BrandD
10054,Good Go,Toys,88.65,840,BrandA
10057,Wind Course,Clothing,477.04,345,BrandA
10058,Set Stay,Beauty,164.82,172,BrandD
10060,Process His,Home,308.98,917,BrandA
10062,Turn Loss,Beauty,28.0,931,BrandA
10064,Size Talk,Toys,475.51,527,BrandA
10069,Head Expert,Beauty,86.9,271,BrandC
10070,Program Herself,Home,345.09,850,BrandC
10078,Someone Happen,Beauty,78.99,269,BrandB
10079,Dog Person,Toys,464.4,974,BrandD
10084,Indeed Attention,Electronics,303.08,621,BrandA
10085,Matter Matter,Books,416.42,116,BrandB
10086,Believe Open,Electronics,382.69,643,BrandD
10087,Exist Letter,Home,170.83,88,BrandD
10088,Apply Hair,Electronics,239.49,297,BrandD
10091,Party Pull,Toys,116.33,670,BrandC
10092,Item Model,Clothing,460.5,29,BrandA
10094,Analysis Politics,Electronics,445.81,364,BrandC
10095,Property Page,Books,467.36,749,BrandC
10097,Tree News,Toys,449.37,959,BrandB
10098,Science On,Home,28.95,338,BrandD
10099,Modern Prevent,Home,149.63,62,BrandC
10100,Picture Keep,Toys,188.44,759,BrandC
10101,Than How,Home,53.26,242,BrandB
10105,Question Long,Clothing,94.54,990,BrandA
10106,Marriage Ok,Beauty,409.79,527,BrandC
10108,Development Low,Electronics,84.84,963,BrandA
10111,Natural Study,Clothing,495.6,828,BrandA
10112,In Take,Home,260.65,520,BrandA
10115,Unit Remember,Clothing,229.61,494,BrandA
10117,Environmental Ok,Beauty,200.15,605,BrandA
10118,War That,Home,92.98,391,BrandD
10120,Sometimes Two,Books,399.95,999,BrandD
10121,Him Major,Toys,35.63,334,BrandA
10123,Their Center,Books,114.62,707,BrandD
10125,Successful Claim,Beauty,472.13,692,BrandB
10126,Against Nothing,Electronics,361.21,192,BrandC
10127,Commercial Project,Toys,94.71,268,BrandB
10129,Rule Table,Beauty,102.59,68,BrandD
10131,A For,Beauty,394.55,320,BrandC
10134,Animal Rule,Clothing,398.64,651,BrandB
10137,Art The,Beauty,440.2,595,BrandB
10138,Out Doctor,Beauty,20.18,430,BrandD
10142,Share Finally,Beauty,249.76,40,BrandA
10143,Across Cause,Home,460.79,137,BrandA
10146,Back Threat,Toys,395.08,840,BrandB
10147,Market Compare,Beauty,102.84,14,BrandA
10149,Suggest Laugh,Beauty,436.16,177,BrandC
10154,Benefit Table,Home,307.98,971,BrandD
10155,Arrive Present,Home,423.16,227,BrandB
10162,Store Capital,Electronics,306.3,281,BrandB
10163,Hotel Charge,Home,160.02,531,BrandC
10167,Indicate My,Clothing,357.1,741,BrandB
10170,From Network,Clothing,487.34,987,BrandA
10171,Good Television,Electronics,51.32,798,BrandA
10173,Something Ready,Toys,27.27,996,BrandB
10175,Someone Our,Toys,268.12,754,BrandB
10176,Economic Child,Clothing,333.77,263,BrandC
10178,Key Need,Books,428.26,347,BrandB
10179,Black Concern,Home,258.15,772,BrandC
10180,More Wish,Beauty,101.46,240,BrandA
10181,Figure Class,Home,421.78,124,BrandB
10183,Carry Door,Beauty,147.04,269,BrandC
10187,Sense Two,Toys,85.41,850,BrandB
10190,Investment Owner,Home,117.78,659,BrandD
10194,Degree Single,Beauty,173.16,214,BrandB
10195,Data Short,Electronics,228.9,458,BrandD
10201,Woman Behind,Books,226.03,557,BrandB
10202,Attention Lawyer,Clothing,275.93,703,BrandD
10203,Computer Into,Toys,292.07,882,BrandA
10207,Anything Area,Home,480.23,802,BrandD
10208,Check Alone,Electronics,15.22,201,BrandA
10211,Candidate Country,Toys,165.65,243,BrandA
10212,Simply Human,Clothing,192.33,284,BrandB
10214,Low Each,Toys,260.39,30,BrandB
10215,Say Store,Home,357.75,888,BrandC
10216,Where Give,Beauty,171.65,795,BrandC
10218,General Positive,Clothing,484.93,587,BrandD
10219,Want Test,Beauty,307.85,660,BrandD
10220,Agency Parent,Books,144.2,871,BrandB
10223,Water Sport,Books,297.61,459,BrandB
10224,Feeling Deal,Books,11.51,303,BrandC
10225,Fish Commercial,Electronics,403.58,129,BrandA
10230,Fish Focus,Home,135.31,923,BrandB
10232,Son Own,Books,89.9,154,BrandD
10233,According Culture,Beauty,248.14,856,BrandC
10234,Move Account,Clothing,183.72,178,BrandC
10237,Have Difficult,Books,499.33,48,BrandD
10240,Wind Rest,Electronics,276.96,341,BrandC
10242,Just Various,Beauty,34.91,976,BrandC
10243,Middle Article,Clothing,262.86,300,BrandC
10248,Health Series,Beauty,154.21,980,BrandB
10250,Minute Prepare,Books,478.35,8,BrandA
10252,Media Third,Home,92.79,349,BrandD
10253,Hit Beautiful,Beauty,481.02,925,BrandA
10254,Information Until,Clothing,392.08,170,BrandB
10257,Heavy Word,Electronics,294.03,772,BrandC
10263,Network Brother,Beauty,84.55,247,BrandD
10264,Fly Side,Clothing,212.45,637,BrandA
10266,Its Church,Books,457.75,876,BrandC
10271,Style He,Beauty,390.72,658,BrandA
10273,Cut Street,Clothing,12.81,809,BrandC
10274,Family Send,Books,332.24,766,BrandC
10275,Mind Interest,Beauty,362.1,764,BrandC
10276,Although Machine,Beauty,355.82,119,BrandD
10277,Them Last,Toys,496.26,681,BrandD
10279,First Edge,Electronics,202.66,238,BrandB
10281,Skin Foot,Home,299.02,876,BrandB
10284,Executive Kitchen,Books,11.48,962,BrandC
10287,Pm Standard,Books,286.77,764,BrandD
10288,Run Company,Electronics,30.09,719,BrandA
10289,Leave Right,Toys,279.78,957,BrandB
10290,Form Property,Toys,37.04,645,BrandA
10291,Rather Degree,Clothing,464.54,429,BrandA
10297,Into For,Books,25.49,203,BrandA
10299,Head Learn,Clothing,46.57,866,BrandB
10300,Born Million,Electronics,401.17,691,BrandA
10302,Rate Management,Home,236.68,339,BrandD
10303,Spend Decision,Beauty,128.97,574,BrandA
10304,Floor Rule,Beauty,421.06,513,BrandC
10305,Help Other,Clothing,193.52,253,BrandD
10306,Year Fear,Clothing,148.58,506,BrandA
10309,Western Safe,Clothing,474.46,131,BrandC
10315,City Nothing,Books,484.56,776,BrandD
10317,President Happy,Electronics,213.23,461,BrandC
10319,Party Loss,Clothing,11.85,917,BrandD
10322,Conference Letter,Books,109.37,898,BrandA
10323,Side Meeting,Beauty,182.57,80,BrandD
10324,Customer Hot,Electronics,50.31,646,BrandD
10328,They Talk,Electronics,30.69,870,BrandC
10331,Finally Customer,Clothing,424.27,205,BrandD
10333,Area Address,Electronics,42.98,177,BrandB
10334,Within Wait,Home,292.09,99,BrandA
10335,Do Million,Home,66.87,670,BrandD
10336,This Positive,Clothing,387.48,735,BrandB
10338,Tree Certain,Clothing,50.42,447,BrandA
10339,Rate Huge,Clothing,241.2,830,BrandA
10342,American Music,Toys,137.81,940,BrandB
10344,Generation Continue,Beauty,457.85,698,BrandC
10347,Site Image,Clothing,279.89,713,BrandA
10349,Poor Control,Toys,441.7,108,BrandD
10350,Stuff Total,Books,214.55,144,BrandC
10352,Tv Research,Clothing,348.19,595,BrandB
10354,Fund Gas,Clothing,426.2,984,BrandB
10359,Property Drive,Clothing,14.62,152,BrandD
10360,Language Somebody,Clothing,74.67,713,BrandD
10361,Wide Remember,Home,57.84,383,BrandC
10365,Wear Up,Home,366.69,572,BrandB
10366,Political Also,Clothing,445.94,930,BrandB
10367,Challenge Election,Beauty,472.25,993,BrandB
10372,Learn Child,Clothing,317.35,518,BrandC
10373,Couple Fly,Home,164.14,401,BrandA
10374,Than Activity,Toys,219.74,946,BrandB
10375,Defense Way,Clothing,50.77,916,BrandC
10378,Economy Growth,Home,314.13,939,BrandD
10379,Room Nor,Beauty,21.45,827,BrandB
10381,Music Require,Books,196.71,755,BrandB
10388,Little Pm,Electronics,174.16,618,BrandD
10393,Stand Crime,Home,249.5,120,BrandD
10395,Staff Black,Clothing,387.74,572,BrandC
10399,Thank Mention,Electronics,399.85,361,BrandA
10401,Year Activity,Toys,159.41,830,BrandD
10402,Involve Though,Electronics,172.76,332,BrandD
10406,Product Energy,Clothing,319.0,462,BrandC
10408,Well Something,Home,109.92,543,BrandA
10411,Born Thus,Electronics,355.83,854,BrandD
10413,Continue Performance,Clothing,105.52,28,BrandB
10414,Chair Sea,Beauty,466.76,617,BrandC
10415,Any Field,Beauty,5.62,706,BrandA
10416,Color Shake,Toys,181.12,159,BrandD
10417,Particularly Detail,Books,123.97,875,BrandA
10422,Expect Yet,Books,396.31,589,BrandD
10424,Discussion Couple,Clothing,399.83,123,BrandB
10429,Job Here,Home,35.12,451,BrandC
10431,Side Most,Electronics,123.89,589,BrandD
10434,Record Participant,Electronics,53.09,174,BrandB
10436,Operation Who,Books,399.17,767,BrandA
10437,Grow Customer,Clothing,351.64,540,BrandD
10438,Course Off,Beauty,255.58,517,BrandA
10440,Particular Which,Clothing,99.72,290,BrandC
10443,Trip Lose,Books,81.42,207,BrandD
10444,Inside Office,Beauty,210.97,708,BrandD
10446,My Necessary,Books,265.82,864,BrandD
10447,Off Notice,Beauty,179.71,425,BrandC
10450,Officer Respond,Books,494.04,151,BrandD
10457,Model Or,Beauty,255.29,235,BrandD
10460,Act Age,Books,143.86,632,BrandA
10463,Half In,Home,337.47,164,BrandA
10467,Most Successful,Books,207.54,707,BrandB
10468,Contain Bag,Beauty,320.73,367,BrandC
10469,Staff On,Beauty,20.75,637,BrandC
10470,Respond Brother,Clothing,328.06,504,BrandA
10476,Attention Authority,Toys,400.68,572,BrandD
10477,Director Single,Toys,238.54,382,BrandC
10479,Certainly Only,Toys,482.12,66,BrandD
10480,National Fall,Home,250.25,703,BrandA
10481,Administration We,Clothing,254.65,858,BrandA
10483,Another Marriage,Books,499.21,43,BrandB
10487,Claim Upon,Beauty,40.74,925,BrandA
10490,Perhaps Writer,Toys,299.66,482,BrandB
10492,Source Father,Books,317.52,848,BrandA
10495,In May,Clothing,392.37,178,BrandA
10496,Treat Student,Books,315.67,686,BrandC
10498,Main Late,Clothing,78.1,247,BrandA
10499,Would Off,Toys,186.79,517,BrandD
10500,Him Sort,Electronics,339.27,6,BrandA
10501,Best Practice,Home,237.46,34,BrandA
10505,Adult Almost,Books,392.8,558,BrandC
10507,Capital Morning,Electronics,358.6,888,BrandB
10510,Between Traditional,Books,340.9,579,BrandB
10511,Air Effect,Clothing,122.06,129,BrandA
10512,Smile Gun,Beauty,36.71,589,BrandD
10513,Well Cup,Books,127.2,966,BrandC
10515,Capital Per,Toys,160.09,477,BrandB
10517,From Grow,Home,8.7,673,BrandA
10519,Drop Mention,Beauty,385.5,504,BrandC
10520,Executive Relationship,Books,244.19,844,BrandC
10521,Center Prove,Beauty,169.13,676,BrandA
10522,Set Relate,Books,75.72,543,BrandB
10525,Item Operation,Clothing,424.06,444,BrandB
10530,A Lose,Beauty,328.23,169,BrandA
10532,Begin Chair,Home,5.67,249,BrandC
10533,College Well,Clothing,39.35,844,BrandA
10535,After Black,Electronics,404.02,796,BrandC
10538,Blood Movie,Home,32.6,620,BrandC
10539,Really Five,Beauty,124.73,84,BrandA
10540,Trade Understand,Electronics,415.58,726,BrandC
10541,First Black,Home,419.61,58,BrandB
10544,Line Major,Home,491.7,496,BrandD
10547,Expect National,Toys,402.99,234,BrandB
10554,These Night,Books,357.69,230,BrandB
10556,Term Stock,Home,231.13,785,BrandB
10560,Job Several,Beauty,126.42,180,BrandC
10561,Trade Middle,Books,332.5,898,BrandC
10562,Same Data,Clothing,56.01,978,BrandA
10563,Program Figure,Electronics,125.34,239,BrandD
10565,Decision My,Beauty,79.48,160,BrandD
10566,Name Energy,Clothing,262.81,434,BrandD
10567,Week Speak,Beauty,404.88,723,BrandC
10569,Foreign Better,Beauty,105.34,800,BrandB
10573,Benefit Get,Beauty,191.73,880,BrandD
10574,Voice Society,Toys,53.59,849,BrandB
10575,Matter Avoid,Electronics,70.03,884,BrandC
10576,Individual Specific,Beauty,449.61,107,BrandD
10577,Either Party,Home,402.23,25,BrandA
10578,Fill Parent,Books,78.78,494,BrandC
10580,Investment Against,Clothing,280.1,376,BrandD
10582,Who Big,Books,386.76,370,BrandA
10584,Pick Agreement,Home,284.54,858,BrandA
10585,Another Friend,Clothing,388.21,747,BrandD
10586,None Plan,Beauty,125.05,105,BrandA
10587,Reduce Art,Beauty,321.49,546,BrandD
10588,Oil Data,Books,265.05,989,BrandC
10590,Figure Become,Clothing,466.62,271,BrandA
10591,Teach Pull,Clothing,359.2,725,BrandD
10592,Those Eight,Home,175.87,460,BrandA
10593,Half Agency,Books,377.01,668,BrandD
10601,Role Down,Toys,303.1,166,BrandC
10602,Mr Change,Toys,29.64,940,BrandB
10603,Firm Difficult,Toys,304.31,374,BrandD
10607,Treatment North,Home,372.69,41,BrandB
10611,Staff Father,Books,376.34,872,BrandC
10617,Book Who,Beauty,198.48,17,BrandC
10619,Project To,Beauty,63.88,670,BrandA
10620,Deep Phone,Books,180.78,345,BrandC
10621,Threat Often,Home,93.2,510,BrandC
10622,Reduce Lot,Toys,88.66,844,BrandB
10623,Offer Benefit,Toys,320.39,652,BrandA
10624,Civil Letter,Toys,174.1,352,BrandD
10627,Fire Go,Toys,307.96,388,BrandC
10628,Region Education,Books,381.22,776,BrandB
10629,Know Down,Electronics,299.89,487,BrandD
10633,Drive Often,Beauty,91.53,268,BrandD
10636,Protect Gun,Clothing,279.19,624,BrandD
10638,Today Staff,Books,105.91,974,BrandB
10639,Local Appear,Clothing,340.17,600,BrandC
10642,Evening Feel,Electronics,445.78,67,BrandB
10643,Clearly Only,Home,434.35,28,BrandD
10646,Seek Build,Beauty,202.91,844,BrandC
10648,Ten Soon,Home,492.63,969,BrandA
10651,Fast Pay,Beauty,55.99,908,BrandD
10652,Thank Bit,Electronics,194.47,315,BrandD
10653,Soldier History,Clothing,257.12,955,BrandC
10654,Become Also,Books,11.79,827,BrandC
10655,Full Approach,Clothing,370.4,638,BrandA
10657,Company As,Toys,337.86,76,BrandB
10658,Author Ask,Clothing,52.58,939,BrandA
10660,Establish Seem,Toys,453.59,79,BrandA
10661,Should Any,Clothing,32.79,936,BrandC
10663,Tonight Memory,Books,72.4,517,BrandB
10664,Expect News,Books,362.25,543,BrandB
10667,Draw Run,Toys,25.74,379,BrandD
10669,Floor Society,Beauty,153.53,60,BrandB
10673,Hospital Industry,Beauty,50.66,787,BrandB
10675,Newspaper Son,Clothing,24.46,343,BrandA
10676,Animal Nearly,Beauty,409.85,479,BrandA
10679,Such Or,Books,369.24,895,BrandA
10680,Group Record,Beauty,54.65,754,BrandB
10682,Amount Similar,Beauty,446.12,127,BrandD
10685,Pm Evidence,Electronics,235.87,21,BrandC
10686,See Western,Toys,65.6,42,BrandC
10688,Why School,Home,340.09,743,BrandD
10689,Effort Lawyer,Home,465.8,147,BrandC
10692,Three Late,Books,33.23,39,BrandC
10697,Group Floor,Clothing,446.48,614,BrandC
10698,Understand Own,Toys,263.97,811,BrandD
10699,Focus Exactly,Books,185.68,403,BrandC
10700,School Seek,Electronics,75.06,615,BrandC
10701,Offer Owner,Books,343.66,647,BrandB
10704,Later Body,Clothing,475.38,136,BrandD
10706,Huge Resource,Electronics,38.59,703,BrandB
10708,Success Institution,Beauty,383.12,435,BrandB
10709,Growth Outside,Books,69.13,272,BrandA
10715,Prepare Often,Electronics,181.31,563,BrandD
10718,Statement We,Electronics,304.27,519,BrandC
10720,Kitchen Entire,Toys,462.76,308,BrandD
10721,Perform Their,Toys,279.51,636,BrandD
10722,Not Under,Books,294.52,215,BrandB
10723,Chair Choose,Toys,33.77,592,BrandC
10724,Wonder Room,Books,144.38,956,BrandA
10728,Possible South,Toys,72.92,668,BrandD
10729,Strategy Grow,Electronics,242.45,40,BrandA
10730,Employee Try,Books,166.15,346,BrandB
10731,National Here,Toys,41.63,697,BrandA
10733,Social Reveal,Books,214.97,843,BrandD
10738,Hard Carry,Home,333.28,920,BrandA
10739,Send Score,Beauty,326.86,195,BrandB
10740,Subject Small,Beauty,40.59,229,BrandB
10741,Together Office,Electronics,37.47,197,BrandC
10742,Spend Long,Home,342.44,892,BrandD
10746,Whatever Develop,Home,254.35,617,BrandB
10752,Either Five,Electronics,60.96,633,BrandD
10755,Degree Family,Clothing,21.05,956,BrandD
10756,Television Time,Beauty,430.09,318,BrandB
10759,Education Research,Toys,435.92,588,BrandC
10766,Argue Use,Toys,109.97,343,BrandB
10768,Method Boy,Toys,220.84,697,BrandA
10770,Let Debate,Home,118.69,954,BrandC
10773,Whole Election,Books,20.21,585,BrandC
10781,Push Nothing,Electronics,327.77,642,BrandD
10783,Arrive Walk,Toys,39.91,552,BrandB
10787,Film Peace,Toys,404.8,68,BrandA
10789,Control New,Toys,41.93,561,BrandB
10791,Order Nor,Toys,182.16,713,BrandD
10794,House Century,Clothing,280.64,814,BrandD
10796,Quickly Record,Beauty,466.44,97,BrandC
10798,Budget Ever,Toys,105.36,955,BrandD
10800,Response Nearly,Home,127.65,450,BrandB
10802,Save Mention,Beauty,280.66,246,BrandA
10805,All Accept,Home,68.59,926,BrandC
10806,Create Before,Beauty,315.46,731,BrandC
10809,Perhaps Learn,Clothing,427.32,946,BrandC
10810,Leader Student,Electronics,474.92,59,BrandA
10815,Test Try,Electronics,206.29,513,BrandA
10821,Guess Money,Clothing,228.09,645,BrandA
10823,Theory Involve,Beauty,80.36,798,BrandB
10824,Class Data,Home,74.4,821,BrandB
10825,Test Agreement,Toys,97.29,355,BrandC
10829,Ask Read,Clothing,262.62,129,BrandC
10831,Notice Opportunity,Toys,277.1,294,BrandB
10836,Teach Size,Toys,259.72,230,BrandC
10839,Seek Cultural,Home,316.97,710,BrandD
10840,Get Single,Clothing,182.26,268,BrandA
10842,Let Heavy,Toys,235.13,436,BrandA
10843,Box Continue,Toys,321.07,611,BrandD
10845,Dog Table,Clothing,430.06,252,BrandA
10848,Create Blood,Beauty,215.18,625,BrandC
10849,Behavior Reveal,Electronics,199.83,918,BrandD
10851,Professional Point,Clothing,140.55,545,BrandA
10853,Employee Also,Clothing,394.11,958,BrandC
10855,Each Check,Clothing,289.42,626,BrandC
10857,Sport When,Books,326.61,599,BrandB
10858,Follow Safe,Books,418.8,738,BrandA
10859,Party Wife,Home,98.35,147,BrandB
10861,Between Understand,Electronics,267.38,106,BrandB
10864,Address Business,Electronics,394.75,336,BrandA
10866,Alone Election,Toys,358.06,389,BrandB
10868,Human Available,Clothing,257.93,28,BrandB
10869,Consumer Early,Beauty,444.83,903,BrandC
10871,Appear Condition,Books,220.1,514,BrandA
10872,Box Suggest,Toys,39.08,595,BrandD
10873,Reduce Keep,Beauty,36.51,286,BrandB
10876,Magazine Cover,Home,494.01,393,BrandA
10881,Position Movie,Beauty,482.73,573,BrandD
10883,With Box,Beauty,446.18,158,BrandB
10885,Stay Pretty,Beauty,177.19,174,BrandA
10886,Grow Congress,Home,455.17,664,BrandC
10892,Character Exist,Clothing,344.12,920,BrandB
10893,Can Over,Clothing,256.82,515,BrandC
10896,Direction Use,Home,105.38,219,BrandC
10898,Appear Happy,Beauty,281.14,262,BrandC
10903,Read Design,Toys,230.62,920,BrandA
10908,Interest Such,Beauty,186.43,997,BrandD
10909,Story Owner,Books,25.71,951,BrandA
10911,Property Seem,Books,71.91,131,BrandB
10912,Position Decision,Books,57.49,688,BrandD
10913,Data Really,Clothing,296.45,48,BrandC
10916,School Front,Beauty,278.49,395,BrandA
10918,Listen Evidence,Home,372.64,767,BrandC
10922,Case Check,Toys,115.16,431,BrandA
10923,Way Act,Toys,298.87,924,BrandD
10924,Home Firm,Clothing,136.03,951,BrandB
10925,Character Easy,Beauty,55.86,52,BrandC
10926,Green History,Beauty,246.0,421,BrandD
10927,Everyone Life,Beauty,409.82,730,BrandA
10928,Few Rather,Clothing,311.14,108,BrandD
10929,Movie Language,Books,182.64,678,BrandD
10930,So Same,Beauty,414.96,251,BrandB
10933,Within Professor,Beauty,306.73,321,BrandC
10934,Say Most,Clothing,475.19,653,BrandB
10935,Popular Sing,Electronics,395.78,667,BrandB
10936,Total That,Clothing,77.63,159,BrandC
10939,Foot Stage,Clothing,297.6,350,BrandC
10944,Poor Degree,Beauty,231.79,368,BrandC
10948,Trip Yet,Electronics,326.02,288,BrandD
10951,On Her,Clothing,70.23,655,BrandB
10953,Chair Late,Toys,483.39,557,BrandB
10955,Too Oil,Electronics,184.96,564,BrandB
10958,Expect Continue,Clothing,121.98,5,BrandD
10961,Certain True,Beauty,341.32,106,BrandB
10962,Oil Under,Electronics,319.37,274,BrandB
10965,Step Old,Electronics,103.78,369,BrandA
10966,Huge Expect,Beauty,476.84,190,BrandC
10967,That Week,Electronics,270.89,257,BrandA
10968,Indicate Suggest,Books,431.27,64,BrandD
10969,Hold Special,Toys,155.61,903,BrandD
10970,Cup Charge,Electronics,300.79,486,BrandC
10971,Seek Similar,Books,301.81,980,BrandC
10973,Hundred Must,Toys,234.2,828,BrandB
10975,Whom Store,Clothing,35.06,443,BrandC
10979,Wonder Entire,Books,254.27,966,BrandA
10983,Cut Decision,Clothing,384.65,238,BrandB
10984,Walk Still,Toys,261.48,275,BrandC
10988,Always Training,Toys,254.34,590,BrandB
10990,Form Suggest,Electronics,436.33,79,BrandC
10992,Case Security,Clothing,183.82,89,BrandB
10995,Myself Song,Clothing,365.71,46,BrandC
10998,Hold From,Home,151.06,811,BrandB
10999,Recently Quickly,Toys,437.53,516,BrandB
11000,Actually It,Books,174.39,100,BrandB
11001,Vote Approach,Books,270.27,805,BrandA
11002,Picture Scene,Books,496.81,927,BrandC
11003,Product Particularly,Beauty,479.02,435,BrandD
11004,Debate Newspaper,Toys,125.48,526,BrandA
11006,Where Case,Beauty,400.18,214,BrandB
11009,Direction Series,Electronics,281.7,642,BrandB
11010,Between Agency,Books,410.61,694,BrandD
11018,Buy East,Beauty,445.37,591,BrandD
11023,Series Sense,Beauty,161.31,352,BrandD
11024,That Upon,Clothing,279.96,263,BrandD
11025,Customer Red,Books,458.96,404,BrandC
11026,Score Age,Books,144.27,623,BrandA
11030,Foot Down,Toys,193.95,996,BrandB
11031,Well Anyone,Toys,146.86,374,BrandC
11037,Close Such,Toys,424.69,744,BrandB
11039,Forget Firm,Beauty,147.39,342,BrandA
11041,Event World,Home,222.41,17,BrandC
11042,Attention Already,Toys,337.2,985,BrandB
11043,Better Green,Beauty,485.81,662,BrandA
11045,Senior Right,Beauty,42.9,713,BrandD
11046,Room Government,Toys,92.87,142,BrandD
11049,Off Rich,Clothing,13.72,336,BrandB
11050,Former Too,Beauty,54.02,921,BrandA
11051,Budget Allow,Books,499.68,998,BrandA
11052,Inside Season,Clothing,201.36,676,BrandC
11053,Party Affect,Books,23.12,240,BrandD
11054,Gun House,Clothing,283.95,737,BrandC
11055,Information Measure,Electronics,199.8,526,BrandA
11056,Rate Court,Electronics,23.46,110,BrandD
11057,Worker Measure,Clothing,15.81,81,BrandC
11060,Figure Child,Beauty,311.13,136,BrandD
11061,Himself Watch,Books,153.26,588,BrandA
11063,Opportunity Outside,Books,402.83,43,BrandA
11064,Mouth Animal,Books,118.36,760,BrandB
11066,Whom Throughout,Toys,400.43,347,BrandA
11070,Appear Evening,Home,221.84,463,BrandB
11072,Organization Catch,Beauty,481.81,314,BrandA
11075,Fund State,Books,272.61,289,BrandA
11076,Treatment Within,Electronics,99.83,881,BrandA
11077,Could Outside,Toys,359.62,624,BrandD
11078,Next Board,Toys,460.01,721,BrandA
11079,Media Most,Clothing,403.95,863,BrandD
11080,Them Network,Electronics,357.27,845,BrandA
11081,Position Skin,Books,130.52,480,BrandD
11082,Picture Car,Home,119.35,215,BrandA
11086,College Magazine,Home,242.63,478,BrandD
11087,Not Difference,Electronics,402.26,840,BrandD
11088,Newspaper Until,Beauty,295.49,962,BrandB
11089,Difference Recently,Beauty,223.88,527,BrandD
11090,Hospital Police,Home,391.78,858,BrandA
11092,Nor Space,Clothing,479.0,515,BrandB
11093,It Truth,Books,339.6,533,BrandD
11094,White Into,Toys,25.91,943,BrandD
11095,Plan Language,Clothing,52.74,309,BrandC
11096,Much Make,Home,394.59,859,BrandA
11098,Civil Event,Electronics,160.57,435,BrandD
11106,Series Learn,Beauty,342.51,364,BrandA
11109,Design Draw,Toys,180.71,550,BrandD
11112,Charge Baby,Beauty,65.77,376,BrandC
11114,Federal Yeah,Home,347.26,900,BrandC
11116,Experience Relationship,Beauty,428.78,934,BrandA
11117,Through Third,Toys,309.81,976,BrandD
11118,Scientist Occur,Electronics,385.73,641,BrandC
11119,Run Her,Toys,137.3,11,BrandA
11120,At Ever,Clothing,413.48,153,BrandA
11121,Too Another,Home,345.75,663,BrandD
11125,Ahead Out,Home,128.55,508,BrandC
11126,Issue Camera,Toys,335.17,129,BrandD
11128,Move Stand,Home,33.58,248,BrandA
11129,Face Manager,Beauty,415.2,752,BrandD
11130,Begin North,Toys,156.36,88,BrandA
11131,Old Thing,Home,69.45,980,BrandC
11136,In South,Books,112.4,417,BrandD
11140,Force Ask,Electronics,182.49,842,BrandA
11144,Toward Leg,Toys,187.95,437,BrandB
11146,Unit Prove,Toys,456.29,887,BrandD
11150,Myself Why,Toys,432.99,850,BrandB
11153,American Spend,Books,15.4,460,BrandA
11155,Positive Approach,Electronics,135.48,439,BrandC
11156,Our According,Electronics,475.58,580,BrandB
11158,Fund Small,Books,126.56,716,BrandA
11159,Tv Significant,Toys,379.55,132,BrandD
11161,Chance Young,Toys,241.5,511,BrandA
11162,Outside Test,Clothing,251.0,661,BrandD
11164,American Manage,Books,389.01,164,BrandC
11166,Card Store,Books,106.69,457,BrandC
11170,Least Result,Beauty,476.93,732,BrandA
11173,Past Write,Books,220.44,169,BrandA
11176,Behavior Cause,Electronics,159.4,988,BrandA
11177,Unit Draw,Toys,335.8,268,BrandD
11178,Tough American,Books,250.02,631,BrandA
11181,Follow Challenge,Home,397.72,503,BrandB
11185,Meeting Language,Clothing,136.43,204,BrandC
11186,Range Population,Toys,52.97,493,BrandA
11187,Majority Watch,Home,126.33,943,BrandC
11189,Whom For,Toys,367.93,542,BrandB
11190,Want Relationship,Toys,125.34,18,BrandA
11201,Enough Contain,Home,203.25,794,BrandB
11202,Step Arrive,Beauty,305.07,31,BrandD
11203,Medical Wait,Home,216.34,582,BrandA
11205,Exist Weight,Toys,122.68,525,BrandC
11206,Because Them,Toys,187.62,229,BrandD
11213,See Stage,Books,492.05,977,BrandC
11214,Answer Across,Home,440.44,170,BrandD
11217,Foot Tree,Books,164.79,329,BrandD
11218,Wait Leave,Books,481.29,371,BrandD
11220,Daughter Town,Books,462.95,501,BrandD
11221,Quickly Moment,Toys,420.09,677,BrandB
11226,Pressure Whose,Beauty,244.87,886,BrandD
11231,Hand Compare,Home,483.38,409,BrandD
11234,Sport House,Beauty,100.72,998,BrandC
11235,Attack Small,Electronics,187.95,930,BrandC
11238,Network Guy,Electronics,121.4,795,BrandA
11240,Religious Sort,Beauty,362.08,385,BrandD
11243,Head One,Books,484.43,208,BrandB
11246,Soon Cause,Beauty,225.97,260,BrandA
11249,Customer Modern,Toys,164.87,798,BrandD
11255,Able Air,Electronics,293.24,773,BrandD
11257,Relationship Choose,Electronics,327.4,16,BrandA
11258,Likely Both,Books,270.56,632,BrandC
11259,None Near,Toys,451.67,656,BrandC
11261,Hair Tend,Electronics,472.03,155,BrandC
11263,During Middle,Toys,341.23,522,BrandD
11265,Water Allow,Toys,249.36,530,BrandD
11266,Realize Activity,Electronics,315.09,154,BrandA
11269,Tend Fine,Clothing,337.02,561,BrandC
11271,Wind Agency,Beauty,292.42,553,BrandC
11272,Everyone Series,Clothing,196.67,217,BrandA
11273,Reason Fine,Electronics,142.63,700,BrandD
11274,Already General,Toys,123.77,842,BrandA
11276,Have Score,Electronics,386.91,268,BrandD
11280,Picture Range,Clothing,248.49,725,BrandB
11287,Result Yes,Toys,410.03,122,BrandC
11289,Loss Yourself,Electronics,316.39,172,BrandC
11290,Them Seek,Beauty,198.57,363,BrandD
11298,Important Skill,Beauty,181.6,657,BrandB
11299,Worry Issue,Beauty,425.93,189,BrandD
11300,Nation Final,Books,63.59,105,BrandA
11301,Baby Reduce,Books,21.77,857,BrandA
11302,Color Ever,Electronics,12.38,908,BrandA
11303,Remain Push,Books,38.33,764,BrandA
11304,Everybody Adult,Clothing,150.95,71,BrandD
11305,Whatever Very,Books,439.75,299,BrandB
11306,Staff Building,Clothing,170.48,868,BrandB
11309,Federal Already,Electronics,34.91,181,BrandB
11310,Result Science,Home,349.99,296,BrandA
11311,Congress Upon,Toys,151.68,183,BrandC
11313,Wife Program,Books,485.41,903,BrandA
11315,Return Machine,Clothing,153.43,722,BrandB
11320,Another Away,Home,412.7,187,BrandA
11322,Move Good,Home,132.87,676,BrandD
11327,Else Site,Toys,95.9,772,BrandA
11328,Receive Guess,Toys,453.62,397,BrandD
11333,Wind Less,Electronics,109.32,102,BrandD
11334,Right Author,Clothing,46.09,934,BrandC
11335,Election Want,Home,254.47,186,BrandB
11336,Strategy Audience,Home,435.91,900,BrandD
11338,Rather Growth,Clothing,171.75,495,BrandA
11340,Knowledge Finally,Beauty,168.29,287,BrandD
11341,Foreign Better,Toys,358.89,294,BrandA
11342,Stuff Car,Clothing,363.2,675,BrandD
11348,Receive Conference,Clothing,383.3,838,BrandB
11349,Cover Lot,Toys,345.23,242,BrandD
11350,Religious Protect,Clothing,263.33,327,BrandB
11353,Member Good,Home,420.97,406,BrandD
11357,Down Water,Beauty,327.68,163,BrandD
11358,Hold Public,Beauty,184.3,275,BrandA
11359,Environment Sister,Toys,187.65,820,BrandC
11360,Need Carry,Home,68.11,88,BrandC
11362,Growth Professional,Books,306.36,941,BrandD
11364,People Rather,Toys,192.07,504,BrandB
11365,Month Fund,Home,130.76,652,BrandC
11367,Risk Century,Clothing,354.77,678,BrandB
11368,Cold Charge,Electronics,234.97,457,BrandB
11369,Wonder Simple,Electronics,291.93,355,BrandB
11370,Door Operation,Toys,380.07,484,BrandC
11373,Throw Natural,Clothing,312.37,120,BrandD
11376,Agency Continue,Home,296.78,238,BrandC
11377,Room Alone,Toys,155.39,957,BrandC
11381,Campaign Responsibility,Electronics,295.16,627,BrandA
11383,Herself Up,Home,337.03,109,BrandB
11384,Never Music,Toys,484.0,750,BrandD
11386,Weight Shoulder,Home,80.7,590,BrandD
11387,Begin Management,Clothing,364.87,315,BrandD
11388,Result Image,Books,95.81,888,BrandC
11389,Record Air,Toys,160.47,242,BrandC
11391,Notice Medical,Books,407.78,731,BrandB
11394,Near Young,Toys,443.3,168,BrandB
11396,Radio Seem,Clothing,263.87,193,BrandD
11399,Dog Line,Beauty,340.65,380,BrandC
11400,Mouth Full,Toys,206.53,841,BrandA
11404,Vote Community,Clothing,65.95,824,BrandD
11406,Compare Believe,Clothing,52.56,894,BrandB
11407,Land Structure,Beauty,290.65,908,BrandA
11409,Support Way,Beauty,372.45,705,BrandD
11410,Increase Whose,Beauty,340.49,631,BrandB
11411,Family Media,Books,499.69,517,BrandC
11417,The Throughout,Electronics,138.69,687,BrandA
11419,Receive General,Toys,63.27,643,BrandA
11422,Such Financial,Books,134.12,697,BrandA
11425,Task Raise,Beauty,150.59,667,BrandD
11426,Reduce He,Books,301.72,48,BrandA
11427,Play Nice,Electronics,369.33,261,BrandA
11430,Must Chair,Clothing,77.74,32,BrandB
11431,Guess Concern,Toys,14.11,849,BrandB
11432,Lot Provide,Toys,119.03,950,BrandC
11438,Herself Must,Electronics,367.33,791,BrandC
11439,I Yard,Beauty,133.13,624,BrandC
11441,Partner Word,Beauty,312.15,460,BrandA
11443,Attention Without,Electronics,487.93,338,BrandB
11444,Meet Close,Books,314.97,371,BrandC
11445,Protect Organization,Books,178.92,745,BrandC
11447,Respond Across,Electronics,297.59,153,BrandD
11452,Offer Little,Electronics,331.29,57,BrandB
11453,Low Become,Home,16.68,190,BrandA
11455,Let Others,Home,194.82,764,BrandA
11459,Rock Learn,Toys,158.37,960,BrandC
11460,Arrive Article,Beauty,236.39,115,BrandD
11463,Quickly Film,Toys,282.62,568,BrandB
11464,As Statement,Home,462.4,670,BrandC
11466,Local Radio,Home,496.41,910,BrandD
11467,Ready Believe,Books,173.76,69,BrandA
11468,Bring Adult,Electronics,94.52,281,BrandB
11469,At Kind,Books,246.78,797,BrandA
11471,Cause Record,Home,257.68,786,BrandD
11472,Woman Take,Electronics,303.39,694,BrandC
11474,Summer Similar,Clothing,442.93,143,BrandD
11475,Consumer Though,Electronics,208.05,45,BrandB
11478,Modern Occur,Beauty,150.58,26,BrandD
11479,Grow Later,Home,356.54,581,BrandA
11482,Lawyer Job,Toys,458.19,410,BrandC
11485,Act Similar,Clothing,206.16,966,BrandA
11491,Me Amount,Home,441.4,712,BrandC
11492,Tree Whom,Beauty,54.96,611,BrandD
11494,Institution Only,Toys,238.44,35,BrandC
11497,Opportunity Might,Home,400.47,482,BrandD
11498,Benefit Race,Clothing,437.45,297,BrandA
11501,Condition Stop,Electronics,270.6,32,BrandD
11503,Career Mrs,Beauty,332.08,179,BrandA
11508,Yeah Before,Home,137.44,247,BrandC
11509,Tend Number,Electronics,226.34,295,BrandC
11511,Various Pay,Books,286.22,263,BrandD
11516,Yeah Easy,Toys,251.05,520,BrandC
11519,Attention Number,Home,124.0,382,BrandD
11521,Care Nation,Clothing,305.78,31,BrandD
11522,Know Fish,Electronics,138.08,185,BrandC
11524,Myself Soldier,Home,482.99,107,BrandA
11526,Add Truth,Electronics,47.1,14,BrandA
11527,Once Play,Beauty,303.78,137,BrandA
11529,Try Section,Toys,59.77,390,BrandD
11530,Group Democratic,Electronics,315.73,101,BrandC
11531,Occur Standard,Electronics,240.02,82,BrandC
11534,Mention Sister,Electronics,319.02,807,BrandA
11535,Feeling Owner,Electronics,374.9,650,BrandB
11537,National Between,Clothing,18.45,585,BrandB
11543,Country Which,Electronics,403.01,289,BrandD
11545,Crime Computer,Electronics,182.38,871,BrandA
11546,Away Than,Toys,19.8,134,BrandD
11548,Kid May,Books,33.17,670,BrandD
11550,Able Face,Electronics,146.7,557,BrandB
11552,Agency Stay,Books,45.93,600,BrandD
11557,Development Tough,Books,465.12,467,BrandC
11558,Senior Car,Beauty,340.39,505,BrandB
11560,Different Character,Toys,79.62,498,BrandB
11561,Daughter Language,Home,169.53,676,BrandD
11563,Gun Respond,Books,145.41,751,BrandD
11565,Score Firm,Electronics,446.05,710,BrandD
11572,Mission Listen,Toys,250.05,835,BrandB
11574,Say Result,Books,16.06,415,BrandC
11575,Life Should,Electronics,299.04,394,BrandD
11576,Station Cup,Books,268.05,38,BrandD
11577,Policy Bag,Toys,360.05,882,BrandC
11580,Exactly Painting,Clothing,178.62,548,BrandA
11583,Hair Paper,Books,463.88,237,BrandC
11584,Go Spend,Books,324.78,981,BrandB
11586,Entire Source,Beauty,122.1,477,BrandA
11589,Out Approach,Electronics,79.2,46,BrandC
11592,Wrong As,Toys,171.08,770,BrandB
11594,Throughout Final,Beauty,416.83,706,BrandD
11595,Republican Southern,Books,489.04,996,BrandD
11596,Relate Girl,Clothing,397.29,132,BrandB
11599,Job Face,Toys,487.47,629,BrandD
11600,Defense Standard,Electronics,204.19,270,BrandA
11604,Chair About,Home,412.62,253,BrandA
11607,Mention Agree,Electronics,438.55,445,BrandA
11609,Guess Door,Books,263.15,373,BrandD
11610,All Score,Home,499.76,17,BrandD
11612,Real Tv,Toys,93.82,183,BrandB
11614,Professional System,Books,14.75,408,BrandC
11617,Compare Tax,Books,201.21,844,BrandD
11620,Case Head,Clothing,236.24,817,BrandD
11628,Box Thank,Home,356.78,236,BrandD
11630,Mind Something,Books,56.77,609,BrandB
11632,Case Letter,Electronics,476.07,977,BrandA
11633,Thousand Every,Books,364.51,972,BrandB
11636,Generation Whole,Toys,384.24,433,BrandC
11645,Generation Bed,Home,122.21,526,BrandD
11648,Make Relationship,Books,125.86,44,BrandC
11652,Not Main,Electronics,113.75,671,BrandC
11657,Say Good,Clothing,132.83,46,BrandC
11658,Laugh Happen,Toys,280.68,530,BrandB
11659,Summer List,Books,435.88,929,BrandA
11661,Scientist Man,Electronics,16.83,545,BrandC
11664,Effort Letter,Beauty,221.49,411,BrandA
11673,Performance Face,Electronics,405.49,720,BrandB
11676,Fill Heart,Electronics,40.05,794,BrandB
11677,Follow Degree,Books,172.02,213,BrandD
11678,Name Commercial,Clothing,380.77,209,BrandA
11680,Account Reality,Books,288.41,611,BrandC
11684,Expert Head,Books,314.54,858,BrandC
11688,Concern Program,Beauty,152.45,45,BrandB
11689,Dinner Would,Toys,370.48,0,BrandC
11691,Believe Share,Electronics,120.55,478,BrandA
11693,Range Whom,Home,323.86,797,BrandD
11695,Big Smile,Home,304.39,912,BrandB
11696,Evening Take,Toys,169.51,394,BrandD
11700,Nor Collection,Home,195.34,247,BrandC
11703,Seat Nothing,Toys,224.28,493,BrandB
11708,Lot Fill,Books,323.05,360,BrandB
11709,Trouble Bring,Beauty,203.97,608,BrandD
11712,Behind Success,Electronics,419.66,486,BrandB
11718,Rather Learn,Clothing,464.42,648,BrandC
11722,Base Finish,Clothing,338.03,80,BrandC
11725,This Everybody,Electronics,318.82,315,BrandD
11726,Brother Guess,Toys,247.55,492,BrandD
11728,Talk Response,Books,131.9,312,BrandB
11730,Plant Else,Toys,96.37,204,BrandB
11732,Determine Second,Clothing,230.15,732,BrandC
11734,List Keep,Electronics,52.65,334,BrandC
11738,Rich Quite,Electronics,76.67,924,BrandC
11741,Away Mrs,Home,53.91,713,BrandB
11742,Number Deep,Beauty,169.6,858,BrandC
11744,Full Affect,Clothing,449.15,924,BrandB
11746,These Food,Clothing,82.25,617,BrandC
11747,Movement Serve,Clothing,243.82,831,BrandD
11748,Live Management,Electronics,20.92,953,BrandD
11751,Set Method,Beauty,195.87,858,BrandB
11752,Soon Professor,Clothing,462.94,311,BrandC
11753,Forget Late,Home,40.16,761,BrandD
11755,Republican Product,Electronics,177.61,819,BrandB
11758,Teach Peace,Beauty,46.66,48,BrandC
11762,Difference Range,Beauty,223.07,420,BrandA
11763,Deep Study,Toys,150.06,731,BrandA
11764,Outside Dog,Beauty,97.55,280,BrandC
11765,Region Play,Beauty,295.81,90,BrandC
11769,All Theory,Clothing,243.66,538,BrandA
11772,Any Week,Electronics,167.25,349,BrandA
11773,Five Skill,Home,459.09,790,BrandA
11774,Especially Drug,Electronics,390.69,786,BrandC
11775,Project Reality,Electronics,366.38,678,BrandA
11776,Seat Share,Clothing,196.74,390,BrandD
11777,Left Impact,Home,243.92,945,BrandD
11778,After Sea,Beauty,347.81,645,BrandB
11779,As Record,Books,313.86,324,BrandC
11782,Compare Kitchen,Books,10.3,539,BrandC
11783,Choice Year,Home,329.09,688,BrandA
11787,Success Worry,Toys,313.83,953,BrandA
11790,Almost Board,Toys,293.96,823,BrandD
11791,Investment Prepare,Beauty,387.56,319,BrandA
11792,Finish Serve,Home,297.75,37,BrandC
11793,Agreement Year,Beauty,272.94,933,BrandC
11795,Scene Year,Beauty,200.16,327,BrandA
11798,Seek Feel,Home,455.09,194,BrandD
11799,To Suddenly,Toys,421.58,325,BrandB
11800,Chance Final,Toys,210.75,385,BrandA
11802,Drop Author,Beauty,278.99,740,BrandB
11803,Real Strong,Beauty,285.0,427,BrandC
11804,Piece Mean,Beauty,33.25,327,BrandA
11805,Bill Toward,Books,25.79,287,BrandA
11806,Pressure Executive,Toys,359.11,712,BrandB
11807,Religious Draw,Clothing,248.51,140,BrandA
11808,Anything Others,Clothing,56.9,24,BrandC
11811,Radio Single,Toys,392.2,397,BrandB
11812,Marriage Community,Books,65.57,887,BrandD
11815,Pretty Mother,Home,113.31,648,BrandB
11816,Others Art,Clothing,85.1,117,BrandD
11817,Available Evidence,Home,265.35,636,BrandD
11819,Safe Among,Toys,233.96,719,BrandC
11820,Out Water,Home,243.57,997,BrandC
11821,Story Adult,Beauty,340.66,167,BrandB
11822,Face Through,Clothing,117.94,475,BrandD
11826,Onto Report,Beauty,349.72,778,BrandA
11828,Why Table,Clothing,246.0,306,BrandB
11829,Usually Care,Toys,61.73,425,BrandA
11831,Rise Yard,Home,387.58,120,BrandB
11833,Poor City,Toys,427.0,765,BrandD
11836,Morning Pull,Clothing,119.66,478,BrandA
11837,Thousand Soldier,Toys,255.82,994,BrandA
11839,Bar Student,Books,291.41,219,BrandA
11840,Art Wide,Clothing,404.97,405,BrandD
11841,Fast Operation,Beauty,444.36,19,BrandD
11847,Rise Yourself,Home,77.8,749,BrandC
11848,Live Authority,Home,339.49,964,BrandC
11850,Hit Commercial,Toys,128.24,80,BrandC
11852,Boy Institution,Books,457.15,882,BrandD
11854,Remain Sometimes,Beauty,439.58,305,BrandB
11855,Peace Special,Home,44.9,650,BrandB
11857,Order Subject,Home,401.9,66,BrandC
11858,Task College,Beauty,242.74,856,BrandB
11863,Grow Once,Toys,271.41,44,BrandC
11865,Citizen Final,Books,470.69,157,BrandD
11866,Us Stage,Books,57.39,656,BrandA
11870,Lose List,Electronics,429.5,77,BrandA
11873,Analysis Teach,Books,382.64,657,BrandC
11881,Blood Us,Home,29.02,410,BrandD
11886,Radio Financial,Home,168.03,720,BrandD
11888,Evening Evening,Beauty,312.1,390,BrandB
11889,Week Situation,Toys,182.76,360,BrandB
11894,Once This,Beauty,24.94,486,BrandC
11895,For Once,Home,485.29,972,BrandA
11896,Debate Attack,Clothing,445.48,299,BrandB
11897,Very Fine,Electronics,30.74,196,BrandA
11898,Finish Memory,Clothing,425.35,458,BrandC
11901,Paper Near,Clothing,143.79,472,BrandC
11905,Authority Draw,Electronics,70.16,456,BrandA
11908,Listen Modern,Clothing,161.6,639,BrandD
11911,Raise Bit,Electronics,266.32,855,BrandD
11912,Lot End,Books,475.12,884,BrandA
11914,Nation Far,Home,163.28,698,BrandD
11917,World Inside,Home,412.14,607,BrandA
11918,Board Unit,Beauty,494.58,238,BrandD
11921,Yet Plan,Clothing,389.97,714,BrandD
11922,Single Eat,Toys,270.6,50,BrandA
11923,Special Police,Books,84.64,141,BrandB
11924,Thought Economic,Clothing,376.65,77,BrandD
11925,Turn First,Clothing,10.8,849,BrandA
11926,Despite Fish,Clothing,313.5,961,BrandC
11928,Special Authority,Toys,342.32,447,BrandC
11929,Follow Industry,Clothing,497.7,314,BrandC
11930,Cut Almost,Electronics,464.49,212,BrandD
11932,The Live,Toys,415.45,564,BrandC
11934,Agreement Debate,Electronics,79.24,460,BrandC
11937,Air Off,Toys,415.73,554,BrandD
11938,We Hope,Beauty,228.33,31,BrandC
11939,Significant Outside,Beauty,370.6,741,BrandB
11942,Pick Section,Beauty,28.98,281,BrandC
11944,Able Room,Clothing,208.84,540,BrandC
11946,Inside Training,Electronics,465.3,984,BrandC
11947,Pay Agree,Books,281.56,665,BrandB
11953,Person Must,Clothing,439.39,663,BrandA
11954,Officer Total,Clothing,193.65,540,BrandA
11955,Middle Talk,Home,270.29,671,BrandC
11957,Risk Local,Books,301.16,245,BrandB
11958,Their Situation,Beauty,116.66,275,BrandC
11961,Style Dream,Toys,123.81,986,BrandC
11962,Read Father,Beauty,131.71,106,BrandB
11968,Government Candidate,Books,168.58,166,BrandA
11971,North Improve,Electronics,165.61,827,BrandD
11976,Task Common,Clothing,72.75,560,BrandD
11977,School Including,Electronics,146.18,333,BrandA
11978,Once Next,Clothing,219.28,188,BrandA
11981,Manage Cut,Clothing,87.03,295,BrandC
11982,Officer Item,Books,431.27,749,BrandC
11985,Smile Want,Toys,402.94,440,BrandD
11986,High Miss,Clothing,85.75,266,BrandB
11987,Yet As,Toys,171.48,838,BrandB
11988,Ground Range,Books,195.41,463,BrandC
11989,Write Early,Toys,304.51,549,BrandA
11991,Action Western,Home,59.58,336,BrandD
11996,Picture Prove,Toys,337.97,945,BrandD
11997,Me Deal,Clothing,475.54,34,BrandB
11998,Address Important,Toys,330.25,887,BrandD
12001,Participant Research,Home,386.33,289,BrandA
12003,Drop Model,Toys,472.32,202,BrandC
12007,Scientist Thank,Clothing,291.19,502,BrandB
12009,Study Job,Beauty,91.44,330,BrandA
12010,Admit Less,Books,35.08,813,BrandA
12013,Consumer Face,Toys,174.6,279,BrandD
12014,Field Message,Electronics,452.8,717,BrandB
12015,May Gun,Clothing,162.16,57,BrandA
12017,High Look,Books,47.19,791,BrandD
12019,Fly Population,Electronics,342.77,931,BrandB
12020,Election Which,Electronics,410.39,680,BrandA
12022,Study Strategy,Books,408.62,741,BrandC
12023,Expect Without,Electronics,497.47,633,BrandC
12024,Call Situation,Beauty,484.74,316,BrandA
12025,Blue State,Books,57.47,42,BrandB
12026,Surface Scientist,Books,245.37,360,BrandC
12027,Image Keep,Electronics,134.05,919,BrandD
12028,Interest Dog,Toys,74.01,815,BrandC
12030,Current Benefit,Clothing,76.51,277,BrandD
12033,Though Be,Toys,425.14,37,BrandC
12034,Statement Drop,Books,245.54,773,BrandA
12035,Cold Several,Books,486.72,931,BrandA
12036,Available Add,Electronics,242.71,612,BrandB
12037,Travel By,Toys,86.3,789,BrandB
12038,Room Natural,Books,488.79,272,BrandA
12039,Crime Statement,Clothing,43.38,736,BrandD
12040,Possible Garden,Beauty,298.17,93,BrandD
12041,Remember Along,Home,449.03,494,BrandA
12042,Doctor Face,Books,249.9,217,BrandA
12043,Also Difficult,Books,273.52,886,BrandD
12046,Drop Hour,Books,395.97,649,BrandA
12051,Run Generation,Home,285.41,871,BrandD
12053,Campaign Lawyer,Home,143.92,432,BrandA
12055,Community Goal,Clothing,353.76,152,BrandC
12056,Under Than,Home,251.93,218,BrandC
12058,Trade Act,Clothing,427.85,468,BrandC
12063,Pattern Visit,Electronics,205.78,621,BrandD
12064,Develop Evidence,Home,217.63,662,BrandD
12066,Test Beautiful,Books,321.97,404,BrandB
12071,Choice Feeling,Clothing,224.41,400,BrandD
12073,Opportunity Measure,Home,415.46,424,BrandD
12074,Next State,Books,52.59,495,BrandD
12077,Road Song,Books,87.42,306,BrandD
12081,Know Goal,Home,212.92,177,BrandB
12083,Field Affect,Books,401.91,801,BrandA
12089,Finish Operation,Home,488.78,958,BrandD
12090,Us Receive,Electronics,20.01,70,BrandC
12092,Structure Name,Clothing,102.05,565,BrandA
12095,Sell Church,Beauty,421.62,388,BrandC
12096,Source Beat,Books,20.56,274,BrandB
12098,Half Someone,Beauty,464.97,47,BrandB
12100,Not Cultural,Home,407.51,430,BrandB
12101,Build Thing,Home,152.8,598,BrandA
12103,Read Mind,Electronics,395.26,529,BrandA
12107,Fast Within,Toys,350.47,497,BrandD
12111,Strategy Forward,Electronics,263.22,799,BrandD
12112,Level His,Home,298.08,248,BrandA
12113,Position Seven,Electronics,35.87,876,BrandD
12114,Class Chance,Books,376.95,95,BrandA
12115,Skill Girl,Beauty,72.36,237,BrandB
12117,Professional Yeah,Books,223.59,260,BrandA
12119,Number Modern,Clothing,107.78,536,BrandB
12120,Man Change,Electronics,389.02,859,BrandD
12123,Trip Fine,Clothing,183.88,953,BrandA
12126,Indicate Nation,Electronics,90.33,264,BrandC
12127,Standard Significant,Electronics,356.39,264,BrandD
12128,Reveal Score,Home,68.17,515,BrandA
12129,Sell Morning,Toys,309.05,918,BrandB
12130,Simple Local,Electronics,467.46,180,BrandD
12131,Exactly Owner,Home,474.86,333,BrandA
12132,Explain Sea,Electronics,116.96,587,BrandC
12138,Effect At,Beauty,148.88,395,BrandD
12142,Travel If,Electronics,410.67,273,BrandA
12143,Sing Itself,Clothing,312.12,874,BrandD
12151,Body Find,Electronics,324.51,522,BrandB
12152,At Medical,Electronics,434.96,206,BrandA
12153,Successful Certainly,Books,448.41,881,BrandB
12155,He Choice,Beauty,131.42,405,BrandA
12157,Win Past,Beauty,325.21,26,BrandD
12158,Law Real,Home,495.78,135,BrandA
12160,Camera Likely,Beauty,36.31,120,BrandC
12161,Discussion Area,Clothing,408.67,866,BrandA
12162,Food Protect,Toys,260.35,692,BrandA
12163,Purpose Radio,Beauty,272.57,557,BrandB
12164,Western Short,Beauty,7.65,48,BrandD
12166,Test Laugh,Toys,182.51,51,BrandA
12167,Us Figure,Beauty,434.69,3,BrandC
12171,Treat Financial,Toys,106.94,151,BrandC
12172,Event Back,Beauty,100.18,5,BrandB
12173,American Own,Toys,56.1,175,BrandD
12174,Reveal Likely,Home,218.29,904,BrandB
12177,Professional Here,Home,125.93,919,BrandA
12182,Morning Doctor,Toys,243.28,969,BrandB
12183,Pressure Charge,Home,397.9,787,BrandD
12184,Foot Know,Home,73.42,875,BrandC
12185,Treat Official,Books,167.34,721,BrandB
12189,Drop Bed,Beauty,204.85,134,BrandB
12190,Couple Pay,Electronics,143.04,818,BrandB
12192,Situation Defense,Books,135.68,751,BrandC
12198,Success Law,Toys,224.45,883,BrandC
12199,Mouth Mention,Electronics,283.58,149,BrandA
12204,Speak Soon,Electronics,157.95,112,BrandB
12206,Position A,Home,240.94,183,BrandD
12207,Daughter Order,Home,222.85,859,BrandD
12208,Claim Friend,Toys,381.87,609,BrandC
12212,Modern American,Clothing,468.56,996,BrandA
12214,At Tree,Home,65.2,685,BrandB
12217,Traditional Cost,Home,198.76,258,BrandD
12218,Huge Floor,Home,308.46,753,BrandC
12219,Once Identify,Toys,359.49,335,BrandA
12226,Structure Help,Clothing,205.78,255,BrandB
12227,Court Significant,Books,26.21,914,BrandA
12233,Term Man,Clothing,297.83,985,BrandB
12234,Just Available,Home,459.17,489,BrandA
12235,Quite Fly,Clothing,96.28,804,BrandB
12238,Indeed Simple,Books,259.52,302,BrandB
12239,Its Southern,Electronics,83.72,843,BrandD
12240,Toward Source,Clothing,163.03,788,BrandD
12242,Admit Myself,Clothing,160.88,13,BrandA
12243,Art Including,Books,325.56,674,BrandD
12245,Class Them,Beauty,473.85,580,BrandA
12248,Indeed Pressure,Beauty,124.42,937,BrandC
12249,Guess Much,Beauty,449.06,384,BrandD
12250,Owner Peace,Clothing,483.38,517,BrandC
12251,Soon Professional,Electronics,474.36,365,BrandC
12252,Table Color,Home,158.58,698,BrandC
12254,Forget Common,Clothing,487.71,100,BrandC
12255,Point White,Clothing,42.24,29,BrandA
12256,Impact Another,Clothing,345.17,977,BrandC
12258,Increase Environment,Home,304.21,374,BrandB
12260,Rate Fact,Home,411.94,246,BrandD
12261,Big Congress,Clothing,400.72,802,BrandB
12262,Computer Own,Books,281.9,944,BrandA
12263,Those Local,Electronics,220.54,467,BrandA
12267,Game Edge,Home,238.43,58,BrandB
12268,Sing Beyond,Electronics,250.9,319,BrandD
12269,Investment Idea,Books,239.91,961,BrandD
12272,Mean Over,Electronics,459.54,571,BrandB
12275,Several Be,Home,311.87,985,BrandA
12276,Notice Officer,Home,226.64,465,BrandB
12277,Child Simple,Electronics,328.27,289,BrandA
12282,Seven Catch,Home,191.48,478,BrandC
12283,Alone National,Clothing,192.55,6,BrandA
12284,Middle Lose,Beauty,217.93,878,BrandA
12287,Vote Age,Clothing,91.39,253,BrandC
12292,One Bill,Clothing,298.31,574,BrandC
12293,Buy Technology,Home,108.97,739,BrandC
12296,Time Statement,Beauty,174.57,258,BrandA
12297,Trip Character,Books,371.89,81,BrandD
12299,Fact Themselves,Electronics,343.38,577,BrandB
12300,Interesting Exactly,Toys,481.31,269,BrandB
12303,Company Might,Clothing,74.47,269,BrandC
12304,Fire War,Toys,68.05,703,BrandA
12307,Surface Feeling,Home,248.87,87,BrandC
12308,Leg Wear,Toys,461.86,471,BrandD
12311,Particular Age,Home,61.04,280,BrandD
12315,Analysis Well,Beauty,32.26,431,BrandD
12316,Artist Career,Clothing,446.47,954,BrandC
12318,Value Particularly,Toys,194.4,138,BrandC
12320,Poor Us,Clothing,282.44,231,BrandC
12321,How Generation,Electronics,410.11,450,BrandA
12327,Develop Skill,Electronics,376.18,735,BrandB
12330,Majority Challenge,Electronics,172.25,412,BrandC
12331,Top Teach,Home,46.57,186,BrandB
12332,Shoulder Animal,Home,483.98,289,BrandA
12333,Picture Its,Electronics,332.04,917,BrandA
12334,Short Plant,Beauty,178.35,179,BrandD
12335,Light Hot,Home,414.3,922,BrandA
12337,Nation Rather,Clothing,151.3,20,BrandA
12338,Stop Because,Electronics,419.1,401,BrandB
12339,Trial More,Clothing,314.37,312,BrandC
12342,Morning Both,Home,331.43,412,BrandD
12344,Over Company,Clothing,395.79,409,BrandD
12345,Staff Morning,Toys,164.14,283,BrandA
12347,Or Action,Books,89.97,308,BrandA
12352,Federal Left,Clothing,265.47,589,BrandC
12354,Bag Tonight,Toys,499.35,642,BrandD
12355,Speech Lawyer,Clothing,478.28,986,BrandD
12357,International Employee,Electronics,307.73,994,BrandD
12359,Let Size,Clothing,107.4,415,BrandA
12361,Five Coach,Home,68.69,466,BrandC
12362,Lead Network,Toys,425.75,923,BrandB
12363,Mean Either,Home,355.85,852,BrandB
12364,Deep Couple,Home,180.51,466,BrandD
12365,Market Apply,Beauty,309.23,899,BrandD
12368,Develop Exist,Beauty,27.3,208,BrandA
12371,Front Pick,Beauty,72.61,824,BrandD
12375,Plan Their,Toys,495.94,366,BrandC
12378,Country Most,Books,158.2,830,BrandB
12379,East Travel,Electronics,416.87,884,BrandD
12382,Weight Attorney,Toys,405.15,235,BrandA
12383,Yourself Second,Toys,115.92,585,BrandA
12385,Agent Likely,Home,498.47,576,BrandC
12386,Cover Skin,Beauty,401.35,607,BrandB
12387,Action Suggest,Home,388.84,371,BrandB
12388,Institution West,Clothing,17.46,468,BrandB
12389,Under Religious,Books,170.12,370,BrandC
12390,Total Human,Clothing,384.94,647,BrandD
12391,Defense Commercial,Clothing,329.45,824,BrandA
12395,Movie Let,Electronics,219.55,799,BrandD
12396,Six Cause,Toys,314.3,12,BrandD
12408,Ball Represent,Toys,94.17,91,BrandB
12410,Although Project,Home,131.99,524,BrandA
12412,Leave Small,Books,483.6,674,BrandC
12413,Boy Single,Home,31.71,172,BrandA
12414,South Think,Home,393.71,277,BrandA
12415,Near Among,Toys,294.53,141,BrandD
12416,That Industry,Home,265.35,818,BrandA
12417,Anything Production,Clothing,159.24,629,BrandA
12420,Sing Call,Beauty,462.32,386,BrandD
12421,Agree Task,Home,394.78,529,BrandA
12425,Adult Degree,Books,83.5,884,BrandC
12426,Everyone Relationship,Home,281.57,659,BrandA
12430,Hotel Dream,Home,150.22,394,BrandD
12431,Congress Evidence,Books,344.46,420,BrandC
12435,Wide Wrong,Toys,379.43,55,BrandD
12438,Item Oil,Books,414.85,964,BrandD
12440,Similar Morning,Electronics,281.89,200,BrandB
12442,Apply Pay,Books,213.41,809,BrandD
12446,The Stock,Home,384.68,679,BrandD
12447,Rich Couple,Toys,60.13,73,BrandC
12450,Rock Suffer,Toys,225.26,638,BrandD
12451,Week Production,Electronics,60.33,467,BrandA
12452,Easy Look,Electronics,307.14,736,BrandD
12455,Clear Several,Beauty,312.39,963,BrandA
12456,Here Need,Electronics,38.58,476,BrandD
12457,Less House,Toys,275.67,124,BrandC
12460,Ability Author,Toys,410.87,913,BrandB
12462,Same List,Toys,130.9,124,BrandB
12465,Bill Executive,Clothing,262.3,12,BrandC
12467,Do Generation,Electronics,383.55,48,BrandA
12469,Nearly Myself,Electronics,165.22,196,BrandA
12471,Allow Moment,Books,451.25,775,BrandD
12474,Need What,Electronics,37.33,308,BrandA
12476,Space National,Books,438.79,649,BrandB
12477,Painting Capital,Beauty,463.87,471,BrandB
12479,Can Agreement,Books,67.4,820,BrandA
12480,Him Look,Beauty,23.1,61,BrandB
12481,World Share,Books,140.31,883,BrandB
12482,Type Of,Clothing,51.82,634,BrandA
12486,Later Force,Toys,241.21,730,BrandD
12487,Face Range,Home,322.05,462,BrandD
12488,Reality Language,Home,264.42,119,BrandA
12489,Woman Recognize,Electronics,97.47,676,BrandA
12490,Professional Hotel,Clothing,246.02,162,BrandB
12492,Occur Show,Electronics,339.41,752,BrandC
12493,Economic Economy,Electronics,26.42,60,BrandC
12494,Least Indeed,Clothing,361.14,238,BrandD
12496,Focus Join,Home,8.01,884,BrandC
12502,Drug Sure,Home,27.7,737,BrandA
12504,Senior Article,Home,231.65,837,BrandD
12506,Certain Field,Home,335.49,376,BrandD
12507,Campaign Institution,Beauty,293.49,524,BrandA
12508,Including Actually,Clothing,284.78,736,BrandB
12510,Take Try,Home,172.57,363,BrandA
12511,Prove Response,Beauty,487.95,676,BrandA
12512,Same Stay,Clothing,68.64,145,BrandB
12515,Most Available,Home,298.62,840,BrandB
12516,Your Industry,Clothing,333.42,582,BrandA
12518,Sound Yard,Books,390.42,597,BrandC
12519,Success Bar,Electronics,347.6,713,BrandC
12520,Else Ground,Beauty,385.86,320,BrandC
12524,Major Word,Books,478.45,606,BrandC
12525,Again Effect,Beauty,163.96,426,BrandD
12530,Successful Focus,Home,236.15,748,BrandA
12532,Worker Before,Clothing,475.98,351,BrandB
12533,Ever Support,Beauty,282.15,332,BrandA
12539,Remember Administration,Books,498.68,908,BrandA
12540,Feeling Series,Books,102.7,144,BrandC
12542,There College,Clothing,430.79,475,BrandC
12544,Cause Case,Clothing,315.02,15,BrandC
12546,But Financial,Home,75.78,333,BrandB
12547,Always Sell,Books,488.26,397,BrandC
12552,Later Door,Beauty,73.89,942,BrandC
12553,Employee Tell,Books,19.49,544,BrandD
12557,Officer Learn,Home,390.93,268,BrandA
12558,Stuff Agreement,Beauty,64.4,750,BrandD
12562,Table White,Books,367.83,112,BrandC
12564,The Yeah,Clothing,26.42,486,BrandA
12566,Security Money,Toys,72.94,518,BrandB
12567,Smile Pattern,Home,12.62,828,BrandD
12568,Improve System,Books,147.31,454,BrandA
12569,Station Republican,Electronics,416.79,101,BrandD
12574,Thing Use,Beauty,270.89,311,BrandB
12576,Same Social,Beauty,442.23,529,BrandB
12577,Support Police,Electronics,308.85,316,BrandC
12580,Value Mr,Clothing,80.85,273,BrandB
12585,Current Those,Clothing,124.99,957,BrandC
12590,Threat Him,Books,252.68,752,BrandD
12591,Grow Member,Clothing,300.96,596,BrandB
12594,Toward Huge,Clothing,342.31,441,BrandD
12597,Street Anyone,Books,425.63,973,BrandB
12599,Health School,Books,233.02,313,BrandC
12605,Avoid Provide,Beauty,410.24,275,BrandB
12609,At Turn,Books,105.32,321,BrandD
12610,Low Produce,Home,217.0,736,BrandA
12611,Off Space,Beauty,269.7,152,BrandD
12615,Peace Tough,Beauty,32.66,902,BrandA
12616,Read Perform,Toys,359.27,601,BrandC
12618,Wrong Top,Clothing,109.9,187,BrandA
12620,Institution Bring,Toys,486.18,696,BrandA
12622,Surface Travel,Books,109.82,923,BrandC
12624,Marriage Per,Beauty,415.25,748,BrandC
12625,Perform Image,Books,244.54,78,BrandD
12627,Blue Write,Books,417.54,731,BrandC
12629,Half Over,Books,313.43,699,BrandA
12630,Foot Gun,Clothing,312.56,930,BrandA
12631,Public Decide,Toys,442.87,429,BrandA
12632,View Police,Toys,374.03,537,BrandC
12633,International Two,Clothing,185.92,78,BrandC
12635,Else Natural,Electronics,134.11,737,BrandC
12636,Increase Ahead,Clothing,388.89,139,BrandD
12637,Free Politics,Clothing,38.78,329,BrandD
12638,Congress Clearly,Books,430.18,530,BrandA
12639,Particular Staff,Books,17.84,235,BrandC
12645,At Suggest,Electronics,22.66,871,BrandC
12648,Institution Special,Beauty,274.67,281,BrandA
12649,Admit Trial,Electronics,137.76,444,BrandA
12653,Tough Receive,Beauty,111.24,371,BrandA
12659,Structure Mention,Beauty,463.97,123,BrandC
12665,Similar Almost,Books,255.23,692,BrandD
12667,Attorney Performance,Toys,401.16,566,BrandC
12668,Body Adult,Toys,444.34,399,BrandD
12672,Government Human,Clothing,485.38,165,BrandA
12673,Difficult Mention,Clothing,230.14,745,BrandA
12674,Part Material,Toys,59.78,335,BrandD
12675,Travel Produce,Books,191.22,482,BrandD
12677,Seven As,Clothing,49.38,889,BrandB
12679,Any Small,Electronics,356.36,114,BrandA
12680,Wall Sort,Clothing,293.38,743,BrandC
12684,Amount Reality,Toys,83.97,892,BrandD
12687,Edge Certain,Beauty,122.24,125,BrandA
12688,Amount Natural,Toys,107.91,843,BrandD
12690,Character Over,Books,178.84,661,BrandC
12693,About Allow,Electronics,448.06,476,BrandB
12695,Federal Since,Books,341.24,151,BrandA
12700,Director Man,Toys,177.1,788,BrandB
12702,Line Father,Toys,268.59,837,BrandD
12709,Still Knowledge,Home,140.95,41,BrandB
12710,Party Fact,Beauty,50.11,285,BrandB
12713,Economic Attention,Home,396.79,712,BrandB
12714,Stand Call,Electronics,491.25,690,BrandD
12715,Already Fear,Clothing,14.7,626,BrandC
12716,Drop Can,Clothing,429.37,281,BrandA
12718,Return Past,Clothing,424.63,366,BrandB
12721,Check Student,Toys,386.03,268,BrandC
12722,Camera Measure,Books,9.04,534,BrandC
12724,Let Will,Electronics,194.42,195,BrandC
12726,Radio Commercial,Home,87.05,165,BrandD
12727,Discussion Now,Electronics,453.96,137,BrandA
12729,Chair Computer,Beauty,322.6,132,BrandD
12731,Education Before,Electronics,254.77,909,BrandC
12733,Fly True,Clothing,136.58,20,BrandD
12734,Hit Practice,Books,491.85,665,BrandA
12737,Something Along,Beauty,292.54,99,BrandC
12741,Sure Heavy,Clothing,450.79,482,BrandA
12742,Impact Trouble,Books,76.18,230,BrandB
12743,Investment Magazine,Books,397.5,724,BrandD
12746,Somebody Contain,Toys,304.77,613,BrandA
12747,Audience Indeed,Beauty,372.48,935,BrandD
12749,May Modern,Beauty,343.0,902,BrandB
12750,Anything New,Clothing,312.7,15,BrandD
12752,Remember Interest,Home,329.03,580,BrandD
12756,Image Law,Electronics,211.06,700,BrandC
12757,World Ability,Clothing,16.06,994,BrandB
12758,Hot Contain,Home,154.93,592,BrandD
12760,Month Clear,Electronics,340.12,827,BrandB
12767,Represent Turn,Electronics,427.01,368,BrandA
12768,Another Improve,Clothing,164.97,992,BrandA
12769,End Money,Books,426.51,914,BrandD
12771,Data Perhaps,Home,265.68,191,BrandC
12772,Artist Job,Toys,399.26,163,BrandB
12775,These West,Toys,445.3,743,BrandA
12778,Enter Black,Electronics,150.23,682,BrandD
12781,Mention Manage,Beauty,157.77,67,BrandB
12782,Accept Red,Home,48.14,853,BrandA
12783,Teach Either,Books,428.71,986,BrandB
12786,Arm Move,Clothing,88.72,66,BrandB
12787,News Deal,Electronics,140.48,612,BrandC
12788,Challenge Commercial,Toys,172.99,817,BrandC
12790,Treatment Often,Toys,86.13,355,BrandD
12791,Visit Those,Books,126.68,625,BrandC
12792,Free Defense,Home,178.89,335,BrandB
12795,Single Agency,Clothing,221.21,516,BrandC
12796,Adult Ask,Toys,417.4,826,BrandC
12798,Stage Outside,Toys,487.59,448,BrandD
12799,Religious Us,Clothing,238.21,502,BrandA
12800,How More,Clothing,297.03,920,BrandA
12803,Three Husband,Electronics,445.12,702,BrandC
12804,Glass Accept,Toys,184.28,154,BrandD
12805,Radio Six,Books,22.18,371,BrandC
12807,Pm Rule,Beauty,343.12,494,BrandB
12813,Director Health,Home,267.56,73,BrandC
12814,Important Daughter,Toys,351.61,486,BrandA
12815,With Treatment,Electronics,445.63,82,BrandA
12819,Politics Congress,Beauty,75.09,940,BrandB
12820,Career Sense,Toys,290.44,497,BrandC
12824,Grow North,Books,135.7,188,BrandB
12825,Race Production,Books,341.44,283,BrandA
12828,Art Send,Electronics,357.54,860,BrandC
12836,Change Color,Electronics,177.37,42,BrandB
12840,Fast Trial,Clothing,150.97,889,BrandD
12842,List Or,Electronics,104.57,925,BrandA
12844,Fly Compare,Toys,56.27,480,BrandB
12846,Prove Above,Electronics,418.75,78,BrandD
12847,Box Table,Clothing,466.26,978,BrandC
12848,Material Amount,Home,435.77,242,BrandA
12849,Different Other,Electronics,169.4,942,BrandD
12851,Accept Tonight,Toys,375.06,531,BrandA
12853,Learn Dinner,Beauty,322.16,818,BrandC
12854,Instead Range,Clothing,113.92,587,BrandD
12856,Despite Claim,Beauty,34.55,811,BrandC
12857,Arm Kind,Electronics,238.86,636,BrandA
12858,Data Plan,Beauty,260.38,566,BrandB
12859,Radio Middle,Clothing,438.51,996,BrandC
12860,Say Individual,Toys,10.62,87,BrandA
12861,Method Growth,Home,335.7,894,BrandC
12864,Or Since,Beauty,338.48,209,BrandD
12865,Pull Audience,Beauty,40.03,37,BrandD
12868,Between Rather,Books,293.44,915,BrandD
12870,Live None,Electronics,297.13,43,BrandB
12871,Early Provide,Home,63.31,379,BrandD
12872,Appear Realize,Toys,226.39,910,BrandB
12875,Window Picture,Electronics,192.43,605,BrandC
12878,Issue Seven,Clothing,76.55,491,BrandD
12879,Year Since,Books,101.58,798,BrandB
12882,Small Know,Toys,46.63,164,BrandC
12883,Including Likely,Home,65.52,674,BrandB
12886,Save Education,Toys,288.97,824,BrandA
12888,After Show,Beauty,68.5,435,BrandD
12890,More Theory,Toys,72.96,21,BrandA
12891,Key Enter,Home,231.59,497,BrandD
12892,Of Image,Clothing,461.35,990,BrandA
12893,As Board,Books,233.55,63,BrandB
12897,Figure Growth,Home,27.34,215,BrandD
12899,Size Man,Toys,236.52,0,BrandB
12900,Order Back,Electronics,122.11,561,BrandB
12902,Final Treat,Beauty,186.23,499,BrandD
12903,Toward Eight,Electronics,420.36,679,BrandD
12905,City Information,Electronics,269.74,298,BrandB
12909,Degree Trade,Toys,487.55,228,BrandC
12917,Safe Show,Toys,219.12,263,BrandB
12918,Picture Unit,Beauty,90.68,976,BrandC
12919,Situation Laugh,Electronics,42.92,866,BrandB
12920,Drive Place,Toys,191.09,974,BrandA
12921,Perhaps Deep,Electronics,196.13,832,BrandB
12922,Traditional Else,Home,243.25,932,BrandC
12923,Job Crime,Electronics,124.61,911,BrandB
12924,Form Cover,Toys,440.23,458,BrandD
12925,Number Design,Toys,175.22,973,BrandD
12926,Car Ahead,Home,373.66,102,BrandB
12928,Place Beautiful,Home,173.39,213,BrandB
12929,City Understand,Beauty,190.5,948,BrandB
12930,Read Other,Home,125.64,178,BrandA
12933,Make Color,Clothing,340.79,909,BrandD
12934,Wish Talk,Toys,414.21,448,BrandB
12940,Ever Company,Books,219.7,611,BrandD
12942,Fish Must,Home,396.99,574,BrandC
12947,Alone National,Clothing,233.97,250,BrandB
12949,Whom Require,Beauty,401.34,22,BrandC
12952,Goal Eight,Beauty,294.13,445,BrandA
12954,Director Race,Home,286.74,822,BrandA
12960,From Seek,Toys,368.5,654,BrandC
12964,Hear Response,Electronics,372.84,743,BrandB
12965,Price Back,Books,440.18,672,BrandB
12966,Usually Daughter,Electronics,68.43,36,BrandC
12967,Yeah Force,Home,449.96,416,BrandA
12971,Section Difference,Beauty,447.52,31,BrandC
12975,Understand Whole,Electronics,307.82,759,BrandD
12979,Tonight Glass,Electronics,253.83,506,BrandC
12981,Church Everybody,Clothing,261.87,383,BrandC
12982,Election Building,Clothing,36.41,99,BrandC
12991,Center Reveal,Home,399.17,959,BrandD
12992,Usually Paper,Books,186.74,554,BrandB
12993,Seek Learn,Electronics,157.88,420,BrandB
12994,People Gas,Books,363.57,870,BrandD
12999,Wind Whatever,Toys,87.61,90,BrandA
13003,Onto Ten,Beauty,251.79,499,BrandB
13006,Project Doctor,Toys,249.25,217,BrandC
13008,House Pressure,Home,55.65,675,BrandD
13011,Modern Value,Toys,235.02,397,BrandC
13014,Major Various,Toys,142.02,604,BrandA
13015,Admit Table,Home,96.27,349,BrandB
13018,School Event,Beauty,16.86,156,BrandA
13019,Executive Drive,Clothing,389.96,629,BrandA
13021,Moment Scene,Home,89.68,616,BrandB
13023,Should Up,Clothing,52.01,365,BrandB
13025,Hear Common,Electronics,123.86,709,BrandC
13026,Budget For,Toys,374.89,376,BrandA
13028,Spend I,Beauty,461.85,901,BrandA
13031,Discuss Window,Electronics,387.64,220,BrandD
13034,Society Country,Electronics,91.92,419,BrandD
13035,Consumer Evening,Electronics,52.27,104,BrandC
13036,Public Information,Home,483.53,16,BrandC
13039,Outside Board,Toys,144.39,319,BrandC
13040,Probably Floor,Toys,248.62,7,BrandC
13043,Financial Manager,Home,279.84,266,BrandD
13044,Thing Yard,Books,413.6,965,BrandD
13048,Forget Scientist,Clothing,21.12,823,BrandB
13053,House Material,Toys,452.7,510,BrandA
13056,Rise Eat,Electronics,201.55,566,BrandC
13058,Imagine Than,Electronics,495.57,417,BrandC
13060,Watch Window,Clothing,212.79,15,BrandD
13061,Perform Follow,Beauty,251.99,171,BrandA
13065,Help Still,Beauty,35.28,778,BrandD
13066,Call Meeting,Home,487.37,174,BrandA
13068,Standard Really,Home,320.28,547,BrandD
13070,Agency College,Beauty,338.7,13,BrandB
13072,Figure Two,Beauty,416.11,973,BrandB
13075,Security Next,Clothing,108.02,110,BrandA
13082,Entire Number,Electronics,448.95,535,BrandC
13083,Situation Art,Electronics,35.92,319,BrandB
13085,Suggest House,Clothing,339.96,397,BrandC
13086,Project Popular,Electronics,207.42,216,BrandD
13087,Possible Activity,Toys,18.36,211,BrandD
13091,Yeah Ten,Clothing,122.73,22,BrandC
13098,Realize Body,Beauty,393.06,655,BrandA
13100,Town Stock,Books,368.64,400,BrandA
13102,Late Fear,Books,225.57,523,BrandC
13103,Enjoy Simply,Books,389.99,160,BrandD
13105,Hair Class,Toys,117.48,929,BrandB
13106,Candidate Success,Electronics,383.09,115,BrandC
13109,Election Walk,Home,253.55,213,BrandC
13110,Education Sure,Electronics,327.8,701,BrandB
13111,Example Determine,Home,252.53,977,BrandB
13115,Young Town,Home,122.99,861,BrandA
13116,Bad Arrive,Toys,356.95,350,BrandB
13120,Room Bring,Home,493.8,286,BrandD
13124,Lawyer Development,Clothing,251.48,335,BrandD
13128,Affect Strong,Home,142.63,339,BrandB
13130,Than Card,Clothing,7.23,715,BrandA
13131,Article None,Home,407.88,347,BrandC
13132,Special Order,Home,367.09,137,BrandA
13138,Boy Social,Home,131.54,442,BrandB
13139,Key Add,Beauty,416.92,556,BrandD
13141,May Nature,Beauty,460.42,662,BrandA
13144,Always Example,Clothing,368.33,185,BrandD
13146,Society Want,Home,236.44,158,BrandC
13148,From Same,Books,302.65,674,BrandB
13153,Wall The,Books,457.54,58,BrandA
13157,Heavy One,Toys,255.36,656,BrandB
13159,Try Within,Home,65.36,992,BrandB
13161,For Role,Beauty,213.45,952,BrandD
13163,Develop Head,Toys,292.71,876,BrandB
13164,Church Instead,Clothing,24.99,494,BrandA
13165,Medical Audience,Beauty,123.54,40,BrandB
13167,Affect Ask,Electronics,275.15,906,BrandA
13168,Nature Feel,Clothing,361.38,964,BrandC
13173,Military Service,Clothing,211.53,747,BrandB
13175,Reach Nation,Books,258.55,569,BrandC
13177,Identify Production,Toys,274.75,388,BrandB
13179,Stay Up,Electronics,242.71,302,BrandB
13181,Collection Effort,Books,114.36,234,BrandA
13183,Woman Station,Electronics,294.15,387,BrandC
13184,Long Church,Books,185.78,30,BrandC
13185,Table Want,Clothing,102.38,470,BrandA
13189,Adult Plan,Toys,113.5,590,BrandB
13190,Table Reality,Beauty,360.14,268,BrandC
13195,Resource Actually,Electronics,440.8,537,BrandA
13196,Black Six,Home,424.37,945,BrandD
13197,Factor Thousand,Clothing,32.95,993,BrandD
13198,Country Environmental,Home,159.23,628,BrandC
13199,Establish Science,Clothing,411.54,956,BrandD
13200,Yet Security,Home,421.91,319,BrandD
13201,By Response,Books,61.18,701,BrandB
13202,Condition American,Books,393.0,640,BrandD
13203,Movement Down,Home,408.42,600,BrandB
13204,Ever Do,Beauty,370.77,902,BrandD
13205,Nation Order,Beauty,212.13,105,BrandC
13207,Time Assume,Electronics,395.96,573,BrandD
13208,Financial Foot,Clothing,486.67,773,BrandA
13210,Seven With,Electronics,57.99,538,BrandA
13211,Together Just,Beauty,488.75,477,BrandA
13212,Experience Over,Books,457.78,273,BrandA
13215,Soon Cold,Toys,128.59,514,BrandD
13216,Agreement Camera,Clothing,206.39,580,BrandD
13217,Response Book,Electronics,189.52,890,BrandC
13219,Become American,Beauty,470.32,733,BrandD
13220,Factor Decide,Toys,253.13,477,BrandD
13222,Summer By,Toys,167.2,925,BrandD
13223,Rate North,Home,265.99,941,BrandB
13226,Sing Ago,Toys,165.84,910,BrandD
13227,Woman Example,Clothing,267.43,945,BrandA
13229,Control Her,Home,413.17,480,BrandC
13233,Become College,Electronics,225.46,983,BrandA
13244,Those Enough,Electronics,202.63,393,BrandD
13247,For System,Beauty,164.35,669,BrandB
13249,Tough Keep,Home,34.91,772,BrandC
13250,Hold Couple,Electronics,13.94,577,BrandC
13251,Behind Over,Home,167.38,456,BrandA
13254,Case Letter,Books,192.1,437,BrandA
13257,Fly Environmental,Books,308.19,242,BrandC
13260,Body Once,Clothing,426.17,331,BrandD
13262,Popular Piece,Clothing,272.83,897,BrandC
13267,Response Garden,Clothing,129.99,724,BrandA
13268,Various Life,Toys,343.39,599,BrandC
13269,Parent Your,Home,361.88,982,BrandD
13270,Friend Pattern,Toys,95.96,824,BrandB
13272,Magazine Full,Toys,56.48,949,BrandD
13274,Toward Tough,Home,276.2,828,BrandA
13279,Reflect He,Electronics,375.91,71,BrandD
13283,Both House,Beauty,60.43,241,BrandB
13284,Yes Approach,Clothing,331.65,727,BrandB
13288,Remain Relate,Electronics,302.02,556,BrandC
13289,Much Hotel,Clothing,450.71,665,BrandB
13291,Return Term,Clothing,476.41,54,BrandC
13294,Seat Effort,Books,418.67,187,BrandD
13299,Capital Type,Electronics,484.94,239,BrandD
13302,Work Street,Clothing,101.46,932,BrandA
13304,Each Seven,Beauty,76.5,300,BrandD
13305,Develop We,Electronics,398.51,812,BrandB
13306,Film Between,Electronics,277.7,147,BrandD
13307,Assume Few,Books,23.99,633,BrandA
13308,Several Remain,Electronics,112.71,330,BrandD
13311,Good Evidence,Toys,372.37,274,BrandD
13312,I Other,Toys,73.87,21,BrandC
13313,Everyone Boy,Toys,39.19,859,BrandD
13315,Section Natural,Beauty,393.16,760,BrandC
13316,Too Example,Beauty,263.39,608,BrandA
13319,Especially Claim,Toys,173.48,362,BrandD
13320,Wind Catch,Clothing,167.96,643,BrandA
13326,Administration Network,Electronics,157.97,73,BrandB
13327,Important For,Toys,180.82,931,BrandD
13328,Control Bar,Toys,416.23,340,BrandA
13329,Stop Its,Toys,422.02,181,BrandC
13332,Part President,Beauty,449.61,47,BrandA
13335,Someone Several,Home,249.49,356,BrandA
13336,Leader Type,Toys,181.31,972,BrandB
13337,Wish Positive,Electronics,157.08,869,BrandA
13340,Situation Able,Clothing,202.65,231,BrandC
13341,Thought See,Clothing,322.14,314,BrandC
13347,Area Break,Beauty,311.72,518,BrandA
13348,Approach Beat,Electronics,68.93,80,BrandA
13350,Task Season,Clothing,96.41,684,BrandD
13355,Tv Know,Toys,400.82,999,BrandD
13356,Less Ago,Clothing,372.62,716,BrandC
13359,Cup Foreign,Electronics,64.74,661,BrandA
13361,Ok Continue,Toys,208.73,782,BrandC
13370,Bar Price,Home,240.81,257,BrandC
13374,Type Including,Books,442.99,117,BrandB
13375,Family Career,Clothing,392.54,890,BrandA
13376,Space Require,Toys,129.9,644,BrandD
13380,Near Thing,Clothing,361.14,410,BrandB
13381,Young Hold,Home,78.55,729,BrandB
13383,White Throughout,Beauty,159.06,8,BrandC
13384,Government White,Electronics,285.9,479,BrandD
13385,Win Team,Books,359.33,983,BrandA
13386,Position Manage,Books,89.01,657,BrandB
13389,Site Hot,Clothing,15.0,370,BrandB
13398,Everything Fear,Clothing,20.48,330,BrandA
13401,Common Often,Clothing,423.33,8,BrandD
13402,Year Soon,Toys,91.05,929,BrandB
13403,Whatever Raise,Electronics,23.94,766,BrandC
13405,Raise Politics,Home,217.83,380,BrandA
13407,Hundred Stay,Books,165.04,113,BrandB
13409,Side Government,Books,172.11,725,BrandB
13411,Interesting Test,Home,141.27,246,BrandC
13412,Player Note,Beauty,346.27,658,BrandC
13415,Reason Her,Beauty,54.02,116,BrandC
13416,Bank Enough,Clothing,42.97,929,BrandD
13417,Name Station,Home,380.68,272,BrandB
13418,I Eight,Toys,453.09,428,BrandC
13423,Question Maybe,Books,59.41,189,BrandA
13424,Product Actually,Beauty,65.1,295,BrandC
13426,Special Onto,Books,353.65,330,BrandA
13429,Director Yes,Beauty,53.15,925,BrandD
13430,Perform Property,Home,374.7,200,BrandA
13432,Big Conference,Beauty,454.11,964,BrandC
13434,Assume Race,Books,370.01,93,BrandC
13435,Hot Attack,Books,113.15,753,BrandB
13437,Our Sit,Home,320.2,350,BrandA
13438,Whom Daughter,Beauty,170.33,898,BrandB
13439,Order Them,Clothing,388.82,341,BrandD
13440,Every Politics,Beauty,10.85,521,BrandC
13443,Commercial Entire,Home,170.78,625,BrandA
13444,To Against,Electronics,268.92,669,BrandC
13445,National Type,Books,142.79,81,BrandD
13447,Five Skill,Clothing,337.67,760,BrandB
13450,Wall Charge,Beauty,136.75,242,BrandC
13451,Player Or,Books,196.67,799,BrandB
13453,Product Go,Beauty,88.46,400,BrandA
13456,None Happen,Books,19.41,836,BrandC
13458,Whole Specific,Beauty,370.56,290,BrandA
13460,Race Worker,Electronics,156.87,991,BrandA
13462,Doctor Call,Beauty,233.7,126,BrandD
13468,Any Start,Toys,383.46,569,BrandA
13470,Center Buy,Beauty,146.09,539,BrandA
13471,Research Door,Books,284.85,28,BrandA
13472,Marriage Laugh,Beauty,482.27,78,BrandA
13473,Continue Baby,Clothing,70.26,29,BrandC
13474,Trip Class,Books,76.88,475,BrandD
13475,Technology And,Clothing,78.45,136,BrandA
13476,Stock Laugh,Electronics,90.8,661,BrandD
13477,Culture Worker,Clothing,161.58,202,BrandC
13479,She Bar,Clothing,461.95,586,BrandC
13480,Drop Its,Beauty,480.63,453,BrandD
13482,Growth Special,Clothing,177.87,745,BrandB
13483,Rock Economy,Books,458.27,983,BrandD
13484,Book Once,Home,260.07,735,BrandB
13487,Its Her,Books,123.58,268,BrandC
13489,Already Program,Books,465.56,461,BrandD
13492,Perhaps Hear,Toys,339.82,953,BrandC
13493,Upon Assume,Electronics,187.57,201,BrandA
13494,Garden Dinner,Toys,322.83,55,BrandC
13495,Challenge Serious,Electronics,252.1,631,BrandB
13498,Approach Vote,Electronics,39.63,696,BrandB
13499,Have Many,Beauty,429.51,631,BrandC
13501,Help Little,Electronics,356.76,314,BrandB
13504,Challenge Recognize,Books,131.83,513,BrandC
13506,Ready Him,Clothing,249.22,395,BrandB
13508,Current Evidence,Beauty,401.3,893,BrandD
13510,Direction Run,Beauty,93.38,639,BrandC
13511,Financial Success,Clothing,337.42,388,BrandB
13512,Benefit Argue,Toys,338.74,402,BrandD
13516,Central Begin,Beauty,140.01,532,BrandA
13518,Management Three,Beauty,133.16,218,BrandC
13519,Before Together,Beauty,498.51,508,BrandC
13521,Three Heavy,Books,385.11,3,BrandA
13526,Five Consider,Books,467.85,559,BrandA
13527,Box And,Books,383.98,150,BrandA
13528,Alone Hand,Electronics,76.11,104,BrandC
13532,Home Business,Clothing,121.81,524,BrandD
13533,Capital Entire,Home,61.95,860,BrandA
13535,Inside Yes,Clothing,255.09,943,BrandD
13537,Contain Identify,Books,85.82,559,BrandC
13538,Son A,Books,259.7,902,BrandD
13539,Move Understand,Toys,215.46,48,BrandD
13546,Yeah Owner,Toys,376.52,327,BrandD
13547,Several Glass,Home,301.02,859,BrandD
13548,Member Imagine,Clothing,88.46,270,BrandD
13549,Education Medical,Electronics,371.83,153,BrandD
13551,Note Truth,Electronics,284.88,820,BrandA
13552,Against Summer,Books,441.47,139,BrandA
13558,Car Easy,Home,472.98,598,BrandD
13559,Think Whole,Toys,153.3,152,BrandA
13561,Imagine Measure,Clothing,231.11,416,BrandD
13562,Full American,Clothing,258.09,917,BrandA
13563,School Class,Clothing,9.42,742,BrandA
13566,Her Ball,Books,186.55,787,BrandC
13567,Free Maybe,Electronics,131.32,159,BrandC
13568,Sell Buy,Clothing,454.81,704,BrandA
13569,Child It,Home,499.34,936,BrandB
13570,Third But,Clothing,57.11,64,BrandA
13572,Write Push,Beauty,142.58,372,BrandB
13574,About Hundred,Home,162.58,548,BrandB
13575,Yet Rule,Toys,176.2,219,BrandA
13576,Company Window,Books,55.06,656,BrandD
13579,From Sound,Home,390.01,685,BrandB
13582,Mission Fast,Clothing,207.36,126,BrandA
13586,Manager Suggest,Books,499.92,804,BrandB
13587,Rest She,Clothing,495.3,476,BrandA
13589,Food Around,Beauty,173.41,41,BrandC
13594,View Truth,Toys,415.53,438,BrandA
13596,Range Choice,Home,194.18,312,BrandD
13597,Likely Price,Home,279.78,815,BrandD
13602,He His,Toys,304.52,221,BrandB
13608,Campaign Enjoy,Electronics,446.16,903,BrandD
13609,Only But,Home,202.66,227,BrandD
13614,Yard Respond,Clothing,319.93,841,BrandA
13617,Lose Enjoy,Clothing,139.63,402,BrandC
13619,Tell Poor,Electronics,310.91,192,BrandC
13625,Significant Across,Home,167.14,966,BrandD
13631,Page Occur,Home,303.06,197,BrandB
13632,Street Shake,Beauty,378.25,163,BrandB
13633,Eye Compare,Toys,61.35,582,BrandA
13634,Involve Skin,Toys,200.58,241,BrandC
13635,Research Throughout,Beauty,451.5,354,BrandD
13637,Nearly Art,Books,474.48,734,BrandC
13638,View Never,Clothing,365.79,168,BrandB
13640,Thousand Have,Toys,423.16,640,BrandB
13645,Investment Provide,Toys,204.64,374,BrandA
13647,Hear Record,Toys,421.41,633,BrandA
13653,Close Clearly,Clothing,287.82,76,BrandB
13656,Management Ground,Clothing,24.42,998,BrandB
13659,Wait Have,Home,285.64,486,BrandB
13660,Left Late,Electronics,172.04,137,BrandA
13662,Drop Might,Toys,94.8,346,BrandA
13663,May Paper,Clothing,171.72,972,BrandA
13665,Miss Help,Toys,180.88,973,BrandA
13666,Population Increase,Beauty,421.06,411,BrandC
13667,Individual Suddenly,Clothing,106.83,212,BrandD
13670,Serve Radio,Electronics,16.5,168,BrandD
13671,Enjoy Region,Beauty,307.99,378,BrandB
13675,Management Ball,Electronics,376.31,848,BrandC
13678,Down Hour,Beauty,318.54,159,BrandC
13679,Son Congress,Toys,278.06,494,BrandD
13681,Usually Receive,Electronics,301.49,599,BrandB
13682,Exactly Break,Toys,313.73,542,BrandC
13685,Instead Reason,Toys,253.95,4,BrandC
13686,Speech Whole,Toys,169.01,122,BrandD
13689,Above Democratic,Beauty,41.37,352,BrandC
13690,None Response,Toys,114.33,588,BrandD
13692,Report Song,Clothing,305.78,937,BrandD
13693,Early Everybody,Toys,18.78,32,BrandC
13695,Executive Pass,Books,295.67,287,BrandB
13696,Manager Executive,Electronics,28.85,616,BrandB
13698,Nor System,Clothing,443.52,103,BrandC
13700,Front Both,Books,200.95,585,BrandB
13701,Question Certain,Beauty,429.1,808,BrandA
13706,Mother Skin,Toys,400.45,257,BrandD
13707,Trip Make,Electronics,345.7,656,BrandC
13709,Grow Fly,Electronics,182.11,452,BrandD
13711,Back Several,Electronics,208.83,874,BrandD
13715,Every Show,Books,459.56,657,BrandA
13718,East Some,Beauty,302.32,395,BrandD
13719,Guess Tend,Beauty,211.39,511,BrandD
13720,Attack No,Clothing,188.4,688,BrandD
13721,Including Show,Home,403.99,672,BrandB
13722,Enter Region,Books,70.88,620,BrandD
13724,Still About,Toys,346.64,1,BrandC
13725,Forget Ball,Beauty,28.1,812,BrandC
13726,Mr Method,Toys,194.25,443,BrandC
13727,Garden Audience,Clothing,358.25,933,BrandA
13733,Pull Something,Books,232.76,953,BrandD
13739,Feeling That,Beauty,127.6,779,BrandD
13740,Minute Seven,Electronics,199.57,835,BrandA
13741,Only House,Home,344.71,247,BrandB
13742,Blue About,Clothing,111.63,644,BrandC
13743,Simple Election,Toys,450.64,973,BrandC
13749,Camera Them,Home,310.74,740,BrandC
13752,During This,Books,231.82,570,BrandC
13753,Sport Democrat,Electronics,158.7,96,BrandA
13756,Put Thousand,Electronics,9.39,240,BrandB
13761,Write Enter,Beauty,371.53,442,BrandC
13762,Side Positive,Electronics,413.99,167,BrandC
13763,Federal Respond,Clothing,463.67,477,BrandA
13765,Report Argue,Books,240.0,507,BrandA
13766,Go Season,Books,48.16,428,BrandC
13767,Itself Part,Clothing,142.42,955,BrandA
13769,Agree Wind,Clothing,67.41,526,BrandC
13771,Sing Major,Electronics,169.89,968,BrandC
13774,Man The,Electronics,159.05,409,BrandB
13780,Budget Different,Beauty,169.99,13,BrandB
13781,Its Analysis,Clothing,388.09,173,BrandC
13782,Mention So,Home,490.8,994,BrandA
13783,Significant Office,Clothing,8.72,285,BrandA
13784,Choice Congress,Beauty,139.48,889,BrandC
13785,Child Discussion,Home,188.55,895,BrandB
13786,Human Husband,Clothing,24.44,198,BrandB
13787,Manager Against,Clothing,118.86,59,BrandC
13788,News Off,Toys,66.32,18,BrandC
13790,Voice Require,Home,171.79,579,BrandB
13791,Relate Right,Electronics,306.1,85,BrandA
13792,Suggest Speech,Electronics,71.23,186,BrandB
13795,Television Stage,Electronics,100.87,735,BrandA
13799,Doctor Quickly,Books,214.18,20,BrandC
13801,Evening Billion,Home,452.97,282,BrandC
13804,Opportunity Act,Books,330.67,396,BrandB
13807,Best Material,Clothing,210.33,33,BrandB
13810,Public Develop,Home,376.93,703,BrandB
13811,Main Recognize,Home,498.43,551,BrandC
13812,Commercial Medical,Electronics,122.38,925,BrandD
13816,Side Second,Books,89.99,115,BrandA
13819,Until Teach,Toys,343.44,292,BrandB
13821,Meeting Brother,Electronics,177.67,628,BrandD
13822,Go Local,Beauty,436.61,910,BrandA
13823,Sometimes There,Electronics,122.36,855,BrandB
13824,On Candidate,Beauty,467.91,38,BrandD
13825,Assume Amount,Beauty,498.29,109,BrandB
13826,Fire Growth,Beauty,254.69,679,BrandC
13829,Side Board,Clothing,381.24,133,BrandC
13832,Shoulder Eat,Books,156.49,374,BrandA
13833,Light Where,Beauty,269.4,95,BrandA
13834,Maintain Political,Books,123.35,675,BrandA
13837,Talk Effort,Books,207.26,254,BrandC
13840,Lot Movie,Toys,372.93,721,BrandA
13843,Modern View,Electronics,238.08,289,BrandA
13844,Sell Wall,Home,250.03,739,BrandA
13848,Worker Family,Clothing,410.77,608,BrandD
13857,Never Contain,Electronics,20.82,273,BrandD
13860,Weight Billion,Clothing,491.91,494,BrandC
13862,Provide Carry,Clothing,104.62,84,BrandD
13863,Interesting Minute,Home,148.32,183,BrandA
13865,Nature Very,Toys,108.0,860,BrandA
13866,Institution Figure,Books,455.78,793,BrandD
13867,Build Of,Beauty,496.71,934,BrandA
13870,Before Strategy,Electronics,352.95,273,BrandD
13872,Account Wall,Toys,384.41,726,BrandD
13873,Together As,Books,278.54,224,BrandD
13876,Red Item,Electronics,342.28,688,BrandC
13879,Respond Early,Electronics,362.59,213,BrandB
13884,Need Later,Toys,105.78,703,BrandA
13886,Ask Trade,Books,414.24,443,BrandD
13890,Modern Boy,Clothing,384.55,450,BrandA
13891,Writer Hair,Home,137.26,544,BrandB
13894,Him Never,Beauty,213.44,721,BrandD
13895,Protect May,Clothing,395.36,778,BrandC
13897,Too Any,Electronics,435.28,333,BrandC
13898,You Type,Beauty,217.65,512,BrandA
13901,Size Herself,Electronics,396.85,628,BrandC
13903,Together Quite,Books,363.02,198,BrandD
13907,Several Forget,Books,137.31,955,BrandB
13908,Girl Pass,Books,173.82,44,BrandC
13911,Including Report,Electronics,234.28,710,BrandA
13912,See President,Electronics,283.07,43,BrandC
13913,Hard Bank,Clothing,266.42,137,BrandB
13914,Letter Stay,Electronics,172.81,783,BrandC
13917,Father Environmental,Toys,455.66,802,BrandA
13922,Only Fund,Toys,231.28,593,BrandA
13923,Effect Good,Electronics,393.18,90,BrandD
13924,Trouble Main,Books,351.98,859,BrandB
13931,Case Action,Books,413.49,878,BrandC
13934,Hour Environmental,Beauty,466.21,823,BrandC
13935,Rock Free,Home,42.02,780,BrandA
13944,Reflect Value,Home,154.84,931,BrandA
13949,Spring System,Books,326.71,932,BrandA
13951,Rise Mr,Books,98.37,237,BrandA
13954,Middle Beautiful,Beauty,220.33,510,BrandA
13955,Free Month,Toys,52.09,556,BrandA
13959,Research This,Electronics,259.46,826,BrandA
13963,We Baby,Home,22.28,722,BrandC
13964,Mrs Dark,Beauty,456.93,440,BrandC
13965,Could Sit,Toys,101.86,73,BrandB
13969,Whatever She,Home,27.95,481,BrandA
13978,Each Big,Books,172.49,150,BrandA
13981,Direction Behind,Books,341.97,580,BrandD
13982,We Although,Books,201.91,524,BrandC
13986,Provide What,Clothing,155.13,230,BrandB
13990,We Good,Electronics,255.29,404,BrandC
13991,Ability Performance,Books,45.09,702,BrandC
13992,Prove Growth,Books,409.86,313,BrandD
13993,Blood Week,Books,129.83,698,BrandB
13994,Rest News,Books,445.61,558,BrandB
13996,Effort Discuss,Electronics,55.43,11,BrandA
13997,Any College,Toys,263.01,50,BrandA
13999,Dinner Get,Electronics,120.2,260,BrandB
14001,Region South,Home,419.42,613,BrandC
14003,Town Hundred,Beauty,133.44,918,BrandB
14004,Author Inside,Clothing,279.43,586,BrandA
14006,Media Now,Clothing,352.16,848,BrandC
14007,Woman Table,Electronics,126.18,29,BrandC
14008,This Record,Books,129.72,978,BrandA
14011,Her Third,Clothing,436.58,667,BrandD
14012,Alone Fall,Electronics,98.17,234,BrandD
14014,Southern Model,Books,34.85,587,BrandA
14017,Face Couple,Toys,499.9,891,BrandB
14027,Attention Smile,Home,317.32,247,BrandB
14033,Well Ground,Toys,190.41,822,BrandB
14034,Already Consumer,Toys,296.47,652,BrandB
14036,Much Woman,Clothing,477.85,755,BrandC
14037,Southern Arrive,Electronics,143.63,80,BrandB
14038,Free Mouth,Home,29.46,228,BrandA
14039,Security Tonight,Toys,111.81,57,BrandB
14041,Pm Involve,Books,455.11,404,BrandA
14042,Standard Anyone,Home,338.65,787,BrandD
14043,Instead Four,Toys,91.91,3,BrandA
14044,Factor Chair,Clothing,493.11,834,BrandD
14045,Mention Movie,Toys,418.98,865,BrandA
14047,Walk Middle,Clothing,169.93,425,BrandA
14049,Seat With,Clothing,47.47,78,BrandC
14050,Song Hospital,Beauty,348.61,409,BrandA
14052,It Television,Clothing,91.89,886,BrandB
14057,Beat Bar,Toys,109.88,251,BrandA
14060,Apply Huge,Books,34.35,40,BrandB
14065,Common Year,Home,457.61,730,BrandD
14067,Seek Decide,Beauty,18.16,16,BrandB
14073,Article Stay,Books,306.95,567,BrandA
14077,Positive Five,Toys,202.42,293,BrandC
14081,Action The,Clothing,269.46,129,BrandC
14082,Note Be,Home,317.52,17,BrandD
14087,Manager Court,Beauty,17.34,458,BrandD
14092,Development Same,Toys,136.24,149,BrandA
14097,Discuss Street,Electronics,362.67,854,BrandC
14099,Word Himself,Electronics,152.12,213,BrandB
14100,Contain Effect,Beauty,116.59,676,BrandC
14102,Author Interest,Home,135.43,601,BrandC
14103,Woman What,Clothing,106.21,153,BrandC
14104,Voice Simply,Clothing,64.23,147,BrandA
14107,Prevent Under,Beauty,363.94,338,BrandC
14112,Get Public,Clothing,99.33,129,BrandA
14115,Provide Little,Books,334.31,607,BrandD
14116,Call South,Beauty,285.57,227,BrandA
14118,Year Alone,Toys,10.76,520,BrandC
14120,Not Surface,Home,441.1,629,BrandB
14124,Threat Call,Books,125.14,72,BrandB
14125,Stock Structure,Clothing,427.5,916,BrandA
14127,A School,Books,121.88,856,BrandA
14131,Task Top,Electronics,71.89,802,BrandD
14133,Catch Heart,Clothing,470.56,610,BrandB
14135,Quickly International,Beauty,378.1,768,BrandB
14137,Enter Against,Electronics,414.05,196,BrandC
14138,Today Foot,Toys,423.65,799,BrandD
14139,Draw Paper,Beauty,241.65,579,BrandB
14140,Real Leader,Electronics,186.19,46,BrandD
14141,Its Center,Electronics,397.67,877,BrandD
14142,Support Reach,Beauty,460.32,848,BrandC
14143,Throughout Site,Home,440.36,368,BrandC
14144,Poor Film,Electronics,71.13,433,BrandB
14145,Five From,Electronics,106.82,750,BrandC
14148,Reveal Above,Books,436.23,711,BrandD
14151,Thus Quickly,Beauty,330.27,605,BrandC
14155,Church Picture,Books,360.93,237,BrandA
14159,Nearly Officer,Clothing,211.68,698,BrandB
14160,Then Method,Home,252.84,523,BrandD
14165,Receive Name,Books,333.65,187,BrandC
14173,Might Technology,Electronics,370.93,936,BrandA
14175,Generation Arm,Books,47.84,295,BrandB
14176,Million Control,Electronics,311.2,172,BrandB
14181,Three Professional,Toys,121.01,123,BrandA
14188,Health Left,Electronics,26.2,371,BrandD
14189,Let Spring,Toys,327.22,751,BrandA
14190,Imagine Store,Toys,298.33,26,BrandC
14191,Ask Offer,Beauty,348.28,471,BrandB
14193,Open Management,Electronics,356.11,547,BrandD
14197,That Hour,Beauty,415.97,373,BrandA
14202,College Through,Electronics,256.9,914,BrandC
14203,Who Compare,Toys,80.71,854,BrandC
14204,Few During,Toys,80.34,259,BrandB
14207,We Actually,Books,498.76,635,BrandD
14208,Two There,Clothing,242.85,724,BrandB
14212,Main Rate,Home,442.59,250,BrandA
14213,Investment Bar,Clothing,42.86,747,BrandA
14214,Could Blood,Toys,441.64,627,BrandB
14216,Likely As,Electronics,30.25,486,BrandA
14218,Kind Property,Books,311.56,805,BrandB
14219,Rather Get,Clothing,362.38,637,BrandA
14220,Price Quickly,Clothing,89.08,521,BrandB
14221,Say Rest,Toys,216.21,364,BrandC
14224,Even Organization,Beauty,291.63,337,BrandA
14225,Personal Not,Electronics,130.6,917,BrandC
14226,Movie Listen,Books,160.36,37,BrandB
14229,Member Imagine,Books,335.54,954,BrandD
14231,Cut Every,Beauty,335.84,623,BrandB
14234,Condition Writer,Home,455.06,920,BrandD
14237,Various Brother,Books,323.23,497,BrandD
14241,Be Establish,Electronics,304.35,774,BrandB
14243,Lot How,Home,365.07,893,BrandD
14244,Realize Certain,Toys,265.89,26,BrandC
14248,Data Four,Books,229.73,139,BrandD
14256,Approach Guy,Toys,334.0,934,BrandD
14258,Movie Conference,Books,398.14,114,BrandC
14259,Technology Administration,Clothing,389.26,985,BrandC
14264,Help Sell,Toys,453.93,403,BrandC
14265,Them Lead,Electronics,464.29,701,BrandD
14268,Today Free,Electronics,441.29,18,BrandA
14269,Go Information,Clothing,51.34,145,BrandA
14270,Listen Hit,Electronics,198.8,945,BrandA
14273,Customer About,Electronics,491.89,121,BrandD
14274,Sea Increase,Books,38.66,690,BrandA
14276,Blue Decide,Books,299.17,967,BrandB
14278,New Already,Electronics,479.73,468,BrandA
14279,Somebody Investment,Toys,425.23,874,BrandC
14282,Outside Company,Toys,125.17,392,BrandA
14283,Forget North,Clothing,199.11,11,BrandB
14284,Trade Fund,Toys,247.83,817,BrandA
14287,Laugh Bit,Home,447.03,859,BrandA
14288,Customer Minute,Beauty,271.76,686,BrandC
14289,Why Any,Toys,132.11,323,BrandD
14290,Project Pressure,Beauty,422.93,713,BrandA
14292,Decide Morning,Toys,378.85,208,BrandB
14294,Support Everybody,Books,27.56,627,BrandD
14295,Raise Table,Home,99.35,215,BrandA
14297,Maybe Particular,Beauty,422.72,35,BrandB
14302,Surface Because,Toys,433.85,229,BrandC
14303,Ahead Who,Toys,412.68,993,BrandD
14306,Pick Leave,Electronics,45.27,363,BrandC
14308,Factor Month,Toys,305.56,421,BrandA
14309,Open Begin,Electronics,77.65,436,BrandB
14315,Population Total,Clothing,461.75,209,BrandA
14316,Newspaper Politics,Beauty,59.38,986,BrandA
14317,Use Short,Books,235.32,166,BrandC
14319,Less Help,Home,421.92,643,BrandD
14322,Decide Area,Electronics,175.95,489,BrandB
14323,Two Debate,Home,150.68,872,BrandC
14325,Course Attention,Books,136.9,965,BrandD
14328,Your Arm,Home,123.51,706,BrandD
14329,Final I,Clothing,286.3,432,BrandA
14330,Force Fish,Books,21.5,997,BrandA
14333,Personal Energy,Toys,419.74,994,BrandB
14334,Now Most,Toys,307.16,984,BrandA
14335,Common Material,Books,152.03,749,BrandA
14336,Until Accept,Toys,151.03,358,BrandA
14339,Young Possible,Beauty,345.46,198,BrandB
14353,Lay Design,Beauty,44.69,676,BrandB
14354,Here Something,Beauty,464.9,604,BrandC
14355,Message Make,Electronics,302.04,302,BrandB
14356,Card Yard,Clothing,107.14,972,BrandA
14357,Trial Go,Beauty,240.12,884,BrandC
14358,Citizen Entire,Electronics,134.69,264,BrandA
14359,Executive Common,Home,312.72,200,BrandA
14360,Senior Lose,Electronics,212.2,810,BrandC
14361,Avoid I,Home,393.6,403,BrandB
14363,Increase Sense,Toys,484.76,962,BrandD
14365,Trade Also,Toys,253.82,739,BrandB
14374,Second Alone,Books,480.35,923,BrandC
14375,Require Tonight,Electronics,287.52,99,BrandD
14376,Look Country,Beauty,457.15,926,BrandA
14382,Own Form,Beauty,33.25,863,BrandA
14384,Father List,Electronics,128.87,773,BrandA
14388,Crime Its,Electronics,177.86,645,BrandA
14389,Raise Responsibility,Toys,49.94,451,BrandB
14395,Structure Camera,Toys,284.01,400,BrandA
14398,Small Member,Clothing,269.44,996,BrandB
14400,Sea Day,Books,146.42,381,BrandC
14402,Fast Law,Clothing,177.71,170,BrandB
14404,Student Grow,Beauty,175.9,636,BrandB
14407,Blue Officer,Beauty,227.53,442,BrandD
14408,Ago Get,Home,295.78,428,BrandA
14409,Wrong Wait,Books,309.46,853,BrandC
14413,Use Than,Home,437.68,506,BrandC
14414,Right Teacher,Home,44.66,821,BrandC
14416,Such Kid,Electronics,197.18,441,BrandA
14417,Because To,Beauty,284.71,59,BrandD
14418,Develop Box,Home,353.47,507,BrandC
14420,By Tonight,Clothing,94.78,856,BrandB
14422,General Job,Electronics,407.94,587,BrandA
14424,Front Including,Home,304.14,395,BrandC
14425,Recent Quite,Toys,246.1,317,BrandC
14427,Meeting Wall,Electronics,209.26,398,BrandD
14429,Bad Charge,Books,304.05,671,BrandA
14430,Yet Court,Clothing,442.18,392,BrandD
14432,Everyone Audience,Clothing,130.34,492,BrandC
14434,I Task,Home,87.9,501,BrandC
14435,Speech Piece,Electronics,275.01,1,BrandA
14436,Imagine Minute,Electronics,241.94,77,BrandD
14437,Event Third,Beauty,126.76,105,BrandD
14439,Thus Tv,Beauty,377.68,323,BrandC
14448,Radio Enjoy,Books,18.64,981,BrandC
14449,View Up,Home,288.27,144,BrandD
14450,Part Account,Toys,20.41,762,BrandD
14451,Idea Economy,Clothing,441.18,986,BrandC
14454,Approach Along,Electronics,241.64,369,BrandB
14455,Might Visit,Toys,375.49,596,BrandA
14456,Sure Go,Home,365.85,199,BrandC
14457,Rate Quality,Books,487.92,83,BrandC
14458,Police Western,Clothing,226.7,978,BrandD
14464,Window Reach,Home,98.68,195,BrandC
14465,With Million,Books,92.66,327,BrandB
14466,Much Age,Books,33.28,437,BrandC
14470,Of Choice,Clothing,180.44,626,BrandB
14471,Clearly Again,Home,381.31,177,BrandB
14473,Sound What,Books,420.52,970,BrandA
14474,Walk Candidate,Toys,351.43,254,BrandB
14482,Former Everything,Electronics,481.93,829,BrandB
14483,Rest Analysis,Toys,119.27,371,BrandC
14485,Must Avoid,Home,346.62,366,BrandA
14490,Economic Alone,Electronics,486.31,188,BrandA
14496,Issue Success,Books,58.29,738,BrandC
14497,Dream Follow,Electronics,377.28,235,BrandB
14498,Be Yard,Home,78.53,474,BrandB
14499,Character Later,Toys,78.18,739,BrandB
14501,Instead Evening,Beauty,280.22,144,BrandA
14504,Give These,Books,259.8,856,BrandD
14507,Note Data,Beauty,276.58,323,BrandA
14509,Option Son,Books,364.85,596,BrandA
14512,Billion Start,Books,291.4,484,BrandC
14514,Shake Mouth,Books,155.03,431,BrandA
14515,Green Herself,Beauty,497.19,85,BrandC
14517,Manage Yet,Books,367.01,668,BrandA
14521,Laugh Let,Beauty,318.87,24,BrandA
14523,Can Act,Electronics,59.13,361,BrandA
14525,Not Almost,Electronics,271.6,601,BrandB
14526,Start Hear,Clothing,490.79,227,BrandA
14529,Unit Reflect,Electronics,444.71,413,BrandD
14530,Recently Run,Books,444.17,819,BrandD
14531,Everything Smile,Books,80.46,170,BrandC
14533,Modern Measure,Electronics,233.43,808,BrandD
14535,Campaign Water,Books,363.93,164,BrandA
14536,Sign Central,Books,332.58,551,BrandC
14537,Take Which,Toys,302.11,867,BrandD
14540,Building Try,Electronics,362.08,483,BrandB
14542,Study Whatever,Clothing,268.62,950,BrandD
14543,Suddenly Church,Home,482.87,359,BrandB
14544,Once Thought,Beauty,125.01,343,BrandC
14546,Impact As,Toys,121.11,110,BrandD
14547,Get Religious,Toys,19.86,825,BrandD
14549,Much Network,Toys,172.55,38,BrandA
14553,Apply Leg,Electronics,405.05,695,BrandB
14554,Rather Condition,Clothing,31.88,112,BrandD
14555,Together Either,Electronics,217.55,336,BrandB
14556,Animal Answer,Books,5.73,113,BrandB
14560,Worker Pick,Electronics,299.86,826,BrandD
14562,Machine Tv,Clothing,225.46,445,BrandC
14563,Save Price,Books,448.36,580,BrandD
14564,Cause Ready,Books,345.87,98,BrandB
14565,Long Tend,Electronics,84.24,132,BrandC
14567,Answer Raise,Books,496.9,895,BrandB
14568,Standard Stop,Books,98.45,667,BrandA
14571,Military Small,Toys,133.52,639,BrandD
14575,Clearly Month,Home,298.92,211,BrandD
14576,Form No,Beauty,387.73,80,BrandC
14577,First Letter,Books,38.92,446,BrandA
14578,Hundred North,Books,499.42,647,BrandA
14579,Author Senior,Beauty,261.83,887,BrandD
14580,Dinner Between,Electronics,427.66,776,BrandD
14581,Cut Different,Toys,399.7,493,BrandC
14587,Citizen Chance,Books,98.28,444,BrandC
14589,Play Respond,Toys,195.25,607,BrandB
14590,Price Voice,Toys,104.11,861,BrandA
14592,Mouth Rock,Books,242.16,346,BrandB
14593,Sister Him,Clothing,394.27,628,BrandA
14594,Professional Hear,Electronics,203.95,465,BrandA
14596,Ask Serious,Toys,25.02,873,BrandB
14597,Process Machine,Beauty,402.52,889,BrandA
14598,Arrive Special,Home,88.48,799,BrandD
14604,Former Affect,Home,207.1,978,BrandB
14606,Clear What,Books,246.41,729,BrandD
14609,Safe Hand,Beauty,102.78,250,BrandA
14614,Assume Party,Clothing,64.07,149,BrandB
14617,Senior Site,Electronics,107.4,751,BrandA
14618,Well Culture,Books,142.11,309,BrandD
14622,Third Figure,Books,378.01,51,BrandB
14623,Response Sport,Books,370.96,762,BrandA
14625,Painting Paper,Electronics,17.17,908,BrandA
14628,Rule About,Books,429.39,236,BrandC
14635,Fight Fund,Books,393.15,853,BrandC
14639,Eight Key,Electronics,191.41,761,BrandC
14641,Cover Defense,Books,411.01,638,BrandA
14642,Model From,Beauty,198.96,946,BrandA
14646,Physical Toward,Electronics,75.76,564,BrandA
14647,Analysis Any,Beauty,390.81,241,BrandA
14648,Final Side,Electronics,248.27,12,BrandB
14649,Base Take,Toys,27.55,0,BrandA
14652,Hour Health,Beauty,165.6,19,BrandC
14653,Him Loss,Clothing,357.37,763,BrandB
14654,For Within,Home,111.98,69,BrandB
14656,Would Discover,Clothing,31.41,715,BrandD
14658,Voice Current,Home,433.74,142,BrandC
14662,Protect Unit,Toys,498.33,131,BrandB
14663,Possible Like,Toys,96.57,458,BrandD
14664,Office Alone,Home,443.46,925,BrandB
14665,Nation Address,Toys,267.68,655,BrandA
14666,Despite Mission,Beauty,24.66,653,BrandD
14669,Executive Ahead,Home,353.93,251,BrandD
14670,Several Structure,Electronics,175.1,255,BrandB
14671,Man Rich,Beauty,199.19,467,BrandD
14672,Feel Society,Home,73.77,881,BrandC
14673,Cause Up,Books,82.13,244,BrandB
14675,Relate Spring,Clothing,47.41,538,BrandB
14677,Might Fire,Books,258.72,434,BrandC
14680,See Provide,Clothing,223.3,249,BrandD
14681,Great Become,Books,144.84,223,BrandB
14682,Conference Employee,Home,96.65,49,BrandC
14684,Yourself Someone,Toys,383.64,372,BrandD
14685,Officer Cold,Clothing,227.46,48,BrandD
14686,Here Near,Toys,439.21,302,BrandC
14687,Sometimes Statement,Beauty,76.01,367,BrandB
14689,Behind Dog,Beauty,33.82,935,BrandD
14691,She Beautiful,Beauty,177.43,919,BrandB
14692,Word Same,Home,231.47,275,BrandD
14694,Edge Discuss,Beauty,327.79,483,BrandD
14695,Question Per,Toys,123.63,56,BrandB
14698,A Hundred,Clothing,373.18,241,BrandD
14700,Choice Medical,Toys,147.39,352,BrandC
14707,Will Billion,Beauty,160.73,186,BrandD
14710,Unit Light,Electronics,433.43,987,BrandA
14712,Art Provide,Home,402.05,609,BrandA
14714,Have Sit,Electronics,447.11,279,BrandB
14718,Increase Late,Home,358.2,282,BrandC
14721,Person Lay,Home,14.29,486,BrandC
14722,Statement Structure,Home,170.14,960,BrandC
14725,Rather Recognize,Home,239.41,28,BrandC
14728,Item Discover,Books,448.76,957,BrandD
14729,Audience Across,Home,428.53,845,BrandC
14730,Job Story,Home,190.79,346,BrandA
14733,Century Increase,Electronics,186.96,409,BrandA
14738,Least Analysis,Toys,455.93,896,BrandD
14742,House Bring,Electronics,441.73,637,BrandC
14743,Billion Head,Home,445.01,589,BrandB
14744,Hard Mother,Clothing,345.3,26,BrandC
14745,Business Standard,Beauty,51.5,84,BrandD
14746,Owner General,Home,354.92,60,BrandD
14749,Choice Away,Home,59.66,732,BrandA
14752,Possible Summer,Home,325.14,451,BrandA
14755,Make My,Clothing,271.41,596,BrandC
14756,Strong They,Beauty,487.93,353,BrandD
14758,Piece Now,Electronics,103.31,456,BrandA
14759,Expert Why,Home,119.77,611,BrandC
14763,Lose Mean,Toys,302.45,919,BrandC
14764,Lose Issue,Electronics,110.37,703,BrandB
14767,Stock Again,Clothing,294.83,49,BrandB
14771,Dream If,Electronics,205.54,70,BrandA
14775,Sister Spring,Beauty,96.69,395,BrandD
14777,Size By,Clothing,82.79,698,BrandC
14779,List Billion,Electronics,448.1,840,BrandD
14781,Light Program,Clothing,244.06,228,BrandA
14789,Thousand Fire,Books,262.34,116,BrandD
14792,Base Woman,Beauty,457.8,649,BrandD
14793,Whole Side,Clothing,371.55,795,BrandB
14794,International Call,Electronics,83.43,400,BrandC
14796,Particular Treat,Books,108.98,437,BrandC
14797,Energy Time,Home,306.38,428,BrandD
14799,Various Matter,Toys,244.32,342,BrandB
14802,Send Customer,Clothing,186.57,420,BrandB
14807,Kind Rock,Beauty,443.38,845,BrandC
14808,Present Democrat,Clothing,131.56,664,BrandA
14809,Moment Seven,Electronics,465.18,436,BrandD
14810,Himself Term,Home,407.49,953,BrandB
14811,New Commercial,Clothing,89.61,879,BrandA
14816,Hot Window,Electronics,22.47,379,BrandD
14819,Instead Budget,Beauty,485.72,386,BrandA
14821,End About,Toys,316.29,610,BrandD
14822,Our Position,Clothing,497.97,202,BrandD
14825,Measure East,Beauty,363.45,89,BrandB
14827,Officer People,Clothing,93.18,337,BrandA
14832,Real Meet,Toys,159.82,975,BrandD
14833,Make Know,Books,6.14,905,BrandA
14836,Born Month,Electronics,95.18,787,BrandB
14839,Share Third,Toys,446.32,103,BrandC
14841,Left Unit,Electronics,382.03,821,BrandB
14842,Top Their,Beauty,188.42,218,BrandC
14843,Rise Whom,Toys,465.48,689,BrandC
14845,Health Size,Toys,258.05,653,BrandD
14849,Plan Management,Electronics,116.88,808,BrandD
14850,Letter Concern,Books,15.68,713,BrandC
14854,Social Type,Books,245.56,751,BrandC
14861,Simple Message,Electronics,92.23,283,BrandD
14863,Blood I,Electronics,184.88,255,BrandB
14867,Try Recent,Home,406.73,187,BrandB
14868,Whose Write,Toys,73.8,382,BrandB
14869,Money Matter,Books,276.89,254,BrandB
14870,Bring Yet,Electronics,227.11,734,BrandB
14878,Price Series,Beauty,29.3,438,BrandB
14879,People Former,Electronics,404.9,895,BrandA
14880,Early Side,Beauty,36.93,923,BrandC
14881,Care Gun,Electronics,198.9,185,BrandC
14882,Hair Determine,Electronics,12.06,150,BrandA
14888,Charge Sea,Electronics,175.84,341,BrandA
14889,Wrong Upon,Toys,42.56,761,BrandA
14891,Sometimes Former,Clothing,290.73,699,BrandC
14893,City Fill,Toys,449.57,684,BrandD
14897,Century Expert,Clothing,171.01,224,BrandB
14898,Cut His,Toys,202.09,792,BrandB
14899,Already Personal,Clothing,109.4,347,BrandC
14901,City Defense,Electronics,272.54,558,BrandB
14902,After Young,Home,385.59,171,BrandB
14904,Assume Glass,Toys,117.2,351,BrandC
14908,Meeting Place,Electronics,205.7,248,BrandB
14909,Feel Crime,Books,312.36,385,BrandD
14910,End Sometimes,Beauty,344.29,401,BrandB
14912,Attention Play,Toys,229.93,514,BrandC
14915,Cell Fish,Toys,305.94,761,BrandC
14920,Statement Name,Clothing,193.65,589,BrandA
14922,Suffer Still,Clothing,185.44,955,BrandC
14923,Account Lot,Electronics,369.73,156,BrandA
14925,Step Himself,Home,220.11,469,BrandA
14926,Sound Marriage,Beauty,278.65,862,BrandD
14927,Wear Individual,Books,226.15,523,BrandC
14930,Street Many,Toys,450.09,831,BrandD
14934,Stuff Young,Beauty,366.8,240,BrandC
14935,Create Financial,Home,425.32,940,BrandC
14936,Industry Clearly,Toys,262.88,691,BrandD
14938,Writer Night,Books,402.13,617,BrandB
14939,Animal Daughter,Beauty,288.09,571,BrandB
14940,Rule Hospital,Electronics,365.12,522,BrandD
14943,Reality Indeed,Clothing,336.9,503,BrandC
14945,Born For,Home,192.75,329,BrandD
14949,Very Civil,Toys,283.16,989,BrandD
14950,Alone Try,Clothing,472.12,244,BrandC
14955,Current Tv,Beauty,241.57,361,BrandA
14958,Staff Under,Electronics,283.12,511,BrandD
14960,Chance Player,Beauty,384.97,193,BrandB
14964,Nor Physical,Home,434.97,509,BrandB
14969,Oil Hair,Beauty,183.32,498,BrandC
14970,Tonight During,Electronics,136.25,701,BrandB
14971,Theory Morning,Beauty,262.87,870,BrandA
14973,Behavior Nature,Home,143.93,750,BrandD
14976,Identify Others,Home,370.22,981,BrandD
14978,Political Teacher,Books,268.36,162,BrandB
14979,Near Weight,Books,324.81,714,BrandA
14982,Send Figure,Toys,219.92,598,BrandC
14983,Consumer Food,Electronics,370.03,583,BrandB
14987,Energy Rest,Toys,140.01,726,BrandD
14988,Arrive Over,Toys,337.19,500,BrandC
14989,Group Paper,Toys,108.86,466,BrandD
14991,Sure Outside,Electronics,14.35,564,BrandD
14994,Science Thought,Toys,237.55,904,BrandB
14995,Baby Down,Beauty,42.16,875,BrandC
14996,Within Across,Toys,103.44,864,BrandB
15000,Writer Fire,Home,277.19,964,BrandC
15002,Final Film,Beauty,285.08,658,BrandD
15006,Clear Push,Beauty,125.3,120,BrandD
15007,Feel Most,Clothing,360.37,316,BrandA
15008,Until Attention,Toys,110.89,122,BrandC
15010,Better Remember,Electronics,489.28,256,BrandD
15011,Cold Street,Home,417.1,181,BrandA
15012,Season Near,Clothing,39.84,106,BrandB
15013,Across Camera,Home,83.05,305,BrandC
15015,Red Institution,Electronics,175.19,532,BrandA
15016,Evening Food,Clothing,18.02,252,BrandD
15017,Begin Explain,Clothing,481.14,818,BrandC
15021,Instead Try,Toys,27.76,261,BrandA
15027,Performance Nature,Toys,150.39,861,BrandD
15029,Together Include,Home,137.39,806,BrandC
15030,Budget Ok,Clothing,269.61,931,BrandB
15032,Might Shake,Books,27.29,142,BrandB
15034,Watch Response,Home,468.95,962,BrandB
15035,Teacher Rather,Toys,475.23,664,BrandB
15037,Operation Behavior,Home,373.67,991,BrandB
15039,Bad Over,Beauty,97.24,518,BrandB
15042,Which Figure,Toys,460.92,911,BrandC
15043,Fish Similar,Beauty,81.37,638,BrandA
15044,Must Material,Books,251.12,483,BrandC
15045,Read Get,Books,360.12,712,BrandD
15047,Control Necessary,Books,16.06,624,BrandC
15051,New Over,Books,180.73,747,BrandA
15054,There On,Books,469.86,380,BrandC
15058,Relate See,Clothing,141.38,968,BrandD
15059,Second Investment,Books,248.94,960,BrandC
15061,Each General,Clothing,491.47,371,BrandC
15063,Test Apply,Home,82.99,252,BrandD
15064,Former Standard,Electronics,196.83,884,BrandD
15067,Exactly Never,Clothing,251.08,963,BrandA
15073,Same Walk,Home,338.93,153,BrandB
15076,Work Course,Home,185.53,84,BrandA
15077,Because Address,Books,140.0,843,BrandC
15079,Woman Night,Beauty,374.23,850,BrandB
15081,Reduce Stage,Clothing,337.18,305,BrandB
15084,Real Not,Clothing,94.17,616,BrandA
15085,Security Spring,Beauty,110.82,398,BrandB
15087,Represent Discover,Beauty,400.64,67,BrandD
15089,Ability Detail,Beauty,461.78,654,BrandC
15090,Off Must,Clothing,479.5,962,BrandC
15094,Her Sure,Books,201.53,824,BrandD
15096,Statement Rise,Beauty,484.15,4,BrandA
15097,Need They,Books,408.27,993,BrandD
15099,Improve Against,Clothing,428.69,353,BrandD
15100,Rise Sort,Home,454.95,889,BrandB
15102,Son Yourself,Home,173.73,187,BrandD
15103,Well Try,Books,200.47,608,BrandB
15106,Admit Class,Toys,181.75,187,BrandC
15110,Article House,Clothing,117.02,800,BrandB
15111,Hospital Fish,Clothing,419.27,932,BrandB
15112,Since History,Toys,178.69,742,BrandA
15114,Statement Test,Clothing,214.79,285,BrandB
15115,Model According,Beauty,244.73,649,BrandC
15116,Set Can,Toys,449.56,147,BrandC
15119,Figure American,Beauty,70.63,400,BrandD
15120,Relate Establish,Toys,220.17,748,BrandA
15122,Together News,Electronics,428.13,484,BrandB
15123,Try Focus,Books,432.12,706,BrandB
15124,View Hold,Electronics,175.09,23,BrandC
15126,Pull Term,Home,311.48,513,BrandB
15127,Begin That,Clothing,286.89,346,BrandD
15131,Long Art,Beauty,421.24,219,BrandA
15132,Help That,Home,343.35,680,BrandB
15139,Meet Occur,Electronics,201.15,540,BrandC
15142,Indicate Table,Clothing,110.09,647,BrandB
15144,Room Network,Beauty,134.12,115,BrandB
15145,Deep Check,Home,207.79,946,BrandA
15146,Word Really,Books,250.22,439,BrandB
15147,Experience Tonight,Electronics,386.69,261,BrandD
15150,Plan Public,Toys,38.46,419,BrandA
15151,Daughter Memory,Toys,25.33,581,BrandD
15152,Region Seat,Electronics,273.26,695,BrandA
15153,Reflect Seat,Books,416.81,89,BrandC
15155,However Go,Electronics,15.34,612,BrandC
15156,Social Agree,Electronics,64.28,712,BrandD
15158,Hot Bill,Clothing,465.4,769,BrandB
15159,Job Close,Electronics,274.33,559,BrandD
15161,Blue Together,Electronics,122.73,727,BrandD
15162,Cost There,Home,266.64,194,BrandD
15164,Energy Cold,Electronics,178.58,663,BrandD
15165,Order Technology,Toys,381.48,384,BrandA
15166,Several Season,Home,395.18,863,BrandA
15167,Bar Very,Books,473.65,509,BrandA
15168,Material East,Home,355.32,156,BrandD
15169,Argue Name,Clothing,281.52,93,BrandD
15170,Item Senior,Books,465.49,72,BrandB
15173,Edge Student,Beauty,419.23,444,BrandC
15174,Allow Appear,Electronics,270.74,881,BrandB
15175,Will Worry,Toys,265.93,94,BrandB
15177,Prepare Dinner,Toys,458.62,143,BrandD
15178,Way Relationship,Beauty,79.1,383,BrandC
15181,Even Executive,Electronics,80.83,325,BrandB
15182,Break Between,Books,105.15,649,BrandC
15183,Republican Management,Clothing,366.7,573,BrandD
15184,Pass Country,Electronics,460.59,369,BrandA
15185,Population Bring,Toys,20.93,313,BrandA
15187,President Push,Electronics,398.12,477,BrandD
15191,Purpose Imagine,Electronics,322.66,506,BrandC
15196,Agree Result,Electronics,325.26,581,BrandB
15204,Sort Professor,Beauty,246.13,797,BrandB
15208,East Pay,Books,75.75,64,BrandD
15209,Language Begin,Beauty,485.19,64,BrandB
15210,Interview Fish,Home,85.66,788,BrandC
15211,Important Loss,Beauty,17.23,364,BrandC
15213,Majority Professional,Electronics,427.17,328,BrandC
15216,Stuff Major,Home,91.35,211,BrandA
15217,Wait Pattern,Clothing,37.16,578,BrandA
15221,Community Add,Clothing,345.98,477,BrandB
15222,Car Simple,Clothing,331.52,532,BrandC
15223,Which Firm,Beauty,184.56,304,BrandC
15225,Current Grow,Toys,388.5,596,BrandA
15228,Spring Low,Electronics,472.02,235,BrandA
15230,Trouble Style,Beauty,444.44,272,BrandA
15233,Sing Middle,Toys,292.04,706,BrandD
15234,Feeling Add,Clothing,270.65,24,BrandA
15235,Address Address,Home,59.89,401,BrandB
15236,Either Follow,Home,70.94,949,BrandD
15237,Economic Speak,Beauty,446.42,233,BrandB
15238,Officer Idea,Books,372.91,835,BrandB
15240,Fear Study,Home,493.46,636,BrandA
15243,Seem Product,Electronics,373.71,675,BrandA
15244,Particularly Should,Books,355.64,981,BrandB
15245,Feeling Contain,Beauty,187.39,428,BrandB
15246,Government Marriage,Beauty,175.65,763,BrandC
15252,News Probably,Books,339.83,610,BrandD
15254,Later At,Home,315.38,210,BrandB
15255,Yeah Check,Books,404.91,891,BrandA
15256,Line People,Home,348.5,573,BrandA
15258,Behavior The,Beauty,382.19,352,BrandA
15261,Cell Surface,Electronics,398.01,797,BrandD
15262,Positive Shoulder,Beauty,394.72,933,BrandC
15264,See Line,Toys,32.23,860,BrandD
15266,Suggest Just,Clothing,96.9,720,BrandD
15269,Difficult Nothing,Clothing,143.15,427,BrandA
15270,Five Seem,Beauty,100.04,828,BrandC
15273,Price Probably,Home,475.47,410,BrandD
15274,Place Whole,Beauty,380.43,947,BrandC
15277,Choose Walk,Electronics,110.15,97,BrandC
15278,Can Reflect,Books,178.3,335,BrandC
15287,Role Fall,Books,145.24,52,BrandA
15289,Next Answer,Clothing,205.83,230,BrandB
15290,Specific Necessary,Books,239.76,474,BrandB
15293,Arrive Part,Home,184.39,369,BrandD
15294,Imagine Condition,Electronics,370.15,675,BrandC
15296,Interview Wind,Home,278.62,531,BrandC
15297,Garden Consumer,Clothing,152.59,323,BrandD
15301,Floor Hair,Books,15.07,610,BrandD
15304,Support Soon,Electronics,121.19,303,BrandC
15305,Election Little,Clothing,424.98,74,BrandC
15307,Think Soldier,Books,52.43,50,BrandC
15309,One Show,Home,146.76,280,BrandB
15311,Life Although,Toys,166.53,834,BrandD
15312,Return Any,Beauty,223.75,389,BrandB
15314,Talk Total,Electronics,344.11,811,BrandD
15315,Official Each,Home,26.08,9,BrandC
15317,Voice Step,Books,117.1,598,BrandC
15319,Doctor Man,Beauty,411.46,826,BrandB
15320,Change Treat,Books,296.76,292,BrandD
15323,Impact Form,Electronics,220.66,145,BrandB
15327,Minute Capital,Beauty,41.47,875,BrandA
15329,Performance Sort,Electronics,141.91,382,BrandC
15330,Yet Hospital,Home,275.79,309,BrandB
15332,Himself Until,Home,78.97,128,BrandC
15334,Bit Call,Beauty,84.38,738,BrandB
15335,Full Degree,Beauty,387.2,939,BrandB
15337,Ball Bar,Beauty,194.36,110,BrandD
15338,Nor Throughout,Toys,143.59,711,BrandD
15339,Person Its,Books,352.22,742,BrandC
15340,Itself Apply,Home,453.64,356,BrandC
15342,Memory Low,Home,70.86,454,BrandC
15343,Against We,Clothing,165.68,328,BrandC
15344,Hotel Work,Books,429.2,302,BrandB
15345,Line Language,Clothing,263.22,968,BrandA
15346,Policy Thousand,Books,446.7,242,BrandA
15350,West Nearly,Books,375.53,531,BrandD
15351,Sometimes Receive,Beauty,40.96,119,BrandD
15353,Director At,Clothing,361.6,956,BrandB
15361,World Certain,Home,40.16,471,BrandD
15364,Military Hit,Toys,398.1,166,BrandC
15365,Across Remember,Books,336.35,613,BrandB
15367,Left Course,Electronics,365.6,194,BrandB
15368,Them Shoulder,Clothing,81.14,998,BrandB
15369,Suffer Draw,Beauty,143.18,524,BrandC
15371,Imagine Laugh,Electronics,17.42,372,BrandC
15374,Whose Bad,Beauty,392.22,442,BrandA
15378,Home Beautiful,Electronics,235.63,144,BrandD
15379,Prevent There,Clothing,434.36,346,BrandB
15382,Energy Drug,Home,35.5,417,BrandB
15387,Move Everybody,Electronics,159.15,284,BrandC
15388,Nothing Current,Electronics,35.53,844,BrandC
15391,Store Stage,Toys,52.62,116,BrandB
15394,Fish Woman,Books,172.6,184,BrandD
15396,Himself Artist,Clothing,104.98,450,BrandA
15397,Unit Sign,Toys,76.83,575,BrandB
15401,Wear My,Toys,190.68,117,BrandC
15402,Tree Dinner,Electronics,400.33,381,BrandD
15404,Professor Begin,Books,307.01,422,BrandB
15409,Class Head,Beauty,172.08,579,BrandD
15412,Country Brother,Clothing,438.11,421,BrandD
15414,Sister Ball,Clothing,351.41,574,BrandA
15416,Computer Worker,Toys,203.67,787,BrandD
15417,Teacher Cost,Beauty,402.99,656,BrandA
15418,Food Rule,Clothing,179.0,346,BrandD
15420,Detail Behind,Toys,111.44,928,BrandD
15421,Else Four,Clothing,20.55,896,BrandD
15427,Least Since,Home,251.43,36,BrandC
15428,Fire Gas,Books,365.06,508,BrandB
15431,Since Top,Books,427.35,842,BrandC
15433,Event Main,Home,338.77,840,BrandB
15434,Fact Who,Toys,426.25,968,BrandD
15436,Both Support,Books,471.43,337,BrandB
15437,Create Large,Beauty,277.58,455,BrandA
15438,Send Man,Books,240.33,979,BrandD
15439,Me Summer,Home,327.48,665,BrandA
15440,Build Report,Toys,300.57,598,BrandB
15441,Other Election,Books,499.05,842,BrandD
15442,Gas Perform,Books,160.09,638,BrandC
15444,We Once,Electronics,427.94,389,BrandD
15445,Responsibility Others,Clothing,483.63,872,BrandD
15446,Sing Whether,Electronics,213.93,345,BrandB
15447,I Share,Clothing,350.58,875,BrandC
15449,Resource No,Toys,156.76,811,BrandB
15450,Laugh Share,Beauty,156.45,752,BrandA
15454,Bank Much,Home,373.81,793,BrandD
15457,Physical Green,Home,378.26,457,BrandA
15458,Could My,Electronics,142.51,263,BrandB
15465,Happen Up,Electronics,339.87,567,BrandB
15469,Born Religious,Books,475.16,716,BrandD
15473,Apply Traditional,Toys,7.33,152,BrandB
15474,Training Identify,Home,486.34,941,BrandC
15478,Carry Maybe,Books,103.0,217,BrandD
15479,Record Simple,Home,444.74,104,BrandA
15481,Analysis We,Home,80.92,325,BrandA
15484,Security Them,Toys,187.46,340,BrandD
15485,Newspaper Doctor,Electronics,436.34,710,BrandA
15487,Carry Bill,Electronics,56.27,408,BrandC
15488,Man Fill,Books,445.16,811,BrandD
15491,Sell Also,Books,497.42,778,BrandC
15492,News Everyone,Home,106.3,789,BrandD
15493,Fire Challenge,Beauty,324.72,8,BrandB
15494,Mr Wall,Electronics,153.16,740,BrandC
15499,Season Little,Books,446.34,108,BrandD
15504,Similar Theory,Home,268.62,299,BrandB
15506,See Before,Beauty,391.78,651,BrandD
15508,Pull Scene,Home,60.01,52,BrandB
15509,Dinner Medical,Beauty,156.7,81,BrandA
15510,Pay Reveal,Toys,175.09,492,BrandA
15514,What Agreement,Home,118.54,313,BrandA
15515,Prove Next,Electronics,37.9,400,BrandB
15524,Why Billion,Electronics,113.31,599,BrandC
15526,Interview Enjoy,Clothing,293.27,94,BrandA
15527,Risk Same,Beauty,326.61,765,BrandD
15530,Mrs Treatment,Books,453.14,304,BrandD
15531,Mission Better,Books,485.48,321,BrandA
15532,Hot Majority,Beauty,38.07,77,BrandC
15533,Me Determine,Beauty,159.14,576,BrandC
15535,It Above,Toys,121.26,949,BrandB
15536,Forward At,Toys,159.75,884,BrandC
15537,More Stock,Beauty,348.28,215,BrandD
15538,Focus Specific,Home,333.14,267,BrandA
15542,Money Education,Home,401.55,980,BrandD
15544,Ball Pull,Home,424.37,569,BrandD
15545,Moment Beautiful,Electronics,212.14,302,BrandC
15546,Doctor Bad,Beauty,79.0,305,BrandC
15549,Task City,Beauty,327.21,798,BrandD
15550,Push Chance,Clothing,124.02,532,BrandC
15552,Simply Along,Beauty,332.39,250,BrandD
15556,Conference Professional,Books,397.16,660,BrandA
15558,Yeah Him,Clothing,230.92,174,BrandC
15559,Despite Develop,Beauty,322.07,227,BrandC
15562,Mind Sure,Beauty,209.53,657,BrandA
15565,Likely Support,Electronics,213.24,157,BrandC
15566,Wrong Scene,Beauty,409.26,771,BrandA
15567,How May,Books,118.77,628,BrandB
15570,Necessary Can,Toys,350.46,1000,BrandB
15573,Adult Lot,Beauty,403.39,28,BrandD
15574,Walk All,Clothing,169.45,189,BrandA
15575,Way Image,Books,70.74,622,BrandA
15576,Air Population,Beauty,92.54,529,BrandA
15577,Test Rise,Clothing,272.76,314,BrandB
15581,Work Store,Clothing,212.91,148,BrandA
15584,Mean Against,Books,394.11,146,BrandD
15587,Mission Study,Books,238.17,833,BrandA
15589,Have President,Beauty,310.99,471,BrandD
15592,Single Toward,Electronics,53.98,732,BrandD
15593,None Report,Books,310.13,12,BrandD
15596,Growth Structure,Books,192.72,613,BrandD
15598,And What,Books,486.21,691,BrandC
15602,Concern Street,Toys,136.15,531,BrandC
15605,Poor First,Clothing,48.07,490,BrandC
15607,Sing Pretty,Electronics,347.15,949,BrandC
15612,Parent Call,Books,193.76,992,BrandD
15613,Born Usually,Beauty,406.92,658,BrandD
15615,Blood Away,Clothing,92.27,47,BrandB
15616,Every Sure,Electronics,363.82,35,BrandC
15618,Box Future,Clothing,103.16,951,BrandA
15620,Age Stock,Beauty,40.16,148,BrandC
15623,Science Step,Home,343.78,186,BrandC
15625,He Film,Toys,472.81,236,BrandB
15628,Me National,Electronics,122.12,974,BrandA
15629,Experience Let,Electronics,463.08,390,BrandC
15631,Movement Perhaps,Home,274.57,75,BrandC
15633,Billion Stock,Electronics,95.36,375,BrandD
15635,Network Notice,Home,79.98,732,BrandC
15636,List Lot,Beauty,112.99,793,BrandA
15638,Month Social,Beauty,213.27,587,BrandA
15639,Economy By,Electronics,144.01,170,BrandB
15640,Senior Address,Home,93.19,158,BrandD
15641,As Information,Beauty,395.98,916,BrandB
15643,Remain Republican,Beauty,219.57,350,BrandB
15646,Live Card,Electronics,475.1,796,BrandD
15647,Through Will,Books,130.6,571,BrandB
15650,Prevent Gas,Beauty,368.48,785,BrandD
15654,Building Manager,Beauty,54.26,82,BrandD
15655,Middle Station,Toys,291.5,486,BrandD
15656,Huge Mr,Electronics,400.24,30,BrandD
15657,Wall Get,Home,364.42,162,BrandA
15658,Kid Not,Electronics,233.95,251,BrandB
15660,Record Meet,Clothing,490.6,639,BrandD
15664,Customer Future,Electronics,203.56,197,BrandB
15673,Customer Interview,Electronics,11.46,191,BrandA
15674,Add Care,Electronics,254.36,673,BrandB
15676,White Safe,Toys,12.93,931,BrandD
15678,Serious Care,Home,26.98,327,BrandD
15683,List Actually,Beauty,293.93,789,BrandC
15692,Important Read,Electronics,292.25,496,BrandC
15693,Push By,Toys,389.34,750,BrandC
15696,Already Political,Electronics,147.85,154,BrandC
15697,Issue Road,Electronics,350.09,369,BrandB
15698,Remain Cause,Electronics,275.75,726,BrandA
15700,Reach Particularly,Electronics,362.27,990,BrandB
15704,Range Positive,Home,203.33,372,BrandA
15705,Black Join,Toys,146.07,385,BrandB
15706,Control Me,Electronics,21.9,496,BrandA
15707,Area She,Home,95.91,559,BrandC
15708,Positive Body,Books,260.37,610,BrandA
15712,Agree Herself,Beauty,320.56,853,BrandC
15713,Store Action,Clothing,433.38,941,BrandB
15715,Spend Like,Toys,447.47,83,BrandB
15719,Explain Keep,Electronics,465.87,211,BrandD
15720,Why Start,Beauty,190.04,779,BrandA
15721,Bank She,Books,484.86,277,BrandA
15723,Collection Wish,Beauty,286.92,482,BrandC
15724,Attorney No,Home,304.94,403,BrandA
15726,Leg Father,Home,361.58,969,BrandD
15727,Identify Raise,Electronics,258.97,956,BrandC
15728,Daughter Process,Beauty,236.71,136,BrandB
15729,May Stay,Toys,87.72,867,BrandC
15730,Possible Heavy,Clothing,278.89,948,BrandB
15731,Tv Father,Beauty,476.72,376,BrandB
15732,Support Different,Electronics,215.43,928,BrandD
15733,Wait Feel,Clothing,22.65,689,BrandA
15734,Strong Claim,Beauty,141.45,365,BrandB
15735,Reveal Evening,Clothing,305.04,475,BrandC
15736,On Hospital,Electronics,49.55,54,BrandC
15737,Book Painting,Electronics,418.96,909,BrandA
15740,Allow Move,Beauty,124.3,924,BrandC
15741,Sport Until,Beauty,181.15,575,BrandC
15742,Good Surface,Home,305.63,336,BrandC
15743,Painting Study,Home,194.81,122,BrandB
15744,Chance Out,Home,333.06,989,BrandA
15748,Man Green,Beauty,291.29,361,BrandB
15749,People Occur,Electronics,59.23,879,BrandC
15752,Song Brother,Home,80.15,398,BrandB
15753,Society Authority,Home,249.68,714,BrandA
15754,Behind Me,Books,391.65,147,BrandC
15756,Law Bill,Clothing,16.45,689,BrandC
15760,Leader Indeed,Home,308.4,701,BrandA
15763,Say Door,Home,372.29,699,BrandA
15764,Career Research,Clothing,248.96,952,BrandA
15767,Production Officer,Beauty,448.92,720,BrandD
15768,May Forward,Books,362.54,623,BrandC
15769,Collection Focus,Clothing,349.25,767,BrandB
15770,Necessary Tonight,Toys,41.06,328,BrandA
15771,Early Yet,Clothing,424.37,907,BrandB
15773,Production Force,Books,208.14,638,BrandA
15774,Race She,Beauty,408.21,67,BrandB
15777,Pull Citizen,Home,495.18,384,BrandA
15778,Program Sound,Home,116.07,788,BrandA
15779,Save President,Books,70.57,268,BrandA
15782,Cost Leg,Clothing,449.3,7,BrandD
15785,Window Whose,Books,149.41,204,BrandC
15786,Must Close,Electronics,369.52,260,BrandB
15787,Ready Those,Beauty,108.27,238,BrandB
15788,Official Live,Electronics,483.64,672,BrandA
15790,Not Training,Books,453.66,292,BrandA
15791,Down Join,Home,50.17,925,BrandD
15792,Book Along,Books,435.88,574,BrandD
15796,Dark Idea,Beauty,349.07,768,BrandA
15797,But Democrat,Beauty,425.89,162,BrandD
15800,Glass Go,Beauty,468.62,554,BrandA
15802,List National,Toys,466.58,522,BrandD
15804,Physical Member,Home,487.15,939,BrandC
15805,Near Another,Electronics,473.14,543,BrandB
15806,Agency Suffer,Electronics,146.44,262,BrandC
15807,Rather American,Toys,307.58,462,BrandC
15808,Until Serious,Electronics,357.4,849,BrandD
15812,Recognize Six,Clothing,288.3,957,BrandC
15813,Impact Charge,Home,131.41,749,BrandA
15815,Attention Against,Clothing,65.26,377,BrandD
15816,She Weight,Books,283.03,356,BrandA
15817,Bring Pattern,Electronics,313.55,738,BrandC
15824,Lead Network,Electronics,402.04,191,BrandA
15826,Move Space,Electronics,22.06,230,BrandD
15827,See Major,Home,135.81,698,BrandA
15830,Source Strategy,Electronics,274.3,477,BrandA
15831,Theory Practice,Books,295.47,724,BrandD
15832,Loss Pick,Electronics,391.24,53,BrandA
15833,Occur Dog,Electronics,402.39,961,BrandD
15835,Case Also,Electronics,332.41,141,BrandA
15840,Available White,Books,350.99,582,BrandA
15846,Out Where,Home,461.45,892,BrandA
15848,Continue Seven,Clothing,207.11,656,BrandA
15851,My Mother,Toys,225.53,710,BrandB
15852,It Care,Electronics,282.28,749,BrandC
15854,Next Continue,Books,181.85,468,BrandB
15855,Issue Analysis,Home,459.87,392,BrandB
15858,Police Behavior,Electronics,445.4,523,BrandB
15865,Ability Strategy,Electronics,461.22,816,BrandB
15869,Past Nearly,Books,236.62,51,BrandC
15871,Traditional Actually,Home,201.21,455,BrandC
15874,Worry South,Books,82.42,822,BrandB
15875,Next Listen,Electronics,382.47,154,BrandB
15876,Artist Weight,Toys,96.3,770,BrandD
15881,Know Middle,Books,152.31,563,BrandD
15886,Across Seek,Home,435.39,716,BrandA
15889,Truth Price,Electronics,313.3,771,BrandB
15891,Smile Seat,Toys,491.27,619,BrandA
15893,Close Degree,Home,22.91,819,BrandD
15900,My Central,Home,12.04,187,BrandD
15901,Approach Product,Home,121.95,743,BrandA
15906,Important Blood,Toys,405.36,717,BrandA
15910,Current Most,Electronics,85.81,800,BrandD
15911,Add When,Clothing,492.98,709,BrandB
15912,Current City,Electronics,186.6,31,BrandC
15913,Make Standard,Clothing,241.73,619,BrandC
15914,Fear Program,Home,404.01,782,BrandA
15918,Attorney Year,Books,109.61,562,BrandD
15919,Very Serious,Toys,343.28,802,BrandD
15920,Answer Mother,Home,373.93,921,BrandC
15922,Even Yard,Books,60.11,845,BrandB
15924,Bar Many,Books,429.68,795,BrandD
15927,State Another,Books,400.8,176,BrandC
15931,Continue Better,Toys,242.35,277,BrandC
15932,News Although,Beauty,480.5,865,BrandB
15933,Me Vote,Books,125.37,453,BrandD
15934,Gas Son,Home,187.85,640,BrandD
15936,Conference Really,Beauty,68.69,536,BrandD
15937,Year Present,Clothing,218.27,994,BrandD
15938,Safe Operation,Toys,173.8,558,BrandD
15939,Significant Performance,Beauty,195.9,336,BrandD
15941,Pressure Leader,Books,12.28,676,BrandC
15942,Century Rule,Electronics,120.93,959,BrandC
15943,Short Under,Books,20.42,476,BrandD
15947,Home South,Clothing,341.4,204,BrandB
15950,Out Series,Toys,154.48,253,BrandC
15952,Career Right,Electronics,13.06,792,BrandC
15953,Become Life,Toys,495.41,982,BrandA
15956,Hope Produce,Electronics,103.32,728,BrandD
15957,Prevent Child,Clothing,272.58,62,BrandB
15958,Represent Explain,Toys,78.6,191,BrandC
15960,Determine Effort,Home,450.01,963,BrandA
15961,Recently Character,Beauty,320.68,231,BrandB
15964,Girl Front,Clothing,140.93,495,BrandB
15965,Discussion Some,Beauty,330.93,658,BrandB
15966,Task Film,Beauty,321.86,71,BrandC
15969,What Run,Electronics,428.13,726,BrandC
15970,Practice Message,Electronics,53.3,755,BrandD
15971,Sense Quickly,Home,121.01,142,BrandD
15976,Professional Mouth,Clothing,270.81,348,BrandB
15978,Group At,Toys,330.82,306,BrandD
15987,Institution Toward,Clothing,410.22,491,BrandC
15988,South Quickly,Home,341.81,640,BrandC
15989,Course Institution,Electronics,318.54,856,BrandC
15991,Rule Road,Toys,399.61,918,BrandC
15992,Economic Tough,Clothing,231.89,115,BrandD
15993,Morning Final,Beauty,53.05,191,BrandC
15994,Day Effort,Beauty,388.13,760,BrandC
15995,Make Think,Beauty,140.27,122,BrandC
15996,Phone With,Electronics,498.55,851,BrandD
15998,Interview Recent,Beauty,392.85,32,BrandA
16002,Young Claim,Books,488.91,592,BrandA
16003,Rather Media,Books,340.44,889,BrandA
16010,Bill Remain,Books,127.37,505,BrandD
16012,Owner Party,Books,274.0,526,BrandB
16013,Six Wind,Beauty,66.43,185,BrandB
16014,Thing Else,Books,429.32,660,BrandC
16018,Light Work,Home,31.74,41,BrandB
16019,Understand Owner,Clothing,498.75,947,BrandC
16022,Brother Child,Books,132.76,222,BrandB
16024,Camera Forget,Books,58.96,337,BrandD
16026,Should Democratic,Toys,397.02,420,BrandD
16027,Effort In,Beauty,114.83,620,BrandA
16028,Lay Figure,Electronics,59.2,583,BrandD
16030,Eat Measure,Books,459.16,540,BrandA
16037,Last Sister,Books,479.91,695,BrandB
16039,There Collection,Clothing,111.55,397,BrandB
16042,Allow Or,Beauty,132.31,943,BrandA
16043,Though Movie,Beauty,306.29,291,BrandB
16045,Most Economic,Home,400.41,301,BrandD
16047,Not Capital,Home,183.98,709,BrandB
16050,Pass Usually,Toys,342.53,736,BrandA
16051,Information Director,Home,68.23,714,BrandC
16054,Employee Reveal,Beauty,141.69,557,BrandC
16055,Successful Ball,Electronics,428.7,577,BrandC
16056,Heart Report,Electronics,296.93,128,BrandA
16057,One Begin,Books,376.86,685,BrandC
16061,Friend Ahead,Books,302.42,96,BrandB
16062,Development Many,Clothing,155.75,816,BrandC
16063,Report Increase,Clothing,413.09,120,BrandA
16065,Purpose Young,Home,489.58,746,BrandD
16068,Seem Full,Beauty,43.72,733,BrandB
16069,Specific Man,Electronics,109.66,932,BrandC
16071,Upon Social,Books,91.25,414,BrandA
16072,Political Price,Clothing,142.32,427,BrandB
16075,Near Rate,Toys,453.08,529,BrandB
16076,Be Group,Clothing,359.3,635,BrandC
16077,School Student,Home,62.61,355,BrandD
16080,Cold Study,Toys,335.59,396,BrandA
16081,Easy Relationship,Clothing,35.94,300,BrandD
16085,Size Talk,Clothing,128.05,965,BrandB
16086,Doctor Standard,Electronics,38.81,898,BrandC
16087,Whether Teach,Home,387.76,257,BrandC
16088,Some Catch,Books,45.17,141,BrandA
16089,Board Trade,Beauty,459.38,425,BrandC
16091,Teach Dinner,Clothing,383.22,699,BrandA
16093,Product Perhaps,Electronics,121.79,485,BrandC
16094,Tend Including,Books,76.39,987,BrandD
16096,Including Positive,Electronics,16.5,956,BrandC
16099,Accept Adult,Beauty,171.0,996,BrandB
16101,Take Decide,Home,69.01,238,BrandA
16103,Black Step,Beauty,122.37,58,BrandD
16104,Politics Instead,Beauty,282.7,744,BrandC
16105,Key Race,Toys,139.25,788,BrandC
16106,House Month,Books,80.81,791,BrandA
16108,Morning Knowledge,Beauty,319.78,47,BrandC
16109,One Recognize,Electronics,463.39,624,BrandA
16111,Bank Herself,Beauty,439.27,151,BrandD
16114,Easy Crime,Toys,360.77,902,BrandB
16115,Along Medical,Clothing,140.62,654,BrandD
16116,Budget Daughter,Books,220.48,7,BrandC
16122,Per Girl,Clothing,234.81,599,BrandD
16123,Address Rich,Toys,198.61,981,BrandB
16124,Field Read,Toys,165.84,821,BrandC
16126,Risk Wait,Home,152.31,369,BrandB
16127,Painting Month,Clothing,25.24,203,BrandA
16130,Machine Law,Toys,71.27,412,BrandC
16131,Account No,Beauty,307.8,300,BrandB
16132,Fill Front,Books,435.58,864,BrandA
16133,When Piece,Books,432.03,187,BrandC
16136,Sit Pull,Clothing,322.49,430,BrandB
16137,National Grow,Toys,56.51,125,BrandD
16138,Car Project,Clothing,315.25,104,BrandB
16139,Own Sit,Books,404.97,435,BrandB
16140,Environment Step,Home,282.9,137,BrandB
16145,Rest Expert,Electronics,338.73,170,BrandB
16147,Majority Space,Books,198.79,130,BrandC
16152,Each Several,Clothing,364.01,643,BrandB
16153,Radio Character,Home,155.48,553,BrandD
16155,Direction Woman,Electronics,233.81,656,BrandA
16162,Conference Level,Toys,169.83,287,BrandC
16164,Care Necessary,Electronics,27.2,676,BrandA
16166,Perform Off,Clothing,159.73,789,BrandD
16168,Base Kid,Beauty,19.09,192,BrandA
16169,Fear Hear,Clothing,306.73,891,BrandD
16171,Entire By,Clothing,411.26,0,BrandD
16172,Market American,Books,390.47,37,BrandD
16173,Single Evening,Home,414.04,687,BrandC
16175,Just Guy,Home,463.92,357,BrandD
16180,Inside Kid,Beauty,303.55,365,BrandC
16183,Me Century,Toys,124.87,178,BrandD
16184,Lose Energy,Electronics,244.29,701,BrandD
16185,Day Throughout,Clothing,493.38,153,BrandC
16186,Base Benefit,Home,326.83,24,BrandD
16190,Book Politics,Toys,204.21,755,BrandA
16191,Assume Model,Home,328.39,957,BrandD
16198,Visit Call,Clothing,487.07,154,BrandB
16199,Month Outside,Electronics,133.96,741,BrandD
16200,Church Speak,Electronics,479.33,321,BrandC
16203,Situation Know,Beauty,372.4,45,BrandD
16204,Instead Former,Home,474.13,256,BrandB
16205,Issue Born,Home,475.49,516,BrandD
16209,By Take,Beauty,306.32,402,BrandC
16210,Return Teach,Electronics,50.12,614,BrandB
16211,Unit Truth,Beauty,145.79,979,BrandB
16212,Language Hold,Electronics,125.41,463,BrandD
16213,Want Market,Electronics,40.23,839,BrandA
16214,Parent Professional,Beauty,112.7,547,BrandD
16215,Discover Small,Beauty,161.68,742,BrandA
16217,Star Help,Beauty,215.73,211,BrandD
16219,Get Admit,Toys,466.85,183,BrandD
16221,Myself Choose,Toys,162.03,214,BrandA
16222,Share By,Beauty,426.67,308,BrandC
16225,Loss Growth,Electronics,160.65,110,BrandD
16232,Candidate Later,Toys,419.21,668,BrandB
16236,Develop Not,Home,131.1,747,BrandB
16237,Run Size,Books,135.21,959,BrandB
16238,Build Stop,Books,279.9,15,BrandC
16243,Series Some,Home,296.75,3,BrandD
16244,Nation Cold,Clothing,34.16,943,BrandD
16245,Deep Sense,Clothing,210.36,715,BrandB
16246,Where Power,Beauty,208.32,347,BrandA
16248,Interest West,Home,320.8,277,BrandA
16249,Country Than,Toys,353.3,862,BrandC
16251,Religious Record,Home,257.47,835,BrandB
16252,Age Parent,Books,370.35,694,BrandD
16254,Four Part,Books,440.5,606,BrandD
16255,Measure Successful,Clothing,383.92,695,BrandC
16261,Affect Any,Books,173.96,499,BrandB
16264,Enter As,Home,98.85,758,BrandC
16270,Social Pressure,Beauty,394.32,806,BrandA
16272,Social Politics,Toys,465.57,981,BrandB
16273,Whole Ahead,Books,411.65,61,BrandD
16274,Continue Now,Toys,306.16,323,BrandD
16276,House Everything,Clothing,156.23,273,BrandB
16277,Spend Main,Clothing,47.61,357,BrandB
16278,Together Visit,Clothing,347.07,323,BrandD
16279,Worker Third,Toys,337.41,710,BrandC
16280,International Letter,Beauty,219.71,53,BrandB
16281,Drug Mrs,Home,10.93,751,BrandA
16282,Drive Even,Clothing,361.07,984,BrandD
16285,Week Early,Books,89.06,205,BrandA
16287,Onto Situation,Toys,278.71,869,BrandA
16289,Beyond Fire,Toys,240.85,359,BrandC
16291,Effort Run,Beauty,416.53,173,BrandC
16295,Economy Education,Beauty,314.64,100,BrandB
16296,Design Every,Clothing,254.28,531,BrandA
16297,Attack Increase,Beauty,266.74,760,BrandB
16300,List Food,Electronics,327.18,374,BrandA
16301,Choose Since,Books,378.47,769,BrandB
16303,Even News,Electronics,338.38,333,BrandA
16310,Machine Scene,Home,492.53,531,BrandA
16311,Hard Team,Electronics,103.49,398,BrandB
16312,Sing Candidate,Home,428.47,11,BrandC
16313,Beautiful Sport,Beauty,239.85,302,BrandA
16318,Move Space,Electronics,354.69,894,BrandA
16319,Western Pass,Books,38.98,31,BrandD
16320,Particularly Song,Toys,147.27,178,BrandA
16321,Newspaper Evidence,Clothing,425.15,922,BrandB
16322,Which Agent,Beauty,148.87,190,BrandA
16324,Pick Marriage,Clothing,415.7,356,BrandB
16326,Too Adult,Clothing,254.71,928,BrandC
16327,Federal Mission,Toys,314.92,109,BrandB
16329,Piece Because,Books,151.01,573,BrandA
16330,Seven Certainly,Books,372.89,260,BrandC
16331,Friend Spring,Clothing,24.34,53,BrandA
16336,But East,Beauty,384.46,564,BrandC
16345,Seek Environmental,Toys,347.88,697,BrandA
16347,House Field,Beauty,102.98,400,BrandC
16349,Model Including,Clothing,214.1,299,BrandA
16354,Address Should,Beauty,494.87,950,BrandB
16358,Drug Father,Clothing,221.91,649,BrandD
16364,Quite Because,Electronics,135.13,519,BrandC
16368,Guy Leg,Clothing,86.41,255,BrandD
16373,Financial Begin,Toys,458.79,713,BrandB
16375,Themselves Walk,Books,45.6,349,BrandB
16378,White Smile,Clothing,269.22,216,BrandB
16380,Really Decision,Toys,441.0,605,BrandA
16381,Method Difference,Clothing,70.18,458,BrandC
16382,Human Especially,Toys,449.3,672,BrandB
16387,Around Foot,Toys,471.86,990,BrandA
16389,Continue Reveal,Books,444.31,471,BrandC
16391,Indeed Agency,Electronics,116.35,903,BrandB
16394,Effect Message,Beauty,117.35,937,BrandD
16396,Outside Food,Home,467.26,652,BrandC
16398,Cold Wish,Home,487.5,242,BrandB
16399,Sell Assume,Clothing,263.04,515,BrandD
16402,That Cost,Home,421.82,771,BrandC
16407,Reason Wait,Beauty,419.82,196,BrandA
16408,Water Contain,Beauty,484.72,330,BrandD
16410,Job Marriage,Clothing,134.68,197,BrandA
16412,Their Trade,Books,90.88,462,BrandC
16415,Experience Eight,Clothing,91.1,588,BrandD
16417,Six Side,Beauty,26.4,841,BrandA
16418,Bit Laugh,Home,266.2,211,BrandB
16420,Ball Station,Toys,135.96,644,BrandC
16421,Decision Western,Clothing,397.63,21,BrandD
16424,Both News,Beauty,11.99,166,BrandC
16425,Form Only,Books,355.92,653,BrandC
16427,Fish Late,Clothing,244.62,256,BrandC
16429,Play Worker,Books,258.82,759,BrandC
16430,Treatment Provide,Home,346.62,965,BrandD
16431,Eight Want,Home,177.9,535,BrandA
16433,Dream Example,Books,124.95,984,BrandB
16434,General Miss,Books,225.2,73,BrandB
16436,Measure Impact,Books,166.15,872,BrandB
16447,Get Accept,Clothing,369.88,707,BrandC
16449,Human Federal,Beauty,58.27,674,BrandB
16450,Become Sound,Toys,366.41,189,BrandA
16453,Certainly One,Toys,305.96,621,BrandC
16455,Wall Case,Beauty,261.53,813,BrandD
16458,Seat Civil,Clothing,173.72,144,BrandC
16460,Century Particular,Electronics,203.17,319,BrandA
16461,Describe Market,Toys,319.47,715,BrandD
16463,Everyone Move,Beauty,220.47,412,BrandC
16466,Future Course,Electronics,235.91,265,BrandA
16469,Always Effort,Books,129.23,770,BrandD
16473,Child Think,Toys,347.23,524,BrandA
16476,Be Up,Toys,73.19,663,BrandA
16478,While Watch,Electronics,338.5,121,BrandA
16480,Entire Difference,Toys,79.72,599,BrandA
16482,Great True,Electronics,386.09,128,BrandB
16485,Even Product,Toys,482.64,156,BrandB
16486,Laugh Collection,Electronics,350.13,45,BrandA
16487,Around Black,Clothing,362.49,497,BrandB
16490,Evening Serve,Home,40.85,714,BrandC
16491,Whole Company,Beauty,429.17,939,BrandA
16493,Maintain Professional,Books,65.4,488,BrandA
16497,Mrs Later,Electronics,351.32,980,BrandA
16499,Main Part,Clothing,402.06,55,BrandD
16500,Impact Recently,Clothing,404.92,503,BrandA
16501,Stand Radio,Home,288.07,487,BrandD
16502,Teach You,Electronics,49.6,470,BrandD
16503,Season Modern,Clothing,185.45,495,BrandD
16504,Field Big,Toys,417.01,814,BrandA
16505,Future Kitchen,Beauty,437.59,847,BrandD
16511,Really Forget,Books,172.82,411,BrandC
16514,Pull Wish,Clothing,417.49,188,BrandC
16516,Power Firm,Clothing,128.33,989,BrandC
16517,Bring Year,Electronics,45.29,985,BrandA
16527,Put Respond,Clothing,373.97,133,BrandB
16530,History Bar,Electronics,230.7,551,BrandA
16531,Use Thank,Clothing,313.07,689,BrandC
16533,Public Common,Toys,430.15,179,BrandB
16534,Strong Beyond,Electronics,159.24,803,BrandD
16535,Light Best,Electronics,288.34,551,BrandA
16537,Yes Dark,Clothing,111.59,846,BrandC
16538,Value Quite,Electronics,263.58,442,BrandD
16540,Hold Particularly,Electronics,441.24,467,BrandD
16541,Catch Model,Electronics,136.19,316,BrandB
16543,Radio Give,Toys,73.71,537,BrandA
16544,Action Century,Home,413.01,107,BrandA
16545,Congress Rule,Clothing,90.68,444,BrandC
16549,Early On,Beauty,424.26,481,BrandD
16551,Sign Daughter,Beauty,98.35,596,BrandA
16554,Author Rock,Electronics,253.24,4,BrandB
16556,Election Order,Electronics,490.99,403,BrandC
16557,Class Into,Toys,411.45,40,BrandB
16559,Industry Democrat,Home,147.55,686,BrandB
16560,Top Window,Beauty,213.85,337,BrandB
16563,Marriage Ready,Electronics,329.88,860,BrandC
16565,Manager But,Clothing,19.27,138,BrandC
16568,Such Could,Toys,197.42,191,BrandB
16569,Order Magazine,Toys,242.09,471,BrandC
16570,Maybe Market,Electronics,263.0,50,BrandD
16571,Discover What,Clothing,308.83,832,BrandC
16573,Continue Four,Beauty,113.92,534,BrandC
16574,Little Computer,Home,93.85,374,BrandD
16577,Color Particular,Clothing,290.04,310,BrandC
16579,Popular Send,Toys,148.85,153,BrandA
16581,Become Community,Home,355.88,259,BrandC
16582,Time Discuss,Clothing,176.58,862,BrandB
16583,Perform Military,Clothing,206.84,964,BrandC
16584,Tell Design,Books,261.45,14,BrandB
16587,Institution Hand,Books,482.98,30,BrandD
16588,Event Whole,Books,362.04,939,BrandB
16589,Television Under,Home,47.24,557,BrandC
16590,If Wife,Electronics,145.17,347,BrandC
16591,Do Ground,Beauty,445.32,150,BrandA
16593,Fear Edge,Clothing,133.64,753,BrandB
16596,Kid For,Toys,321.09,898,BrandC
16597,Soldier Really,Toys,202.68,159,BrandC
16599,Include Key,Books,452.43,966,BrandB
16601,Off Clear,Beauty,121.98,35,BrandB
16602,Nation Tv,Clothing,34.33,803,BrandB
16605,Chance Election,Toys,85.69,531,BrandC
16607,Military Recent,Home,230.73,604,BrandB
16608,Major Use,Toys,131.53,65,BrandC
16609,Something Remain,Clothing,199.0,181,BrandC
16610,Together Large,Beauty,80.31,353,BrandA
16612,Look Cover,Books,43.95,716,BrandA
16613,Expect Central,Toys,397.93,44,BrandB
16614,From Eat,Home,408.06,880,BrandA
16618,Be Special,Toys,56.19,129,BrandD
16620,Partner Shake,Books,126.96,619,BrandA
16621,Your Road,Toys,231.47,218,BrandA
16622,Baby Pick,Beauty,112.42,896,BrandD
16624,Explain Cost,Electronics,134.43,124,BrandA
16626,Law Bank,Beauty,499.5,81,BrandC
16628,Notice Human,Clothing,292.99,496,BrandC
16629,Assume Provide,Clothing,455.19,162,BrandD
16630,Approach Anything,Toys,443.62,834,BrandC
16631,Congress Candidate,Toys,242.71,859,BrandC
16632,West Over,Electronics,143.7,973,BrandC
16633,Gas Act,Toys,126.8,924,BrandA
16635,Generation Describe,Toys,385.74,879,BrandD
16637,Yourself Thank,Books,148.18,997,BrandC
16639,Government Particularly,Beauty,379.7,140,BrandA
16641,Any If,Books,468.15,881,BrandB
16642,Game Significant,Clothing,318.43,151,BrandB
16643,Sing Owner,Home,177.83,160,BrandB
16644,Heart Fight,Toys,184.26,556,BrandD
16645,Purpose Full,Beauty,434.57,455,BrandC
16647,Rule Protect,Clothing,378.36,427,BrandA
16649,Understand Glass,Beauty,352.4,567,BrandC
16655,Government Glass,Clothing,295.9,892,BrandD
16656,General Most,Electronics,488.94,294,BrandC
16660,Share Herself,Clothing,432.61,242,BrandA
16661,Pay Boy,Clothing,389.35,153,BrandC
16662,Still Many,Home,344.89,179,BrandD
16664,Phone Often,Beauty,307.84,245,BrandC
16665,Gun Card,Books,476.92,659,BrandB
16666,Evidence Market,Toys,411.19,259,BrandC
16670,Thing As,Electronics,411.62,880,BrandC
16672,Current Soldier,Electronics,144.01,145,BrandD
16674,Return Start,Books,34.94,424,BrandD
16676,Hold Drug,Books,74.61,738,BrandD
16677,Require Culture,Home,313.89,784,BrandB
16678,Four Still,Clothing,375.13,304,BrandD
16683,Country Instead,Beauty,167.33,86,BrandD
16684,Because Answer,Books,449.92,54,BrandD
16688,Maintain Data,Electronics,483.82,435,BrandC
16690,Me Analysis,Home,321.57,37,BrandA
16693,Science Word,Beauty,59.9,464,BrandA
16696,Build Trouble,Clothing,364.44,307,BrandA
16697,Fund Food,Books,132.83,782,BrandD
16700,Three Bank,Books,471.5,370,BrandC
16704,Medical That,Books,181.19,805,BrandD
16708,House Evidence,Beauty,274.22,866,BrandD
16717,Once Age,Beauty,212.82,449,BrandA
16719,Any Rather,Books,228.99,212,BrandD
16720,Consider Save,Home,128.53,806,BrandC
16721,Senior Present,Books,259.69,386,BrandA
16723,Consider Husband,Home,78.25,414,BrandD
16724,Because Back,Beauty,42.55,560,BrandB
16725,Prevent Happen,Toys,245.56,575,BrandC
16726,Need Three,Home,139.55,168,BrandC
16730,Nearly Ago,Clothing,464.33,903,BrandA
16731,Magazine Box,Electronics,17.11,412,BrandB
16732,Member Data,Beauty,403.58,640,BrandA
16733,Painting Group,Toys,342.41,38,BrandB
16734,Medical Hear,Toys,22.53,944,BrandA
16736,Defense Meeting,Toys,77.71,301,BrandB
16739,Material Than,Toys,463.82,131,BrandB
16740,Relate What,Toys,186.85,188,BrandC
16742,Dinner About,Books,97.2,574,BrandC
16744,Stop Evidence,Home,77.26,87,BrandA
16747,Discover Probably,Electronics,139.33,3,BrandC
16750,Partner Mother,Electronics,64.14,613,BrandB
16751,Serious Between,Home,469.44,610,BrandB
16752,Sort Growth,Books,381.95,739,BrandD
16754,Experience My,Beauty,14.89,293,BrandC
16756,Easy Hit,Books,363.26,752,BrandB
16757,Upon Far,Books,127.41,789,BrandD
16760,Voice Seek,Clothing,380.88,507,BrandD
16763,Evening Attention,Toys,418.09,737,BrandC
16764,Loss Commercial,Beauty,193.75,486,BrandB
16766,Claim Area,Books,359.6,380,BrandC
16769,Son Head,Books,305.59,384,BrandD
16770,Alone Couple,Toys,28.23,599,BrandD
16771,Page Fill,Toys,345.82,681,BrandD
16772,Spring Wife,Beauty,143.11,963,BrandD
16773,Every Through,Clothing,237.87,654,BrandD
16774,Law Break,Clothing,266.05,81,BrandC
16779,Floor Major,Home,340.98,85,BrandC
16780,Character Eat,Beauty,68.88,90,BrandB
16781,Pick Decision,Books,373.23,425,BrandD
16782,Collection Art,Beauty,40.73,636,BrandC
16783,Task Environment,Electronics,219.45,189,BrandB
16785,Forward Letter,Electronics,153.32,652,BrandD
16788,Us Buy,Home,427.99,632,BrandA
16790,Election Ever,Home,238.71,745,BrandB
16795,Whatever Much,Electronics,294.57,591,BrandA
16798,Public Few,Clothing,128.01,451,BrandB
16804,Develop Different,Beauty,478.41,199,BrandB
16805,Have Card,Beauty,210.28,164,BrandB
16806,Across Significant,Home,168.97,727,BrandB
16808,Never Important,Books,127.14,918,BrandA
16810,Least Least,Toys,389.26,95,BrandD
16811,Seek Identify,Clothing,372.11,552,BrandB
16813,Show Least,Home,371.84,348,BrandD
16814,Enter Way,Electronics,218.38,968,BrandD
16817,Economy Room,Clothing,330.6,859,BrandB
16820,Indicate Across,Electronics,24.45,290,BrandD
16823,Especially Use,Toys,43.79,270,BrandD
16824,Wear Sing,Beauty,183.24,807,BrandB
16827,Get Her,Books,313.98,334,BrandA
16828,Less Which,Home,133.06,829,BrandC
16829,Put You,Clothing,289.08,628,BrandC
16830,Throughout Yet,Home,134.47,997,BrandD
16832,Technology Such,Beauty,42.11,98,BrandD
16834,Executive Dinner,Books,423.89,565,BrandD
16835,Film Decide,Home,86.59,240,BrandD
16837,Local Rate,Books,107.1,209,BrandD
16842,Leader Door,Beauty,434.57,493,BrandC
16843,Say Be,Books,404.27,412,BrandD
16846,Magazine About,Electronics,92.78,714,BrandB
16847,Many Majority,Beauty,82.16,182,BrandD
16849,Hour Question,Electronics,293.58,71,BrandB
16851,Represent Exist,Beauty,423.59,842,BrandD
16854,Weight Poor,Toys,215.94,222,BrandB
16855,Professional Environmental,Home,376.64,873,BrandA
16856,Out Green,Toys,454.06,574,BrandA
16857,Weight Plant,Home,86.93,247,BrandA
16860,Maintain Two,Clothing,261.42,241,BrandD
16866,Drug Father,Electronics,167.68,391,BrandA
16868,Program According,Books,26.3,762,BrandB
16869,Something Year,Clothing,318.31,565,BrandC
16872,Actually Allow,Books,162.67,447,BrandB
16878,Day Woman,Home,249.85,153,BrandD
16880,Soon West,Books,332.46,405,BrandC
16882,Traditional Pretty,Toys,206.18,390,BrandB
16883,Serious Without,Clothing,398.07,429,BrandD
16886,New What,Home,415.01,705,BrandA
16891,Thus They,Electronics,320.97,411,BrandD
16894,Such Fly,Electronics,117.78,976,BrandC
16896,Right Front,Clothing,436.71,862,BrandB
16899,Identify Second,Clothing,301.2,502,BrandA
16901,Family Several,Clothing,427.77,656,BrandD
16903,Land Body,Beauty,307.09,934,BrandC
16906,Less No,Clothing,410.53,476,BrandA
16910,Style Democrat,Electronics,428.13,58,BrandB
16911,Each Continue,Beauty,447.93,311,BrandB
16912,Lawyer Figure,Toys,8.91,182,BrandA
16913,Western City,Toys,16.76,685,BrandC
16914,Buy Do,Home,377.84,757,BrandA
16917,Black Future,Books,419.67,827,BrandC
16919,Decide Goal,Home,220.44,956,BrandC
16921,Manage Process,Electronics,382.41,83,BrandA
16922,Myself Official,Home,53.12,562,BrandD
16923,But Public,Books,415.51,743,BrandC
16928,Who Service,Toys,410.84,328,BrandC
16929,Tv Operation,Books,21.09,462,BrandB
16930,Today Claim,Electronics,177.19,528,BrandA
16937,Establish Federal,Home,419.99,336,BrandD
16938,Myself Green,Home,79.43,939,BrandC
16940,Executive Foot,Beauty,144.56,451,BrandB
16941,Lose Dinner,Clothing,42.83,829,BrandB
16942,Manage National,Beauty,463.43,977,BrandB
16943,Allow Assume,Beauty,171.41,109,BrandA
16944,Product Measure,Home,360.02,936,BrandA
16948,Trade More,Beauty,316.17,945,BrandA
16949,Total Issue,Clothing,428.27,289,BrandD
16950,Population Response,Beauty,293.5,530,BrandB
16951,Painting Development,Home,326.24,502,BrandB
16953,Little Here,Books,423.77,170,BrandA
16956,Six Last,Home,338.73,198,BrandA
16958,You Modern,Toys,241.97,158,BrandD
16965,Major Economic,Beauty,73.9,446,BrandB
16969,Treat Life,Toys,201.72,807,BrandA
16970,Pretty Expect,Books,273.41,701,BrandA
16971,Likely Simply,Electronics,469.72,897,BrandC
16972,Thus Current,Toys,168.43,883,BrandC
16973,Raise Similar,Home,288.53,473,BrandC
16974,Write Activity,Home,203.29,336,BrandB
16975,Ahead Beautiful,Toys,88.64,414,BrandB
16976,Action Father,Books,414.59,558,BrandB
16980,Many Truth,Clothing,34.18,570,BrandC
16981,Activity Professor,Toys,8.53,782,BrandC
16983,Whose Identify,Beauty,337.64,815,BrandC
16984,Us Follow,Toys,54.41,599,BrandA
16986,Defense Beat,Clothing,285.56,22,BrandD
16988,Interesting Summer,Toys,66.25,349,BrandA
16989,Listen So,Books,225.76,749,BrandB
16991,North Realize,Beauty,398.73,64,BrandC
16992,Source Strategy,Beauty,102.43,506,BrandD
16993,Design Sell,Toys,392.46,409,BrandC
16995,Type Research,Books,224.55,133,BrandB
16998,Carry Agency,Electronics,338.73,686,BrandB
16999,Science Second,Books,288.8,401,BrandD
17002,Today Republican,Books,490.23,898,BrandB
17005,Bill Continue,Toys,95.83,737,BrandB
17011,Teach Second,Clothing,131.51,731,BrandA
17013,Ten Before,Electronics,241.6,536,BrandC
17017,Determine Four,Beauty,200.69,256,BrandA
17018,Outside Country,Home,125.35,467,BrandC
17020,Member Would,Electronics,94.67,548,BrandB
17022,Body Factor,Clothing,303.41,246,BrandA
17024,Likely Health,Toys,309.51,826,BrandD
17027,Heart Avoid,Beauty,130.45,951,BrandA
17028,Floor Make,Books,495.6,426,BrandD
17029,Begin Can,Clothing,280.02,650,BrandD
17036,Subject Energy,Clothing,56.37,958,BrandA
17037,Year Support,Books,405.3,805,BrandD
17038,Position Father,Toys,289.18,484,BrandB
17041,Writer Ever,Toys,210.27,659,BrandD
17046,Media Measure,Electronics,78.31,941,BrandA
17048,Put Color,Toys,99.68,311,BrandA
17049,Voice Stay,Books,268.88,1,BrandA
17051,Trial Rate,Beauty,266.31,499,BrandA
17052,Stay Model,Home,132.38,995,BrandA
17053,Study Challenge,Clothing,448.07,506,BrandC
17055,Nothing Right,Books,257.88,326,BrandB
17056,Police Contain,Beauty,188.26,442,BrandA
17058,Top Have,Home,246.33,445,BrandD
17065,Sure Behind,Electronics,216.07,594,BrandA
17069,Heart Note,Toys,54.6,496,BrandC
17070,Animal Sell,Beauty,349.98,236,BrandA
17072,Doctor Garden,Books,294.75,146,BrandB
17076,Instead Ahead,Clothing,169.05,95,BrandC
17078,Run Increase,Books,131.78,75,BrandC
17082,Necessary They,Toys,141.55,624,BrandD
17083,Human Group,Books,308.77,111,BrandA
17085,Identify Head,Electronics,227.88,76,BrandD
17086,Short Real,Beauty,264.94,850,BrandC
17090,Along Past,Clothing,308.03,529,BrandD
17092,Morning Administration,Home,249.67,410,BrandB
17093,Not Debate,Electronics,42.97,145,BrandC
17094,Sort Work,Books,155.94,747,BrandD
17095,Street What,Home,29.12,734,BrandB
17099,Woman Career,Clothing,158.12,326,BrandA
17100,Spring Machine,Clothing,485.6,488,BrandA
17101,Democratic Ago,Electronics,354.71,468,BrandC
17104,Trouble Very,Books,91.81,862,BrandD
17108,Great Seven,Clothing,273.3,55,BrandD
17110,Choose Program,Electronics,302.81,247,BrandC
17114,Street Dark,Books,330.91,828,BrandC
17119,Yes Decision,Electronics,454.45,768,BrandD
17122,Choice Run,Home,394.37,340,BrandA
17126,Phone Help,Electronics,481.22,689,BrandA
17128,Sit Group,Home,51.49,728,BrandC
17129,Decade Heavy,Electronics,268.86,709,BrandC
17130,Save Cause,Books,330.56,421,BrandB
17132,Whose Time,Toys,340.25,465,BrandB
17133,Here Get,Home,277.01,401,BrandD
17135,Leave Machine,Home,278.58,695,BrandB
17142,Picture Parent,Books,84.92,775,BrandD
17143,Reflect Street,Toys,28.91,34,BrandC
17145,Eight Leg,Books,191.02,874,BrandC
17148,Sell Scientist,Books,311.54,914,BrandD
17149,Four Would,Books,193.29,890,BrandA
17150,Billion Need,Toys,90.68,22,BrandA
17151,Card Citizen,Electronics,206.33,837,BrandD
17152,Young But,Beauty,338.81,237,BrandB
17153,Study Particularly,Beauty,10.23,443,BrandB
17154,Green Teach,Beauty,328.82,203,BrandA
17156,Rule Perhaps,Toys,146.46,983,BrandB
17164,Turn Still,Electronics,139.93,760,BrandC
17165,Including Rule,Clothing,268.36,583,BrandB
17166,Car Central,Home,129.42,748,BrandC
17170,Democratic Let,Books,296.32,819,BrandB
17171,Voice People,Toys,106.0,440,BrandC
17172,Various Edge,Electronics,323.43,543,BrandC
17175,Husband Leg,Books,29.02,645,BrandC
17177,Apply Than,Toys,225.59,564,BrandA
17180,Seek Station,Clothing,154.56,190,BrandC
17183,Magazine Put,Books,358.33,399,BrandD
17184,Social Number,Home,32.95,944,BrandB
17188,Career But,Home,337.65,509,BrandA
17190,Cover Red,Electronics,183.11,686,BrandC
17191,Station Case,Electronics,301.63,13,BrandD
17195,Skin Determine,Clothing,271.62,39,BrandA
17196,Speech Task,Books,115.53,766,BrandD
17200,Test Arrive,Home,63.71,384,BrandA
17203,Local Couple,Home,19.53,165,BrandA
17204,Cultural Beautiful,Clothing,151.35,468,BrandA
17207,Look Wear,Beauty,467.14,363,BrandD
17209,Relationship Vote,Books,285.43,428,BrandC
17211,Animal Onto,Electronics,122.28,606,BrandB
17212,Position His,Toys,223.21,136,BrandB
17213,Prepare Key,Electronics,495.58,307,BrandD
17214,Local Control,Electronics,450.03,492,BrandC
17215,Positive Rule,Books,220.36,668,BrandC
17216,Easy Include,Beauty,382.91,914,BrandA
17217,Eight Break,Clothing,39.32,931,BrandC
17218,Red Across,Clothing,365.18,107,BrandC
17219,Huge Home,Electronics,224.87,716,BrandD
17220,Outside Church,Clothing,146.45,150,BrandD
17223,International Rather,Electronics,428.36,477,BrandD
17224,Project Artist,Beauty,305.59,709,BrandB
17225,Above Own,Books,16.31,496,BrandA
17238,Walk Pm,Clothing,471.66,86,BrandA
17244,Road Data,Clothing,216.93,33,BrandD
17245,Southern Simply,Electronics,450.68,805,BrandB
17250,Floor Prepare,Toys,359.23,430,BrandB
17251,Trouble Interesting,Books,142.18,682,BrandB
17252,World Should,Beauty,208.11,47,BrandB
17253,Eat Control,Clothing,364.69,695,BrandA
17256,Executive Focus,Clothing,326.39,805,BrandB
17257,Front Than,Books,237.72,162,BrandD
17258,Detail Relationship,Books,63.66,139,BrandA
17260,Man Future,Electronics,396.52,199,BrandC
17261,Air International,Toys,149.05,350,BrandB
17263,Start Responsibility,Books,240.88,473,BrandC
17266,Provide Until,Toys,93.31,682,BrandA
17269,Spend Simply,Clothing,296.43,163,BrandA
17270,Official Teacher,Home,372.2,190,BrandD
17271,Realize Mean,Home,54.75,707,BrandD
17273,So Radio,Beauty,94.54,172,BrandA
17274,Risk Imagine,Clothing,61.67,68,BrandA
17275,Help Situation,Electronics,185.7,595,BrandD
17278,Suffer What,Electronics,286.69,505,BrandB
17280,Good Read,Toys,53.1,440,BrandC
17285,Let Could,Electronics,470.7,580,BrandC
17286,Foreign Everything,Home,433.06,993,BrandB
17287,Instead Democratic,Books,362.05,428,BrandB
17288,World Art,Electronics,107.04,484,BrandB
17291,Enough Add,Books,255.4,103,BrandD
17293,Major Positive,Books,247.85,866,BrandB
17294,Thus House,Clothing,348.46,357,BrandB
17295,Place Test,Beauty,80.27,100,BrandC
17297,Difference Western,Beauty,61.89,491,BrandD
17299,Small Ask,Books,482.6,982,BrandC
17300,Leg Develop,Home,223.94,349,BrandA
17301,Benefit Arrive,Home,102.68,114,BrandA
17303,Dream Door,Beauty,13.22,80,BrandC
17314,Green Can,Beauty,253.23,313,BrandD
17315,Page Process,Clothing,468.57,561,BrandB
17316,Hit Nature,Books,74.5,654,BrandD
17321,Factor Miss,Home,86.4,547,BrandB
17322,Kind Increase,Electronics,481.66,444,BrandD
17323,Hair Among,Beauty,239.33,489,BrandB
17324,Most Speech,Beauty,403.82,836,BrandC
17326,Pay Employee,Clothing,165.86,282,BrandB
17327,Style Space,Toys,466.34,661,BrandA
17328,Option Time,Toys,41.47,435,BrandC
17333,Consider Land,Beauty,214.86,580,BrandB
17335,Lot Probably,Toys,68.4,367,BrandC
17337,Agent Rock,Books,481.07,84,BrandC
17341,His Teacher,Toys,303.77,992,BrandC
17343,Study See,Books,369.82,728,BrandD
17344,Moment Hot,Books,208.43,273,BrandC
17346,During Artist,Electronics,445.72,433,BrandC
17349,Beautiful Between,Home,295.23,608,BrandA
17356,Probably Medical,Beauty,496.78,208,BrandC
17357,Teacher Movie,Toys,312.63,374,BrandA
17358,Short Lay,Home,372.67,990,BrandD
17360,Score Worker,Toys,309.89,899,BrandD
17364,Billion Institution,Books,159.6,400,BrandD
17366,Sit View,Books,222.95,870,BrandA
17368,Room Wife,Electronics,111.46,600,BrandA
17369,Individual Speak,Home,207.75,39,BrandB
17372,Degree Phone,Clothing,71.01,601,BrandC
17374,Report Rise,Beauty,378.81,19,BrandD
17377,Visit White,Books,172.92,641,BrandB
17379,Lot Admit,Beauty,218.39,491,BrandC
17380,Deal Doctor,Books,294.94,321,BrandA
17381,Might Dark,Beauty,475.86,498,BrandC
17382,Know Both,Books,322.54,528,BrandA
17383,Book Material,Clothing,443.75,302,BrandA
17385,Food Clearly,Toys,60.58,718,BrandD
17389,Option Sport,Beauty,331.92,734,BrandB
17390,Him Style,Books,322.63,840,BrandC
17391,Concern Campaign,Books,363.57,681,BrandC
17394,Finish Safe,Electronics,81.65,898,BrandA
17401,Pretty Sometimes,Home,485.87,137,BrandD
17402,Management Key,Home,451.53,374,BrandD
17404,Reflect Party,Toys,169.06,921,BrandA
17405,Little Situation,Books,69.07,224,BrandA
17409,True Interest,Clothing,200.83,822,BrandB
17411,Expert Type,Toys,82.6,800,BrandA
17418,Election Her,Books,11.88,757,BrandD
17420,Hope Defense,Home,12.62,933,BrandA
17422,Even News,Books,147.25,598,BrandD
17423,Scientist Write,Clothing,274.65,874,BrandB
17424,Page But,Books,182.77,859,BrandA
17425,Office Where,Home,330.52,225,BrandA
17429,Effort Free,Books,373.23,711,BrandB
17431,Or Student,Clothing,248.79,11,BrandA
17437,Sign Catch,Home,399.07,359,BrandC
17439,Number During,Electronics,59.12,176,BrandA
17440,Organization Short,Books,180.98,220,BrandC
17442,Prevent Reason,Toys,266.91,710,BrandC
17443,To Area,Home,71.46,4,BrandD
17444,We Quite,Electronics,145.0,638,BrandB
17445,Stop Theory,Books,309.5,159,BrandD
17446,Education Without,Beauty,425.2,181,BrandB
17450,Particular Assume,Electronics,428.62,694,BrandB
17453,Forget Her,Clothing,224.97,265,BrandC
17457,Federal Feeling,Beauty,102.62,961,BrandC
17460,Machine Image,Clothing,31.65,281,BrandB
17463,Station Western,Home,315.13,474,BrandB
17464,Majority Increase,Home,253.83,609,BrandB
17468,Collection Their,Beauty,243.81,174,BrandA
17472,Spend Nation,Clothing,72.62,455,BrandC
17473,Store Public,Beauty,137.66,526,BrandB
17475,Too Foreign,Home,284.25,328,BrandB
17476,Political Physical,Home,188.15,28,BrandC
17477,Activity Person,Toys,36.9,713,BrandD
17482,News Policy,Electronics,243.08,854,BrandC
17483,Throw Measure,Toys,21.85,455,BrandB
17484,Live Dog,Books,199.34,111,BrandB
17485,Approach Star,Toys,337.68,122,BrandD
17488,Today Democrat,Electronics,52.84,606,BrandB
17489,Write Explain,Beauty,429.55,493,BrandB
17491,Piece Think,Electronics,25.71,451,BrandA
17497,Behind Tend,Toys,145.98,120,BrandC
17498,Lawyer Both,Electronics,495.3,725,BrandB
17502,They Feel,Beauty,297.75,786,BrandA
17504,Something Writer,Home,195.86,611,BrandD
17505,Father Technology,Clothing,406.72,657,BrandA
17508,Exactly Daughter,Clothing,374.61,210,BrandD
17511,Here Beautiful,Books,222.61,545,BrandB
17512,Order South,Clothing,159.64,80,BrandB
17513,Future Wife,Toys,38.02,3,BrandB
17519,Admit Loss,Electronics,8.09,961,BrandD
17524,Information Word,Electronics,463.81,311,BrandC
17526,Moment Floor,Toys,87.63,750,BrandB
17528,Example And,Electronics,325.94,201,BrandD
17532,Detail Himself,Books,116.48,42,BrandC
17540,Shoulder Professional,Books,24.78,16,BrandA
17541,Environment Value,Books,420.34,619,BrandD
17543,Hold Voice,Beauty,271.03,1000,BrandA
17545,What Analysis,Beauty,141.73,85,BrandD
17549,Guess By,Books,400.35,152,BrandC
17550,Cut Have,Electronics,17.47,772,BrandC
17553,Himself Dream,Beauty,428.27,624,BrandD
17554,Difficult Couple,Beauty,225.43,823,BrandB
17556,Moment Few,Toys,174.56,410,BrandC
17557,Range Best,Toys,455.44,85,BrandD
17561,Imagine Scene,Home,453.39,328,BrandA
17562,Fact Improve,Electronics,398.2,987,BrandA
17563,Appear Analysis,Books,194.03,319,BrandC
17567,Southern Southern,Books,298.94,258,BrandB
17570,Contain Involve,Electronics,392.0,317,BrandD
17571,Theory Seat,Electronics,249.14,22,BrandD
17572,Send Check,Electronics,14.65,712,BrandC
17575,Fall True,Books,451.58,671,BrandB
17579,Shake Short,Beauty,237.6,114,BrandC
17581,Pull Traditional,Home,356.59,415,BrandB
17582,Development Form,Beauty,276.28,482,BrandC
17583,Way Environment,Toys,477.69,98,BrandD
17585,Left Race,Beauty,24.69,269,BrandD
17590,Cultural Care,Electronics,58.33,338,BrandD
17595,Lay Effect,Electronics,135.41,699,BrandB
17596,Position Road,Home,414.18,915,BrandA
17599,Either Day,Clothing,140.68,540,BrandB
17602,Between Around,Clothing,110.43,358,BrandB
17603,Always Toward,Books,121.09,113,BrandD
17604,Under Class,Beauty,266.88,926,BrandC
17605,Why Report,Home,402.57,657,BrandA
17607,American Out,Toys,262.75,492,BrandB
17611,Position Forward,Electronics,178.1,901,BrandD
17613,Effort Gas,Home,61.91,269,BrandD
17615,Media Draw,Beauty,345.05,912,BrandD
17616,Movement Though,Clothing,394.1,580,BrandB
17621,Including Boy,Toys,448.03,635,BrandC
17622,Finish Leg,Toys,486.34,592,BrandD
17630,Sister Hope,Electronics,238.39,225,BrandA
17632,Provide Professor,Beauty,363.93,505,BrandA
17633,Could Painting,Home,251.44,541,BrandC
17635,Play Method,Electronics,196.3,804,BrandB
17640,Kitchen Try,Electronics,488.78,889,BrandA
17641,Thought With,Home,153.04,441,BrandD
17642,Road Fact,Electronics,370.95,54,BrandA
17645,Themselves Manage,Clothing,315.11,555,BrandB
17646,Hand Read,Electronics,408.14,163,BrandB
17648,See Final,Beauty,14.48,944,BrandA
17649,Option Whether,Clothing,7.25,672,BrandC
17652,Wrong Weight,Clothing,53.64,43,BrandB
17656,Bring Source,Home,357.7,353,BrandA
17657,Whose List,Toys,119.13,507,BrandC
17658,Camera Window,Beauty,150.62,12,BrandC
17660,Attention Question,Beauty,246.78,360,BrandC
17661,Professional Watch,Clothing,260.62,873,BrandD
17662,Argue Star,Beauty,38.46,376,BrandC
17665,Great Method,Home,52.32,534,BrandA
17667,Per Tough,Electronics,41.75,175,BrandB
17670,Store That,Electronics,365.64,851,BrandD
17671,Piece Open,Home,225.37,516,BrandA
17673,Treatment Term,Beauty,412.52,136,BrandB
17674,Shoulder Explain,Electronics,18.2,194,BrandD
17675,Pass East,Toys,401.39,602,BrandA
17676,Indicate Tax,Electronics,214.4,888,BrandB
17677,Should Key,Clothing,232.91,19,BrandC
17678,Law Once,Beauty,55.61,464,BrandC
17683,Require Management,Toys,98.14,68,BrandC
17694,Tax Subject,Clothing,401.19,621,BrandB
17695,Measure Senior,Electronics,376.32,725,BrandB
17696,Doctor To,Clothing,99.0,421,BrandA
17699,Fine Including,Electronics,284.4,627,BrandC
17700,Onto Imagine,Books,164.52,359,BrandA
17701,Likely Evidence,Books,492.8,471,BrandB
17703,Player Possible,Clothing,304.55,322,BrandA
17708,Place Remember,Toys,355.99,225,BrandB
17709,Really True,Toys,444.28,446,BrandC
17711,Analysis News,Beauty,297.35,610,BrandA
17712,Know Never,Home,9.29,840,BrandA
17715,Throw Sea,Toys,375.61,755,BrandC
17718,Name Majority,Clothing,39.86,391,BrandB
17719,As Every,Beauty,232.41,391,BrandB
17722,Human Newspaper,Beauty,35.6,838,BrandC
17724,Step Officer,Home,60.23,426,BrandD
17727,Unit Life,Toys,265.14,838,BrandA
17729,Gas Long,Electronics,204.71,305,BrandB
17734,Anything Safe,Beauty,257.03,208,BrandB
17735,Into Or,Home,434.83,202,BrandD
17736,Word Shake,Electronics,190.29,759,BrandA
17738,Probably Cultural,Clothing,21.26,562,BrandC
17740,Material Usually,Clothing,412.14,920,BrandC
17747,Help Wish,Clothing,341.16,245,BrandA
17749,Under Break,Clothing,386.48,168,BrandA
17750,Risk City,Books,232.91,557,BrandA
17752,However Short,Electronics,329.9,365,BrandB
17757,Along Old,Toys,433.37,892,BrandA
17760,Determine Set,Books,420.46,124,BrandC
17762,Fast Close,Books,477.1,931,BrandA
17763,Exactly Happy,Beauty,363.24,812,BrandD
17769,Instead A,Home,7.19,190,BrandD
17770,Food Run,Home,33.05,284,BrandA
17771,Degree Rock,Beauty,240.02,720,BrandA
17775,Night Company,Clothing,374.35,266,BrandD
17777,Oil Stuff,Home,486.68,635,BrandB
17781,Difference Attorney,Clothing,94.05,474,BrandC
17782,Mother Argue,Electronics,255.75,168,BrandD
17783,Themselves Four,Books,20.45,576,BrandA
17785,Speak Eat,Books,192.4,625,BrandA
17788,Important Recently,Books,389.55,802,BrandC
17789,Black Management,Beauty,489.52,988,BrandB
17790,Hold Experience,Beauty,340.77,432,BrandC
17793,Capital One,Clothing,270.06,983,BrandD
17795,Community Cultural,Books,469.59,741,BrandB
17799,Defense Free,Home,467.74,131,BrandB
17800,Miss Table,Home,74.12,352,BrandC
17803,Never Long,Toys,13.12,496,BrandB
17804,Nation Simple,Electronics,55.9,605,BrandC
17806,Sound Sit,Books,443.86,419,BrandD
17808,Themselves Free,Home,335.01,379,BrandA
17809,Easy Win,Books,395.71,451,BrandB
17810,Also Instead,Home,391.21,860,BrandA
17812,Fight Red,Books,467.3,738,BrandB
17813,Else Attention,Books,251.26,272,BrandB
17814,Quickly Artist,Electronics,480.76,327,BrandA
17816,Make Rule,Books,91.25,812,BrandA
17817,Into Strong,Beauty,171.79,281,BrandC
17820,Decide Sometimes,Home,466.89,113,BrandD
17823,Old Knowledge,Electronics,380.98,204,BrandA
17829,Pm Put,Books,124.27,231,BrandA
17830,Government Day,Toys,338.28,126,BrandA
17837,Yes Range,Home,198.04,317,BrandC
17839,This Letter,Books,368.62,353,BrandD
17842,This Religious,Beauty,379.9,168,BrandD
17843,Price Trial,Home,365.29,478,BrandC
17844,By She,Electronics,247.96,724,BrandD
17846,Century Draw,Toys,345.04,173,BrandC
17847,First Lot,Clothing,107.0,884,BrandA
17848,Ok Bring,Home,356.03,316,BrandD
17850,Maintain Charge,Home,20.23,574,BrandD
17852,First Begin,Books,215.43,60,BrandA
17854,Word It,Home,329.68,46,BrandB
17855,Never Affect,Books,38.94,954,BrandD
17856,Sound Great,Clothing,359.66,685,BrandC
17857,Lay Affect,Toys,374.13,719,BrandD
17858,Necessary Consumer,Toys,345.34,245,BrandB
17859,Voice Scene,Electronics,168.55,299,BrandA
17860,Sometimes Have,Beauty,111.28,783,BrandA
17862,Move Appear,Books,200.74,766,BrandC
17869,Research Education,Toys,320.2,488,BrandB
17870,Put Fund,Beauty,122.66,563,BrandA
17872,Hundred Project,Toys,138.5,789,BrandD
17875,Away Happen,Clothing,437.76,542,BrandB
17879,Leader Lay,Books,470.12,535,BrandA
17880,Forward Hundred,Beauty,95.91,941,BrandB
17881,Able Home,Home,342.73,998,BrandA
17883,Author Police,Beauty,44.82,281,BrandA
17884,Dinner Record,Home,6.21,648,BrandA
17885,Whole Smile,Clothing,83.94,500,BrandA
17886,Bag Daughter,Toys,335.77,13,BrandB
17888,Whole Condition,Electronics,260.07,838,BrandD
17891,Investment Opportunity,Beauty,96.7,465,BrandD
17896,Free Effect,Books,407.43,582,BrandD
17902,Rest Own,Beauty,106.58,890,BrandC
17906,Job Me,Home,35.67,349,BrandB
17907,Account Yet,Toys,288.02,783,BrandB
17909,Even Effect,Toys,441.11,522,BrandA
17911,Else Respond,Home,53.53,43,BrandB
17917,Sport Actually,Beauty,389.0,708,BrandC
17919,Life Sing,Electronics,444.05,126,BrandB
17920,Loss Land,Beauty,426.63,554,BrandA
17924,Voice Hair,Toys,490.62,579,BrandA
17925,Sell Indeed,Beauty,469.36,703,BrandD
17927,Kind Manager,Toys,39.71,618,BrandA
17929,Leader Themselves,Toys,61.08,421,BrandA
17934,Decide Morning,Toys,355.87,279,BrandC
17937,Task Receive,Electronics,38.76,393,BrandA
17938,Drug Mission,Books,213.65,578,BrandB
17940,Expert Method,Books,179.87,289,BrandA
17941,Not Leg,Electronics,367.85,78,BrandB
17942,Few Future,Beauty,280.92,766,BrandC
17946,Weight Development,Toys,324.26,503,BrandC
17947,House Actually,Toys,424.31,442,BrandC
17948,Remain Plan,Beauty,212.78,310,BrandA
17949,Believe Day,Clothing,59.76,515,BrandC
17966,Allow Ten,Beauty,350.85,519,BrandD
17967,Resource Garden,Clothing,450.85,119,BrandB
17968,Outside President,Beauty,14.04,498,BrandA
17969,Little Enjoy,Books,440.6,202,BrandC
17970,Trade Matter,Clothing,376.89,646,BrandA
17971,Leave Know,Toys,227.68,218,BrandB
17973,Population City,Electronics,179.82,449,BrandC
17974,Soon Black,Toys,304.16,666,BrandB
17979,I No,Beauty,448.44,546,BrandB
17983,Fire Rate,Clothing,9.65,904,BrandA
17984,Over Hard,Home,278.72,285,BrandB
17985,Behind Put,Books,345.02,441,BrandC
17988,Close Guess,Electronics,232.8,818,BrandA
17989,Attention Yeah,Toys,336.19,986,BrandB
17990,Oil Staff,Clothing,63.29,802,BrandD
17995,Board Easy,Electronics,72.1,604,BrandC
17997,Kind Body,Clothing,474.57,928,BrandB
17999,Present There,Books,153.01,889,BrandD
18001,Political Away,Home,487.69,134,BrandB
18002,Opportunity Argue,Books,276.09,454,BrandB
18005,Upon Contain,Beauty,197.71,654,BrandB
18007,Power Cause,Electronics,61.31,270,BrandC
18011,Dog Cut,Books,223.09,88,BrandD
18012,Decade Build,Books,308.48,636,BrandA
18013,Operation Hit,Beauty,297.48,484,BrandA
18014,Affect Course,Electronics,342.65,599,BrandA
18017,Officer Whole,Beauty,263.67,877,BrandB
18019,Red Wrong,Toys,62.35,821,BrandB
18022,Fine Somebody,Clothing,50.29,247,BrandC
18024,Smile Loss,Toys,284.23,786,BrandD
18027,Less Bill,Toys,318.3,399,BrandA
18028,Number Medical,Books,77.28,615,BrandB
18029,Game Onto,Home,198.83,974,BrandB
18032,Anything Follow,Electronics,179.32,846,BrandA
18034,Outside My,Toys,336.81,858,BrandA
18036,Be Conference,Electronics,171.87,74,BrandD
18040,Sure Share,Books,64.93,599,BrandD
18041,Choice Manager,Home,354.94,518,BrandC
18044,Buy Institution,Electronics,392.23,757,BrandB
18045,Throw Close,Beauty,450.59,998,BrandA
18046,Health Economic,Electronics,235.33,494,BrandC
18051,Rate Her,Toys,81.67,528,BrandA
18054,About Data,Books,363.28,512,BrandB
18055,Reason Community,Beauty,231.67,209,BrandA
18058,Run Like,Electronics,351.53,45,BrandB
18059,Light Thousand,Electronics,448.78,301,BrandC
18060,Role Traditional,Books,363.48,10,BrandA
18061,List Financial,Home,144.96,48,BrandA
18062,Ten Either,Clothing,360.52,410,BrandD
18063,Over For,Beauty,42.0,472,BrandA
18064,Reflect Only,Beauty,396.05,491,BrandC
18066,Require Statement,Electronics,423.48,249,BrandD
18068,Little Five,Home,148.15,785,BrandA
18069,Statement Popular,Beauty,18.87,745,BrandD
18070,Quite Feel,Beauty,258.24,625,BrandC
18071,Fish Tough,Books,472.4,451,BrandB
18073,Sound Between,Clothing,429.94,481,BrandC
18082,Friend Experience,Books,221.3,289,BrandC
18083,Forget Build,Home,322.77,509,BrandD
18084,Shake View,Beauty,423.79,11,BrandC
18086,Able Fear,Toys,400.23,195,BrandA
18087,Mouth Pay,Clothing,101.16,668,BrandB
18089,Policy Research,Beauty,418.75,615,BrandA
18090,Result Reduce,Clothing,474.55,706,BrandB
18091,Bed Ever,Books,322.96,496,BrandC
18092,Relationship Specific,Electronics,209.69,996,BrandA
18095,You Parent,Books,448.02,110,BrandA
18098,Deal Put,Electronics,219.26,588,BrandB
18100,Work Peace,Toys,471.67,655,BrandA
18106,Yard Compare,Electronics,370.05,659,BrandB
18107,Science Say,Toys,181.39,52,BrandB
18108,Rest Education,Clothing,164.26,856,BrandC
18109,Bring Affect,Beauty,20.7,13,BrandA
18116,Play Total,Home,261.73,870,BrandB
18117,Professional Collection,Electronics,99.65,886,BrandB
18118,We Back,Books,341.36,785,BrandD
18119,Set Professor,Toys,287.81,112,BrandC
18121,Newspaper Authority,Toys,217.38,391,BrandD
18122,Least Try,Books,411.98,107,BrandD
18127,Bit Summer,Home,403.42,850,BrandC
18128,Administration Thought,Home,288.34,13,BrandA
18130,Movie Among,Home,11.2,419,BrandA
18131,Visit Her,Clothing,15.51,652,BrandA
18134,Order Project,Home,208.27,813,BrandC
18136,Meeting Anything,Clothing,153.47,759,BrandC
18138,Specific Her,Home,239.0,637,BrandD
18139,Son Part,Toys,442.5,554,BrandB
18142,Idea Science,Beauty,87.5,585,BrandB
18143,Wife Back,Home,109.22,970,BrandB
18144,Former Represent,Beauty,261.5,720,BrandA
18146,Spend Window,Toys,50.87,930,BrandA
18148,International Young,Books,436.83,160,BrandD
18149,State Soldier,Toys,469.83,131,BrandC
18151,Image Out,Clothing,20.82,144,BrandA
18152,Civil Writer,Books,22.0,484,BrandB
18154,Between Impact,Clothing,123.73,215,BrandA
18155,Position Again,Beauty,64.89,302,BrandA
18157,Go Onto,Home,232.7,403,BrandA
18159,Us Development,Home,463.07,862,BrandB
18160,Street Meeting,Books,159.17,999,BrandA
18163,Be Behind,Electronics,402.95,563,BrandA
18167,Study Its,Electronics,415.47,1000,BrandD
18169,Type Manager,Clothing,403.97,552,BrandC
18172,Kind Eight,Clothing,104.75,67,BrandA
18173,Enjoy Weight,Books,469.19,153,BrandB
18176,Involve Light,Books,329.93,783,BrandB
18183,Discussion Pattern,Beauty,158.56,702,BrandA
18184,Dog Stay,Electronics,264.92,501,BrandB
18185,Score Protect,Clothing,46.89,126,BrandC
18186,But Onto,Books,312.03,669,BrandC
18192,Follow Author,Toys,350.07,177,BrandA
18193,Perform Support,Home,448.93,673,BrandA
18194,Leg Conference,Beauty,39.99,625,BrandB
18196,Production Blue,Clothing,279.71,160,BrandD
18201,Kitchen Subject,Toys,331.99,160,BrandB
18203,Get Per,Electronics,152.64,459,BrandB
18204,Thousand Carry,Clothing,97.49,160,BrandC
18205,New But,Toys,291.1,801,BrandD
18206,Industry Sing,Clothing,81.38,983,BrandD
18207,Film Western,Beauty,12.88,615,BrandB
18209,Shake Stop,Clothing,245.64,219,BrandC
18210,Thought Off,Books,119.31,586,BrandB
18211,Reduce Sea,Books,130.79,592,BrandD
18212,Visit Total,Home,263.68,738,BrandC
18219,Nor Approach,Home,443.82,153,BrandB
18221,Possible Five,Books,480.1,397,BrandC
18222,Understand Type,Books,174.99,135,BrandA
18223,Drive Hold,Toys,57.69,967,BrandA
18225,Southern Eat,Books,157.95,283,BrandC
18226,National Half,Beauty,111.55,470,BrandA
18229,Page Degree,Clothing,148.38,363,BrandB
18232,Later Learn,Books,149.57,390,BrandA
18235,Travel Imagine,Clothing,5.26,638,BrandA
18236,Side Kitchen,Clothing,70.03,405,BrandB
18239,Usually Ask,Home,456.2,548,BrandC
18241,View Teach,Books,431.33,905,BrandA
18242,Game Increase,Electronics,375.93,10,BrandB
18244,Service Student,Electronics,288.71,147,BrandD
18245,Prevent Wind,Electronics,453.63,35,BrandA
18247,Back Worker,Clothing,365.13,361,BrandC
18248,Identify Oil,Toys,189.28,309,BrandD
18249,Still Course,Electronics,416.46,651,BrandB
18250,Deal Season,Toys,216.76,462,BrandD
18253,Daughter Little,Books,253.6,501,BrandA
18254,Or Kind,Beauty,446.54,784,BrandC
18255,Cultural Popular,Beauty,247.27,941,BrandA
18259,Machine Statement,Beauty,316.29,557,BrandA
18262,Report Strong,Home,14.95,407,BrandB
18264,Case Dog,Toys,415.61,781,BrandB
18269,Receive Expert,Clothing,381.07,986,BrandD
18270,Wind Important,Electronics,453.43,195,BrandC
18275,Better Rule,Beauty,39.67,577,BrandA
18278,Ago Place,Clothing,220.61,976,BrandB
18279,Sure Test,Books,360.7,565,BrandA
18280,Set Security,Electronics,386.39,268,BrandB
18281,Share In,Books,11.62,69,BrandB
18282,Already Tell,Toys,15.02,59,BrandB
18283,Everything Avoid,Books,265.79,742,BrandC
18284,It Technology,Books,465.26,300,BrandD
18285,Animal Main,Clothing,53.52,229,BrandD
18287,Call Including,Beauty,240.19,773,BrandC
18288,Ago Test,Electronics,96.06,248,BrandC
18289,Interview Writer,Beauty,135.58,47,BrandC
18290,Ask House,Electronics,287.56,280,BrandD
18293,Available On,Electronics,429.02,385,BrandA
18299,Effort Feeling,Books,383.87,663,BrandC
18300,Woman Admit,Books,421.67,453,BrandB
18301,Deep Oil,Toys,90.24,240,BrandD
18305,Huge Decision,Books,461.5,47,BrandD
18306,To Provide,Clothing,194.31,974,BrandB
18309,Specific Push,Electronics,282.02,415,BrandC
18310,Worry Who,Electronics,351.97,577,BrandB
18312,Left Few,Beauty,234.15,755,BrandC
18313,Nature Program,Beauty,183.65,902,BrandB
18317,Live Manager,Electronics,214.24,106,BrandB
18322,Individual Answer,Home,201.86,522,BrandC
18329,Build News,Clothing,459.46,86,BrandC
18331,Third Including,Beauty,292.86,314,BrandD
18332,Chance Seem,Toys,325.08,504,BrandB
18333,Short Environmental,Home,470.7,181,BrandB
18334,Job Stop,Toys,305.22,994,BrandB
18335,Standard Himself,Clothing,82.21,271,BrandA
18336,After Chair,Toys,152.81,141,BrandD
18337,Card Travel,Clothing,331.28,978,BrandA
18344,No One,Electronics,54.85,9,BrandC
18345,Audience Word,Clothing,185.28,387,BrandC
18346,Bring Project,Books,22.05,199,BrandD
18348,Blood Agency,Toys,487.54,477,BrandB
18351,Month Kind,Beauty,490.44,641,BrandC
18352,Add Member,Beauty,337.08,226,BrandD
18353,Operation Bad,Books,204.96,372,BrandB
18356,Already Each,Toys,283.56,168,BrandC
18357,Plant Important,Books,437.47,862,BrandD
18358,Matter Democrat,Home,458.56,541,BrandB
18363,Important Early,Electronics,162.76,841,BrandD
18364,Exactly Morning,Books,107.98,719,BrandA
18366,Meet Shake,Toys,464.61,155,BrandD
18367,Remain Including,Electronics,336.94,982,BrandC
18372,Agreement Describe,Books,497.74,779,BrandD
18373,Again Deep,Clothing,277.84,914,BrandA
18375,Bank East,Beauty,198.77,665,BrandD
18377,Baby Suddenly,Beauty,300.57,247,BrandD
18381,On Put,Beauty,187.81,41,BrandC
18382,Grow Task,Clothing,68.88,747,BrandB
18387,Someone Long,Electronics,48.08,561,BrandD
18389,Include Cover,Electronics,226.56,685,BrandC
18390,Ok Service,Books,491.59,649,BrandD
18392,Wish Defense,Clothing,202.73,767,BrandA
18393,Each Plant,Home,481.67,689,BrandC
18396,Wonder Size,Clothing,193.77,429,BrandD
18397,Project Close,Toys,196.9,848,BrandA
18399,Wide Today,Clothing,279.71,896,BrandC
18400,Camera Career,Books,87.8,683,BrandC
18405,Case Billion,Home,85.15,352,BrandB
18406,Measure Benefit,Home,443.75,211,BrandC
18408,Really Up,Electronics,92.4,700,BrandB
18410,Design Painting,Books,299.52,29,BrandB
18412,Place Couple,Home,487.08,604,BrandD
18413,They Vote,Home,40.39,345,BrandC
18414,Food Science,Clothing,480.02,675,BrandC
18415,Mission Century,Electronics,153.19,954,BrandA
18418,Travel Parent,Toys,309.38,671,BrandB
18421,Region New,Electronics,436.83,589,BrandC
18422,Claim Her,Toys,199.01,594,BrandB
18424,Year Strong,Beauty,101.13,383,BrandC
18430,General Blood,Toys,342.02,841,BrandB
18431,Name Sea,Beauty,411.06,18,BrandC
18435,Life Camera,Beauty,196.38,467,BrandA
18437,Ten Focus,Toys,112.26,936,BrandD
18440,Future Nation,Home,87.05,418,BrandC
18442,High Others,Books,145.01,154,BrandB
18444,Break Put,Electronics,275.78,889,BrandD
18452,Pm Dinner,Electronics,388.48,888,BrandB
18454,Significant Happy,Home,193.01,858,BrandA
18455,Fall Opportunity,Home,492.39,345,BrandD
18458,Wonder Employee,Beauty,81.16,78,BrandD
18460,Receive Front,Beauty,220.91,852,BrandC
18462,Institution Magazine,Electronics,211.76,769,BrandD
18463,Sport Protect,Clothing,294.61,55,BrandC
18466,Offer Indeed,Books,125.64,589,BrandD
18467,Voice Scene,Clothing,317.0,569,BrandA
18475,Something Follow,Toys,223.61,202,BrandD
18478,Dream Answer,Books,149.58,232,BrandC
18479,Guess Seven,Clothing,494.63,287,BrandA
18484,Husband Man,Clothing,122.1,542,BrandC
18485,Agree Develop,Toys,291.73,451,BrandA
18486,Agent Send,Beauty,440.59,181,BrandC
18487,Far Behind,Electronics,424.54,570,BrandA
18495,Idea Them,Electronics,489.2,159,BrandB
18497,Finally Coach,Books,297.84,59,BrandC
18499,Lead Paper,Books,339.19,200,BrandD
18500,Firm Half,Toys,148.88,277,BrandD
18501,While Various,Toys,176.24,301,BrandD
18503,Address Knowledge,Toys,292.82,304,BrandD
18504,Response Rather,Toys,279.56,509,BrandD
18505,Can Without,Electronics,292.0,700,BrandB
18506,Then Determine,Toys,310.39,746,BrandA
18507,View Us,Books,306.25,288,BrandA
18509,Seek First,Clothing,203.63,35,BrandC
18511,Stock Kid,Books,427.3,171,BrandA
18512,Order Even,Electronics,31.59,517,BrandD
18513,Land Piece,Beauty,65.84,1000,BrandA
18522,Church Herself,Beauty,82.43,911,BrandD
18524,Explain Meet,Toys,249.47,634,BrandA
18526,Avoid Film,Home,178.06,800,BrandB
18529,Whole Rest,Books,88.21,630,BrandD
18530,At Our,Clothing,270.37,437,BrandD
18533,Learn Friend,Home,194.95,552,BrandB
18535,Thing Defense,Home,180.37,509,BrandA
18537,Growth Real,Books,7.79,896,BrandC
18538,Product Her,Clothing,428.81,686,BrandB
18540,Price Strategy,Home,53.87,633,BrandC
18541,Vote Break,Electronics,191.53,83,BrandB
18544,Tax Administration,Clothing,193.64,645,BrandA
18549,Source Break,Clothing,356.02,451,BrandC
18551,Service Research,Clothing,36.35,895,BrandB
18552,Pick Local,Books,94.47,751,BrandA
18554,One People,Toys,345.06,565,BrandC
18556,Pm Return,Books,173.95,557,BrandA
18562,Good Goal,Clothing,353.38,186,BrandA
18564,Happy Home,Home,396.62,2,BrandC
18566,Unit Draw,Toys,398.28,513,BrandB
18567,Push Tv,Toys,337.44,998,BrandB
18572,And Policy,Beauty,248.19,677,BrandD
18574,Work Feel,Clothing,90.55,428,BrandC
18581,Across Three,Beauty,64.95,175,BrandC
18582,Sport Last,Electronics,456.33,220,BrandB
18585,View Get,Clothing,193.88,377,BrandB
18587,Morning Ahead,Toys,5.14,665,BrandD
18589,Claim Perform,Home,26.14,973,BrandD
18590,Meet Statement,Books,394.04,411,BrandD
18591,Decision Sort,Home,142.79,34,BrandC
18592,Defense Prove,Clothing,9.58,140,BrandA
18594,Table Perform,Home,315.65,231,BrandA
18597,Choose Health,Electronics,98.2,680,BrandC
18601,Glass Cost,Books,209.46,227,BrandD
18602,Half Role,Home,157.86,791,BrandD
18603,Until Bank,Beauty,485.09,868,BrandD
18604,Until Deal,Toys,282.8,649,BrandC
18606,Suffer Something,Books,374.03,56,BrandB
18607,Use Less,Electronics,383.76,853,BrandB
18609,Age Moment,Clothing,46.38,57,BrandA
18611,State Free,Home,31.75,194,BrandB
18612,Knowledge After,Electronics,89.93,172,BrandA
18613,Practice Law,Toys,13.16,500,BrandA
18614,Discuss Mrs,Books,211.4,756,BrandB
18615,Station Top,Beauty,143.21,101,BrandD
18616,Bed High,Toys,259.34,709,BrandC
18620,Seat Sort,Beauty,77.24,453,BrandD
18623,Reach Imagine,Electronics,486.72,761,BrandD
18624,Several Mission,Home,92.86,62,BrandA
18625,Head Low,Home,66.21,542,BrandA
18628,Area Possible,Beauty,131.89,930,BrandD
18632,Image Return,Toys,202.65,301,BrandB
18633,Imagine I,Toys,172.17,836,BrandB
18634,Eye Send,Books,363.26,378,BrandA
18636,Term Section,Electronics,264.41,763,BrandC
18638,Very Eight,Home,186.62,884,BrandD
18642,Indeed Effect,Beauty,377.04,106,BrandA
18643,Purpose Card,Toys,387.59,517,BrandD
18644,Information Might,Books,389.16,713,BrandD
18647,Some Middle,Toys,27.83,426,BrandD
18650,Move Management,Books,222.89,649,BrandA
18651,Color Cost,Beauty,106.19,291,BrandB
18652,Hot Hit,Books,286.62,955,BrandC
18653,Direction Reflect,Toys,458.39,843,BrandC
18659,Behavior Father,Home,309.84,428,BrandA
18662,See International,Toys,153.98,927,BrandD
18663,Member Cover,Books,157.98,16,BrandC
18666,On Continue,Home,272.97,534,BrandD
18667,How Society,Toys,240.29,928,BrandB
18668,Social Let,Toys,34.55,936,BrandD
18669,Of Partner,Electronics,407.72,565,BrandA
18670,Site Best,Books,183.75,838,BrandB
18671,Over Describe,Electronics,423.91,600,BrandD
18673,Body Upon,Electronics,254.42,922,BrandC
18676,Agreement Question,Home,405.38,80,BrandC
18678,Financial Deal,Clothing,274.98,215,BrandA
18679,Indicate Sure,Electronics,125.28,437,BrandA
18680,Peace Participant,Electronics,32.7,70,BrandA
18682,Purpose Protect,Toys,221.69,339,BrandC
18684,Behind Visit,Clothing,15.33,90,BrandD
18685,Race Town,Toys,210.7,451,BrandA
18686,During East,Beauty,466.65,496,BrandC
18688,Service Black,Home,387.07,636,BrandD
18690,High Population,Books,440.11,128,BrandB
18691,Growth Investment,Home,463.52,186,BrandD
18694,Skin Art,Home,407.08,352,BrandB
18695,Value Grow,Beauty,362.62,809,BrandD
18700,Exist Hour,Toys,471.78,928,BrandA
18701,Attack Hold,Toys,333.9,464,BrandB
18702,Itself Record,Home,243.42,12,BrandD
18704,Response Difficult,Home,484.25,264,BrandA
18706,Success Dream,Books,305.99,695,BrandB
18710,Claim Crime,Beauty,262.55,969,BrandC
18714,Change Five,Electronics,197.0,677,BrandB
18717,Still Shake,Clothing,53.59,356,BrandC
18718,Guy Cost,Toys,347.93,365,BrandD
18720,Director Space,Toys,112.3,883,BrandD
18721,Operation Science,Clothing,463.33,655,BrandB
18722,Finish Field,Beauty,50.96,122,BrandC
18728,Explain Agree,Books,497.9,976,BrandD
18729,Adult Night,Electronics,35.91,957,BrandC
18730,Finally Hospital,Beauty,490.52,675,BrandB
18732,Hard Read,Home,464.15,595,BrandC
18733,Right Available,Toys,303.23,81,BrandA
18735,Everything Who,Clothing,102.3,54,BrandD
18736,Nearly Film,Electronics,271.1,647,BrandC
18737,Popular Admit,Home,37.14,339,BrandC
18738,Drive Short,Home,133.36,405,BrandC
18739,Child Work,Beauty,492.45,998,BrandD
18740,Son Economic,Books,90.09,719,BrandA
18742,Risk Modern,Toys,201.75,964,BrandD
18745,Right During,Books,498.51,263,BrandB
18747,Actually Early,Electronics,474.28,331,BrandC
18748,Hear Ground,Electronics,407.86,472,BrandA
18750,Price Five,Home,166.71,890,BrandD
18752,Free Center,Toys,64.76,739,BrandA
18754,From Practice,Electronics,326.79,298,BrandC
18755,Tax Daughter,Home,434.61,78,BrandC
18757,War Relationship,Toys,370.77,886,BrandC
18758,Sign Old,Home,371.04,692,BrandD
18761,True Still,Electronics,52.84,726,BrandC
18763,Right Continue,Toys,481.58,456,BrandB
18764,I Performance,Books,405.58,115,BrandA
18765,Lay Sing,Clothing,195.95,479,BrandD
18766,Never Nearly,Clothing,407.95,596,BrandC
18767,Identify Or,Clothing,354.11,942,BrandB
18768,Account Than,Clothing,64.41,176,BrandB
18769,Good Trial,Books,141.0,986,BrandA
18770,Task Well,Books,192.48,279,BrandD
18771,Red Society,Toys,198.91,252,BrandD
18773,Range Source,Electronics,54.81,26,BrandC
18776,Treatment Hundred,Home,447.58,888,BrandA
18781,Collection Share,Clothing,380.57,961,BrandB
18782,Stock Product,Books,373.1,370,BrandB
18783,Full Ever,Beauty,356.15,167,BrandD
18784,Ability Drive,Home,273.9,185,BrandC
18786,Fill Hospital,Books,274.63,728,BrandB
18788,Daughter Along,Electronics,452.16,431,BrandB
18790,Born Her,Clothing,495.37,440,BrandA
18791,However Maintain,Clothing,41.04,904,BrandC
18792,Event Charge,Toys,129.23,148,BrandA
18794,Easy Lead,Home,196.43,933,BrandA
18796,While Sign,Toys,456.09,318,BrandB
18797,International Myself,Clothing,375.1,202,BrandA
18802,Try It,Clothing,91.48,212,BrandC
18803,Toward Trade,Books,188.44,756,BrandA
18805,Shoulder Wish,Beauty,254.0,830,BrandD
18812,Window Hit,Beauty,88.37,415,BrandD
18815,Point Country,Clothing,352.35,212,BrandC
18817,Marriage One,Beauty,323.54,977,BrandD
18824,How Management,Home,290.58,347,BrandC
18826,Student Kind,Clothing,252.32,933,BrandD
18828,Support Program,Electronics,221.32,372,BrandC
18829,Event Fund,Home,295.03,956,BrandB
18832,Forget Mother,Toys,459.58,839,BrandA
18833,Remain Process,Toys,138.47,566,BrandD
18835,Room Pm,Clothing,194.14,582,BrandA
18837,Tend Quickly,Electronics,289.03,608,BrandB
18839,Hundred Win,Home,24.39,534,BrandD
18841,Air North,Home,19.85,852,BrandC
18843,Avoid Ask,Clothing,437.9,941,BrandC
18845,Policy Road,Home,453.17,86,BrandA
18850,Together Leave,Electronics,312.11,154,BrandB
18851,Wait Performance,Beauty,263.55,551,BrandC
18853,Hot Trial,Toys,230.82,282,BrandD
18855,Difference Keep,Electronics,170.82,163,BrandA
18856,Physical While,Beauty,287.53,593,BrandA
18857,Analysis Include,Beauty,100.15,638,BrandD
18864,Around Paper,Electronics,117.0,844,BrandD
18865,Strong Perhaps,Beauty,64.87,987,BrandD
18866,Morning Write,Clothing,273.77,256,BrandA
18867,Think Represent,Clothing,332.21,188,BrandA
18868,Teacher Chance,Beauty,223.88,536,BrandB
18870,Consider See,Beauty,38.97,540,BrandB
18871,Change Language,Clothing,280.53,255,BrandA
18873,Back Read,Clothing,87.71,35,BrandD
18875,Hair White,Home,407.38,978,BrandB
18877,Treat According,Home,367.96,968,BrandD
18878,Relationship Close,Electronics,154.31,810,BrandC
18885,Try Sort,Beauty,303.39,13,BrandA
18888,Raise Draw,Home,156.1,615,BrandC
18890,Tax Enjoy,Beauty,246.93,923,BrandC
18894,Want Dog,Toys,274.53,604,BrandB
18895,Simple Again,Clothing,344.44,310,BrandD
18896,Seven Half,Electronics,374.03,703,BrandC
18904,Research Thing,Home,470.52,516,BrandA
18908,Network Stand,Electronics,150.88,450,BrandA
18909,Notice Family,Clothing,171.76,409,BrandB
18910,State Our,Clothing,427.49,489,BrandD
18911,Ok Against,Beauty,87.77,915,BrandC
18913,Boy Model,Beauty,16.82,903,BrandB
18914,Pay Never,Clothing,361.62,517,BrandB
18915,Necessary Off,Home,346.51,919,BrandD
18920,Film Character,Electronics,332.11,729,BrandB
18921,Low Person,Toys,449.83,552,BrandA
18923,Government Special,Beauty,107.37,626,BrandB
18924,Away Watch,Home,108.74,189,BrandD
18925,Affect Possible,Clothing,115.33,136,BrandB
18927,Per Where,Home,271.87,315,BrandA
18929,School Wrong,Home,384.29,244,BrandB
18930,Yes Stage,Electronics,430.2,635,BrandA
18934,Collection Kind,Electronics,183.0,749,BrandA
18935,College Idea,Home,104.15,294,BrandD
18937,Prepare Chair,Books,234.09,327,BrandD
18939,School Rich,Beauty,252.98,82,BrandD
18940,Class Image,Toys,137.25,145,BrandD
18941,Bank Begin,Electronics,190.63,537,BrandB
18943,Hotel Team,Books,359.21,999,BrandB
18945,Tonight Community,Clothing,372.54,114,BrandC
18947,Hot Carry,Toys,75.12,896,BrandB
18950,Activity Six,Clothing,261.1,54,BrandA
18951,Thought Responsibility,Beauty,241.73,977,BrandA
18954,Animal Wide,Clothing,219.08,600,BrandC
18955,Nothing Opportunity,Electronics,376.61,908,BrandA
18957,Surface Someone,Toys,7.37,576,BrandB
18958,Beautiful Memory,Books,125.09,618,BrandC
18962,Attention Cause,Toys,385.46,760,BrandB
18963,Situation Positive,Clothing,388.92,821,BrandA
18964,Professor Prepare,Beauty,172.29,33,BrandC
18965,Conference Whole,Clothing,269.81,956,BrandD
18968,Theory Though,Electronics,421.44,615,BrandA
18970,War National,Clothing,329.54,481,BrandC
18973,As Cause,Clothing,439.53,592,BrandD
18974,Image Theory,Home,32.11,389,BrandA
18977,Wife None,Clothing,284.47,202,BrandB
18980,Oil Treat,Books,148.63,959,BrandA
18982,Sit Though,Home,275.33,55,BrandA
18992,Game Free,Home,433.67,491,BrandD
18994,Service Structure,Electronics,202.43,208,BrandD
18999,Material Often,Toys,295.7,253,BrandB
19001,After Break,Toys,222.67,366,BrandD
19002,College Morning,Clothing,332.56,133,BrandD
19012,As Example,Clothing,195.23,744,BrandC
19013,Onto Worry,Electronics,351.8,848,BrandA
19018,It Support,Toys,314.42,54,BrandA
19019,Decision Them,Clothing,167.82,119,BrandB
19023,Size Adult,Home,233.67,290,BrandC
19024,Movie Kind,Electronics,142.43,250,BrandB
19025,Well Garden,Clothing,403.93,850,BrandB
19029,People Trade,Books,155.15,809,BrandC
19033,Line Number,Books,381.9,220,BrandA
19035,Usually All,Electronics,52.21,963,BrandC
19036,Mean North,Beauty,187.41,560,BrandA
19037,Together Care,Books,352.14,272,BrandB
19040,Ask Machine,Books,14.53,252,BrandC
19042,Know Write,Books,391.93,486,BrandC
19043,Financial Break,Clothing,18.1,252,BrandB
19044,Right Avoid,Home,241.43,598,BrandD
19046,Occur Child,Toys,83.01,216,BrandA
19047,Course Word,Books,245.62,590,BrandA
19049,Thank Bed,Electronics,166.6,744,BrandD
19051,Its Their,Clothing,287.92,360,BrandA
19052,Common Above,Home,84.25,65,BrandC
19056,Share Tree,Toys,160.66,187,BrandA
19061,Your Exactly,Electronics,271.66,111,BrandC
19066,Ten Meeting,Clothing,430.06,446,BrandD
19067,Seem Ten,Beauty,88.8,738,BrandB
19075,Dream As,Electronics,497.5,673,BrandB
19076,History Down,Books,453.5,668,BrandD
19077,Who Cover,Electronics,168.16,390,BrandC
19081,Life Do,Electronics,18.1,77,BrandB
19082,Exactly Scientist,Electronics,471.21,237,BrandC
19083,Just Understand,Books,350.04,468,BrandD
19087,Generation Hotel,Toys,361.36,982,BrandB
19088,Various Eat,Beauty,223.44,686,BrandB
19089,First Continue,Electronics,184.0,943,BrandB
19090,Space Help,Beauty,462.4,689,BrandB
19091,Particularly Book,Home,351.89,701,BrandA
19092,Service Important,Clothing,259.52,487,BrandB
19094,Condition Language,Electronics,357.68,72,BrandB
19095,Alone Care,Clothing,252.17,463,BrandB
19096,Generation If,Books,409.48,636,BrandD
19099,Stock Table,Electronics,451.79,840,BrandA
19101,Site Four,Toys,357.99,267,BrandC
19104,Seat Form,Electronics,98.28,149,BrandB
19107,May Available,Electronics,211.21,322,BrandB
19108,Him Sound,Beauty,483.31,146,BrandD
19109,Cultural Place,Clothing,209.58,259,BrandC
19111,Face Issue,Clothing,10.33,912,BrandA
19112,Allow Some,Books,81.89,167,BrandD
19113,Support Year,Beauty,454.61,510,BrandA
19115,See Operation,Electronics,356.55,413,BrandB
19118,Pass One,Home,58.9,911,BrandC
19123,Market Whether,Home,438.87,149,BrandB
19124,Tough Determine,Home,79.33,868,BrandD
19125,Evidence Theory,Beauty,230.35,171,BrandD
19127,Drive Threat,Beauty,391.93,570,BrandB
19128,Quite These,Electronics,105.78,255,BrandC
19133,Will Section,Toys,385.86,781,BrandD
19136,Where Local,Toys,154.89,961,BrandA
19138,Total Light,Beauty,232.48,605,BrandC
19139,Than Teacher,Books,387.38,378,BrandA
19142,Woman Cost,Clothing,98.74,126,BrandC
19145,Guess Success,Home,87.41,733,BrandA
19146,This Property,Books,24.48,547,BrandC
19150,Develop Next,Books,139.19,613,BrandA
19151,Voice Poor,Books,226.79,706,BrandC
19155,Husband Treatment,Clothing,184.71,714,BrandB
19156,Senior Miss,Home,219.29,966,BrandC
19159,Her East,Clothing,490.2,891,BrandC
19161,Customer Commercial,Clothing,218.33,534,BrandB
19164,Her Week,Books,82.25,840,BrandA
19167,Medical Land,Home,480.21,85,BrandB
19172,Seem Scientist,Books,371.22,575,BrandC
19176,Hour Price,Electronics,40.65,724,BrandB
19177,Relationship Continue,Home,234.78,162,BrandD
19178,Environmental Natural,Electronics,157.27,868,BrandD
19179,Sell Factor,Electronics,16.11,891,BrandC
19182,Forward Real,Books,79.28,884,BrandB
19183,Appear Garden,Beauty,221.31,417,BrandD
19184,Listen Young,Beauty,240.72,128,BrandA
19185,Follow Continue,Electronics,162.79,213,BrandA
19190,Kitchen Notice,Books,439.96,152,BrandC
19191,Smile Human,Clothing,201.59,956,BrandA
19192,Hard Party,Home,252.86,339,BrandD
19195,Small Role,Electronics,403.98,258,BrandB
19196,Radio Resource,Beauty,213.51,996,BrandC
19201,Service Model,Beauty,10.72,257,BrandA
19205,Glass Close,Books,251.42,943,BrandA
19209,Cell Behind,Clothing,285.64,265,BrandD
19212,Season Statement,Electronics,187.67,36,BrandC
19214,Letter Decade,Electronics,158.33,47,BrandC
19215,Measure Family,Toys,379.93,691,BrandB
19216,Company Beautiful,Toys,393.44,203,BrandD
19220,The Rather,Home,469.16,357,BrandC
19221,Bed Staff,Electronics,139.89,341,BrandD
19222,Understand Really,Books,498.8,967,BrandA
19224,Enjoy Mother,Clothing,262.73,469,BrandA
19226,Quickly Those,Beauty,148.2,785,BrandB
19227,Position Environment,Beauty,10.86,16,BrandB
19228,Strong Future,Toys,271.51,52,BrandB
19231,Voice Perform,Beauty,315.06,4,BrandC
19233,Property Floor,Beauty,281.17,928,BrandD
19234,Statement A,Books,220.54,908,BrandD
19235,Account Hard,Toys,222.96,683,BrandC
19237,Environmental Indeed,Beauty,268.62,997,BrandC
19238,Member Other,Beauty,454.84,924,BrandA
19239,Health Hour,Toys,327.2,730,BrandA
19243,Much Tax,Beauty,480.89,532,BrandB
19249,Real Certainly,Home,112.75,839,BrandD
19251,Truth Put,Clothing,123.68,836,BrandB
19253,Hit Popular,Electronics,305.47,468,BrandC
19255,Reduce Particularly,Books,230.11,317,BrandD
19256,Local Professor,Beauty,221.91,826,BrandA
19259,Beat Back,Clothing,297.52,775,BrandB
19266,Data Quality,Electronics,226.85,317,BrandD
19268,Raise Finish,Home,422.29,901,BrandD
19273,Various Growth,Electronics,298.09,69,BrandC
19274,Management Again,Home,358.31,321,BrandB
19275,Under Break,Clothing,244.18,902,BrandC
19279,Soon Board,Books,56.15,117,BrandC
19280,Arm Hospital,Books,236.91,254,BrandA
19281,Kitchen Face,Beauty,445.04,442,BrandC
19288,Newspaper Little,Electronics,315.09,515,BrandA
19296,Fund While,Home,436.29,541,BrandB
19300,Television Common,Clothing,230.92,305,BrandC
19301,Clear Involve,Home,412.83,286,BrandC
19302,Wind Then,Toys,53.7,835,BrandB
19303,Of Feel,Home,495.6,1000,BrandA
19307,Maybe Adult,Home,474.32,953,BrandD
19309,Couple Would,Clothing,370.08,664,BrandD
19310,Although Kind,Books,122.43,963,BrandC
19316,Artist Hear,Toys,277.07,654,BrandC
19317,Also Reduce,Books,62.39,579,BrandD
19318,Card Raise,Clothing,170.56,527,BrandD
19319,Cold Large,Toys,199.25,301,BrandB
19321,Some Treatment,Toys,15.44,659,BrandD
19323,Nearly Investment,Clothing,135.68,916,BrandB
19326,Until Room,Electronics,203.24,387,BrandA
19327,Official Difference,Toys,428.6,461,BrandA
19329,Able Cell,Electronics,422.83,15,BrandB
19334,Foreign Skin,Electronics,164.37,337,BrandD
19335,Hope Clear,Books,156.72,34,BrandB
19340,Kid We,Toys,272.84,53,BrandD
19343,Expert Soldier,Books,273.89,809,BrandA
19345,The Late,Beauty,432.07,233,BrandA
19346,Sister Interesting,Toys,10.88,980,BrandA
19351,Add Character,Beauty,436.82,610,BrandB
19355,Not Field,Home,129.17,841,BrandC
19357,Black Century,Clothing,337.56,718,BrandB
19360,Yard Long,Books,346.64,81,BrandD
19361,Believe Order,Beauty,395.78,673,BrandB
19363,Girl Throughout,Books,474.1,993,BrandD
19365,Challenge Turn,Beauty,126.15,261,BrandC
19370,Quality Throughout,Clothing,464.59,301,BrandB
19371,Artist Who,Electronics,345.08,73,BrandA
19372,Break Two,Books,232.2,153,BrandA
19376,Understand Capital,Home,188.94,398,BrandC
19377,Few Plant,Toys,129.36,641,BrandD
19383,Behind Pm,Beauty,273.17,160,BrandA
19384,Catch Hundred,Beauty,110.66,854,BrandD
19385,Buy Game,Home,225.64,247,BrandD
19389,Measure Property,Electronics,361.18,709,BrandD
19392,When Begin,Beauty,273.81,290,BrandA
19398,Help Dark,Electronics,298.45,336,BrandB
19400,Matter Debate,Home,166.33,511,BrandC
19403,Official Own,Beauty,336.82,867,BrandD
19408,Myself Big,Home,34.89,94,BrandB
19409,Peace Mean,Home,276.77,616,BrandA
19410,Population Probably,Clothing,299.03,723,BrandD
19411,Station Analysis,Beauty,140.22,327,BrandB
19415,Hand Human,Electronics,122.46,5,BrandD
19416,Without Language,Electronics,465.66,635,BrandC
19419,Toward Feel,Electronics,420.61,596,BrandC
19421,Ahead Agency,Toys,324.31,75,BrandA
19422,Road Product,Home,418.9,636,BrandC
19423,Room Maintain,Beauty,416.14,587,BrandC
19424,Career Not,Books,144.42,772,BrandB
19426,Ball Floor,Clothing,78.55,962,BrandC
19429,Player Commercial,Clothing,37.91,263,BrandA
19430,Wonder Condition,Toys,428.23,56,BrandA
19433,Response Dog,Home,184.17,348,BrandC
19437,Create Factor,Beauty,475.99,555,BrandD
19445,Camera Laugh,Beauty,191.68,306,BrandB
19449,Seem Physical,Home,433.34,325,BrandD
19450,Same Give,Electronics,39.27,532,BrandD
19451,Mother Agent,Electronics,136.14,290,BrandD
19452,Forget Player,Electronics,72.05,756,BrandB
19454,Black Son,Clothing,410.84,310,BrandD
19457,Energy Approach,Home,456.14,437,BrandD
19458,City Would,Clothing,280.83,315,BrandD
19459,When Lead,Home,462.79,206,BrandA
19460,Miss Test,Toys,378.95,857,BrandB
19463,Soldier Friend,Toys,295.79,227,BrandD
19468,Role Within,Electronics,269.73,538,BrandA
19472,Beat Side,Home,156.16,885,BrandC
19473,Walk Point,Beauty,31.76,199,BrandB
19474,Suggest Inside,Electronics,348.1,855,BrandB
19475,Hear Task,Electronics,421.42,123,BrandD
19476,Fear Cost,Beauty,259.35,389,BrandA
19477,Southern Player,Books,98.47,602,BrandC
19478,Each Positive,Electronics,23.83,275,BrandA
19479,Usually Cell,Home,97.47,830,BrandC
19482,Fill You,Electronics,117.99,959,BrandA
19484,Half Right,Home,376.88,524,BrandB
19486,Leader Happy,Home,479.58,757,BrandA
19488,Environment Eat,Beauty,186.92,281,BrandA
19490,Model Poor,Beauty,429.98,108,BrandD
19492,Majority Nature,Beauty,466.35,49,BrandA
19494,Cell Deal,Beauty,209.44,732,BrandC
19497,Provide Over,Electronics,457.89,254,BrandC
19498,Speak Herself,Electronics,499.89,344,BrandD
19502,Weight Doctor,Books,485.51,614,BrandD
19504,Feel Guy,Electronics,136.85,971,BrandA
19506,Heavy Simply,Electronics,414.23,452,BrandB
19507,Field Total,Home,389.27,476,BrandC
19509,Person Energy,Books,40.75,672,BrandB
19510,Way Live,Electronics,471.18,201,BrandB
19512,Business Hospital,Home,342.19,474,BrandC
19515,Back Necessary,Toys,317.44,620,BrandB
19517,Game Direction,Home,84.86,626,BrandC
19521,Entire Reveal,Electronics,460.19,823,BrandB
19522,Young Walk,Electronics,482.12,847,BrandB
19523,Yet Always,Beauty,145.56,776,BrandA
19527,Example Accept,Clothing,59.79,813,BrandA
19529,Bit Development,Home,119.95,815,BrandB
19530,On Debate,Toys,206.68,716,BrandB
19531,Event Music,Toys,197.68,611,BrandA
19532,Open Ground,Toys,439.13,518,BrandC
19533,Lead Will,Books,191.08,180,BrandC
19540,Natural Must,Home,388.35,706,BrandA
19542,Left Information,Clothing,359.32,511,BrandD
19543,Various Rise,Toys,407.68,475,BrandC
19544,Girl Myself,Beauty,203.16,64,BrandB
19545,Among Stuff,Electronics,239.25,228,BrandD
19549,Now Get,Toys,330.57,728,BrandC
19551,Woman Might,Home,260.56,742,BrandD
19552,My Member,Books,12.48,25,BrandA
19555,There Also,Home,244.6,560,BrandD
19556,Fly Car,Toys,284.02,210,BrandC
19558,Section May,Books,409.13,13,BrandD
19559,Address Test,Toys,120.68,114,BrandD
19561,Only Wind,Books,149.41,5,BrandA
19562,Listen Simply,Electronics,51.03,812,BrandB
19564,Former Left,Books,15.15,486,BrandB
19565,Student Instead,Home,210.52,199,BrandC
19569,Sound Somebody,Home,336.82,686,BrandC
19570,See Well,Toys,17.62,378,BrandA
19571,All Wonder,Toys,388.35,491,BrandB
19574,Individual Easy,Toys,18.85,116,BrandD
19577,Security Pretty,Beauty,131.32,769,BrandA
19579,Situation Against,Toys,465.06,853,BrandC
19582,Staff Sister,Electronics,51.4,1,BrandA
19583,Political Visit,Books,83.28,403,BrandB
19585,Brother Hundred,Clothing,187.27,968,BrandA
19586,Hit Card,Beauty,211.44,493,BrandB
19588,Time Less,Books,292.94,73,BrandC
19589,War Paper,Electronics,463.32,146,BrandA
19590,Significant Me,Electronics,189.14,550,BrandD
19592,Peace Those,Electronics,88.67,638,BrandC
19597,Box Wife,Beauty,148.08,727,BrandD
19598,Nothing Model,Toys,53.1,94,BrandA
19599,Computer Phone,Books,365.09,987,BrandB
19600,Daughter Commercial,Clothing,174.52,268,BrandA
19603,Fall For,Electronics,131.56,66,BrandD
19606,Candidate Meeting,Home,487.56,225,BrandD
19608,Human Study,Clothing,329.27,566,BrandB
19612,Wife Good,Home,492.11,310,BrandC
19613,Me Value,Home,40.75,4,BrandC
19614,At Second,Home,312.76,305,BrandC
19617,Hour Face,Electronics,339.39,79,BrandC
19620,Himself Century,Clothing,461.49,858,BrandA
19623,Bill I,Clothing,121.1,500,BrandB
19625,Third Safe,Electronics,337.15,996,BrandB
19626,Cover Crime,Electronics,357.33,334,BrandB
19627,We Near,Beauty,141.15,152,BrandD
19629,Church Everything,Electronics,330.06,521,BrandD
19631,Discuss Reality,Electronics,397.35,778,BrandA
19632,Play Woman,Electronics,234.22,736,BrandA
19633,Every Family,Electronics,431.03,377,BrandC
19637,Blood Method,Toys,246.96,143,BrandA
19638,Almost Himself,Toys,126.02,916,BrandC
19639,Simply Help,Electronics,62.69,465,BrandA
19640,Interview Toward,Beauty,307.2,469,BrandD
19643,See Miss,Home,439.1,924,BrandD
19644,Film Worry,Beauty,141.44,301,BrandD
19645,Education Young,Toys,109.9,911,BrandB
19646,Meeting Clearly,Books,392.55,75,BrandB
19649,Choose All,Home,33.78,354,BrandC
19651,He Data,Home,417.7,140,BrandA
19654,Company Side,Clothing,428.52,475,BrandA
19655,System Appear,Electronics,66.72,666,BrandC
19657,Hospital Husband,Clothing,311.49,866,BrandD
19658,Black He,Electronics,326.49,623,BrandA
19659,Thing Nice,Clothing,479.12,181,BrandD
19661,Almost Least,Clothing,436.61,986,BrandB
19662,Certain Drug,Home,415.43,182,BrandA
19663,A Perhaps,Electronics,489.22,380,BrandD
19664,Event Rise,Electronics,361.69,41,BrandA
19665,Often Who,Books,366.61,152,BrandA
19666,Finish Born,Books,358.28,550,BrandB
19667,Simply Than,Electronics,336.51,712,BrandB
19671,Test Try,Books,461.51,893,BrandB
19672,Mouth Media,Beauty,380.63,417,BrandD
19673,Society Choice,Clothing,243.72,534,BrandB
19675,If Field,Books,430.06,340,BrandC
19677,Attorney Yourself,Beauty,320.74,376,BrandC
19678,Trouble Section,Electronics,9.9,508,BrandA
19679,Pay Enjoy,Toys,175.49,534,BrandB
19686,Need Cost,Beauty,382.18,583,BrandB
19697,Body Service,Beauty,366.12,428,BrandA
19701,Leader Age,Home,29.57,184,BrandD
19702,Actually Wish,Toys,214.62,572,BrandA
19703,Final Somebody,Books,490.16,501,BrandC
19704,Station As,Clothing,301.42,319,BrandB
19706,Democratic Key,Toys,230.07,699,BrandC
19707,Still After,Books,85.86,736,BrandB
19709,Reflect Expect,Beauty,26.08,252,BrandC
19710,Because Market,Electronics,285.28,620,BrandB
19712,May Believe,Electronics,463.87,242,BrandA
19713,Dinner Government,Beauty,88.88,593,BrandD
19714,Contain West,Beauty,215.82,977,BrandD
19716,Officer Including,Clothing,302.26,430,BrandA
19719,Example Attention,Home,270.74,321,BrandA
19720,Stop Computer,Beauty,32.21,332,BrandC
19721,Create Think,Electronics,140.86,592,BrandB
19723,Enjoy Manage,Beauty,293.66,390,BrandB
19724,Fine Cell,Toys,118.74,879,BrandA
19726,Message Car,Electronics,381.53,73,BrandC
19728,Past Bank,Home,8.45,8,BrandA
19729,Cold Hair,Clothing,475.92,796,BrandD
19730,Prepare Class,Electronics,21.05,854,BrandA
19733,Small Soldier,Beauty,338.15,91,BrandD
19736,Politics Decide,Clothing,397.55,670,BrandA
19738,Care Suggest,Beauty,209.37,362,BrandA
19739,Wonder Treat,Home,480.1,924,BrandB
19740,Along Firm,Toys,195.21,789,BrandA
19743,Thing Any,Beauty,397.59,341,BrandB
19745,Somebody Wonder,Home,111.62,111,BrandB
19748,My Sometimes,Books,366.53,660,BrandD
19749,Dog A,Electronics,188.84,140,BrandC
19752,Can Offer,Clothing,90.65,714,BrandC
19754,Power Could,Books,20.54,775,BrandB
19755,Husband Word,Toys,404.78,501,BrandD
19757,Surface Change,Books,400.59,701,BrandA
19759,What Effort,Toys,284.02,135,BrandC
19762,Education Office,Books,88.29,33,BrandA
19763,Degree Attorney,Clothing,27.91,972,BrandC
19764,Note Blue,Books,174.27,970,BrandB
19765,Whom Drug,Clothing,244.67,195,BrandC
19766,Responsibility Often,Books,237.67,483,BrandD
19770,Eat Win,Electronics,291.94,997,BrandD
19774,Name Instead,Home,99.47,227,BrandA
19775,Course Serve,Beauty,11.83,590,BrandB
19777,Hold Serious,Beauty,153.85,564,BrandC
19779,Smile News,Home,207.14,105,BrandD
19780,Large Officer,Beauty,169.39,898,BrandD
19782,Him Represent,Books,98.69,253,BrandD
19783,Since Ahead,Electronics,307.53,782,BrandC
19787,Attention Woman,Electronics,286.37,910,BrandC
19788,Training Majority,Electronics,55.2,44,BrandC
19792,Cost Specific,Home,401.01,381,BrandB
19793,Heart Deal,Electronics,46.93,400,BrandC
19794,Throw Week,Electronics,398.85,557,BrandC
19795,Lose Him,Toys,311.83,386,BrandB
19796,Fire Pay,Home,446.08,695,BrandD
19797,Unit Then,Home,194.86,374,BrandD
19798,Top No,Clothing,106.19,837,BrandD
19799,Think President,Beauty,329.09,850,BrandC
19800,Tree Sign,Books,305.69,416,BrandA
19801,Never There,Toys,365.67,389,BrandD
19802,Coach Feel,Toys,22.94,12,BrandC
19803,Interesting Huge,Books,7.55,378,BrandA
19804,Analysis Understand,Beauty,293.67,980,BrandB
19805,Keep Movie,Home,296.18,293,BrandB
19806,Cell Indicate,Clothing,242.06,86,BrandA
19808,Seven Stop,Beauty,496.61,527,BrandD
19810,Everyone International,Electronics,338.73,373,BrandC
19811,War Key,Beauty,436.02,714,BrandD
19818,Explain Price,Beauty,260.73,348,BrandD
19819,Take Against,Clothing,148.34,340,BrandC
19820,Practice Reason,Clothing,384.4,158,BrandA
19824,Agency Same,Beauty,469.29,998,BrandC
19825,Dog Treat,Toys,199.87,122,BrandC
19826,Film Degree,Beauty,303.65,33,BrandD
19827,Store Loss,Clothing,356.3,88,BrandA
19830,Catch Too,Electronics,65.09,777,BrandC
19832,Sound Perhaps,Electronics,64.1,164,BrandB
19833,Three Time,Toys,403.28,410,BrandC
19835,Billion Customer,Beauty,323.12,252,BrandA
19836,Later Spend,Clothing,66.46,482,BrandC
19839,Determine Foot,Beauty,175.07,679,BrandA
19840,Fish Environmental,Home,142.2,989,BrandB
19841,Knowledge Sport,Clothing,217.32,932,BrandB
19843,Wall Total,Home,442.23,577,BrandC
19846,Same Million,Toys,313.68,542,BrandB
19848,With Item,Books,445.78,46,BrandC
19849,Us Most,Beauty,269.42,806,BrandB
19853,Inside Difficult,Clothing,219.06,990,BrandB
19854,Both Know,Beauty,46.98,132,BrandB
19857,Fall Whose,Books,295.58,314,BrandA
19858,Little Individual,Electronics,19.22,390,BrandA
19860,Travel Tough,Home,385.33,803,BrandB
19862,Peace Risk,Books,238.61,281,BrandA
19863,Out Lot,Beauty,319.11,593,BrandD
19865,A Whether,Toys,99.77,949,BrandA
19866,Better Manage,Clothing,457.42,473,BrandB
19868,Send Pull,Beauty,310.56,262,BrandD
19869,Join No,Home,171.51,636,BrandC
19871,Conference Ball,Electronics,441.59,531,BrandC
19872,Wait Garden,Clothing,235.07,655,BrandA
19873,Second Still,Books,89.31,895,BrandD
19875,Before Condition,Electronics,410.66,194,BrandB
19876,Throw Model,Books,241.55,709,BrandC
19877,Card Feeling,Clothing,301.33,120,BrandC
19878,Benefit Plant,Electronics,368.29,461,BrandB
19879,National Anything,Home,59.76,925,BrandA
19880,Professor Consider,Books,22.77,339,BrandC
19881,State Future,Home,133.94,359,BrandC
19882,Measure Skill,Books,347.62,959,BrandA
19883,Join Her,Electronics,149.84,473,BrandB
19884,Choice Measure,Clothing,215.59,931,BrandB
19885,True Red,Home,249.87,305,BrandC
19886,Spring Himself,Beauty,380.61,693,BrandB
19888,Near Catch,Books,463.34,465,BrandA
19889,Course Attorney,Toys,184.92,216,BrandB
19893,Player Film,Home,144.77,256,BrandB
19894,Center Congress,Books,163.8,418,BrandC
19896,Really Wait,Toys,190.64,375,BrandA
19898,Beat Discussion,Books,46.22,866,BrandD
19899,Win Finish,Beauty,293.88,833,BrandC
19904,Seven Case,Home,189.19,48,BrandB
19905,Possible Threat,Clothing,495.98,719,BrandB
19908,Work Between,Books,59.16,379,BrandD
19909,Wall Adult,Toys,494.74,231,BrandC
19913,Measure Look,Clothing,92.52,199,BrandB
19916,Most Rate,Electronics,101.2,72,BrandD
19917,Partner Life,Clothing,82.23,770,BrandB
19918,Strategy Police,Beauty,325.63,794,BrandC
19922,Bar Service,Beauty,323.5,816,BrandC
19924,Shake If,Clothing,440.86,461,BrandD
19926,Whole Force,Books,177.65,378,BrandA
19930,Second Audience,Beauty,306.45,131,BrandC
19931,Partner Adult,Toys,263.21,567,BrandC
19932,Light Challenge,Electronics,483.31,601,BrandD
19935,Style Center,Books,264.16,344,BrandD
19937,Dream Care,Books,151.68,53,BrandD
19942,Man National,Electronics,232.89,236,BrandA
19943,Baby Defense,Clothing,229.62,897,BrandB
19944,Standard Coach,Beauty,77.05,85,BrandA
19947,Population Find,Electronics,450.54,875,BrandA
19950,Water Provide,Clothing,477.51,721,BrandC
19951,Board Boy,Clothing,172.42,295,BrandB
19955,Ahead Design,Toys,155.09,441,BrandD
19956,Book Charge,Home,68.0,622,BrandC
19958,Subject Couple,Books,143.29,847,BrandC
19959,Cost Reduce,Electronics,352.55,454,BrandD
19961,Wear Behind,Clothing,11.28,640,BrandD
19963,Else Growth,Toys,332.49,580,BrandB
19968,Leave Coach,Toys,256.89,222,BrandD
19969,Lay Success,Home,352.83,247,BrandA
19971,Social Them,Toys,215.14,402,BrandC
19976,Once Half,Clothing,249.89,897,BrandB
19977,Prevent Whatever,Books,343.29,191,BrandB
19978,Practice Law,Beauty,83.64,987,BrandB
19979,Easy Individual,Books,449.51,791,BrandC
19980,Daughter Class,Toys,176.1,894,BrandC
19985,Thought Forget,Books,322.79,116,BrandC
19986,Current Kind,Toys,197.51,218,BrandD
19989,Clear Evidence,Clothing,254.26,345,BrandB
19990,Someone Inside,Home,94.69,25,BrandB
19991,Military Suddenly,Electronics,147.65,488,BrandD
19992,Dream Into,Toys,158.08,862,BrandC
19995,We Me,Books,185.16,816,BrandD
19996,Similar Pull,Toys,441.76,955,BrandC
19998,Thing Apply,Beauty,361.73,335,BrandB
19999,Early Stock,Electronics,157.9,570,BrandD
20000,Pm Mother,Home,345.21,982,BrandB
