order_item_id,order_id,product_id,quantity,unit_price
402,1136012,2889,2,188.56
1040,7547162,12510,4,172.57
2157,2802555,18954,2,219.08
3661,7512182,12865,2,40.03
3724,3523945,11633,4,364.51
4005,4515347,1642,3,234.19
8352,7325462,17611,1,178.1
9785,2902247,6307,2,260.91
10148,420276,17425,3,330.52
13439,3347612,9305,4,227.93
14494,6755949,1066,4,222.6
17266,3021393,8554,2,18.58
19029,7464967,8675,3,65.98
19424,3528332,8261,3,43.36
23989,3030480,7109,5,389.33
25718,3690844,5164,4,60.9
26257,1976657,17005,4,95.83
28200,5062560,13719,4,211.39
30121,6239296,2411,3,485.47
31229,3730658,9867,1,73.46
31573,5547073,19309,4,370.08
32493,409486,15978,4,330.82
32998,1540065,9846,3,111.24
35234,2953682,6268,3,182.97
36279,7837416,2813,4,288.96
38058,7185051,11441,1,312.15
38854,3099802,6666,3,404.96
41151,960303,8563,3,196.61
41230,568896,1342,1,317.37
42506,1832217,17175,4,29.02
42910,5372162,11820,1,243.57
45929,295308,17934,1,355.87
49479,6066960,11792,4,297.75
51624,3036485,19559,3,120.68
54371,3209849,8167,5,249.29
58999,4753527,16050,3,342.53
59786,1413904,8304,4,384.86
62277,2315167,15754,3,391.65
63663,7752201,11696,3,169.51
63808,3186840,439,1,94.33
64513,990650,2595,1,68.01
66501,7774149,17327,1,466.34
66764,2777106,10146,3,395.08
68981,7172949,5853,3,486.35
70615,10001,6129,1,309.52
71411,5976624,12892,2,461.35
71627,3260948,8955,5,386.76
72632,4411786,12103,3,395.26
76433,6208242,17212,4,223.21
77423,6679731,2885,2,301.63
77478,682388,6297,5,477.92
79121,5072725,4583,4,337.8
79151,2615591,19512,2,342.19
79410,2386925,4062,2,50.15
79571,4013950,19913,2,92.52
79696,7699507,18686,4,466.65
80866,1325799,15876,3,96.3
80944,489128,16274,1,306.16
81205,2627034,7070,5,80.5
81700,3620489,15812,2,288.3
83212,3146186,16531,4,313.07
83494,7226274,18945,5,372.54
85688,5772871,7230,2,390.53
85915,2742551,490,5,327.59
89189,2304288,5120,1,342.98
90237,6434994,7072,2,411.07
90395,1198813,1967,5,202.04
90775,295308,12504,3,231.65
90847,1278319,1754,4,13.25
94349,2648489,18092,2,209.69
97136,2304288,335,3,97.58
102481,3634658,6414,2,160.69
104048,3152089,16106,1,80.81
104708,2614644,11447,2,297.59
104809,2249213,10444,4,210.97
105349,5542728,15941,2,12.28
105879,631372,3177,5,361.21
108174,3547076,12218,3,308.46
109657,2253498,15533,4,159.14
109886,4146566,12871,5,63.31
110008,6019208,6677,2,236.18
111857,2704846,19944,2,77.05
113272,6377939,4080,4,399.57
114432,3114411,16478,4,338.5
114647,3842551,3384,5,178.44
114706,3857721,12469,3,165.22
116256,7903042,1004,5,307.18
117241,5033915,8869,3,385.99
118784,7821223,11304,2,150.95
118863,7241823,2953,4,409.12
119289,3395061,4805,4,451.44
119322,6052817,15264,1,32.23
121954,1480016,12515,3,298.62
129236,6477875,12019,5,342.77
129425,6194526,19415,5,122.46
129973,6791260,8869,4,385.99
130826,6459805,19980,4,176.1
132013,1394877,17830,1,338.28
135369,69848,140,2,92.45
137312,11844,5258,1,13.49
139736,6723239,3111,3,477.75
140657,4587213,17056,2,188.26
141769,4838956,1924,5,422.4
142075,492583,19800,5,305.69
142659,439622,2525,5,280.75
144135,6306155,15012,2,39.84
144362,3301000,19111,4,10.33
144648,2372264,19409,3,276.77
145632,7866869,5667,5,216.37
147585,1063444,3215,2,260.22
148277,5346371,16055,5,428.7
148289,7818896,1671,5,481.46
151565,5552343,10460,5,143.86
152186,587886,944,1,32.63
152333,7210952,14036,5,477.85
152388,6182433,3183,4,363.41
153811,4592495,2896,5,234.6
155184,1705016,6349,5,34.79
156500,369206,13862,4,104.62
157807,4193444,19411,3,140.22
163195,7956953,4597,2,205.63
163672,2608686,10476,4,400.68
164366,2370782,12546,1,75.78
164782,4880892,18625,2,66.21
166198,3197305,8625,1,48.93
168343,3820578,5960,1,16.42
168712,7581661,643,4,115.39
170564,7632458,14908,5,205.7
174065,6141631,5339,3,145.42
175216,2240669,17337,3,481.07
176453,7097143,6772,1,276.25
177674,157551,3792,2,306.55
180252,4787742,13430,3,374.7
183369,7621207,8837,3,499.58
183958,7983102,18254,3,446.54
184676,6682544,18269,2,381.07
189150,2398088,13402,4,91.05
189290,7848236,11109,5,180.71
191708,4699205,19889,4,184.92
193412,4138142,3756,1,46.34
197630,7671167,3700,1,470.69
198567,1485566,1864,2,394.78
199531,1733702,1407,4,391.7
202838,5903290,18868,1,223.88
202900,5859414,11812,5,65.57
204275,6094719,9847,2,328.48
210647,3827481,17657,2,119.13
211808,1589934,8672,1,343.18
211877,7143400,7238,2,72.42
211938,6145531,8984,2,431.79
214000,7692924,710,2,379.84
215741,5032233,13233,3,225.46
216577,6116264,1841,4,486.86
217004,7254365,918,1,397.76
217416,5636399,9060,1,95.36
218119,4413941,12516,5,333.42
219976,2923922,4901,1,241.3
222241,2352375,12293,3,108.97
226363,6451876,16014,1,429.32
229486,5505593,5891,4,84.54
230857,6819198,15782,5,449.3
233450,2800683,8030,2,113.85
234835,5668183,382,1,63.21
236507,4405963,9251,3,63.98
236581,2443275,7036,3,182.14
239499,6109542,18965,2,269.81
239578,6656804,11775,5,366.38
240462,6888725,14764,5,110.37
244174,7853576,19958,3,143.29
247293,3301000,11003,4,479.02
247500,6241525,9121,2,456.27
249374,3748995,16886,1,415.01
249590,7385688,16613,2,397.93
250375,4077067,644,1,59.38
250438,5641091,13785,3,188.55
251689,7332055,7126,1,250.3
254965,3139416,9803,3,366.83
258235,1702692,1919,2,489.36
258482,7039602,9966,2,177.18
258705,6636366,14580,3,427.66
259212,4016069,8794,4,159.3
259916,5188760,8686,1,298.2
260087,4165250,9964,1,169.36
262592,530325,11501,4,270.6
265595,2469758,17285,4,470.7
267038,2444275,11854,2,439.58
267803,2631895,9430,3,485.33
269618,7431004,17218,5,365.18
269784,157551,769,5,357.11
271189,5617042,19179,2,16.11
274577,1176969,3031,3,195.71
276024,5610286,18264,1,415.61
278432,2910226,8583,3,301.23
278518,6862095,316,4,293.07
278736,3595619,17677,1,232.91
280019,6597812,14052,3,91.89
282967,3699783,8903,2,77.91
285058,4365305,17579,2,237.6
286746,4740110,2171,5,175.25
289735,265502,3923,3,245.81
293781,1325911,15094,4,201.53
294840,5268390,1847,3,21.93
294887,5764033,3366,3,463.08
295909,4378563,4804,3,63.23
296600,1850632,2314,2,319.23
298163,1885834,19268,1,422.29
302765,7997439,4013,2,6.8
306538,2263565,15574,4,169.45
311713,1507182,12539,3,498.68
313908,1228182,16375,3,45.6
314977,4671258,1025,1,295.66
315142,1864657,19212,4,187.67
315611,2476431,15607,1,347.15
316185,3523945,3122,5,445.32
318929,5220192,12857,3,238.86
319268,5668469,15800,5,468.62
320921,4536379,5765,5,162.44
323592,1152653,14357,5,240.12
323633,1656707,4892,1,442.67
325147,4916436,10064,5,475.51
328454,1143938,11039,2,147.39
328652,4373970,6409,5,59.09
329958,614152,4473,1,253.02
332404,1405352,2909,3,288.87
334406,879157,10825,1,97.29
336577,1696537,5284,2,244.79
337923,4797109,19047,2,245.62
339584,2732640,427,3,192.46
340026,7614717,17662,3,38.46
341438,5725041,18312,1,234.15
342520,4895280,18717,4,53.59
342870,2814946,5939,1,206.93
343859,7524060,4048,5,319.02
344907,2503178,16999,3,288.8
347031,7292653,12684,3,83.97
347164,2191474,5020,3,32.82
348499,4765802,10388,1,174.16
348601,2749124,18019,1,62.35
351089,6549910,5825,1,442.23
351396,7087262,3524,5,319.43
352513,2332884,4690,1,164.35
359315,2631895,9615,2,434.25
359673,1851619,8752,4,291.33
361543,778804,2239,5,485.31
369237,5703884,19319,1,199.25
370684,235223,9206,5,293.48
372116,1071881,6997,5,294.56
372536,7148119,11742,5,169.6
375225,4143911,4262,4,204.35
377685,7440185,13944,5,154.84
378535,3102092,19686,5,382.18
379874,2160192,13908,2,173.82
380456,1105491,2903,1,290.83
384302,6690626,2656,3,328.52
387101,3479077,11140,1,182.49
390087,349824,10507,4,358.6
391152,4796924,12631,1,442.87
396570,6466348,17274,1,61.67
397424,7778991,14930,3,450.09
400840,471087,4019,5,263.58
401780,6354585,14319,5,421.92
404632,7953413,14721,2,14.29
405670,1736571,11866,5,57.39
406616,2449918,384,1,18.22
406672,2170701,13472,1,482.27
409503,3287675,18223,1,57.69
410158,129977,8647,3,495.67
410965,7503135,18130,1,11.2
411310,1043860,19853,2,219.06
411751,3548440,4197,5,380.66
413309,4495359,3285,1,355.38
414537,7424247,3968,1,379.87
419615,3314896,19574,3,18.85
419846,6868417,7877,3,291.12
420924,7888758,4972,2,303.11
421555,2763709,6187,3,372.64
422770,3073797,7557,1,160.83
422800,7260625,4547,2,227.12
433150,6896488,7872,1,254.47
434272,1436087,15315,4,26.08
435450,3399739,3640,4,219.4
435670,5775442,18299,5,383.87
436426,7394103,10429,2,35.12
436995,5006433,16779,5,340.98
438089,6761354,5743,3,479.03
439449,7108452,16590,3,145.17
442144,678653,16989,3,225.76
450795,7824617,5830,5,193.43
451286,4916908,35,1,320.73
453905,2478876,6175,1,490.88
455261,4935400,18513,1,65.84
457274,7851203,562,1,443.63
458195,5811118,13690,5,114.33
460064,5180266,6987,4,326.51
460217,4916436,2058,1,64.37
467658,5726510,1934,3,45.5
468705,4008057,5934,3,463.24
472537,2041422,15099,4,428.69
472696,1933052,949,2,10.04
473032,568165,15756,3,16.45
480213,2637526,13911,5,234.28
480260,6495155,14687,3,76.01
481637,591791,5547,1,119.69
483451,5529030,12803,1,445.12
483763,4616452,9115,1,134.16
484674,2444275,7213,3,425.81
485563,6571019,9096,4,233.54
486535,5814864,10639,2,340.17
488401,3384955,645,3,470.83
489370,4043711,2964,3,138.31
489480,2485903,8081,1,157.61
491786,5341552,15016,5,18.02
492113,4747254,2687,2,113.94
494072,5205345,19326,3,203.24
495955,2923922,8460,4,270.75
497677,428405,3729,4,206.19
498555,6239982,10214,2,260.39
501148,7145558,18955,5,376.61
501372,352953,17258,3,63.66
502931,3856180,16214,1,112.7
504163,4261,17214,4,450.03
505424,322220,2639,4,82.49
507744,4139424,7797,1,358.97
507772,7229888,6034,2,102.65
509702,3257061,8595,1,348.53
509774,618408,17858,1,345.34
510276,3189465,4842,2,369.5
510646,5768836,2512,5,195.62
511242,5050750,652,2,27.53
512925,2147570,15736,3,49.55
513627,6503775,14781,1,244.06
514455,7841065,15953,3,495.41
515502,2665574,18414,3,480.02
517723,3099731,71,1,34.35
518245,2527653,3603,1,100.86
521924,6617466,19879,5,59.76
524619,1413904,16601,2,121.98
525288,4704297,1938,2,485.16
527675,3247180,15488,1,445.16
528124,6972660,7662,1,387.92
528196,4919028,7500,4,208.84
528774,4462382,9934,1,254.39
530766,2660877,13260,5,426.17
539144,5937788,12496,5,8.01
540602,4718820,7792,3,45.32
541233,5979270,10544,1,491.7
544920,5402291,11645,4,122.21
545196,6733971,18244,1,288.71
546057,4183467,16002,4,488.91
546155,4146827,13596,1,194.18
547523,5636804,329,1,134.06
552748,3159175,19743,2,397.59
553197,7026625,14553,5,405.05
558614,4852715,1222,3,350.79
559896,1961927,16790,4,238.71
561251,5730778,10688,1,340.09
562027,6821160,19716,2,302.26
563480,6959923,7170,2,210.66
567403,6035649,12037,1,86.3
569841,1127097,17293,4,247.85
571244,2409341,11387,5,364.87
573202,4135665,12024,2,484.74
573806,4682254,10211,2,165.65
575377,1119227,18255,2,247.27
577331,4046657,13749,3,310.74
577999,859562,3922,4,461.47
578323,158351,7263,3,432.96
578619,7711126,2127,4,272.09
582558,6984053,7400,4,294.29
586263,3129852,16200,3,479.33
587760,428405,18757,4,370.77
588655,2598285,4298,1,458.24
589293,6516376,2832,4,482.14
591614,318371,10664,2,362.25
595902,5741008,17790,2,340.77
596185,336123,17966,5,350.85
596275,5273606,19145,1,87.41
597625,2449918,4260,2,490.01
597935,77359,7950,2,60.97
599244,3259660,6121,5,490.11
602122,3479775,9949,3,414.83
602748,1952617,3727,1,261.05
606402,5372465,17024,4,309.51
607299,7279903,12447,5,60.13
607384,1167311,7347,2,57.8
608384,3687502,5050,2,160.34
609020,2227448,13575,3,176.2
609348,6739735,6132,2,84.75
610110,1504337,16976,1,414.59
612256,4157885,18870,4,38.97
613364,4295142,14565,1,84.24
613684,6285613,19215,4,379.93
616678,7575001,19083,2,350.04
616802,6784754,6607,1,78.98
616839,1299442,5966,4,497.17
618926,1010686,12425,4,83.5
619765,5093661,16975,3,88.64
622947,7949884,2897,3,428.32
625396,7002890,10219,3,307.85
625728,5429972,6772,5,276.25
626062,2208649,4404,4,272.54
628255,535304,1445,3,246.49
628346,3162482,14490,1,486.31
629000,984524,15115,3,244.73
629753,5731273,7693,4,124.1
630436,6066487,3634,3,496.78
631190,750015,2332,1,449.2
632499,7990245,18790,1,495.37
637491,3318745,471,3,201.83
638492,4353946,11092,3,479.0
640739,2188346,10886,5,455.17
641269,3881710,8470,2,295.37
641963,3313618,7678,5,154.98
643369,7245608,8867,1,277.65
644195,5372465,5813,2,444.7
648947,7057269,273,5,226.46
649253,6801403,13922,4,231.28
649923,541784,6255,4,241.59
653099,4220545,11782,5,10.3
654379,25377,12849,4,169.4
656000,6642239,16381,2,70.18
659508,6464224,5786,2,187.33
662747,79898,9476,2,149.15
663229,6555694,114,2,299.21
664358,5830142,10892,5,344.12
668096,7003594,13048,2,21.12
668486,6838279,14733,3,186.96
669201,5750864,366,2,280.49
672246,5751468,16217,2,215.73
672614,7962106,12239,4,83.72
675186,739881,1163,2,152.08
678737,6887221,4531,5,396.11
679050,4616245,9332,5,399.89
680277,6451876,7047,4,170.3
680854,5749748,10560,3,126.42
681213,1342452,11118,1,385.73
681768,4348008,16217,1,215.73
683111,1349573,19209,1,285.64
684681,3642397,7745,2,276.47
685124,5046626,19703,1,490.16
685956,4851323,15924,4,429.68
686407,2460081,8679,3,178.25
687630,1631406,639,5,403.24
688432,5921879,14547,5,19.86
690511,73599,13969,2,27.95
691092,6012069,10450,1,494.04
691332,1431655,17630,4,238.39
691548,7632690,4601,5,298.45
692795,430353,11998,2,330.25
693483,7404288,11479,4,356.54
693964,7660109,1787,5,376.11
698153,1150939,17562,3,398.2
698454,3585385,11411,4,499.69
700419,7692924,3240,4,499.57
701845,83596,4319,1,225.36
702587,7813619,16431,3,177.9
704763,5507951,12307,3,248.87
707316,909216,14418,5,353.47
708013,6733466,15947,1,341.4
717287,5574938,18805,4,254.0
717423,5167151,8780,5,23.48
721693,4681812,2719,4,292.63
722412,291623,19585,4,187.27
723309,6058466,15575,1,70.74
730227,3756945,14042,1,338.65
731931,3316502,7699,2,125.74
736127,6882157,15760,3,308.4
738365,6811058,17028,5,495.6
738474,4796924,5110,4,127.17
739104,6872689,5170,3,203.67
741064,2931750,1467,5,133.5
741683,5762966,1411,1,194.99
747387,4454688,13131,4,407.88
748204,5741008,13498,2,39.63
749293,296417,6534,4,381.74
750549,1153438,8891,4,379.72
750814,500550,6307,1,260.91
754530,7968127,5152,5,393.77
762836,7784031,16814,5,218.38
768615,1947621,4117,3,394.7
768936,7905450,4375,1,53.45
770795,5819670,2855,4,269.94
778570,3230875,12949,5,401.34
779870,1702692,8650,1,348.25
782847,7948726,2605,2,453.54
784816,6247981,12577,5,308.85
785233,4249748,8680,3,364.95
786915,2377655,16855,4,376.64
788329,6593281,10652,3,194.47
791341,7500260,18802,2,91.48
792565,854622,18144,5,261.5
792638,4861599,5927,5,207.69
792738,3256604,12332,3,483.98
793689,843596,3156,1,27.34
794978,7097143,19408,3,34.89
795367,7851203,2962,5,76.94
797934,3351502,8690,2,299.86
798189,2458645,1111,1,435.65
799244,2435377,6449,2,203.97
803295,3648355,7322,4,181.35
803414,4401758,15401,5,190.68
806386,38604,9605,2,197.59
809693,165813,5599,1,133.04
810357,2870514,13991,2,45.09
816885,3241037,5829,4,88.62
817252,6896188,6089,3,150.56
820600,4181950,8564,2,333.03
821401,2831978,15213,2,427.17
824732,6363869,11783,3,329.09
827448,6810921,7440,2,152.03
830151,4857447,5326,3,10.84
830160,5994779,16763,5,418.09
830631,7711126,15874,3,82.42
832043,5710994,11857,2,401.9
834214,5790085,2986,1,409.31
836415,4395236,20000,3,345.21
837899,696191,18644,3,389.16
837924,4586401,16781,5,373.23
838445,4055082,12256,4,345.17
839584,4729719,19492,2,466.35
839686,3100353,11060,1,311.13
839777,2476159,10722,1,294.52
839968,7534343,6529,2,96.1
842020,4118339,4690,5,164.35
842703,7894220,4430,4,430.86
845335,2450636,17804,3,55.9
848631,3736614,1010,5,79.45
849069,3370640,17135,3,278.58
849164,2608686,1763,3,481.03
850192,3810093,18393,5,481.67
850322,5220192,12493,4,26.42
851450,7395777,8436,4,297.79
854963,4926417,10434,1,53.09
855782,1010686,16186,3,326.83
857194,6525813,8611,4,105.97
857610,6490049,17848,2,356.03
862191,164273,10290,1,37.04
863902,5642229,19512,4,342.19
864444,5570147,12813,2,267.56
865829,7350446,19620,2,461.49
866099,7201743,689,1,93.99
867310,6096467,16537,2,111.59
868141,3274553,5991,2,188.59
869795,2763709,4542,1,381.62
869956,772496,18857,4,100.15
872841,6234413,14359,4,312.72
873873,3258922,2851,5,231.3
874149,1119227,7514,3,193.17
874177,1481752,13202,1,393.0
874452,2805631,2038,3,57.32
877524,6364324,14926,2,278.65
877722,7020270,11563,5,145.41
879199,3315360,6508,1,176.83
880069,1572156,9030,1,124.85
881131,2469328,18309,1,282.02
882266,2661099,4652,5,91.27
883483,5887332,19600,4,174.52
887533,2211019,17053,5,448.07
889542,2300284,8259,2,400.34
891318,372178,1083,1,255.23
895347,2965922,3633,1,162.33
898789,4111013,7922,5,209.93
899685,2551304,5972,4,480.5
900011,39407,13061,4,251.99
901337,4482563,1725,3,328.16
902325,5970436,18773,3,54.81
903352,4065989,7465,1,479.87
906977,1985845,29,1,192.6
907894,5106746,17641,1,153.04
909356,646306,15015,3,175.19
914725,2885096,15418,5,179.0
916694,6270074,17215,1,220.36
919753,2808139,3704,4,27.01
922548,2267049,6161,2,94.57
925079,379154,3272,2,322.79
926098,4335711,21,4,49.2
929473,5323853,2257,2,216.4
929640,3348932,15273,3,475.47
930965,6364042,4763,5,418.83
931398,7879964,2447,2,492.6
932481,6497818,4007,1,171.27
932877,5754132,3592,1,233.63
933835,7619807,11822,2,117.94
933966,6981896,10510,1,340.9
935038,320453,10935,2,395.78
935975,3434053,16693,3,59.9
936850,1760458,17444,4,145.0
939285,7778384,19811,3,436.02
940051,3333716,17902,4,106.58
942156,151532,16995,4,224.55
942713,6282146,10679,4,369.24
946421,184248,7999,3,309.04
946965,7686587,19192,4,252.86
948152,2764177,9448,5,166.69
953592,4695825,15932,5,480.5
957700,98917,12942,4,396.99
961219,6617466,1534,4,35.28
962057,6602322,13637,1,474.48
963967,6467602,18375,2,198.77
963975,6758842,16676,3,74.61
967744,4726997,16115,1,140.62
969079,5579959,17891,2,96.7
969325,59995,2539,2,417.75
970303,3572093,5778,4,242.0
970694,4675299,17048,1,99.68
971190,7711126,4596,5,292.09
972715,2680427,10100,2,188.44
974385,4009710,3164,3,185.65
975381,3865323,6462,4,317.32
975946,7397940,5122,2,192.9
976321,3262892,610,1,462.35
982055,4183467,10302,2,236.68
983236,5979270,7540,4,203.8
984110,3908284,10883,5,446.18
984790,5219145,4329,1,402.21
984866,274811,3010,1,293.25
987307,6045013,13199,4,411.54
987818,7941123,10756,2,430.09
988314,4111013,19719,4,270.74
989534,2774263,19445,4,191.68
989628,827521,14142,1,460.32
991486,2058541,18750,1,166.71
998899,5731273,13384,2,285.9
999060,2044622,16857,4,86.93
1002670,318396,3820,2,242.68
1003325,3014852,18184,3,264.92
1003570,2729749,2785,2,168.12
1003918,11629,9937,2,18.32
1004137,4763239,16175,2,463.92
1008321,4206783,2195,5,322.64
1008341,6233746,5736,2,232.72
1010763,3642112,9141,3,362.92
1012744,6985529,5659,2,361.49
1014215,2654315,11773,3,459.09
1015273,324374,2990,3,9.7
1017229,7345070,10051,5,46.74
1017298,6738648,18748,3,407.86
1018499,3070633,15556,3,397.16
1020048,2394442,19178,4,157.27
1020694,3539386,19118,1,58.9
1021450,6598102,10541,3,419.61
1023787,935296,15958,2,78.6
1023868,1846168,11833,5,427.0
1027769,1220629,9428,1,28.01
1027782,7163400,19076,4,453.5
1032875,155743,483,1,180.53
1033368,4249748,14330,3,21.5
1035113,472864,19980,5,176.1
1035704,7451714,10998,4,151.06
1037470,91892,3750,3,375.17
1037690,5875137,9220,4,229.6
1040659,4243094,705,5,195.01
1042067,4265430,17094,4,155.94
1045839,2267049,796,1,395.58
1049001,5984146,13056,5,201.55
1050407,2741355,2874,1,477.08
1052556,7678363,12778,3,150.23
1052997,6515161,13479,2,461.95
1054143,2742121,10125,2,472.13
1057409,4562739,5482,2,59.53
1063462,2367086,10724,5,144.38
1066199,530325,4160,1,49.78
1067822,3547076,16633,5,126.8
1070674,968293,14139,2,241.65
1072677,5007706,617,4,424.63
1075251,3363755,9506,5,327.83
1075640,1233221,14131,1,71.89
1076396,5106791,17508,4,374.61
1076675,3679907,18431,5,411.06
1077107,3699783,7268,2,352.11
1079254,3870425,11056,1,23.46
1081900,6708430,8455,5,320.85
1083066,1119227,926,5,347.8
1086240,2444275,5980,1,8.45
1086798,6156135,16780,4,68.88
1090659,3893608,2094,4,461.15
1095741,20092,14259,5,389.26
1104983,16387,19740,4,195.21
1105824,7646935,10020,1,148.13
1106283,169923,14244,2,265.89
1111253,3584535,11894,5,24.94
1112352,5006433,18794,2,196.43
1112603,4826203,9359,4,36.35
1113736,6602322,13635,1,451.5
1115400,2683795,6235,5,304.88
1117790,5995227,11309,3,34.91
1127462,276617,14297,4,422.72
1128454,20839,7106,5,71.93
1128552,5177139,6729,3,274.94
1129598,304770,8085,1,171.37
1131923,7090072,2187,1,92.49
1132117,4022064,19239,1,327.2
1133435,6109428,17854,1,329.68
1133494,5805415,17557,4,455.44
1134494,2998600,12897,1,27.34
1135097,2020124,19608,4,329.27
1135692,5686945,8048,5,66.29
1136429,228234,5236,2,425.6
1136644,1147308,9657,5,353.6
1143149,3150293,7215,3,205.92
1143851,913476,10675,2,24.46
1144666,2945745,15942,5,120.93
1146167,1538103,13951,1,98.37
1146186,6441567,6346,1,107.27
1148728,6981896,15100,2,454.95
1150489,753528,14102,1,135.43
1150843,2084980,424,5,157.34
1150945,4206783,1202,5,434.47
1151076,2872477,14794,1,83.43
1152597,3510923,4977,3,428.48
1154512,2336430,11240,4,362.08
1156723,459956,10831,5,277.1
1162664,3191780,13504,5,131.83
1164166,7072498,12161,4,408.67
1164327,3804714,4281,4,178.8
1165619,1010753,2664,5,374.0
1166651,6621673,7779,4,411.46
1167246,2220587,14204,1,80.34
1168249,3756712,1647,2,462.19
1171115,7531800,3218,2,205.57
1172309,2993995,7919,1,353.08
1179185,3920843,12249,4,449.06
1179396,5008301,10966,3,476.84
1183663,7997439,6302,3,274.8
1184450,4606235,6386,3,13.48
1185030,7623986,15156,1,64.28
1185673,7436485,12899,1,236.52
1187109,305735,15721,1,484.86
1188675,5377133,7239,2,91.42
1189780,5827529,12143,5,312.12
1192025,5444801,9760,5,147.85
1193392,4803964,6712,4,132.54
1194574,1900051,12465,4,262.3
1195283,1625257,3046,4,456.02
1195432,5308137,19991,1,147.65
1196377,719644,13223,5,265.99
1200598,7613953,8,1,262.73
1201344,2469328,13506,5,249.22
1204426,4458759,17477,1,36.9
1206103,7912223,1344,5,165.23
1208058,682388,15446,2,213.93
1208786,5581204,9878,1,17.6
1209912,1729270,114,2,299.21
1213200,296450,5555,4,20.84
1219282,2631895,16969,2,201.72
1219731,7096708,18506,3,310.39
1221076,6282961,3369,2,275.72
1221757,6989978,510,3,181.91
1224964,4686892,16919,2,220.44
1226726,6361774,12465,3,262.3
1227961,3476424,19666,1,358.28
1232253,1082778,4599,1,225.01
1234087,4004230,12542,3,430.79
1235129,7683469,13715,1,459.56
1235620,3764010,8279,5,457.75
1235930,5996673,1231,3,392.01
1237777,1737566,2204,2,404.54
1237818,4801235,11000,1,174.39
1238545,1007739,15030,4,269.61
1239539,330149,8869,5,385.99
1240794,5226624,18748,1,407.86
1241720,6745970,5577,1,374.13
1244634,682388,7465,1,479.87
1246723,3209849,5021,5,328.52
1247480,2290013,13788,3,66.32
1249510,4101776,8774,1,139.85
1252307,6048310,17269,3,296.43
1252619,3842551,12991,1,399.17
1253732,4780713,8414,2,126.11
1254423,407481,3832,3,97.05
1254635,4067129,11726,3,247.55
1254674,3893484,19654,5,428.52
1254883,1579336,18169,1,403.97
1256449,275816,632,3,292.19
1259678,4746905,13434,4,370.01
1260741,6188622,5674,4,434.23
1263569,1304303,19871,1,441.59
1265059,4375901,1981,3,14.28
1265164,6023372,5619,2,86.9
1265496,545437,4201,3,153.89
1267970,6449010,55,4,234.79
1268997,545437,8185,2,337.65
1269295,4616704,12039,3,43.38
1270182,4194388,14355,2,302.04
1271214,6002353,7941,3,460.9
1271584,362590,14671,5,199.19
1275418,4310919,6578,2,318.98
1277779,936030,820,3,163.35
1278910,3854831,7216,5,63.39
1280591,2516756,6917,3,212.9
1283202,3960926,12520,3,385.86
1283574,1639782,2354,1,406.34
1283889,6871187,5879,4,459.46
1293406,2410649,10643,3,434.35
1293781,2198655,689,1,93.99
1295314,7464967,10344,3,457.85
1296917,4328071,10499,2,186.79
1300384,1722162,15440,2,300.57
1300488,7248740,4482,1,423.94
1301106,1959652,19780,5,169.39
1305034,5177774,12814,5,351.61
1305914,2090103,17738,5,21.26
1306864,6898195,19521,2,460.19
1308959,2486277,9864,2,19.39
1309615,5748415,4117,4,394.7
1316061,1384189,1602,2,94.26
1317518,4229936,11519,4,124.0
1318901,4845765,11004,1,125.48
1320616,39407,18377,3,300.57
1320918,1398714,1761,5,38.32
1323256,3613333,7211,1,394.05
1324074,4777211,3306,2,455.62
1325265,4244571,13602,4,304.52
1328549,3880631,18017,1,263.67
1329796,7091309,1347,2,41.29
1331628,2631904,4070,4,208.63
1331701,4547316,7675,1,441.81
1333304,4698890,10928,2,311.14
1333468,5500660,17613,1,61.91
1333703,5683956,18538,4,428.81
1334644,2154843,13316,5,263.39
1337187,3372005,17813,1,251.26
1339295,5218542,18632,4,202.65
1340282,2627811,3071,2,92.04
1343677,3990106,16368,4,86.41
1344176,1726612,6506,2,311.25
1349243,102401,6477,4,257.86
1354510,7542091,3035,1,357.27
1357879,5637727,16981,4,8.53
1358497,5883109,5577,5,374.13
1359355,333386,7455,1,269.17
1365293,407655,3573,5,183.02
1366750,7395777,13417,4,380.68
1366892,4124371,4368,4,342.05
1372617,3671005,12071,4,224.41
1374783,4907459,13115,3,122.99
1374856,1403318,2468,1,169.28
1377798,3077052,18062,2,360.52
1379320,2866886,2145,2,394.43
1381136,3791513,2622,5,29.68
1382205,2200397,11886,2,168.03
1383884,6044940,3052,1,107.25
1385693,5796288,10344,1,457.85
1387100,6273389,6016,3,275.56
1387317,2165567,11075,5,272.61
1388870,7855442,15787,3,108.27
1388971,4787742,1495,3,121.24
1389834,2859212,15487,1,56.27
1390068,7866869,2530,2,63.62
1390281,5081241,17191,2,301.63
1394882,3532075,17018,3,125.35
1397585,3122357,6713,1,411.51
1400397,3998748,18792,4,129.23
1400828,1119455,12590,1,252.68
1401169,4938438,7526,4,5.83
1406255,6569498,9523,4,195.56
1408487,4642490,5107,2,74.46
1408675,6182762,119,5,469.78
1408831,5927313,13328,1,416.23
1410757,7325462,3317,1,62.19
1410859,3959317,16139,4,404.97
1414457,5339694,10257,4,294.03
1416062,5882774,9284,1,395.2
1416912,7185238,1674,2,42.04
1417573,6974659,16723,4,78.25
1419416,5188760,18832,1,459.58
1420365,939952,16866,3,167.68
1422164,1758866,2072,2,269.25
1424174,6914654,2642,5,54.12
1426199,5436937,12540,4,102.7
1432810,6281238,10692,2,33.23
1433657,4652038,8624,4,223.74
1434307,2866869,8710,4,242.85
1437167,2135028,9214,1,62.78
1438869,2964359,3952,4,407.45
1440974,4771518,15144,2,134.12
1441477,754321,1837,4,111.91
1441584,2741355,1296,2,389.43
1442126,2279195,8940,3,266.96
1445180,4138726,1238,2,294.59
1449763,4458759,3587,4,283.58
1450633,7503933,19266,5,226.85
1453828,7744156,9683,1,97.23
1454947,7853576,15673,3,11.46
1456264,5581204,3229,2,27.45
1458063,3286255,11426,5,301.72
1458218,5335558,3740,2,487.97
1460817,6349946,17696,2,99.0
1461635,3463674,13670,4,16.5
1461856,4175713,9550,3,316.68
1465390,3998748,8830,1,475.19
1466795,6904288,3527,1,97.15
1466847,4704297,3603,1,100.86
1467324,1020261,14811,3,89.61
1470211,3001739,19876,3,241.55
1471297,7267641,7754,5,199.88
1473199,3756945,17888,3,260.07
1473444,2013517,16042,5,132.31
1474142,7339151,18167,1,415.47
1474217,7315302,16940,4,144.56
1474387,2458645,7262,2,212.92
1476352,2903320,2859,1,144.9
1477321,3147447,5151,3,233.14
1478279,3590053,9949,5,414.83
1478689,4440055,8108,4,208.29
1478892,2707987,5193,1,248.2
1480943,7759922,15705,1,146.07
1482206,7212737,13006,4,249.25
1488199,7492881,10908,1,186.43
1488468,316779,7769,1,345.02
1490179,2519334,3792,2,306.55
1492320,3173028,14989,2,108.86
1492402,4192459,12680,4,293.38
1494707,1157612,13807,3,210.33
1497597,1420530,5122,3,192.9
1497849,7853576,6915,4,232.93
1500282,546106,13458,2,370.56
1502018,2746985,18915,5,346.51
1503697,1476694,8791,1,233.17
1504097,1209757,15161,2,122.73
1504189,2769734,11535,1,374.9
1504702,5023612,4182,2,344.34
1505701,2334201,1680,2,190.35
1513626,2454494,14455,1,375.49
1514285,7772498,6487,3,279.91
1514406,268889,10676,4,409.85
1516839,6401633,7065,2,424.05
1518527,7209001,6698,1,56.27
1519618,1388004,12308,4,461.86
1520216,4397942,19510,3,471.18
1521088,6801403,16751,2,469.44
1522386,4790552,2693,3,449.79
1523814,4851323,2246,5,348.12
1525225,7342440,13659,4,285.64
1526513,7581661,1084,5,292.03
1527321,6762712,6209,4,10.74
1529798,7620686,18222,4,174.99
1531058,47473,19476,1,259.35
1532047,4067129,4871,3,234.98
1534680,5056444,2752,1,239.96
1536449,3747926,16431,3,177.9
1540778,2903320,5523,4,200.53
1540801,5254792,6680,1,286.98
1540963,2768659,9378,1,382.01
1541244,3974042,11929,1,497.7
1542048,2398088,6674,4,250.03
1542690,5547073,12123,4,183.88
1546421,6333229,12114,5,376.95
1551581,4046308,11765,3,295.81
1553635,2780706,5034,3,339.32
1555177,1020166,2875,5,170.3
1556841,6750805,9212,1,53.45
1556915,3476424,8065,2,193.02
1558485,2031703,6168,3,200.33
1559095,3393511,245,3,464.59
1559872,3370640,8960,5,323.79
1559959,691536,15988,1,341.81
1562499,1047941,7809,5,200.14
1563801,3494408,7679,3,157.24
1566968,6356145,16736,5,77.71
1570107,2107093,6485,5,460.3
1572243,1054271,9196,5,148.89
1575329,4641255,286,3,171.4
1578162,3916649,8201,5,422.56
1579746,1448746,3444,1,492.39
1580507,6851518,16612,5,43.95
1581083,1601539,15131,2,421.24
1582595,5392989,13724,4,346.64
1583981,7614095,5813,3,444.7
1585181,7223192,16901,3,427.77
1593510,7081290,15786,4,369.52
1596307,7888758,19640,2,307.2
1597568,3893484,12771,1,265.68
1598180,3826834,2749,3,417.25
1598226,1391944,3397,5,416.87
1599931,5744585,4043,3,356.95
1603887,4412454,12157,2,325.21
1605100,688426,17971,1,227.68
1606818,2577514,2481,5,431.56
1606960,6739874,16169,2,306.73
1607552,3779117,5421,5,349.41
1609730,571433,18843,4,437.9
1609914,5646694,10586,3,125.05
1609962,1905817,8709,4,486.66
1612713,4790552,7360,4,463.85
1612730,7755778,2757,1,13.23
1613124,1357296,15182,3,105.15
1615091,5988359,11612,1,93.82
1617630,2862913,7402,4,202.37
1618161,2463516,13435,1,113.15
1618613,5442454,8819,3,14.9
1620280,3931482,12718,4,424.63
1625159,6625739,4062,4,50.15
1625375,460487,3363,3,455.42
1627024,343921,19971,2,215.14
1628585,4016112,4311,2,208.35
1628772,6826290,7783,4,251.6
1628913,4845765,3076,5,274.87
1630023,1654949,196,5,300.75
1630940,2612664,17165,2,268.36
1632533,3935083,16851,4,423.59
1633820,5827722,6903,2,468.46
1636620,3434053,16447,3,369.88
1641553,2576786,6810,5,448.66
1643789,3696499,6931,1,218.7
1647641,563641,10487,4,40.74
1647839,2828157,8065,3,193.02
1648308,2253498,3606,5,499.62
1653164,3927561,12435,1,379.43
1654529,5795029,2904,3,281.35
1656876,6051269,19023,4,233.67
1657297,7956953,7677,5,364.65
1658693,2552077,18155,5,64.89
1660604,2046130,137,1,412.07
1660764,2485723,7203,4,136.29
1666663,7199209,9388,4,124.09
1670510,3463683,9893,3,225.24
1671083,1147308,3628,1,457.15
1671205,4889744,14303,1,412.68
1671856,3585870,5405,2,467.76
1674316,7547162,3593,4,294.13
1676593,1632260,7293,1,258.24
1681561,4712846,19222,2,498.8
1681852,2360905,14995,4,42.16
1684968,7742356,88,2,266.79
1686244,5124245,19827,2,356.3
1687771,6372025,9926,1,233.79
1693265,6373717,795,2,49.01
1693995,219996,17420,4,12.62
1695441,755838,8251,1,409.86
1696183,349824,5904,3,438.92
1701217,2708445,11190,1,125.34
1702237,3748423,18602,2,157.86
1704280,1858718,660,1,471.13
1704683,5925884,16880,3,332.46
1706438,7809414,1748,5,81.42
1708984,5796288,7961,5,378.0
1711438,1355059,14904,5,117.2
1713364,5321433,18722,2,50.96
1716677,3705419,11744,1,449.15
1716973,5103480,17888,2,260.07
1718661,391788,15034,5,468.95
1720674,7718513,8002,2,96.81
1721267,5352458,15431,5,427.35
1722697,7679795,5257,4,178.12
1723184,4146827,10305,5,193.52
1724783,1170188,11187,1,126.33
1727149,5169147,12408,4,94.17
1727362,6241649,1149,5,30.17
1727964,2130915,16420,1,135.96
1729836,358260,1674,2,42.04
1730599,282415,4360,2,43.99
1736485,6464224,14097,2,362.67
1736616,4855101,15906,5,405.36
1737773,2953682,16747,2,139.33
1739854,3277698,4446,2,301.42
1740699,5436937,9517,1,262.41
1740870,2227054,5800,3,137.93
1741165,7503933,1663,3,66.48
1741228,3434053,19826,2,303.65
1742659,6094719,7599,1,152.9
1742904,318609,19872,5,235.07
1746024,4146566,9866,4,69.39
1746723,7391095,13665,1,180.88
1746832,4185651,13701,5,429.1
1747299,102401,5518,5,187.61
1748456,4616704,1903,5,24.22
1749193,7359371,7466,4,457.63
1750082,7076253,883,1,427.75
1750618,7578724,11443,4,487.93
1751579,1692534,155,1,146.69
1752745,1271374,1896,4,338.5
1757805,7620686,17270,5,372.2
1765191,7959452,6281,1,374.0
1770405,4154944,11942,5,28.98
1770434,4653620,2637,3,155.97
1774562,5113584,9024,2,230.57
1774616,6279359,11847,2,77.8
1774935,6694310,4455,5,381.18
1776655,347697,14425,4,246.1
1782539,244717,13109,4,253.55
1783969,3461550,10147,5,102.84
1789148,2573826,19612,1,492.11
1789641,524784,14680,4,223.3
1792289,5837037,1277,2,450.75
1792996,7072498,8564,1,333.03
1793331,3025454,14067,5,18.16
1795541,7395777,13783,5,8.72
1799070,6440072,6553,4,56.99
1799555,411651,17656,1,357.7
1800121,3025454,5794,4,243.38
1804173,7578089,11922,3,270.6
1806991,6399464,206,4,161.69
1808681,3764010,9960,5,180.58
1809527,2044622,11527,2,303.78
1809711,2582017,1759,5,66.38
1809744,4803964,12494,3,361.14
1812801,7784910,6250,2,157.08
1813380,3542705,16272,1,465.57
1813403,729750,6625,3,188.23
1815146,2123405,12700,3,177.1
1816651,7031870,9814,1,193.15
1823064,3278997,5731,1,444.27
1823396,2862913,9783,5,454.0
1825841,4089437,19792,4,401.01
1827422,7512182,9477,3,228.32
1829166,3159591,15244,4,355.64
1829660,4870377,6728,2,297.97
1833456,1372218,5547,2,119.69
1834965,6533624,3377,3,33.07
1836026,2929269,10022,4,300.28
1837088,7096708,9800,3,161.26
1837596,2037713,3337,1,250.27
1838980,6466348,9596,3,338.56
1839971,4590640,12318,4,194.4
1843368,5641091,5397,5,25.11
1844527,2843921,3850,3,222.32
1846426,7583112,3072,5,50.17
1849023,772496,8097,2,479.49
1851008,173086,9088,5,394.57
1852565,6608254,12315,2,32.26
1857018,5775865,14504,2,259.8
1857708,6803955,19532,2,439.13
1857946,7241679,6985,4,367.35
1858218,3313627,905,2,170.09
1858255,6262639,13784,5,139.48
1866321,7450982,1218,3,417.01
1869219,1396325,16608,1,131.53
1870660,2033942,2587,4,48.16
1872413,3387687,15740,3,124.3
1872468,1654949,11836,1,119.66
1873046,7079507,17974,3,304.16
1874484,7461301,11610,3,499.76
1877592,3880631,17029,2,280.02
1878328,719635,4137,4,132.82
1879276,2134802,4309,2,460.28
1881052,4698890,19013,1,351.8
1882016,7714806,12530,3,236.15
1884598,1751355,18962,2,385.46
1884699,5278053,14822,1,497.97
1886603,4838956,11693,5,323.86
1886785,2901864,3922,3,461.47
1888224,6642239,4127,2,382.79
1888323,391788,2098,2,272.69
1894474,7503942,1247,4,499.24
1896317,3322764,8354,2,181.07
1897307,5683379,25,1,205.07
1899178,3537827,16211,4,145.79
1899868,5098610,1096,4,38.06
1899993,7388390,17907,1,288.02
1900801,49469,9066,1,176.22
1902234,3820954,933,3,492.14
1906037,2802555,2633,1,172.73
1906223,6887701,4072,4,489.12
1907345,3530250,18796,5,456.09
1907846,2146138,12160,1,36.31
1908289,4618551,11410,1,340.49
1912569,1850544,6506,4,311.25
1913458,631372,12245,5,473.85
1914035,2109128,18564,1,396.62
1916521,6801403,43,5,78.97
1917066,4086106,6874,3,286.17
1919030,64747,13336,2,181.31
1919463,2448362,4737,2,147.37
1922766,5832852,10842,2,235.13
1923030,4235142,14451,5,441.18
1923895,4546546,13566,4,186.55
1925999,643038,10912,4,57.49
1926094,5142349,7362,2,42.64
1926191,7966422,5427,3,396.19
1926741,3366458,8017,4,88.8
1928687,4500777,9742,5,195.39
1928947,4413941,275,5,479.57
1929616,1194816,1040,4,60.73
1929838,4522699,16274,1,306.16
1935045,3887951,5041,5,491.45
1938543,1021404,19540,3,388.35
1939259,7408144,6243,3,115.69
1940035,493702,12469,4,165.22
1943534,5313337,11156,2,475.58
1944020,3908284,6077,5,157.96
1949048,1662421,13528,4,76.11
1949303,6545486,3981,4,91.68
1949383,4895780,9596,5,338.56
1949445,5471165,15103,1,200.47
1951172,4273929,14044,2,493.11
1952174,4181950,11897,5,30.74
1952506,7823699,16415,5,91.1
1953360,3550789,7597,4,481.34
1954238,5607006,18424,5,101.13
1955673,1758866,1249,1,414.34
1956899,439969,18691,1,463.52
1957021,3549200,15409,4,172.08
1957996,5086024,3287,4,363.91
1958261,3451235,12861,4,335.7
1960372,2421549,18757,4,370.77
1961039,7756325,3321,5,286.04
1961733,5586372,2891,1,426.67
1962921,730935,14682,2,96.65
1963655,4006204,8963,5,497.72
1964431,6723272,10273,5,12.81
1969490,6290262,12627,1,417.54
1969611,3063025,11752,3,462.94
1971365,5911371,14356,4,107.14
1973103,6074270,4261,4,119.38
1973669,7671167,3078,3,266.97
1974727,4067129,13320,1,167.96
1975849,2485847,5270,1,209.91
1978068,2649657,8031,3,171.13
1980094,1892134,4096,3,388.63
1981438,5311161,4103,5,184.14
1984890,7332055,9715,5,38.7
1989807,6876047,3198,3,54.19
1990887,3240210,5131,1,465.93
1991062,1040109,18676,4,405.38
1994896,6116264,12456,3,38.58
1995330,405514,10825,1,97.29
1997542,4998994,3326,4,112.57
1998833,7424247,18278,1,220.61
1998864,1651541,6711,1,364.72
2000725,7603021,1510,2,499.35
2003540,7142429,15706,4,21.9
2007502,1083470,14841,4,382.03
2009491,3133966,343,4,190.76
2012843,6242177,3651,2,411.31
2013526,948046,18710,5,262.55
2016340,1688791,6119,3,225.47
2016945,407655,11373,5,312.37
2017425,1939851,10961,1,341.32
2017593,3353847,18613,2,13.16
2017899,3924781,19392,3,273.81
2020870,2132211,14087,2,17.34
2021355,6320192,10791,5,182.16
2023235,2654315,380,3,151.19
2029027,2833851,17969,2,440.6
2029635,5429972,3748,4,365.16
2030429,4482012,18086,5,400.23
2030733,3775655,16664,3,307.84
2030962,3157050,17053,4,448.07
2034657,6254983,12074,3,52.59
2035131,4970273,1107,1,71.12
2036421,7049955,7082,1,83.92
2037091,3430438,12611,4,269.7
2037665,7229888,13,3,299.74
2038996,7968127,7931,2,396.03
2042331,4607738,1357,1,419.0
2042997,3698351,6611,1,369.26
2043790,491322,14335,3,152.03
2044087,4187699,15712,2,320.56
2044694,2220587,11305,3,439.75
2045692,4591584,10359,4,14.62
2049096,5582944,15514,5,118.54
2049109,6057661,9229,4,489.12
2049976,7527811,162,5,109.14
2050557,2858465,13207,2,395.96
2051668,4887394,10872,1,39.08
2052038,7108452,10638,5,105.91
2053566,2090064,11529,1,59.77
2054883,1105491,18063,3,42.0
2055287,4766411,2921,3,417.32
2059778,5423051,5602,5,493.01
2060671,1850817,12238,3,259.52
2061117,5527316,10933,1,306.73
2061405,3314979,9418,4,426.57
2068349,6208242,3467,2,286.24
2070501,2170833,15311,3,166.53
2070904,1933002,14664,5,443.46
2072180,1736476,7167,1,401.61
2074124,3152016,17708,3,355.99
2075540,3374023,7188,5,270.59
2077051,1728635,4134,5,404.84
2077713,432162,13401,5,423.33
2078383,535558,18669,4,407.72
2078640,3873107,7933,1,182.35
2080673,7184767,12742,5,76.18
2086486,5093661,15454,5,373.81
2089091,484431,13383,5,159.06
2090657,3219253,579,5,203.42
2090836,5825333,17333,3,214.86
2092264,3661995,16173,2,414.04
2096276,4248194,11728,5,131.9
2099545,7395777,6766,1,218.98
2101355,5813969,9684,3,86.44
2105562,5282632,19956,2,68.0
2108775,4346314,11889,5,182.76
2110114,7607613,13898,2,217.65
2111250,7784910,13689,4,41.37
2111804,3042146,16050,3,342.53
2112252,7453576,15931,1,242.35
2112271,7050450,9710,3,222.17
2115436,6493151,864,3,232.79
2115509,3748423,4274,4,35.63
2119703,1068673,6754,1,181.45
2121782,3847717,10715,5,181.31
2128713,1324543,4679,2,236.35
2129431,1279489,15030,1,269.61
2132584,2953682,3785,2,384.98
2136032,344530,11178,5,250.02
2136094,4180648,18511,2,427.3
2136440,7383634,11798,3,455.09
2141452,5117930,15350,2,375.53
2142173,3130464,14334,5,307.16
2142613,2683795,18720,4,112.3
2143924,1588477,10069,3,86.9
2144250,7527811,11121,3,345.75
2146211,5538902,10802,3,280.66
2148204,7828315,14336,1,151.03
2149759,1377526,18406,4,443.75
2153138,6282961,10254,2,392.08
2154252,6193830,717,4,140.86
2154900,1020166,6917,4,212.9
2156340,1555096,17575,1,451.58
2159292,7221210,5407,5,219.94
2160642,633540,5028,5,235.12
2161615,5235713,3980,3,434.48
2161929,3441388,8028,2,297.89
2163516,4718820,18051,5,81.67
2163842,3268961,9194,5,61.5
2165785,7648446,16279,4,337.41
2165811,1535076,18478,3,149.58
2167850,5177774,9223,2,297.36
2170250,7520166,8273,4,242.92
2171215,5139211,6869,2,199.62
2171876,2660877,7946,5,427.72
2173509,1023562,18701,2,333.9
2179600,5979937,10446,1,265.82
2184428,6434994,2078,2,314.96
2185608,2985064,15124,1,175.09
2187514,3593270,8302,5,341.15
2190801,5917079,3721,2,426.43
2192069,5311161,15221,3,345.98
2192544,909216,16373,3,458.79
2195093,1626351,10990,5,436.33
2196591,7154038,5503,3,357.12
2197674,6462978,3396,1,387.89
2197903,860178,13740,1,199.57
2198383,5865532,13823,3,122.36
2198436,3271331,16886,1,415.01
2200890,1284637,4504,3,254.35
2203916,6825965,8674,2,154.65
2205024,4280374,5907,4,72.18
2209851,5023612,14523,4,59.13
2212050,5149272,11186,4,52.97
2214623,6727631,15184,4,460.59
2214977,7505128,1974,1,284.65
2217178,1046747,18896,1,374.03
2217389,3501511,1870,3,97.32
2222866,3130464,9233,3,328.31
2224511,7279390,4040,4,348.89
2225156,1758866,2233,3,182.14
2225800,4004230,12975,3,307.82
2228968,942958,12172,5,100.18
2231730,3191780,10798,5,105.36
2232773,6281156,16956,3,338.73
2233944,87824,902,1,155.67
2234754,2539207,10303,3,128.97
2238430,1363819,15345,4,263.22
2240049,5429952,9483,3,330.11
2241662,2634167,18873,4,87.71
2242641,4792829,19843,5,442.23
2243119,4867477,5246,3,351.22
2244828,6432308,8449,1,437.07
2245180,225839,17346,5,445.72
2245310,3916649,14160,2,252.84
2248966,5506370,140,3,92.45
2249624,5816693,858,1,141.4
2252000,6391432,17837,3,198.04
2252580,5978164,14241,1,304.35
2254735,6049608,16221,5,162.03
2259045,441798,14779,4,448.1
2259321,2409341,1460,3,303.46
2260637,1057703,8860,1,399.55
2261791,7627456,9328,2,463.51
2264159,1352910,861,1,349.59
2273092,277783,3925,1,373.12
2275302,3380551,17013,2,241.6
2275575,1611115,17457,1,102.62
2276021,7907099,2541,1,451.95
2276536,4060591,562,4,443.63
2279421,2327313,17207,4,467.14
2280060,3570091,16674,1,34.94
2280280,3908918,11905,4,70.16
2280750,7660109,12928,4,173.39
2281159,6988910,5714,5,74.16
2282420,6825965,3214,4,188.51
2282468,484002,2370,3,134.17
2282552,124375,16588,3,362.04
2284815,2686642,1847,4,21.93
2285424,306578,17942,1,280.92
2285522,2974540,12383,1,115.92
2286411,4734851,17545,1,141.73
2291753,1974081,1408,3,394.43
2293387,1758866,854,4,238.57
2294189,3865676,14609,5,102.78
2294659,1228609,19212,2,187.67
2296502,2693902,5772,1,130.01
2297457,568896,3540,2,499.94
2298592,7349544,5437,3,403.52
2301404,630096,6377,1,335.41
2306576,173086,14544,2,125.01
2308871,7732091,11522,4,138.08
2313885,3730658,4451,1,108.61
2317632,2808139,5687,2,466.93
2319838,3859368,11368,5,234.97
2320985,4500777,9520,4,204.89
2321004,3367096,9106,1,69.6
2323353,856550,17100,3,485.6
2328181,5818771,6856,2,70.34
2329134,3613695,259,4,410.82
2332381,563641,13251,2,167.38
2334560,5256322,4779,4,105.11
2336032,1968885,18625,3,66.21
2336059,4609559,13659,4,285.64
2337475,2891442,2537,1,268.22
2340958,5668469,3763,2,474.14
2341468,4295142,17082,1,141.55
2341676,732871,10216,3,171.65
2341934,2592906,4872,4,294.08
2342429,1658134,15237,3,446.42
2342927,1659182,9043,4,160.98
2343438,3355382,12618,3,109.9
2343469,5154145,14579,3,261.83
2347044,1423922,17148,2,311.54
2348264,4779933,5026,5,211.55
2349603,6739874,16109,3,463.39
2351799,7561416,11444,5,314.97
2352800,5395910,5472,3,234.73
2353483,5460643,15338,2,143.59
2354741,1364853,7608,4,207.83
2356647,3529071,14525,1,271.6
2359793,6270074,12899,3,236.52
2360331,7280165,16837,2,107.1
2363671,5917017,486,3,294.97
2364927,2736960,15976,3,270.81
2365921,4597186,5748,5,240.16
2366660,2255230,15640,5,93.19
2366967,596842,15804,5,487.15
2367150,2742551,13816,2,89.99
2367544,5313337,8032,4,183.03
2367559,6469810,15787,2,108.27
2370234,4987678,15831,1,295.47
2370707,5967541,924,2,55.6
2373621,1463399,17349,1,295.23
2374921,1873215,8129,1,310.49
2375179,205604,4470,4,402.23
2377448,792959,4484,1,336.05
2377863,4918821,15813,1,131.41
2381034,6451876,18455,1,492.39
2382711,7179140,968,4,369.33
2387716,7201743,16311,3,103.49
2388376,4202094,16140,3,282.9
2390429,2571591,6497,5,484.75
2399473,161814,17245,3,450.68
2403207,3050092,779,1,62.24
2404423,4704741,9415,2,374.36
2405333,2082381,12287,2,91.39
2406920,7866869,6696,4,227.32
2408803,1991612,711,3,29.25
2411261,1832217,3433,5,320.36
2411882,83065,8434,2,123.35
2413277,148829,13823,1,122.36
2414931,5972626,18270,1,453.43
2418107,1107239,18690,1,440.11
2419436,5218975,6411,3,367.91
2421614,6096592,12185,2,167.34
2424348,5795029,13617,1,139.63
2425731,4592495,11659,2,435.88
2426280,4656601,5255,3,435.88
2427151,1183831,6652,1,56.07
2427889,4624335,4034,3,173.02
2429253,3049798,19671,4,461.51
2429724,4587213,8417,3,398.02
2433189,391788,5541,4,270.72
2437362,7578724,15150,4,38.46
2439980,4549555,16043,4,306.29
2440517,4704741,19765,2,244.67
2441269,2334201,8807,4,32.77
2441879,306578,18904,1,470.52
2444546,2892899,17020,3,94.67
2446449,2238242,7926,3,325.3
2450748,1887106,3188,5,312.42
2452413,5124245,19905,3,495.98
2453451,3566913,13437,1,320.2
2453712,1615103,3341,2,150.93
2455902,3097008,4204,2,389.38
2456463,5335146,6398,1,462.17
2458099,1163109,18239,1,456.2
2458910,7784031,19233,4,281.17
2459873,615324,14553,2,405.05
2460190,47473,8500,4,21.27
2460223,243182,14970,4,136.25
2460504,6397450,3978,4,445.9
2462075,6368071,12151,2,324.51
2462495,2474418,6531,4,438.28
2466470,4919028,6482,4,150.65
2467317,7145558,11922,1,270.6
2468162,3351498,12272,1,459.54
2468452,1468289,6282,1,453.94
2469560,1057703,10097,3,449.37
2471474,4079772,16635,4,385.74
2474986,7172940,8042,3,89.51
2477745,6445659,17394,2,81.65
2479806,7028203,3460,4,311.51
2480300,5505593,11096,3,394.59
2481372,7660519,6809,1,419.28
2483055,6868417,2071,5,389.74
2483500,1276759,8075,5,190.86
2484300,2426437,14649,2,27.55
2484620,4140513,6103,5,188.18
2486976,5686945,6958,3,498.96
2487075,4220545,2478,4,108.69
2487600,6886592,14037,1,143.63
2492036,342572,13587,2,495.3
2499510,1443508,13105,1,117.48
2500561,3867936,4573,5,369.64
2501424,4812625,11426,3,301.72
2506414,7815132,6663,1,365.14
2506753,5312382,2710,3,233.64
2511408,2009496,703,3,160.71
2518133,6523098,3344,5,498.04
2520001,7264795,8648,1,330.48
2520347,6397078,6066,5,168.54
2525775,3521626,605,1,286.1
2526045,1443508,3592,3,233.63
2526315,4007933,5044,2,49.39
2529270,7909298,2157,4,81.48
2529889,6296560,8811,2,18.6
2530902,4631185,15960,3,450.01
2531900,4606235,1042,4,468.48
2535297,5049312,10810,3,474.92
2535970,2582017,14922,4,185.44
2538670,5778494,16329,1,151.01
2541001,2031079,678,5,475.16
2541559,6780375,4313,5,256.42
2543346,3584535,16364,4,135.13
2547425,2577514,3685,1,470.64
2549847,2435377,14943,1,336.9
2552184,2476159,14203,3,80.71
2556282,1221203,502,5,270.39
2556624,665274,11131,3,69.45
2557591,5156818,313,2,23.15
2557858,3736835,5234,5,247.33
2558976,7267450,10183,5,147.04
2560399,7039602,2390,5,329.5
2560431,7914015,4965,4,324.37
2560790,3846656,8343,1,425.15
2562825,2466301,13810,1,376.93
2563046,5457878,10930,2,414.96
2564150,172387,17315,5,468.57
2565375,7672042,10023,4,190.42
2565537,5536137,14099,2,152.12
2567219,7842233,8242,5,20.45
2567842,3594448,1691,1,290.66
2568847,5148750,8101,4,252.82
2570945,1220040,12530,4,236.15
2571240,5333015,17570,1,392.0
2575497,3679907,18346,5,22.05
2576091,2263565,13696,3,28.85
2578676,6996462,12023,5,497.47
2584782,6533624,11243,1,484.43
2584997,6082468,6156,4,33.79
2586446,767722,15317,4,117.1
2586867,4801383,1815,1,158.07
2589051,3288051,19201,4,10.72
2589080,267703,1945,4,223.91
2589978,6445659,19061,2,271.66
2592073,6930387,83,5,354.78
2593067,5423353,4297,4,136.58
2593773,1634537,2636,1,350.91
2593952,3569192,3950,4,315.0
2594599,3366458,2795,5,226.76
2595297,5456303,19986,4,197.51
2595998,3476424,6453,5,392.54
2598088,4060981,6920,3,122.75
2601556,7742176,9452,4,308.27
2602448,4105129,9144,4,317.9
2605124,580018,1203,1,474.6
2608912,6394386,9793,1,87.15
2610136,6115747,12114,3,376.95
2611023,1063890,9530,3,146.95
2612981,6999956,5100,3,43.94
2615535,1023805,4095,3,27.83
2615776,6601304,8415,1,171.31
2617195,6826986,6559,5,122.21
2617263,4500777,13034,3,91.92
2617652,6089785,4736,3,379.52
2620076,2713434,17829,5,124.27
2620081,4510328,13742,1,111.63
2623310,3512263,13780,5,169.99
2625426,5053724,8457,1,496.67
2629947,2147664,19631,1,397.35
2635632,4243094,488,4,33.43
2638574,5287021,363,2,453.83
2640144,3572474,5415,5,193.2
2641779,6833936,2868,3,362.23
2642783,6035649,11695,3,304.39
2642998,2208502,7116,3,155.33
2644110,225839,6535,3,269.33
2645867,5772580,3025,4,396.62
2649998,4510328,3965,3,209.18
2650668,2598285,7413,5,194.22
2651838,4500166,6450,4,435.74
2653142,4575357,18659,2,309.84
2653260,16387,19738,5,209.37
2654509,3993432,17809,4,395.71
2657927,2147570,9219,3,428.95
2658089,1998485,17037,1,405.3
2660735,6461959,11530,1,315.73
2661906,7137357,16533,1,430.15
2667586,4747101,19943,1,229.62
2667790,7397411,1867,1,351.43
2670119,2875602,13283,2,60.43
2671311,6261884,11852,1,457.15
2674114,7740418,16322,4,148.87
2675892,1828920,11030,1,193.95
2679005,4733306,15936,5,68.69
2680314,7375330,18722,3,50.96
2680823,6523098,4904,3,336.63
2681748,6180820,1872,1,87.34
2687412,4934847,10347,3,279.89
2688034,62006,18582,4,456.33
2688878,6354585,15998,2,392.85
2692076,1251727,11839,1,291.41
2692117,4381097,10787,5,404.8
2695147,415355,3615,4,299.46
2697021,7226274,15577,3,272.76
2699092,1423006,11320,4,412.7
2700401,2138177,4215,4,343.93
2700582,6182433,17519,1,8.09
2702571,6227279,11041,1,222.41
2703389,6610627,8958,3,260.43
2703452,5000034,430,5,124.73
2705336,1925365,14360,2,212.2
2706057,2634167,13163,4,292.71
2706250,7742408,19037,1,352.14
2710363,7179140,8471,3,488.41
2711058,2654191,5065,5,427.12
2714337,1631406,19564,5,15.15
2714829,3650736,19782,5,98.69
2715625,1152653,12800,3,297.03
2716520,5383316,5004,4,184.18
2716939,2092727,6781,2,214.28
2717630,7648446,6834,2,485.1
2718123,7461301,15431,5,427.35
2719214,69848,7078,1,128.09
2723577,3209318,7653,5,252.51
2724491,5466593,9700,2,56.09
2729916,1702013,5952,3,217.75
2730037,5423353,16832,1,42.11
2733209,5662595,3138,2,53.0
2733382,6146921,15777,2,495.18
2733995,2384164,4017,3,130.26
2734267,3834653,14148,5,436.23
2734336,4477992,11290,3,198.57
2738492,6106589,8206,1,325.45
2740281,7104879,5443,5,332.89
2741984,2764327,18333,5,470.7
2743382,4885385,1325,2,266.75
2744143,708099,4746,3,250.93
2744338,2618598,15629,1,463.08
2750128,4219900,9829,2,36.29
2752106,4562739,9576,1,282.72
2752767,1163109,2376,3,46.67
2754287,5674832,2661,1,456.06
2755621,5519499,3411,3,433.19
2756907,5380050,8540,3,404.01
2758646,6482818,5081,1,121.96
2760631,181580,16124,4,165.84
2764972,4663383,1467,2,133.5
2767596,5996106,9108,3,20.6
2769104,2332884,6480,3,197.42
2769899,6290262,11962,3,131.71
2769932,2424274,6853,4,446.88
2772266,4626888,7032,3,455.41
2772513,7185040,18206,2,81.38
2772567,2435377,15546,5,79.0
2773708,1491741,19673,2,243.72
2777239,5892760,19884,3,215.59
2777627,6980117,17795,2,469.59
2777912,4137878,19227,5,10.86
2778267,4295142,4814,3,29.05
2780851,5124137,5913,2,190.54
2783490,3625701,12452,4,307.14
2784198,243646,10936,2,77.63
2784429,5588984,9832,2,279.27
2787786,1910228,13686,3,169.01
2790548,4114511,17286,5,433.06
2792531,1675198,13834,5,123.35
2792610,1887798,18146,1,50.87
2799307,2393708,15343,2,165.68
2799869,6341392,2783,1,401.01
2802737,1448251,7605,1,192.97
2805943,5168532,3564,2,402.16
2805969,6173237,3555,2,233.76
2806666,6449010,6168,4,200.33
2814336,5113584,10821,2,228.09
2814373,1519987,1043,1,108.09
2816478,4235142,6499,2,245.79
2820264,1988752,2276,1,240.23
2821358,359852,7321,1,360.28
2822297,4551595,5240,4,249.75
2823547,2898589,8090,4,212.36
2825339,6117361,1295,3,158.2
2825874,5124136,2216,3,113.02
2829089,3946230,4246,2,436.52
2829621,6377939,701,4,226.29
2830479,2552077,18142,4,87.5
2830523,1221203,1875,1,27.98
2831663,4068431,3551,1,459.22
2835545,7785571,7832,5,385.4
2838362,283833,12158,4,495.78
2839766,493702,3124,2,230.36
2839785,6185620,11680,5,288.41
2839880,255991,19592,3,88.67
2840770,2349767,14231,5,335.84
2841526,2454494,16389,1,444.31
2842364,1498313,19632,4,234.22
2843404,5972626,9125,1,161.18
2845623,6621616,13597,4,279.78
2846283,6571019,6768,1,433.84
2846590,6032999,5763,3,497.66
2851222,1615103,13753,3,158.7
2852015,4662051,10617,4,198.48
2856274,2697274,19318,5,170.56
2857237,4850477,1346,3,23.43
2857407,1762944,16499,3,402.06
2868652,243182,19963,3,332.49
2872893,3765367,2480,5,174.4
2873105,622483,1305,1,279.63
2874996,6874474,14743,4,445.01
2878009,6726446,11340,4,168.29
2878542,3099802,16511,3,172.82
2880137,7511949,15428,3,365.06
2881629,7260217,3680,5,66.04
2883591,4887394,16205,5,475.49
2885019,3258518,14777,4,82.79
2885208,5871491,15636,4,112.99
2885969,6381254,16782,5,40.73
2887874,6792309,15494,3,153.16
2888115,6290262,4118,2,61.98
2888415,2516756,18186,2,312.03
2889276,2352375,520,2,124.66
2892849,1519496,16891,5,320.97
2893591,494391,7216,1,63.39
2893611,3260948,12063,3,205.78
2894569,6180820,17763,1,363.24
2895895,6547173,4300,4,361.24
2896586,6023372,13453,2,88.46
2897082,2485847,14991,5,14.35
2898609,630096,16656,3,488.94
2898762,1742588,2816,3,324.06
2901328,7084178,11238,3,121.4
2902969,3881710,6060,5,434.95
2904747,7681815,10845,5,430.06
2905567,4067129,8562,3,347.95
2908406,7016478,16215,2,161.68
2908852,7809300,2246,3,348.12
2909460,6109428,19969,1,352.83
2911833,1306000,18467,2,317.0
2913392,2029397,6737,4,105.36
2918744,2220587,10881,2,482.73
2918889,1519496,6305,5,14.3
2921564,1974081,834,5,399.11
2926145,348885,4432,3,198.92
2929957,5825333,16770,1,28.23
2930532,6803955,15147,1,386.69
2930796,985617,2172,3,75.68
2932023,6610627,1283,1,53.79
2932548,7383634,11828,2,246.0
2933666,3152089,3434,3,361.1
2934583,6469727,1364,1,335.06
2937376,4675299,16842,2,434.57
2938117,3384670,2102,2,44.44
2939018,1388004,19473,2,31.76
2939218,165813,13816,2,89.99
2943722,1325911,7759,1,102.35
2945365,1388004,14292,5,378.85
2945730,3860814,19445,2,191.68
2946962,5352458,16091,1,383.22
2948768,7241383,7524,2,429.94
2949143,1631406,6265,4,54.22
2951239,6253001,3592,3,233.63
2952199,6988910,6592,4,474.76
2952599,5456303,1685,1,214.13
2953040,1423922,7789,5,468.56
2956085,4068431,8329,4,43.06
2956385,213512,9171,2,456.62
2956435,1947621,209,1,446.75
2957647,3873186,9091,2,150.57
2958703,219996,6008,1,442.72
2958801,5884075,2962,3,76.94
2959189,2247142,13825,5,498.29
2966632,5073102,9055,5,34.42
2966673,2321514,8670,1,191.16
2969045,5386907,13284,3,331.65
2969415,4935287,12089,3,488.78
2970851,5538902,5175,4,8.21
2971982,6589141,13886,3,414.24
2972012,4400045,6996,2,89.33
2973131,5972626,18786,3,274.63
2973796,7394625,16497,1,351.32
2980936,6597812,9226,1,21.34
2983696,545244,8443,1,355.29
2986739,3099731,19251,1,123.68
2989727,4901317,6461,2,360.34
2991283,4138726,15277,4,110.15
2992072,5051118,15412,5,438.11
2994512,6073948,2129,1,66.46
2995332,6972660,5891,5,84.54
2995932,2191474,12940,3,219.7
2995936,7913889,16354,3,494.87
2997811,2300284,1597,4,121.61
2997855,3190707,8748,4,176.93
2999761,4985949,4533,4,391.78
3000395,2782743,10706,2,38.59
3003017,7744,5548,4,370.49
3003474,3834653,15233,3,292.04
3003673,5871491,7610,2,96.87
3003717,4247718,440,3,131.2
3006366,7028253,4815,3,359.56
3006527,2868690,17909,1,441.11
3007705,155777,1494,3,7.39
3009886,240016,7070,2,80.5
3011796,7632458,4753,2,163.36
3013588,4596685,477,1,412.98
3016981,2036961,18397,5,196.9
3017251,6526833,15445,2,483.63
3020225,5135511,5495,1,207.18
3021157,4879023,15912,5,186.6
3021415,2170701,18100,1,471.67
3024048,5754132,4446,3,301.42
3024661,5169147,15246,2,175.65
3024884,1367062,4435,1,45.32
3027579,3170427,16330,2,372.89
3028745,6290262,7042,1,265.42
3028878,2170701,3893,2,424.8
3030713,1094211,19589,2,463.32
3031154,2029397,7818,5,195.69
3033914,4694735,1187,3,228.15
3033940,6188622,14256,2,334.0
3035714,5383316,14593,5,394.27
3035894,4550890,9927,2,381.1
3036937,187521,19112,3,81.89
3038565,4887830,18954,3,219.08
3038574,6802656,15234,4,270.65
3038983,1571790,14617,3,107.4
3041474,1485566,10317,4,213.23
3043428,555203,17213,1,495.58
3051326,1828857,10721,5,279.51
3051549,5847589,7559,2,14.63
3052533,215692,11790,3,293.96
3056071,1083470,6836,5,83.68
3057588,6170540,9997,4,142.55
3060524,3800644,11574,4,16.06
3061373,5047870,12064,5,217.63
3063737,4220545,4095,4,27.83
3065027,559428,1427,1,21.04
3066654,6642239,19979,4,449.51
3066818,4194388,11054,2,283.95
3069483,7587513,19475,4,421.42
3072343,7561416,16770,1,28.23
3075537,4105129,7672,1,379.51
3078532,591791,4963,3,253.92
3079149,7805600,13791,4,306.1
3079767,6244760,5714,3,74.16
3081422,2130915,16744,2,77.26
3083571,1223310,18828,5,221.32
3083584,5753637,13203,4,408.42
3084614,1241908,18941,3,190.63
3085658,7899978,5670,5,262.87
3087563,6821160,4269,4,390.21
3087605,7247326,7347,2,57.8
3089735,7026625,11043,3,485.81
3089878,4985448,11937,4,415.73
3092561,6977897,18530,3,270.37
3094557,1175728,13332,2,449.61
3094631,6085706,10460,1,143.86
3097105,2748936,13709,2,182.11
3098532,6058892,14979,3,324.81
3098622,6584285,2485,1,189.34
3098698,4101776,15788,5,483.64
3101045,7368280,9799,3,108.87
3102108,2368947,16921,1,382.41
3105129,2833649,1295,4,158.2
3106665,244717,14388,1,177.86
3109096,7660519,16971,3,469.72
3110434,5636399,9189,4,394.67
3111947,7091867,3426,2,494.25
3114558,1128143,12645,3,22.66
3114774,7621207,5676,2,162.83
3116921,1587931,16678,3,375.13
3117686,6872689,17848,4,356.03
3118247,7824617,16347,5,102.98
3119553,20839,3030,1,289.44
3122165,3130464,530,5,61.17
3122780,4765802,16886,3,415.01
3123073,6306155,16602,5,34.33
3123078,6709720,3509,2,365.72
3125175,405514,1829,3,260.97
3128819,3104086,16757,2,127.41
3129037,6603347,8716,3,184.57
3129108,7337003,16951,4,326.24
3130329,6981896,11313,1,485.41
3131358,3152823,14899,5,109.4
3133221,3262355,8113,5,10.83
3134163,2072437,2352,4,215.78
3134640,1016919,14181,3,121.01
3136302,5313821,18616,1,259.34
3137340,5827529,10436,3,399.17
3138790,4067129,2361,2,467.79
3139743,7140791,390,4,369.15
3143005,3585870,287,2,214.38
3145818,162966,11636,5,384.24
3149647,6670748,14292,5,378.85
3150341,7198753,16941,4,42.83
3151500,7607888,17700,5,164.52
3155989,635738,17809,3,395.71
3158717,563641,17065,4,216.07
3160332,205604,9603,4,415.87
3161155,6459805,5205,5,470.15
3161324,5015469,16541,3,136.19
3162078,846962,2875,3,170.3
3163439,4337073,9923,5,419.36
3164397,3932819,5316,4,26.64
3166697,1312479,11912,1,475.12
3167541,5192833,18345,4,185.28
3168727,3025454,9766,3,476.32
3174284,5746639,1237,5,54.93
3174674,6190250,13476,4,90.8
3175335,5388177,11009,4,281.7
3175726,3987245,12243,1,325.56
3177932,4500777,5519,1,194.2
3181167,304243,5593,3,250.5
3181398,3241288,11652,2,113.75
3182575,2290013,354,4,361.81
3184370,4595801,7049,3,80.08
3185574,2460672,13215,3,128.59
3190117,1249381,5933,1,167.23
3190190,833596,8145,4,30.34
3190771,472306,19562,3,51.03
3193579,4681232,19377,4,129.36
3193803,6180820,748,1,399.28
3197739,6984053,2404,2,281.47
3202955,6210990,10028,2,185.22
3203342,6584285,19639,1,62.69
3205151,1820390,9565,4,33.47
3205373,6251304,5960,5,16.42
3207511,4855101,10592,4,175.87
3207849,7640438,4667,2,332.78
3209089,3889753,14485,3,346.62
3210459,2914522,18329,3,459.46
3210584,6562467,4245,2,427.51
3213274,4664482,3765,5,229.71
3217132,4978840,842,5,484.18
3217790,3859988,10225,3,403.58
3218970,6810921,3912,2,22.76
3220460,2514783,5363,1,447.04
3222510,5332999,18387,3,48.08
3223621,5871491,308,1,374.42
3224005,5336048,6315,2,175.12
3224851,7785985,4419,3,204.25
3225385,1278319,11546,3,19.8
3225988,5550982,4107,3,283.19
3228135,3820377,9049,4,8.67
3229174,2767974,19089,1,184.0
3230341,2741355,16500,4,404.92
3231417,2045474,16473,5,347.23
3241721,818510,2723,3,186.86
3242143,7210952,1055,3,70.33
3243478,3021393,16380,4,441.0
3244449,182877,9022,5,22.16
3245101,5427684,1045,2,276.65
3250060,6273389,1824,3,288.08
3251722,5410643,824,2,136.58
3259166,3642738,8148,5,78.64
3262887,615324,448,5,75.03
3263054,923827,18554,1,345.06
3264768,6456150,6620,4,356.23
3266071,361978,8349,2,446.8
3266085,1883774,8110,3,302.53
3266281,751595,9408,4,426.07
3266287,7145558,1030,2,216.71
3266662,4253620,260,4,487.76
3267368,2794389,13058,2,495.57
3268445,6548098,16878,1,249.85
3269452,6191041,9729,2,99.05
3274053,1016919,3404,4,450.49
3281171,4305389,12564,4,26.42
3286063,1456301,19139,1,387.38
3287418,2767974,6722,5,399.71
3289162,1920564,18857,3,100.15
3289518,2823342,3751,1,337.48
3290033,5552343,13990,2,255.29
3290184,53647,2781,1,350.14
3291000,7856927,1705,2,316.87
3291029,4337073,15840,5,350.99
3293283,6461959,2163,3,374.98
3293730,2368504,18911,3,87.77
3295349,5427684,8442,3,166.86
3296044,6670748,7388,2,441.95
3296216,846962,6242,1,84.02
3296782,7870339,3359,1,40.83
3298206,1245668,3346,1,349.0
3298586,5220015,9968,4,194.44
3298605,2434172,725,1,332.98
3298620,7349544,14597,5,402.52
3298724,2765842,7686,4,67.58
3300616,3285973,10129,5,102.59
3302880,3593009,177,3,53.54
3306703,3959317,9291,5,346.63
3306902,4799958,5765,4,162.44
3308122,6962617,10126,1,361.21
3309162,3916649,11328,2,453.62
3316345,3687502,4418,4,58.16
3316376,1737566,17711,3,297.35
3317530,7104881,3630,4,396.07
3318889,47473,829,5,47.64
3321112,6609723,6873,5,234.22
3321210,4223138,5716,2,134.85
3321452,1839247,9429,5,42.64
3323652,7047698,12338,3,419.1
3325334,1724342,1110,3,65.21
3326965,7198882,12947,1,233.97
3330255,5593850,6361,3,42.71
3330670,957558,11269,1,337.02
3338311,5320687,10739,2,326.86
3339890,4084915,13462,3,233.7
3342417,5220015,4548,1,129.98
3343141,5608458,282,5,228.82
3343643,4937194,12769,5,426.51
3344771,6059802,224,5,358.45
3345329,4662840,7986,3,138.54
3345690,6891099,8886,4,163.59
3349807,2654616,50,5,150.78
3350802,673932,11726,5,247.55
3350837,5080059,18977,2,284.47
3352369,4575357,3022,1,398.67
3355812,161814,15773,5,208.14
3358028,2704846,13911,3,234.28
3359825,3748995,15099,2,428.69
3360473,5802471,17567,1,298.94
3363294,3272476,9181,4,283.75
3364153,5986912,19833,4,403.28
3364545,702934,8621,1,58.16
3368176,885672,7613,5,277.05
3369377,6679249,11758,4,46.66
3370690,3399370,17909,4,441.11
3371459,7368669,16461,4,319.47
3372406,3062305,12609,1,105.32
3372627,6930387,15245,3,187.39
3372880,6940680,998,3,127.75
3375817,5991940,4720,4,203.04
3377521,5552690,7274,2,258.86
3378377,5911371,3424,5,470.5
3383306,7383634,17377,5,172.92
3387138,5282632,1257,4,347.57
3390513,1722162,5693,2,142.23
3391231,6357919,4669,4,463.88
3391437,6515161,12668,4,444.34
3391992,6585378,1689,4,341.22
3401300,1197097,6511,4,463.65
3401347,2739414,9451,5,164.87
3404250,6749030,15509,4,156.7
3406774,2664590,19749,5,188.84
3407744,4913490,8774,2,139.85
3409195,7137381,5354,4,232.53
3410700,4937194,18855,5,170.82
3411870,816925,8286,4,103.62
3412622,1737566,17949,2,59.76
3414926,2932296,14756,5,487.93
3416444,5383316,4894,5,335.8
3416795,6009610,1102,4,401.34
3422118,3906436,9546,1,64.12
3422816,6630757,322,3,200.89
3425579,5868192,19361,2,395.78
3427120,7241383,5049,2,412.43
3429284,5636399,7864,3,102.47
3429784,847935,8636,2,301.78
3433465,2932819,9057,3,331.85
3434315,5086136,3891,1,442.1
3435797,5725041,13700,2,200.95
3437857,6085706,1258,3,121.16
3438580,1654949,8042,4,89.51
3438635,4121592,10190,2,117.78
3442495,703944,10578,4,78.78
3444596,6855485,10060,2,308.98
3450903,2084980,16938,3,79.43
3451024,1736996,16697,5,132.83
3451565,7985985,9818,3,469.61
3452465,972277,2738,1,161.71
3452544,3205593,3251,5,386.77
3455371,5086136,17715,4,375.61
3455372,6887221,8154,2,323.95
3456826,6189272,12009,5,91.44
3458040,1736476,19408,5,34.89
3459124,5915776,4411,4,354.39
3459686,5917079,10501,5,237.46
3464834,3802255,11673,1,405.49
3465236,2385774,5070,5,133.15
3470020,6780315,14870,2,227.11
3471405,6879801,7568,1,385.93
3472021,1177296,15433,4,338.77
3474134,7104881,19019,4,167.82
3474381,5104687,19109,1,209.58
3475776,2753865,5887,3,410.89
3477874,2998600,2438,2,100.42
3479464,4699908,13311,5,372.37
3480174,2474833,8352,3,379.92
3480328,5394636,11925,3,10.8
3480448,2223215,17076,5,169.05
3482751,7176524,17151,4,206.33
3484026,5816202,12163,4,272.57
3485066,3590053,14700,1,147.39
3485871,7028253,19985,5,322.79
3486734,4562739,9784,5,17.19
3489068,2872947,3856,2,197.0
3493995,344614,17472,2,72.62
3495731,3097008,19951,2,172.42
3496082,7071519,151,5,405.2
3500190,3873107,2495,4,65.99
3500349,337733,19552,5,12.48
3500458,4280374,11353,5,420.97
3501764,4964689,17738,1,21.26
3503291,2454639,19839,3,175.07
3503627,5086271,7340,4,97.56
3508020,1311066,3701,1,23.23
3508376,5055571,1354,4,93.88
3511699,7879907,421,2,499.21
3516575,7311666,10175,4,268.12
3517993,6670748,10533,2,39.35
3519311,5887332,19745,1,111.62
3519438,5818771,4809,3,337.42
3521458,6869827,2944,3,202.42
3527108,4137878,14909,2,312.36
3527756,5771763,11453,5,16.68
3527834,6461959,4541,3,163.94
3529315,6401660,14648,5,248.27
3529461,1372218,18082,5,221.3
3531030,3904154,188,3,200.92
3535492,5750022,19942,4,232.89
3536097,6525813,4022,5,133.94
3540011,6458660,5748,2,240.16
3540257,500793,4687,1,154.01
3541258,6256870,19476,5,259.35
3542124,3001798,6811,4,61.19
3543573,4477992,18028,2,77.28
3545083,4139424,19840,4,142.2
3550000,4404116,17747,3,341.16
3553822,2769734,11491,1,441.4
3554832,6090260,7199,2,189.5
3557409,3730858,17218,4,365.18
3558077,1428822,10871,3,220.1
3559060,1634790,3270,2,336.3
3561109,5249879,7577,3,206.8
3562913,953461,19713,1,88.88
3563204,6876047,1579,2,240.2
3566047,64572,5427,1,396.19
3567611,6312241,1826,2,463.62
3574341,4589553,16424,1,11.99
3574732,2833851,8911,1,431.53
3576034,969,6122,2,499.21
3577578,5467447,220,4,48.43
3580716,3614146,7125,2,156.71
3581642,5565853,15927,3,400.8
3583049,5920955,3078,5,266.97
3584645,7104881,19136,1,154.89
3588240,2823342,4467,2,444.47
3589859,4193289,12879,4,101.58
3590288,7248740,12923,1,124.61
3591566,1707671,1216,3,358.34
3593726,7099196,8349,2,446.8
3594725,7846082,12599,4,233.02
3595781,3652487,11116,5,428.78
3596133,7254365,16719,5,228.99
3599678,2395216,7866,2,325.02
3600048,2290013,13472,3,482.27
3600920,2167059,9914,5,205.81
3601497,7734919,19303,2,495.6
3603928,4549555,2518,4,110.85
3605219,1729270,280,5,355.27
3609395,3925120,6960,3,65.69
3609813,1119455,35,3,320.73
3611353,3384344,10179,4,258.15
3611942,7480374,8655,4,92.28
3612046,4713032,2254,5,349.8
3612074,6036359,13205,2,212.13
3612657,1675198,2339,1,193.4
3615562,4784725,14746,2,354.92
3616071,7279903,18845,2,453.17
3616859,7395496,11290,1,198.57
3618883,5718334,10773,2,20.21
3619346,7527495,6395,5,440.87
3620262,3902276,5860,2,52.25
3621059,2146138,2316,4,79.5
3621881,4558447,1700,2,484.3
3622056,4777512,2775,5,61.13
3628280,392618,8446,2,66.69
3630361,5857615,12847,2,466.26
3630394,1839247,10730,2,166.15
3631055,3296067,13645,4,204.64
3631739,2130121,3404,5,450.49
3633073,838708,19221,5,139.89
3633337,7072498,14712,1,402.05
3635797,6323933,15782,4,449.3
3637015,2215393,4416,2,244.18
3638422,6855520,17046,1,78.31
3639989,1349902,17785,5,192.4
3643169,5813262,4800,2,355.34
3645917,4699311,17132,5,340.25
3649878,7534322,13804,1,330.67
3651607,3857721,5507,5,304.65
3652182,322220,10836,1,259.72
3653636,6847080,9813,4,72.8
3653716,3259660,11166,2,106.69
3656262,5449002,2588,4,5.16
3659722,4101776,18607,5,383.76
3660413,5485868,2847,3,35.05
3660720,3628517,5695,1,443.96
3662678,6106589,1169,2,220.56
3666137,1763207,10215,5,357.75
3667546,429820,18890,3,246.93
3667629,7620686,16152,3,364.01
3668932,4896825,4233,2,396.38
3670860,6398372,19924,3,440.86
3673677,1682400,18776,3,447.58
3678745,409486,15827,4,135.81
3680338,460487,9978,3,114.55
3680362,6096592,15485,5,436.34
3680968,5562957,14673,4,82.13
3681212,3100353,12981,4,261.87
3682345,6070066,1168,3,319.69
3683274,5310501,12251,3,474.36
3684514,5542728,16086,1,38.81
3684805,7478801,4557,2,125.15
3685408,6625461,9127,2,363.68
3685421,5323417,1308,3,207.65
3687821,5054399,19178,2,157.27
3689142,1460675,8927,4,65.75
3689712,4534581,9267,3,182.15
3691132,2526423,19858,1,19.22
3691418,948046,2069,4,324.64
3692610,5920288,15342,1,70.86
3693694,420716,4499,3,198.7
3694706,4401845,5017,2,473.77
3697815,939952,4779,5,105.11
3701340,2615930,8364,3,328.99
3703168,5437098,8130,3,463.18
3704883,7622036,8665,2,416.43
3708310,2833851,6939,1,45.22
3712268,6338771,9340,3,287.77
3714276,367461,15067,2,251.08
3715012,1311066,5336,1,33.94
3716930,3974042,17444,4,145.0
3717575,4055082,2594,2,346.41
3718250,5581779,19639,3,62.69
3721534,6678065,704,2,22.6
3721813,3168283,10651,3,55.99
3722596,2576907,2945,1,120.14
3728762,860178,2632,5,14.35
3728910,708099,302,5,257.37
3729171,4011345,15173,1,419.23
3729651,4669210,2541,5,451.95
3729903,6896188,2794,5,115.15
3730306,6988910,6137,4,354.73
3731490,1597085,9487,3,414.38
3735429,5044332,9701,5,259.15
3735949,6749030,9098,4,342.16
3738876,4986408,9294,1,355.85
3740879,1773322,12580,4,80.85
3742786,3908284,4401,1,214.49
3746328,7981718,7417,5,390.41
3746812,3318358,14935,1,425.32
3746952,2474811,15371,1,17.42
3749643,6399834,6156,5,33.79
3751664,6597812,248,4,9.81
3752421,6516376,13671,1,307.99
3752541,3775861,14597,5,402.52
3752978,6595736,13003,2,251.79
3753853,3352118,16557,5,411.45
3754999,1090616,6608,4,186.63
3755908,6658807,16912,4,8.91
3756384,7953413,15623,5,343.78
3757099,6602059,13999,3,120.2
3762118,4498054,8811,2,18.6
3765389,1896532,15230,3,444.44
3769196,1275423,4258,3,354.96
3770151,631372,3239,2,35.24
3771137,3681660,6282,2,453.94
3771459,7933540,254,1,455.13
3771516,6735402,7492,5,378.74
3773740,3099731,18925,2,115.33
3777698,208867,5137,4,201.77
3777780,6976884,11802,4,278.99
3779391,7902686,6663,3,365.14
3781000,3626733,17051,5,266.31
3783681,5927765,5775,4,252.8
3785036,4545509,10781,2,327.77
3785078,7349544,17491,1,25.71
3786840,3074171,6322,1,352.71
3788510,5693109,6398,1,462.17
3789303,6449010,2269,1,71.36
3791737,481693,14175,2,47.84
3794734,7221210,10125,2,472.13
3795219,592115,6004,4,114.25
3796421,2529892,7478,1,194.9
3797941,2753865,11431,4,14.11
3798034,713758,3988,1,68.52
3799296,5121464,1937,3,208.67
3801653,802298,2990,4,9.7
3803886,3201901,16349,2,214.1
3804768,4549555,10566,1,262.81
3806209,7899978,10305,2,193.52
3806823,6877498,4200,4,17.57
3807259,3271331,19151,3,226.79
3808436,1920332,10333,5,42.98
3809869,697537,1147,3,414.77
3810849,2460078,9488,3,48.0
3812985,3513034,11370,4,380.07
3815055,4206766,19675,1,430.06
3820288,6051187,1662,2,372.99
3820835,7772498,13008,4,55.65
3825865,2697185,16295,1,314.64
3826362,2634167,18920,1,332.11
3827375,1493264,8402,2,48.58
3828033,3192643,1781,5,437.81
3828909,1547653,13247,4,164.35
3829082,5458618,15175,3,265.93
3829400,2417971,10012,2,306.25
3831270,1870828,684,2,152.16
3831916,4172834,15155,2,15.34
3833052,482898,10926,5,246.0
3837420,6279371,451,2,111.68
3838139,2520570,19571,4,388.35
3839057,2578099,11469,3,246.78
3839845,2317499,5957,1,387.94
3840221,1760906,15816,2,283.03
3840741,3574711,15379,3,434.36
3840924,4956780,12949,3,401.34
3841233,3133969,5270,5,209.91
3841432,2723356,18679,4,125.28
3841829,775373,11524,2,482.99
3842887,6792753,15777,2,495.18
3851699,359852,1158,2,123.52
3851756,2080845,8871,5,232.84
3852133,3550087,12724,2,194.42
3857686,405514,18620,2,77.24
3857951,862786,3681,3,380.17
3858951,2680102,16849,3,293.58
3860345,5506370,3153,2,465.97
3862531,2526423,2014,5,450.7
3864722,3707263,3684,4,361.1
3867502,2244245,1306,2,481.77
3870740,1592049,10802,1,280.66
3871207,3925887,8735,2,270.72
3871728,2748936,17166,3,129.42
3875978,7537543,15151,1,25.33
3876060,4450498,14943,5,336.9
3878948,1377526,19351,3,436.82
3880787,4321484,7002,4,448.81
3887370,5507951,16549,5,424.26
3887546,6602414,10718,4,304.27
3887867,6179891,11855,1,44.9
3890342,1391944,10129,2,102.59
3894899,7968127,10167,3,357.1
3896994,2590671,326,2,364.93
3898296,1028142,616,5,28.37
3898472,5958074,1821,5,255.44
3899410,2872947,1076,3,347.45
3902889,643038,13319,1,173.48
3903469,5309210,5886,4,464.39
3904109,1228609,6113,1,433.8
3905080,3683469,8712,4,45.53
3909621,6449010,1356,4,114.67
3912878,7870339,7740,3,367.39
3915906,2424274,4097,2,161.3
3920439,3477912,15262,2,394.72
3923350,3129852,12620,5,486.18
3927166,3134863,220,2,48.43
3930734,74883,5500,1,420.13
3935356,3772329,8667,2,395.67
3935626,3314896,795,1,49.01
3937631,7597365,9128,5,181.54
3938497,6432663,3933,4,258.7
3938927,3032421,100,4,405.6
3940297,6806438,2965,1,27.42
3942300,4334573,7461,3,497.85
3943085,6332818,7335,3,444.57
3945373,3906752,6828,2,408.07
3945935,5517956,17382,3,322.54
3946054,6462484,4834,4,385.64
3946325,6456089,2628,3,329.06
3947257,2331491,4063,2,218.73
3952165,5680488,13011,4,235.02
3952227,1129110,6883,5,268.15
3953576,4921241,19323,4,135.68
3954125,629479,7842,3,213.67
3954390,5894832,5318,3,216.07
3955349,3881710,9047,3,478.35
3956501,3016028,2961,1,455.88
3958744,5861693,9528,1,471.8
3962504,5560257,9357,2,382.59
3962842,4206766,12747,2,372.48
3964404,3196781,10022,1,300.28
3967016,4675299,18363,5,162.76
3970357,7475136,14470,3,180.44
3970671,4335711,19472,5,156.16
3971995,5581779,11166,1,106.69
3972638,6618486,1803,1,11.56
3974692,2186482,9371,3,240.52
3975794,5289047,440,2,131.2
3976200,3372005,775,2,281.57
3978333,3824414,2918,4,293.08
3979881,7511303,18875,2,407.38
3980920,6984053,16830,3,134.47
3982244,7155401,5216,3,206.31
3995449,6156135,18478,1,149.58
3996172,673932,9978,3,114.55
3996740,4196955,15598,4,486.21
4000597,885850,19094,2,357.68
4000887,3984469,7059,3,462.06
4004823,6790023,10274,1,332.24
4006364,3146433,19788,2,55.2
4008438,3544476,386,4,86.06
4009946,7620686,10720,5,462.76
4011165,5451433,739,2,430.18
4011198,1549583,6745,5,327.47
4012731,3182165,13091,1,122.73
4013617,6862095,5846,5,343.54
4014331,7269849,4773,1,206.02
4014706,5350808,18612,4,89.93
4015010,90229,10155,1,423.16
4015121,7290630,1906,2,144.43
4015941,949300,5369,1,432.11
4016618,2827611,19542,1,359.32
4017506,1850632,19226,2,148.2
4023845,26019,1975,4,493.25
4025464,1127097,6500,2,321.46
4029505,3479775,8735,2,270.72
4029978,6972029,1625,4,73.31
4031897,1058466,7315,5,252.5
4032470,5751468,6120,5,56.71
4033045,2872477,5464,4,275.55
4034997,659337,17855,2,38.94
4036967,3613333,9349,5,21.84
4041862,4569433,10766,3,109.97
4042765,3205593,11136,5,112.4
4045414,1259157,10715,4,181.31
4046418,6852113,8258,5,427.97
4046762,2861245,3857,1,295.19
4047385,5636804,19088,1,223.44
4050324,520221,14395,3,284.01
4052380,2279195,5472,3,234.73
4055389,3611796,13907,1,137.31
4057331,4938438,9670,2,495.5
4058054,2526423,2678,3,74.36
4058900,2549741,3819,3,383.03
4059200,1166205,17263,3,240.88
4059815,5661775,16798,1,128.01
4059826,2527653,5704,3,409.57
4061347,4942184,7186,2,313.75
4061542,3280164,5287,4,221.97
4061619,7394625,12659,3,463.97
4065969,3842551,60,2,333.06
4066672,2409341,18440,2,87.05
4069122,7480374,13270,5,95.96
4069174,5216461,1112,2,256.92
4069498,1764733,17581,5,356.59
4071104,6349946,18381,2,187.81
4074180,3509414,14958,4,283.12
4074285,7575001,3246,4,413.18
4076629,6819198,2471,4,226.72
4076779,2331491,3325,2,354.22
4077791,5143464,14622,5,378.01
4081622,4760766,16430,5,346.62
4085025,1957421,7421,1,39.06
4089289,543685,15618,1,103.16
4089460,85712,18875,4,407.38
4090309,5666371,4171,3,374.27
4091122,1601539,16618,3,56.19
4092399,1090616,1096,3,38.06
4096149,6363129,14037,1,143.63
4097012,2680427,15976,1,270.81
4099302,802222,12903,2,420.36
4099362,2739414,3581,5,183.18
4101174,2137718,12112,3,298.08
4101866,4694735,8631,3,212.48
4102187,2722146,5227,4,373.64
4103741,2389837,3782,2,318.15
4104456,6134821,8412,2,196.97
4105747,6687380,6642,2,331.04
4105884,7055447,1130,1,47.19
4106300,5289047,11213,2,492.05
4112098,6459805,11158,4,126.56
4112926,7733448,10331,2,424.27
4113326,7756325,5918,2,435.09
4113714,1656707,15335,1,387.2
4113908,1358975,16162,2,169.83
4114764,6230044,19881,4,133.94
4115036,5702326,11369,3,291.93
4117296,6305151,15077,5,140.0
4117432,5003997,11732,5,230.15
4118155,4753227,1346,3,23.43
4119856,243182,16072,1,142.32
4126500,2165567,243,4,301.85
4126802,5273738,5307,4,278.38
4127061,1090616,5595,3,136.98
4128190,3906253,1340,4,468.55
4128958,7949884,13756,5,9.39
4131985,6096592,5571,2,278.95
4133568,4715753,15855,4,459.87
4137665,1282360,9954,3,115.28
4141574,7517711,10322,2,109.37
4143636,342572,3805,4,391.7
4147108,2363222,14451,4,441.18
4147868,3712636,16091,4,383.22
4152857,349824,3420,4,56.74
4158235,7578089,14606,4,246.41
4164160,1016919,10254,2,392.08
4167017,4077121,5705,2,479.21
4167840,4557318,15297,1,152.59
4168214,4462382,12083,3,401.91
4168415,7820601,9532,4,190.81
4172564,1615740,10036,1,292.11
4174001,4118339,4450,4,212.28
4174689,7298815,9585,1,305.64
4175537,478002,15006,5,125.3
4178023,2862913,10728,5,72.92
4178471,5023612,19805,4,296.18
4180830,5901610,1158,4,123.52
4181822,4837719,16276,1,156.23
4183009,7972356,355,2,9.83
4185822,1751355,12090,3,20.01
4188342,289101,1918,2,17.43
4192922,1491741,18108,3,164.26
4194058,3261638,13787,4,118.86
4195597,3031420,2151,2,151.48
4195635,6109428,10117,5,200.15
4196210,7260625,18732,3,464.15
4198531,5102528,18761,1,52.84
4200226,5991940,4486,4,157.72
4200699,1007037,11350,2,263.33
4202747,5669080,8118,4,142.63
4203330,7130657,9445,2,22.24
4206976,589023,4492,2,480.17
4207995,5377133,7137,2,405.02
4209725,3352808,2838,1,243.54
4212497,2549192,8101,1,252.82
4215300,5217847,6131,1,106.2
4216221,1354724,4176,4,103.56
4218101,7930814,1136,3,498.04
4221160,7972359,9610,1,270.35
4222817,6323431,11550,2,146.7
4223677,837089,13558,5,472.98
4223765,7372537,6363,2,6.21
4224626,4896825,10731,3,41.63
4225444,3001754,16373,3,458.79
4227248,5774547,17443,1,71.46
4227859,1925365,11664,2,221.49
4230157,3736835,14982,5,219.92
4230942,4659681,15832,1,391.24
4232204,3157050,856,5,66.26
4232568,2964359,12859,3,438.51
4233720,6281238,17422,2,147.25
4235023,3357076,3860,2,399.14
4237039,5518466,19383,2,273.17
4239237,5820392,15950,4,154.48
4239722,3273023,17085,1,227.88
4239724,2854279,15802,3,466.58
4239747,4665583,2695,2,391.5
4239902,4845765,7566,3,376.9
4241137,7134500,11177,2,335.8
4242557,2740501,10138,5,20.18
4243700,7534322,810,5,426.56
4244761,1588147,6543,4,445.8
4246144,7445386,14915,2,305.94
4246773,6827072,16285,3,89.06
4247427,953728,1174,3,444.46
4247783,2700907,15796,2,349.07
4247935,2519334,19582,3,51.4
4250704,405514,6204,3,375.02
4251183,4985949,16602,3,34.33
4254159,306204,15396,5,104.98
4259885,2987527,15235,3,59.89
4261100,7564281,15162,4,266.64
4262129,496723,16731,1,17.11
4262421,6547173,1045,5,276.65
4263693,5972646,144,2,26.6
4265035,7818896,19108,4,483.31
4265642,3209318,13168,3,361.38
4269063,1234650,16645,2,434.57
4269195,1487438,19866,5,457.42
4269379,647276,8842,5,24.26
4270638,1041530,7494,3,66.35
4271312,10097,12217,1,198.76
4273868,1054271,13986,3,155.13
4274710,386748,671,5,37.03
4276302,6119794,14276,4,299.17
4276710,5857963,9919,3,105.84
4278982,1910117,14577,3,38.92
4279411,662960,1376,5,372.91
4289788,4194388,8856,1,175.72
4291667,5034281,19819,2,148.34
4291960,1722183,12992,2,186.74
4293549,5559171,10379,1,21.45
4295034,4500777,18864,5,117.0
4298736,568083,2110,2,262.04
4298880,1103571,11087,2,402.26
4299049,7105742,12198,4,224.45
4304047,3750179,15947,3,341.4
4304284,1395222,13202,5,393.0
4306548,5601453,14436,1,241.94
4308199,5149019,11552,5,45.93
4309097,290426,16219,1,466.85
4310582,5168532,11778,4,347.81
4314712,5086271,3469,1,75.73
4314773,5988366,16906,5,410.53
4316191,6618486,16327,4,314.92
4316537,5485868,18392,5,202.73
4316913,6453917,5056,1,497.5
4319164,818510,8009,2,267.89
4320064,5298343,9160,1,499.96
4322079,5497552,17184,3,32.95
4324569,1028142,18633,3,172.17
4324724,7564281,15387,4,159.15
4327000,5385009,1511,3,157.95
4332193,2892899,17300,1,223.94
4332843,160317,16358,1,221.91
4334461,1468289,16704,5,181.19
4335809,1393013,6113,4,433.8
4336613,4607738,8086,4,292.65
4337051,1487438,10195,1,228.9
4338684,7146293,6349,2,34.79
4338839,255563,17349,4,295.23
4342809,4758568,8280,1,204.91
4343832,385680,3571,1,303.03
4344563,5538902,6411,5,367.91
4345137,2066767,4935,5,123.38
4345803,7924199,5661,2,298.66
4346021,7980015,9752,3,108.81
4347608,6193999,8085,2,171.37
4348256,4942184,4255,1,378.55
4348450,4826203,9213,4,181.1
4349744,309231,7945,1,20.85
4350084,3946599,543,5,99.42
4352121,4540538,10898,2,281.14
4352976,4077121,2330,5,318.67
4354716,2923922,6834,1,485.1
4355360,302352,13558,3,472.98
4357572,679069,8646,3,98.36
4362259,7778384,7464,2,114.75
4362364,117874,2450,3,224.27
4362706,772718,16666,1,411.19
4369135,1276109,13132,3,367.09
4369651,5880818,11095,5,52.74
4370788,7301785,8561,4,19.41
4371927,5457878,15964,1,140.93
4376616,1554595,16321,3,425.15
4377590,5651142,16319,3,38.98
4379525,6467886,9580,2,365.15
4380089,3102092,3391,2,248.82
4380696,7154708,19190,2,439.96
4381032,6453917,16394,5,117.35
4383430,5642817,17358,2,372.67
4384427,4043930,6607,3,78.98
4385094,11629,17678,5,55.61
4385878,4843330,8917,5,8.25
4386315,7813619,875,2,185.47
4389874,1372119,14207,3,498.76
4390399,1241908,12303,1,74.47
4390547,7886845,6659,4,482.44
4390987,4663383,4083,2,455.73
4391276,4812625,17129,3,268.86
4393894,7632298,9927,4,381.1
4394952,4295142,18322,3,201.86
4395082,6074270,1940,3,382.55
4396309,6411311,2493,5,69.07
4397051,5778494,7368,3,241.41
4397789,7222071,18970,5,329.54
4399493,184248,10836,5,259.72
4402342,6256870,9904,5,11.11
4404340,6650263,15039,2,97.24
4405119,2316658,19865,1,99.77
4405761,1447838,11045,1,42.9
4406702,4907459,2992,1,25.59
4407183,4550890,896,1,134.51
4409245,7355861,11819,4,233.96
4410885,4864933,15097,1,408.27
4416561,205604,7827,2,69.65
4420842,4185651,11586,3,122.1
4423002,339028,16543,1,73.71
4424275,3205368,4939,1,304.71
4426504,6624690,9923,1,419.36
4426943,7050450,3661,4,59.66
4427248,421343,16326,5,254.71
4427410,1442512,19959,5,352.55
4428552,1475973,19426,2,78.55
4430100,5795029,18652,5,286.62
4433083,2807308,9229,3,489.12
4433353,4671360,16868,1,26.3
4434310,2281522,11386,4,80.7
4436328,6603603,14360,4,212.2
4439105,7997439,348,1,471.62
4439605,2700907,16458,4,173.72
4439792,5054836,12174,5,218.29
4439800,6140339,6890,2,292.33
4440176,1180434,12177,1,125.93
4440908,493857,2938,5,58.27
4441105,469251,249,3,214.66
4446955,4429737,1026,3,339.14
4447658,2729237,14802,5,186.57
4447718,2983475,10566,5,262.81
4449070,6066960,1094,3,498.06
4451098,7668084,9946,1,64.95
4453006,5693109,6513,2,155.42
4455574,7547162,17356,1,496.78
4456281,5307460,4818,1,188.57
4457966,2833851,11299,1,425.93
4460484,2223215,19424,3,144.42
4462679,6282146,18306,4,194.31
4463180,2398088,9836,5,13.7
4464930,5305677,5595,5,136.98
4464993,2153439,13044,5,413.6
4466439,6882157,3761,2,180.43
4469424,7199209,5797,5,37.93
4472549,4697245,11792,3,297.75
4472757,7359700,18055,4,231.67
4472946,1215158,8777,5,428.01
4475093,7972356,18888,4,156.1
4476266,4046657,11162,2,251.0
4480551,3861983,10840,2,182.26
4485115,7082064,12100,3,407.51
4485547,1013285,19755,5,404.78
4488073,7930814,3642,3,209.63
4488667,5790085,17154,3,328.82
4488821,1264273,15458,2,142.51
4489985,6282961,10973,2,234.2
4492641,7397411,13272,3,56.48
4493690,2383646,3914,4,107.23
4494654,533953,1461,3,87.12
4496545,4166558,855,1,333.72
4499311,7187297,1418,2,360.76
4502855,3351498,5645,3,15.56
4503274,4887830,11905,5,70.16
4505719,4188623,17911,3,53.53
4506585,7427485,3217,2,204.3
4509435,4139424,5576,1,491.28
4510748,415355,14045,4,418.98
4512992,4818976,18399,3,279.71
4515312,5969484,9177,1,437.54
4517278,4796959,13141,1,460.42
4517287,5086136,10586,3,125.05
4517782,1630419,12624,1,415.25
4526269,7084178,6648,2,453.43
4528646,4606235,14125,4,427.5
4530604,4386483,18771,4,198.91
4530864,725031,3168,1,322.1
4532095,2614983,16300,4,327.18
4532556,2802555,19075,5,497.5
4532749,3799424,8065,4,193.02
4533168,1485566,6288,4,329.73
4535056,3865323,13879,2,362.59
4535110,3938380,2160,1,202.61
4540056,444487,17621,4,448.03
4541062,1020261,5315,4,275.43
4541522,5154145,6177,3,126.23
4541979,4482012,5535,4,293.2
4545535,460388,3628,3,457.15
4547961,3476424,1634,1,179.28
4549962,7106029,3530,2,80.89
4552153,5865532,6078,5,8.71
4552330,5547073,9877,1,202.74
4554651,3904154,13359,1,64.74
4557052,5503754,12036,5,242.71
4557184,1726612,11439,4,133.13
4557334,7104879,16662,5,344.89
4557455,3814701,4491,3,252.18
4559598,7680023,5857,5,170.17
4561482,1175728,17920,5,426.63
4562145,2009496,7454,5,269.38
4563402,4497868,18484,2,122.1
4568159,4731693,1441,3,194.19
4568624,2561813,19506,3,414.23
4570066,7757375,17070,2,349.98
4570073,3550789,4433,3,494.3
4572614,5056444,7866,1,325.02
4573881,5972813,12775,1,445.3
4578507,4569433,15692,1,292.25
4580760,4712846,13504,1,131.83
4584084,801098,1045,3,276.65
4584634,4315525,14498,2,78.53
4585067,1269511,9907,4,139.11
4585893,7359700,13761,1,371.53
4586785,5446457,2779,2,331.77
4589995,7024066,435,5,102.16
4590523,2370963,5794,4,243.38
4590539,7813161,19926,3,177.65
4592868,6921558,12092,4,102.05
4593719,5256322,18421,4,436.83
4595820,6977411,19592,2,88.67
4599037,5652712,626,2,53.09
4600844,6838279,18455,5,492.39
4601388,1208034,11320,2,412.7
4601779,2660877,9780,3,246.54
4603097,1312044,463,4,225.11
4603405,320453,10948,4,326.02
4604573,7913448,11086,4,242.63
4605736,6238784,8348,5,157.93
4608425,3417640,18036,4,171.87
4610082,3917652,12001,5,386.33
4617044,3152016,2470,2,124.53
4619545,5923221,17846,1,345.04
4621417,3178914,8637,1,391.24
4624202,4618551,4389,2,202.13
4624526,1323261,12184,5,73.42
4624687,6280462,7849,3,280.21
4626577,3861983,13589,2,173.41
4627963,2240669,11908,4,161.6
4629322,6687368,13866,2,455.78
4630486,3388242,19530,3,206.68
4632016,6381254,10086,5,382.69
4632857,2360905,7829,2,72.13
4636598,6679731,3648,4,414.19
4637492,1547136,19543,5,407.68
4638253,4892102,9402,4,222.84
4640278,2764327,17783,1,20.45
4640729,2995741,8707,1,189.78
4642200,5651142,7286,3,168.21
4646284,3906253,8317,2,461.55
4648398,6697466,17323,1,239.33
4648441,3621901,9370,1,217.02
4648633,1073867,2441,4,281.63
4650808,4558447,12848,2,435.77
4651569,1276759,9383,2,330.46
4653900,1197384,11620,3,236.24
4656312,2006703,16217,1,215.73
4657427,1598431,9977,1,174.68
4657556,1209757,17740,5,412.14
4660900,2549186,10798,2,105.36
4664734,6896188,5151,3,233.14
4668517,3264520,3584,3,374.87
4669337,1349902,19256,1,221.91
4669381,6609099,8613,4,290.4
4669759,1046747,9477,4,228.32
4670922,7837931,19317,1,62.39
4671442,4495359,4572,3,280.72
4672018,5121464,9483,3,330.11
4673789,2680102,18044,1,392.23
4681709,2031703,6226,1,371.23
4686432,1737566,647,5,490.35
4687085,1606666,1179,2,180.47
4688765,5996673,18704,1,484.25
4688992,5978164,13508,3,401.3
4689619,7560372,18069,5,18.87
4689739,7962106,9996,4,288.76
4689784,996734,17722,5,35.6
4690924,5754132,12542,1,430.79
4691428,3036485,14662,3,498.33
4694068,430796,11243,3,484.43
4696112,1762944,6926,5,448.19
4696888,6272715,5906,2,286.26
4697299,7466738,18070,4,258.24
4697891,4043930,11443,4,487.93
4699255,6764768,1509,3,162.1
4699913,4053083,4150,4,39.45
4700522,555203,19658,3,326.49
4701137,3801145,11831,4,387.58
4701388,5818771,4574,1,405.65
4701717,6642125,650,1,438.52
4704500,4851323,18458,2,81.16
4705576,3052839,9013,5,308.4
4708076,6664123,9383,3,330.46
4710388,4638533,14420,1,94.78
4714183,6946467,5686,3,478.48
4716533,158351,632,1,292.19
4716853,1920332,2605,3,453.54
4722267,6977411,4003,2,142.51
4725022,3711212,3390,5,145.39
4725450,73599,16089,2,459.38
4728456,1151908,11467,2,173.76
4733129,630096,2488,5,398.23
4734024,3774013,2173,3,465.44
4734743,7946406,19659,4,479.12
4737012,3352808,15481,2,80.92
4740673,2689889,17314,1,253.23
4741472,4425065,14623,5,370.96
4742793,6191041,9968,3,194.44
4744879,3147447,8499,2,359.61
4746204,5504068,13870,5,352.95
4747473,2484256,9557,4,343.56
4748152,565750,16062,5,155.75
4748208,592802,2189,1,177.97
4753624,1425881,1968,1,59.94
4760109,1634537,8575,2,252.19
4762757,6115747,3183,3,363.41
4766629,7856910,8302,1,341.15
4772205,6904288,5998,3,11.26
4774276,5639892,7641,2,61.89
4774776,7941497,13682,1,313.73
4774930,6758631,2019,4,347.28
4775454,1312044,16497,1,351.32
4776941,3876809,10248,4,154.21
4777723,2573826,11360,3,68.11
4778986,4241882,13978,3,172.49
4779023,2948180,19049,2,166.6
4779482,1140991,4588,4,78.72
4783800,5271566,7643,2,301.62
4785049,1228609,13066,1,487.37
4785279,7894220,12311,1,61.04
4786150,7695444,11203,3,216.34
4794245,7953413,17223,1,428.36
4794409,6119934,6859,2,370.42
4794733,2092325,793,5,162.63
4795204,1694678,6307,1,260.91
4798321,2734307,15531,1,485.48
4798807,6625739,2798,4,341.45
4800588,1066162,10685,2,235.87
4801027,1259157,7974,2,236.97
4801498,2701138,2587,5,48.16
4803375,4306369,7940,5,219.96
4805865,5268390,8606,1,193.5
4806050,472864,19904,5,189.19
4808395,4127279,12388,2,17.46
4808685,6602059,10706,3,38.59
4809373,6610847,3886,5,430.87
4810798,2685647,19677,2,320.74
4811174,4857406,3445,5,82.51
4814084,7823699,13743,2,450.64
4814254,4004230,13181,2,114.36
4816351,6762712,2394,2,140.69
4817521,1333130,2836,4,314.88
4818809,4351361,11561,3,169.53
4819452,7060802,18066,4,423.48
4820209,3322764,8174,2,435.31
4820368,6815381,9923,3,419.36
4827732,1547653,11411,1,499.69
4828713,4743335,11806,1,359.11
4829232,6262639,19569,3,336.82
4829352,545244,12283,3,192.55
4831235,5206916,8567,5,181.08
4835180,968293,15216,5,91.35
4835666,5753637,16605,3,85.69
4838318,2382904,18041,5,354.94
4840997,2514111,7444,4,44.92
4842018,460388,671,5,37.03
4842374,1230145,16460,1,203.17
4842834,4429737,11777,1,243.92
4842982,4032681,5889,1,419.93
4843686,7338962,10379,1,21.45
4844035,3970193,12238,1,259.52
4844766,7241972,14529,1,444.71
4845081,290809,14482,2,481.93
4848223,6032908,1948,5,102.42
4849947,1264273,2983,5,341.37
4851123,4879023,12081,5,212.92
4855917,5958314,3016,3,75.87
4858118,6921467,7354,3,15.12
4859558,6996514,18704,2,484.25
4864157,6306155,3351,3,416.61
4864738,2202622,3260,4,249.02
4865563,5524083,10085,4,416.42
4867068,2258886,15474,1,486.34
4869497,1290501,7425,5,270.59
4871260,5547073,19841,2,217.32
4871575,2789923,6036,4,180.61
4876192,4332233,668,2,480.18
4879005,1119227,5829,1,88.62
4881348,2780706,8440,1,354.97
4882681,2814946,2602,2,12.55
4884417,1797538,13912,1,283.07
4884783,6670748,3492,4,11.8
4886059,7061878,2743,4,319.67
4886285,2891442,7228,3,423.27
4895390,2848317,19035,1,52.21
4896473,4451265,4638,4,390.56
4896861,3854831,2058,5,64.37
4899168,4407393,360,1,421.14
4899344,1565166,8613,2,290.4
4899361,2280964,14639,1,191.41
4901351,7279390,15742,2,305.63
4903003,1023562,6296,3,377.76
4903673,599866,10815,5,206.29
4904464,6177952,11791,5,387.56
4905096,6109542,3515,2,454.77
4906275,546829,9090,1,41.81
4911335,6290262,10350,4,214.55
4913210,7330095,10669,1,153.53
4920956,500550,10988,1,254.34
4925379,3062305,1460,2,303.46
4926062,4114133,15228,5,472.02
4926719,5249879,10342,2,137.81
4929820,4796959,14474,1,351.43
4930482,2965187,15013,2,83.05
4932627,3895493,14714,3,447.11
4932940,7352322,3679,5,328.52
4933483,6615100,10573,5,191.73
4936184,539820,6851,4,379.1
4936477,7921947,727,1,357.63
4939086,6432308,19863,5,319.11
4943769,2123019,17973,5,179.82
4946100,3915390,17869,5,320.2
4946309,163500,3275,1,110.28
4949211,1151908,7778,2,273.11
4949583,1548573,19706,2,230.07
4949626,2226450,3477,5,419.18
4949646,282415,18878,4,154.31
4955179,7032179,11299,3,425.93
4956120,4022610,2097,3,8.36
4957164,6469727,1239,2,113.03
4958240,3205368,17184,3,32.95
4961416,1157612,9838,1,285.46
4962173,5323853,16399,5,263.04
4962382,3621901,17203,1,19.53
4967735,1034622,10708,5,383.12
4969496,7240642,8899,3,108.83
4970814,5913349,9666,3,444.51
4971353,3000398,19644,5,141.44
4971639,7143400,5051,1,82.03
4972402,7592209,13955,5,52.09
4974382,4575651,10768,3,220.84
4974981,7471938,7927,3,291.83
4976928,3408199,10149,3,436.16
4977367,750634,6732,1,244.29
4978112,6010136,7263,4,432.96
4978851,5560257,8690,4,299.86
4979210,2828518,15854,5,181.85
4979379,4569433,10561,5,332.5
4979656,7902686,1487,5,85.88
4981928,4562739,225,4,479.77
4982596,5972646,5806,5,25.1
4983019,6341392,14923,3,369.73
4983717,481693,5316,3,26.64
4985555,186643,13547,2,301.02
4986232,673932,4548,3,129.98
4987721,6811058,302,5,257.37
4988184,2962186,17512,2,159.64
4991414,5091988,16851,1,423.59
4993549,3608243,37,1,119.22
4994671,1910228,19836,3,66.46
4995911,1209702,16412,3,90.88
5000943,1188154,18054,2,363.28
5002324,3190707,1652,5,479.58
5004638,7279903,19307,3,474.32
5005615,17918,18752,3,64.76
5010312,2565255,6249,1,458.47
5011666,987781,12567,2,12.62
5012202,4124371,14807,3,443.38
5013287,6982311,5289,5,198.31
5013787,5653371,1805,2,478.27
5017985,4916436,5550,1,126.57
5018419,4079772,10839,5,316.97
5020032,5871491,3045,1,364.77
5021317,3532075,18695,4,362.62
5021689,3719235,125,1,458.09
5023878,4515347,11459,5,158.37
5023997,7824617,6305,4,14.3
5027695,2377655,414,1,205.39
5029952,4911987,7603,3,269.43
5029959,3584535,14664,1,443.46
5032382,277783,17253,2,364.69
5033694,3742057,8707,3,189.78
5034668,5820392,1884,5,428.28
5036098,5601453,4597,1,205.63
5037665,5276760,7661,4,7.46
5040606,2858465,1750,3,154.07
5040772,2162865,9599,3,450.85
5041216,5100572,9961,4,83.84
5041809,5507951,15526,1,293.27
5042689,3959317,7906,1,113.48
5047393,752151,8581,5,31.83
5050062,6219333,2363,5,339.48
5052177,2036961,14925,2,220.11
5053101,7226488,4796,2,332.61
5053261,176030,8764,4,234.13
5054990,7503135,16633,5,126.8
5057106,7152558,17093,4,42.97
5057144,7846082,7726,3,301.51
5057941,346486,11364,4,192.07
5059945,6930052,5602,1,493.01
5061620,2457839,11226,4,244.87
5062295,1850817,13986,5,155.13
5063350,4956780,16185,2,493.38
5063492,7005545,6339,5,427.23
5064457,2078497,8653,2,348.13
5065119,621474,10851,3,140.55
5066352,6227279,15692,4,292.25
5067919,4621859,1120,4,456.58
5071904,7315302,18888,2,156.1
5072128,6058892,14710,5,433.43
5074728,2741355,13566,5,186.55
5077738,816925,12757,2,16.06
5078008,5844491,17038,5,289.18
5079243,7070202,15673,4,11.46
5080577,2167194,12677,2,49.38
5082279,7668084,2326,1,428.98
5083463,2659558,5184,4,381.47
5084811,6012069,13771,3,169.89
5085076,5890477,13184,4,185.78
5094100,5661775,12710,2,50.11
5095340,2321514,14014,2,34.85
5097978,5533129,19985,1,322.79
5099979,1537089,12737,3,292.54
5100275,337733,2945,3,120.14
5100281,7719853,12467,4,383.55
5104814,2082381,12639,1,17.84
5105245,2514111,6602,5,169.42
5106479,1887798,16312,2,428.47
5107318,4013950,3041,3,67.18
5107710,344614,11430,2,77.74
5108813,7251934,16772,2,143.11
5109157,1447838,10928,2,311.14
5114161,284445,19371,2,345.08
5114309,7453576,5578,4,408.43
5115028,1242923,18196,3,279.71
5115065,6281156,18574,5,90.55
5115898,580018,8764,2,234.13
5120661,1349573,15995,1,140.27
5121138,6047536,1131,3,11.2
5121958,2247190,19531,4,197.68
5125180,2697185,7330,3,294.9
5126250,2031917,16696,5,364.44
5128987,6951274,1055,2,70.33
5129319,344530,19961,2,11.28
5130427,5410389,10411,3,355.83
5132996,7511949,12477,4,463.87
5133628,5972626,9783,1,454.0
5137243,7460716,11335,3,254.47
5137348,4904464,1953,5,141.32
5138761,7460716,14417,3,284.71
5139909,4558447,8944,4,69.24
5141278,4546546,6566,2,247.16
5141791,3093241,1306,5,481.77
5142695,5292411,26,2,351.39
5144121,2666972,15871,4,201.21
5148276,4321484,12519,1,347.6
5156538,3990106,12277,4,328.27
5158456,6723272,3560,2,142.22
5160546,6733466,11070,4,221.84
5160552,3730658,1965,3,298.01
5162083,1086237,2278,4,247.3
5163747,38697,10496,2,315.67
5165828,2304288,2967,2,245.3
5165929,3017035,7786,1,487.52
5166482,2500092,8059,4,93.52
5167015,1846168,19881,3,133.94
5167540,3860814,9559,3,498.5
5169312,5396223,2095,1,50.28
5169989,4279516,15596,5,192.72
5171704,1337435,16584,5,261.45
5171768,622483,19281,5,445.04
5172049,5337049,19422,1,418.9
5176952,7748213,6485,1,460.3
5178852,646306,3102,4,98.05
5179420,4916436,17099,5,158.12
5180941,4521251,13106,5,383.09
5181749,7295294,3217,1,204.3
5181985,1336805,14758,4,103.31
5186626,5662531,5200,3,347.48
5186668,5721184,9953,5,107.92
5187085,4596685,8166,4,485.62
5187472,827085,7263,2,432.96
5190366,7017390,18034,5,336.81
5190467,4187367,17896,1,407.43
5191771,827085,14910,5,344.29
5195791,2566244,8297,4,83.34
5195841,6887221,16499,5,402.06
5200793,1682774,4435,1,45.32
5207363,1276720,12208,5,381.87
5208564,5305677,19797,5,194.86
5212389,5750022,10810,4,474.92
5215658,2398088,16609,4,199.0
5216980,2346139,377,2,357.78
5218687,7622036,12114,3,376.95
5219560,3897566,2705,4,226.55
5221924,7001946,11762,1,223.07
5222358,5753637,4608,3,369.47
5222977,5636399,1867,5,351.43
5224432,3415567,2050,1,450.99
5226989,531160,1881,3,25.81
5228230,289101,7642,5,259.59
5229778,30363,5686,4,478.48
5232374,5814864,10515,3,160.09
5235724,4351361,17101,1,354.71
5236445,7823749,2813,5,288.96
5237226,4889744,9370,3,217.02
5239982,2827611,5608,2,496.93
5241204,6716421,16466,5,235.91
5244074,4406190,6497,1,484.75
5244305,2252049,1111,2,435.65
5246390,6998708,19096,5,409.48
5246739,1299442,878,5,211.47
5247965,546829,1269,1,171.54
5248880,7785990,7760,1,209.84
5250068,5923221,10284,4,11.48
5250925,5693109,12457,3,275.67
5254620,1512815,15530,5,453.14
5254846,1403318,6758,1,459.47
5257375,708693,9519,4,364.53
5257499,6469727,17883,2,44.82
5262245,5683379,12924,2,440.23
5262975,5503393,4625,3,382.71
5264038,7383634,11565,2,446.05
5268221,2081602,10689,2,465.8
5270253,7222206,7810,4,419.62
5270465,1150939,9902,5,269.39
5271145,2771232,11763,1,150.06
5271908,2749124,2919,3,353.1
5274407,5997132,27,5,336.82
5283003,4077121,16899,5,301.2
5289324,5401787,19035,3,52.21
5292217,3802255,16785,1,153.32
5292444,3322764,9508,4,240.54
5293392,4068431,4676,2,312.72
5298321,2598285,1171,3,53.5
5298945,4843330,15593,4,310.13
5300424,7026625,15920,1,373.93
5300458,3407323,14365,1,253.82
5300978,3970193,6756,5,445.05
5301917,6464224,11858,2,242.74
5301996,1232807,14521,4,318.87
5302959,4576187,16582,5,176.58
5303304,3775861,7183,4,400.99
5304902,2265143,14041,3,455.11
5305410,6709451,929,5,31.3
5306428,2082381,11455,5,194.82
5308854,4231791,9273,4,489.13
5309700,2734307,15886,4,435.39
5317361,3990106,284,3,212.94
5318384,4629525,3536,5,252.92
5319300,3461550,17854,3,329.68
5319593,5713445,15655,3,291.5
5321141,4978840,5606,5,442.02
5322913,2154843,6655,3,271.03
5327199,957558,6969,1,287.82
5328568,920156,18826,4,252.32
5328769,671993,8462,1,205.92
5328922,3242551,11266,2,315.09
5329177,1420402,1095,4,169.34
5329210,5562957,19527,2,59.79
5329756,3393511,14555,1,217.55
5330225,3020149,16320,1,147.27
5330563,3684516,18729,5,35.91
5331051,1887106,686,1,90.69
5331840,5192833,7438,4,40.09
5334904,5276760,14448,4,18.64
5336097,3738789,4419,3,204.25
5337648,3572093,10944,4,231.79
5338826,6449010,16942,3,463.43
5340874,228234,17829,2,124.27
5342496,5361243,17540,2,24.78
5342962,7432923,10046,2,467.02
5348542,6227279,13124,1,251.48
5348565,3384344,3248,4,278.55
5348742,1760906,3574,5,410.84
5349159,2995741,1673,4,299.66
5349562,3105129,8398,4,247.07
5350350,359696,1227,3,52.07
5350601,3025454,7315,4,252.5
5350841,5466497,16373,3,458.79
5351152,4889744,10643,5,434.35
5353085,5252984,226,4,184.12
5354019,636979,13537,1,85.82
5355298,1464798,5463,2,262.67
5355763,1248497,7013,5,210.68
5355773,1975594,14465,2,92.66
5357335,7084566,13116,2,356.95
5357363,794555,9212,2,53.45
5357630,2228182,1838,3,433.57
5360854,5072725,2672,4,182.17
5361150,5201312,16014,4,429.32
5361475,4624335,18045,3,450.59
5361696,5142281,11280,5,248.49
5362769,460487,18121,4,217.38
5363975,899512,986,1,226.39
5365414,6211971,16273,2,411.65
5366889,3970193,1614,1,163.2
5368433,2767974,90,5,156.8
5372086,837089,14259,1,389.26
5372767,6039552,9350,5,70.32
5373913,4111013,461,2,450.22
5374450,1829226,4492,4,480.17
5376753,4229936,17585,2,24.69
5377085,2119567,6597,4,261.81
5377453,7569525,16291,4,416.53
5377527,1963455,15731,5,476.72
5379716,4799958,16854,2,215.94
5381196,1046279,4427,5,433.45
5381211,2891194,2147,5,236.89
5381388,6571019,3706,3,69.99
5382980,6401633,7525,3,67.58
5384096,6719178,4530,5,125.19
5386557,6445659,15807,2,307.58
5386766,5243331,2878,1,101.22
5388620,1682400,15254,5,315.38
5391083,2547372,11024,4,279.96
5392427,7607613,4171,4,374.27
5394087,5282632,8823,3,73.21
5395614,7731997,12034,4,245.54
5396768,5802471,8068,4,271.13
5400418,565750,15835,3,332.41
5407084,877215,6410,3,68.05
5408448,5538902,6232,5,187.16
5410857,7600276,9128,3,181.54
5414630,7084255,860,4,359.94
5415788,1509110,7457,2,83.89
5415909,2759527,16593,1,133.64
5416519,1880798,12300,3,481.31
5419497,3730858,13792,3,71.23
5419557,7631817,15479,1,444.74
5420184,25377,357,5,398.62
5421580,7681815,5847,2,437.93
5426752,7549771,4910,2,332.82
5428091,3927995,16431,4,177.9
5428599,6373717,8266,4,88.04
5430159,2636413,375,5,343.28
5431635,4845765,13546,4,376.52
5431784,1149192,10253,4,481.02
5433843,856550,17718,2,39.86
5436046,4919254,424,4,157.34
5437987,2020124,2877,1,408.22
5445830,500793,12219,4,359.49
5446206,3974886,17599,5,140.68
5446358,5737144,2089,5,430.0
5448963,2454494,18475,5,223.61
5450588,6987131,6539,3,458.94
5451817,6819998,3074,4,265.16
5455951,1112097,6549,3,249.1
5463975,4053083,8897,1,340.62
5466260,6280462,3492,3,11.8
5466954,3616125,5042,4,153.43
5468274,5591587,7483,1,177.36
5468848,6368071,3549,3,300.14
5469380,1071492,9966,4,177.18
5471118,1887798,10414,3,466.76
5471571,6261884,4168,5,18.94
5471882,489128,2233,1,182.14
5476354,1910228,14581,5,399.7
5480771,3699783,12934,3,414.21
5482661,5335146,17660,2,246.78
5483405,5369133,465,4,342.2
5483951,1363819,6174,3,484.05
5484728,7784910,17563,1,194.03
5486431,4116243,18652,3,286.62
5490282,240016,3016,3,75.87
5490705,3551598,9606,5,21.51
5492108,7445386,3318,5,483.73
5493502,129481,4230,2,48.69
5493536,5286099,17788,2,389.55
5493637,5275422,12476,4,438.79
5494275,7097143,17484,5,199.34
5494734,4187076,18317,1,214.24
5495574,1719463,5363,2,447.04
5496409,3234269,17389,4,331.92
5497646,5443754,14694,4,327.79
5499428,6619271,19565,2,210.52
5499756,7486274,4669,5,463.88
5501936,6480300,2222,3,79.33
5504304,2280964,1483,3,309.48
5504661,5287021,11527,4,303.78
5506868,181580,6083,2,384.25
5507690,6144582,13538,5,259.7
5508137,4300505,57,5,457.97
5509141,4477350,1649,2,333.65
5510780,6747511,1742,1,217.25
5510902,4880308,3198,1,54.19
5516248,1249381,10929,2,182.64
5516679,7311666,2703,5,30.13
5517946,7226274,12788,2,172.99
5519425,6398372,712,5,82.55
5520043,1345160,7109,2,389.33
5520600,624384,9548,1,113.91
5521617,5774547,9438,5,214.27
5526603,6051187,12767,5,427.01
5527802,7366181,11126,5,335.17
5528329,4016069,16820,3,24.45
5530481,1745434,10088,3,239.49
5533929,1086237,4351,2,102.21
5534001,6873930,18119,4,287.81
5534621,1839247,12700,3,177.1
5534792,1994943,8917,5,8.25
5537503,1625839,16798,1,128.01
5539366,688426,13415,1,54.02
5539529,5076393,17002,1,490.23
5539689,6459805,7391,1,131.36
5541215,7145558,13959,5,259.46
5542175,4332233,13698,1,443.52
5542223,2474833,19301,2,412.83
5542341,5871491,12909,3,487.55
5543248,1858718,15061,5,491.47
5544597,6020892,11895,1,485.29
5549435,5826951,16882,1,206.18
5550623,3380551,5376,4,287.81
5553808,7144773,3757,2,336.54
5557385,493702,12017,3,47.19
5558368,2086453,12239,1,83.72
5558386,6762712,9676,4,353.2
5558889,5776709,12746,1,304.77
5559109,7784031,9318,5,483.11
5561596,5339694,8914,5,436.71
5562734,6721359,7497,4,380.53
5563077,5978692,227,3,113.71
5564116,1264273,14265,5,464.29
5564560,5028940,2111,1,293.23
5566494,7813161,9068,5,281.02
5566614,690052,1925,1,127.83
5567183,6972029,15492,2,106.3
5567896,2883127,54,1,485.4
5569551,3146186,3458,1,463.63
5572190,6232400,10214,4,260.39
5575998,5955084,13608,4,446.16
5577259,225839,11369,4,291.93
5577602,6453566,7594,1,495.2
5579891,926785,990,4,460.0
5584750,7656076,15719,1,465.87
5585941,7338962,12292,3,298.31
5587414,4244571,11800,3,210.75
5590433,7837416,13307,5,23.99
5592747,2854324,17862,5,200.74
5593177,6819998,12665,4,255.23
5594732,7622036,2845,5,173.69
5596597,6183226,16127,3,25.24
5598715,7475136,14729,4,428.53
5600486,1082778,15170,3,465.49
5601311,7520166,756,1,243.78
5601614,1061783,7188,1,270.59
5609367,482898,5593,3,250.5
5610899,5607995,9594,1,59.87
5614700,6466348,12132,1,116.96
5615750,1968885,5881,5,279.35
5617625,5529030,13552,3,441.47
5617689,5402291,10028,2,185.22
5618112,1061783,19529,1,119.95
5618348,4346314,7242,4,342.78
5619284,3106953,4679,3,236.35
5620176,3467670,6890,3,292.33
5620696,6364324,7908,3,380.89
5621087,6241649,15969,5,428.13
5622159,6664123,5807,5,235.05
5624210,568896,16109,4,463.39
5625338,6534749,12455,3,312.39
5626041,6944555,14976,4,370.22
5626398,4510328,9229,3,489.12
5629191,2383646,11738,3,76.67
5629207,3826834,6663,1,365.14
5629800,2086453,3864,5,306.68
5633130,1519496,14323,5,150.68
5633981,3593270,14270,2,198.8
5638121,5675963,2236,4,177.54
5639031,5007706,15735,2,305.04
5641174,2973679,17683,2,98.14
5648010,7836076,3933,2,258.7
5650134,1324543,17872,1,138.5
5652695,2998600,29,2,192.6
5654420,7631253,4598,2,257.04
5657203,2307441,15311,2,166.53
5660339,6723955,15346,1,446.7
5666755,3621901,17211,2,122.28
5667135,4079657,12152,4,434.96
5670081,1283678,5241,1,164.66
5670379,7575001,11924,2,376.65
5671759,1207999,4786,2,199.59
5672801,481693,36,2,339.19
5672985,2392820,16485,4,482.64
5673396,2306965,19886,4,380.61
5678207,4009159,16752,2,381.95
5679613,1343542,9158,1,395.62
5679625,6626041,2691,1,460.48
5681760,3523945,16683,3,167.33
5683344,5811118,7905,5,450.96
5685587,6227251,16010,2,127.37
5688018,5388177,19253,5,305.47
5688019,479503,8709,5,486.66
5692615,6282723,16310,2,492.53
5693214,4061531,11214,3,440.44
5694314,5309210,19012,4,195.23
5696386,796622,2712,3,304.11
5698202,6792753,7780,2,280.41
5705366,1427227,3097,1,404.39
5705888,3274553,12127,5,356.39
5707172,7948726,19209,5,285.64
5707293,5062560,16399,3,263.04
5713546,6127359,6669,3,280.06
5713969,2868690,3196,4,118.11
5715136,5437477,6632,1,488.96
5715248,3181700,17968,5,14.04
5715684,2974540,13917,1,455.66
5717074,1976657,19667,3,336.51
5717496,6981896,7281,1,327.39
5718897,6262639,7762,5,77.66
5721718,1324543,11746,4,82.25
5722720,7301687,4975,5,294.65
5723590,456717,823,1,163.65
5724113,7821223,8644,2,325.62
5729783,5774547,2294,1,240.55
5730128,1547136,19820,3,384.4
5733660,7005545,5284,1,244.79
5734368,7358260,8110,4,302.53
5736316,5093661,3866,5,182.31
5736677,1896532,18540,2,53.87
5737948,2878641,9002,2,104.73
5739063,5827529,18306,3,194.31
5739255,5887332,17532,2,116.48
5739917,4861599,553,5,127.95
5749742,4172834,7741,3,469.58
5749881,5300328,14135,4,378.1
5750298,7108452,7314,4,427.64
5758637,7097143,8496,4,309.16
5759807,1682526,4472,5,435.48
5761528,3182165,17823,1,380.98
5764572,1634537,7670,1,183.47
5766706,205604,7073,1,19.97
5768446,5730778,11565,2,446.05
5772786,3795092,18973,3,439.53
5773255,7821223,4561,2,175.18
5774140,3152823,2880,5,333.6
5775795,4196955,18682,1,221.69
5777387,6257328,13711,4,208.83
5777844,2138011,11841,2,444.36
5777847,6127581,1359,1,28.41
5780336,6972029,18796,5,456.09
5783761,7327264,7861,3,178.66
5784965,4265430,17464,2,253.83
5787483,3626733,19523,5,145.56
5788225,7527495,18138,4,239.0
5789964,7202224,10766,5,109.97
5791107,836869,19196,3,213.51
5792488,4310919,13692,5,305.78
5795427,5948565,6565,5,104.16
5796343,391788,16565,1,19.27
5796835,17581,8570,3,451.59
5796913,2411875,14007,2,126.18
5799891,5148750,17381,2,475.86
5802421,5844491,12337,1,151.3
5802670,6449803,17524,3,463.81
5803443,2910226,12327,5,376.18
5804672,3078990,9246,2,218.1
5806175,479503,2071,5,389.74
5807905,1047941,7215,3,205.92
5809311,157551,18551,1,36.35
5809742,2614644,15332,4,78.97
5810478,6407765,5508,3,127.89
5811456,4162263,19340,3,272.84
5814647,4553894,17979,2,448.44
5815211,2622126,19661,3,436.61
5816526,90229,7725,5,182.94
5820916,7116160,16730,2,464.33
5825742,4890458,1471,3,340.38
5826714,3077052,3688,1,71.53
5828151,1736571,3447,2,366.58
5828458,5776709,4475,3,447.55
5828680,6733971,1237,4,54.93
5833211,5107766,5666,2,86.86
5833978,5563412,18192,2,350.07
5835789,5764033,17967,4,450.85
5837093,2729749,13512,1,338.74
5837401,7524060,8838,3,15.29
5837681,3179916,16252,1,370.35
5837905,2863946,12421,4,394.78
5839401,7017390,8374,3,128.0
5841441,4014310,9460,5,372.32
5843212,543685,15351,4,40.96
5844126,3286255,18222,5,174.99
5848051,431117,14043,5,91.91
5848145,6873930,12872,2,226.39
5849181,4366180,7595,4,209.3
5851017,2055877,482,2,253.16
5852318,2713434,9478,1,169.99
5852847,7041278,6649,4,68.03
5854627,7468769,18740,1,90.09
5856005,1437858,4762,3,254.89
5860818,5310347,3579,3,124.94
5862960,6466348,10058,1,164.82
5863966,5940028,16238,1,279.9
5864181,6739874,19273,4,298.09
5865396,2903929,1443,1,305.1
5865549,5423051,9691,4,14.12
5866042,1127392,10620,3,180.78
5867182,2654616,11031,1,146.86
5870235,2945745,10538,3,32.6
5871644,5458618,6934,5,448.16
5876396,5298343,3356,5,351.83
5876759,2740501,883,2,427.75
5877010,2255230,3571,2,303.03
5877532,5661967,15185,1,20.93
5878016,2023166,3918,1,24.64
5878332,7933540,15465,2,339.87
5879232,7622036,8571,2,315.64
5880460,403675,15616,1,363.82
5881081,5142349,7761,2,425.31
5883329,7275342,1807,1,231.43
5888135,4981286,1984,1,350.19
5888341,4988172,11150,2,432.99
5888533,209219,4648,2,297.08
5888960,2196246,4980,2,108.69
5889401,854622,174,5,442.93
5893977,1325799,6493,5,144.38
5896023,2435377,12716,3,429.37
5897744,2727327,4635,3,489.57
5898507,2664590,10366,5,445.94
5898632,4140513,9277,1,370.43
5898833,5882774,7389,2,430.83
5899343,4522698,6870,4,349.39
5900423,3968164,10366,3,445.94
5900761,2381839,2079,4,419.66
5902757,2376826,17404,5,169.06
5908971,6956868,7613,3,277.05
5909498,4011345,12162,1,260.35
5910628,5731273,5286,3,7.62
5911780,4138726,15647,4,130.6
5912037,682730,19403,4,336.82
5912854,1125692,19564,4,15.15
5913949,5825333,8882,1,457.0
5916869,3155657,13375,4,392.54
5920014,6417916,4494,3,299.81
5923756,5103480,8296,2,488.42
5924334,2685174,6177,1,126.23
5924833,7956953,14356,3,107.14
5925633,7152558,3289,4,67.89
5926230,5221784,19782,1,98.69
5928139,2359104,17261,5,149.05
5932132,5030297,8323,3,360.36
5932220,5819670,6556,3,83.59
5933235,6875174,10207,5,480.23
5934892,3711802,9570,3,416.76
5935755,7500260,10447,2,179.71
5939367,1086877,4269,1,390.21
5939369,1250836,14483,3,119.27
5940266,5540104,9996,3,288.76
5945691,2023097,1473,5,365.39
5945893,7076883,7199,1,189.5
5946816,6452837,19205,3,251.42
5949662,358725,13570,4,57.11
5949968,6127581,18159,5,463.07
5950117,6270074,17823,3,380.98
5952413,4149758,220,5,48.43
5952931,4988172,511,5,437.5
5955618,5920955,7978,3,337.28
5956017,1383734,10470,2,328.06
5956035,456717,14279,2,425.23
5957287,5044332,11153,1,15.4
5957535,3422726,7898,2,435.44
5958059,2450180,4481,2,388.89
5958730,1540065,1463,3,384.13
5959103,1393509,12618,1,109.9
5961065,6012069,16517,1,45.29
5962870,1746550,15605,3,48.07
5963341,5582944,14449,1,288.27
5964462,7222803,4326,2,496.08
5965365,5065163,11492,3,54.96
5971946,6444460,6323,5,437.87
5972174,5736067,10111,4,495.6
5972417,6642125,9393,4,329.82
5975314,7785349,14540,4,362.08
5977130,958290,5024,4,146.8
5979739,7569525,3742,2,408.25
5980280,2702111,14692,1,231.47
5983878,1925365,19606,5,487.56
5984207,7440185,35,3,320.73
5984420,7658489,10588,5,265.05
5985284,6156135,11181,2,397.72
5985537,2028996,17083,2,308.77
5990116,7873839,12438,2,414.85
5990311,7662261,17,1,65.91
5995446,5778494,13385,3,359.33
5999897,2462040,14868,1,73.8
6000541,5207295,18367,3,336.94
6003382,7809414,19176,3,40.65
6004057,6976884,6608,3,186.63
6004445,6216985,13315,4,393.16
6005273,7222206,7070,1,80.5
6006396,3461550,14845,1,258.05
6008502,165813,11658,1,280.68
6010178,2508111,9362,1,318.85
6010361,7330560,3089,4,258.24
6011730,2689310,19762,4,88.29
6011874,3820954,16569,5,242.09
6013625,816544,17667,5,41.75
6013977,6044912,10275,1,362.1
6017766,2645873,3763,1,474.14
6020629,7084255,3514,3,134.7
6020756,1535089,1089,3,42.2
6027969,5683956,2297,1,382.97
6030931,7107465,77,5,43.68
6031415,7485480,10591,5,359.2
6033216,3696499,5468,3,96.09
6034429,4045560,18116,1,261.73
6034935,836411,1957,3,394.68
6036093,7338962,15367,5,365.6
6038474,2995741,4884,1,409.13
6039717,2312826,14969,4,183.32
6039837,7632690,5611,2,34.73
6047864,3861983,955,3,410.53
6050536,559428,16131,4,307.8
6051334,1294337,2486,1,40.12
6052657,3625701,3915,2,116.15
6053489,1020099,15016,1,18.02
6054946,725031,11155,2,135.48
6058326,2649237,13767,5,142.42
6058414,6290563,10752,5,60.96
6059240,5912245,4230,5,48.69
6059749,1724342,6828,3,408.07
6061554,1933002,4004,2,90.41
6062596,5444801,11399,3,340.65
6062622,7656076,7813,5,422.19
6063952,5876248,7469,3,264.31
6064052,1104049,7136,5,187.48
6064191,7778384,11159,4,379.55
6064864,3390205,12870,4,297.13
6066012,3209849,1853,4,307.72
6066634,1998485,17734,5,257.03
6069200,1498313,1258,1,121.16
6070370,5086271,6040,4,460.74
6071021,4121094,9498,4,181.53
6072650,918583,6088,3,295.43
6073112,836411,13895,2,395.36
6074195,4591817,7513,2,384.98
6074332,7744156,1916,4,238.08
6074935,3862256,11362,3,306.36
6077166,3595619,3381,2,97.6
6077734,3096812,14437,4,126.76
6080877,3876809,12637,3,38.78
6080909,6981896,2161,5,318.94
6081030,1170188,11161,2,241.5
6084225,2767974,4593,1,373.95
6087007,7658489,11049,5,13.72
6087108,6066960,15658,4,233.95
6087907,912686,8080,5,365.25
6092979,7451714,14652,5,165.6
6093128,3218835,4923,1,344.71
6095397,267703,5849,4,48.48
6096911,5169114,6492,2,153.92
6097148,2771232,12878,4,76.55
6098752,1251727,3461,3,400.19
6101303,5457878,4657,4,145.08
6101447,2432881,3556,2,150.26
6101464,5307460,6111,5,181.37
6102166,3847717,8820,3,227.45
6102686,3200423,9736,5,238.74
6103766,442818,9312,2,177.78
6104731,3931482,9957,1,313.06
6104816,1995244,1254,4,497.36
6105274,7748419,19507,4,389.27
6107782,4549555,18908,2,150.88
6109739,3314896,15646,3,475.1
6113236,7275596,18241,3,431.33
6118168,4294107,949,1,10.04
6119216,1207475,15051,2,180.73
6119673,3628526,13058,1,495.57
6120207,2543751,8677,5,376.09
6123267,4335711,18255,1,247.27
6123708,3903274,15992,1,231.89
6124803,6826986,7395,1,472.98
6127596,767722,15602,4,136.15
6133625,1082778,7453,3,483.62
6135796,20092,9486,4,448.74
6135861,6248798,8812,2,82.34
6142887,2171744,2403,3,304.09
6146272,114906,8057,2,307.69
6150242,5361243,9436,5,191.56
6150813,304243,11748,4,20.92
6152130,4140513,5366,3,290.35
6152588,5513232,14816,1,22.47
6152944,1393013,7338,1,126.61
6153298,7143400,16180,5,303.55
6153418,7234089,18413,2,40.39
6154436,2544053,9463,1,52.18
6155720,990650,1401,1,307.8
6156089,366196,3020,4,440.38
6156129,3990042,2885,4,301.63
6156605,2478876,17699,2,284.4
6156877,6986976,7689,2,181.21
6158657,4237710,2400,4,374.57
6158708,7251934,18131,4,15.51
6159506,3498143,6591,1,258.89
6163033,2898589,5344,5,89.49
6164318,5323853,636,3,419.08
6165852,3576428,18700,2,471.78
6166981,185284,6870,4,349.39
6169312,4067129,5775,4,252.8
6169869,3016028,17872,5,138.5
6173267,7112846,13451,3,196.67
6181120,7887959,11817,3,265.35
6183133,2033942,18735,4,102.3
6184507,2184840,2066,5,122.96
6186768,690052,2161,3,318.94
6186779,7422971,7442,3,322.61
6187235,1372218,4126,2,77.48
6188747,1518503,5075,4,41.76
6189205,7796198,2121,4,330.82
6190513,3027759,4188,2,296.85
6191165,476174,14404,2,175.9
6193230,1985845,2334,1,421.9
6193382,5680488,19702,3,214.62
6194001,6875174,8064,4,423.65
6196372,1571790,18201,1,331.99
6197531,3312663,4104,4,110.44
6197793,6432663,6139,1,350.98
6198833,3126556,11718,5,464.42
6200428,1896532,13217,3,189.52
6201388,3742057,16133,2,432.03
6202115,4990984,8249,5,22.83
6203131,108968,18212,1,263.68
6203572,6282747,11894,1,24.94
6203702,4063273,19558,3,409.13
6204846,953728,18910,5,427.49
6205177,6320192,15607,1,347.15
6205380,6886592,8552,4,37.59
6205875,7247326,7458,4,13.64
6205894,4547316,1479,2,300.11
6206220,3300749,4196,1,264.49
6206673,1221232,10123,2,114.62
6206926,7915572,11064,2,118.36
6209440,3936272,15079,2,374.23
6210136,3611796,4461,4,399.38
6213759,7229176,10739,1,326.86
6216070,719644,1853,2,307.72
6218620,3371643,13211,2,488.75
6219674,5177139,1521,2,391.49
6221805,6598102,18255,1,247.27
6222020,5369133,1205,4,220.1
6223592,359468,1617,2,489.32
6223740,5441075,12925,1,175.22
6226482,5086136,10373,3,164.14
6232884,1900051,1502,4,122.47
6234170,679069,13386,1,89.01
6235005,6075779,14140,2,186.19
6236440,6045013,2393,4,160.16
6236918,5766857,5452,1,296.21
6237216,7505128,118,1,290.25
6237368,6051187,11700,1,195.34
6241293,1380384,7887,5,376.11
6247601,7527811,19459,4,462.79
6249498,7108452,6104,4,153.36
6249981,7803739,2454,3,352.0
6254088,2281522,14454,2,241.64
6256846,390250,17498,2,495.3
6257811,2321794,14730,1,190.79
6258835,7742356,10401,3,159.41
6259025,1991612,1396,2,378.77
6259450,5423051,10923,5,298.87
6262522,2749864,9232,3,233.45
6264304,129205,16989,4,225.76
6265712,167523,18769,3,141.0
6267908,3211335,13769,4,67.41
6268435,359468,1702,2,252.12
6268459,7031870,18730,4,490.52
6269900,7894037,174,2,442.93
6271494,3100141,7023,4,461.56
6271502,441798,13563,5,9.42
6271800,2321794,8783,5,136.23
6273831,369206,9036,2,133.3
6276085,6114706,2653,3,64.91
6277404,747293,11982,2,431.27
6278796,3627149,14672,1,73.77
6280397,3936272,12158,1,495.78
6282518,1988752,8435,4,324.07
6285322,2409341,14949,2,283.16
6286449,243182,6258,4,333.96
6286876,384759,7756,1,456.26
6289464,3466014,13663,5,171.72
6293309,6059802,3268,2,57.87
6293490,3249496,7182,5,452.15
6298462,7510346,15910,3,85.81
6304323,364096,272,1,340.66
6305099,64747,3324,2,353.72
6305677,6220785,13969,5,27.95
6306288,2381839,10147,1,102.84
6306446,6473371,15573,1,403.39
6307452,5076632,17658,3,150.62
6307809,5940028,7385,4,185.26
6309786,1603548,18589,2,26.14
6310029,2808139,4211,1,174.37
6311865,1634790,16965,4,73.9
6315364,7972359,2023,4,468.56
6315897,7934353,19334,4,164.37
6321239,1516721,13139,3,416.92
6322591,543685,11996,4,337.97
6322696,7419685,1864,3,394.78
6323496,1251727,16378,3,269.22
6324404,5148750,6682,4,248.47
6326661,1797538,5869,1,129.9
6329010,6453765,12272,1,459.54
6329535,2532372,12166,4,182.51
6329587,4934847,10336,1,387.48
6330578,6755949,13450,2,136.75
6330797,6956868,5847,3,437.93
6331460,4913490,19651,5,417.7
6333500,1251421,12282,2,191.48
6347190,6356120,8215,1,56.05
6347650,4674093,246,3,106.42
6348473,4137604,11081,4,130.52
6349895,1925365,9476,1,149.15
6350289,481693,15011,1,417.1
6351371,2189123,6009,4,429.94
6351412,3100353,9861,5,399.64
6352284,3946230,582,4,12.57
6353664,5216461,12629,2,313.43
6354302,3642738,10948,3,326.02
6354571,2965922,9854,1,354.36
6355145,4622064,4386,4,233.15
6355476,432162,12813,1,267.56
6358817,3859368,8877,4,39.04
6359289,1277760,14159,1,211.68
6360505,6370609,9246,4,218.1
6360624,6642239,11982,3,431.27
6361000,4870377,3199,2,28.71
6362762,2334201,15327,1,41.47
6362971,6318614,16986,5,285.56
6363833,5275422,1214,1,36.29
6364058,3537867,12297,1,371.89
6364340,2342723,14850,3,15.68
6367610,429820,2745,1,219.91
6367852,1380384,13774,2,159.05
6369283,6318614,5543,5,490.11
6370701,3114411,15893,1,22.91
6371591,7293352,5923,4,422.96
6371914,5319807,17269,4,296.43
6374321,7332055,12026,3,245.37
6374911,6312241,9900,3,79.23
6377969,2994566,5805,3,66.19
6380925,4875974,12844,1,56.27
6382305,3807806,10492,4,317.52
6382310,5300328,5902,4,159.71
6383151,3296067,14037,5,143.63
6383878,5601453,9546,5,64.12
6386520,3209849,1752,2,394.21
6388244,6887701,15584,3,394.11
6391057,5076393,5536,4,132.29
6392316,6536478,6192,1,231.01
6393657,5446552,11383,2,337.03
6396533,1909905,14725,3,239.41
6400169,5310501,2212,1,110.37
6402066,559428,4527,5,338.17
6402828,6626204,18628,4,131.89
6402961,6662128,288,1,234.4
6404096,7349544,19139,3,387.38
6406812,589023,4789,3,25.43
6408803,913476,46,3,196.65
6409098,936030,12066,3,321.97
6414129,283833,11537,2,18.45
6417668,5636804,6010,1,474.77
6418058,7113668,10173,4,27.27
6419538,344614,16,4,152.27
6420638,4121094,9312,3,177.78
6425317,5795802,18556,1,173.95
6426700,3390475,17324,2,403.82
6428306,3548440,6602,5,169.42
6429608,3865269,4667,1,332.78
6429936,4913463,9882,3,324.15
6430221,3017035,7506,1,69.31
6430892,7873679,13733,1,232.76
6431780,243646,18670,1,183.75
6435493,5503393,15733,2,22.65
6435572,7151768,8884,4,19.22
6439310,1457080,2277,5,356.85
6439429,2866869,14112,2,99.33
6440903,732939,6869,4,199.62
6442424,2294221,19638,5,126.02
6442654,571433,10252,3,92.79
6446419,1427227,4955,5,384.55
6447128,1861392,18353,4,204.96
6449520,2228182,4504,1,254.35
6450548,7404288,4995,5,205.24
6453853,1418616,10513,2,127.2
6455467,1438725,2660,5,210.95
6455971,340769,13043,5,279.84
6456642,6075779,10291,2,464.54
6457436,7104622,1298,1,351.47
6457439,5917017,1974,2,284.65
6461041,7101372,10232,5,89.9
6463863,7104879,10208,3,15.22
6463995,4626888,14003,4,133.44
6465344,4237710,12258,5,304.21
6466777,7245608,4168,3,18.94
6467234,2680427,4916,5,129.21
6469557,179747,11468,5,94.52
6470023,2331491,510,4,181.91
6470443,6840215,3659,2,119.56
6477329,2160192,5691,2,222.94
6477787,2227448,2290,2,71.81
6478292,6058892,18754,4,326.79
6481246,5662531,6212,5,58.49
6482571,1896532,7114,4,35.51
6484745,535558,16236,1,131.1
6485289,2862913,4784,2,488.3
6485585,1620314,10112,4,260.65
6485787,6996514,13489,3,465.56
6487830,4731693,15987,3,410.22
6487993,4421734,13138,3,131.54
6496233,969,19365,4,126.15
6498725,5458618,297,4,121.56
6500283,5803306,17349,3,295.23
6503630,3064790,603,2,165.16
6504543,2450636,8938,2,391.11
6504597,4935400,10657,5,337.86
6505164,2973679,11453,4,16.68
6505476,3409128,2505,1,102.98
6505756,1844173,798,2,401.79
6506059,2548282,5861,1,72.02
6507652,2474833,11769,4,243.66
6508065,4202094,1696,5,390.91
6508737,3032421,8285,1,447.57
6511706,4187699,10323,3,182.57
6512786,1493264,12046,5,395.97
6512933,1158881,15558,3,230.92
6519338,2196712,12192,1,135.68
6523000,34811,1365,3,470.48
6523276,1188154,6280,4,294.39
6523547,4040262,6821,3,309.13
6523645,7887959,15524,5,113.31
6524382,3815484,7935,4,182.67
6525081,4735255,17188,3,337.65
6525878,7398766,10115,5,229.61
6527803,3540580,17482,5,243.08
6532309,5560257,6789,1,106.92
6533029,4198087,9394,5,325.76
6533762,1591662,5191,1,201.25
6535528,5451433,5082,3,51.18
6536636,2033942,14755,3,271.41
6538417,5581204,5364,1,288.62
6538602,3549200,1238,2,294.59
6543885,4053083,11873,5,382.64
6544083,5775442,1688,2,494.88
6545907,860178,17985,2,345.02
6547148,1587931,11584,3,324.78
6548117,1306208,16243,4,296.75
6549752,372178,12934,4,414.21
6553548,2520570,18366,1,464.61
6555738,4477992,16535,4,288.34
6557690,5787158,17326,4,165.86
6558721,288614,13499,1,429.51
6561415,1082765,9596,1,338.56
6562830,7079507,1398,5,337.05
6562922,2104262,10622,1,88.66
6566799,4799958,11534,5,319.02
6576496,724354,2447,1,492.6
6576861,5915970,18337,1,331.28
6579961,1175728,2293,2,477.51
6580599,4723605,6640,5,345.94
6580630,6453583,6503,3,177.9
6585383,2645873,6789,3,106.92
6586275,7680023,7660,5,131.77
6587558,3845072,2430,2,400.81
6592384,6234413,2163,3,374.98
6593247,6467886,11776,4,196.74
6594116,4441522,3062,3,482.78
6595329,5047870,1134,3,203.52
6595886,5467447,16629,3,455.19
6596752,2994033,11272,1,196.67
6597612,1855099,8165,1,99.87
6598434,1736476,18667,1,240.29
6598931,7355200,6583,3,100.98
6599654,64747,18950,3,261.1
6600088,1321180,15612,1,193.76
6604120,7938468,3230,3,269.31
6607329,7873679,17070,5,349.98
6609573,7503933,19468,5,269.73
6611482,5536137,11799,2,421.58
6614819,77359,8704,5,435.38
6616794,693131,806,5,399.21
6617072,1082765,19161,3,218.33
6617607,1488973,11055,4,199.8
6619523,5139211,174,5,442.93
6621482,268889,32,4,463.94
6622537,4043930,11313,4,485.41
6624023,5861693,6310,2,302.73
6624621,90229,10142,5,249.76
6625198,3873107,9729,4,99.05
6626956,4137878,5254,4,488.79
6627108,7870637,10266,2,457.75
6628169,1223310,1938,4,485.16
6629881,3159175,12474,5,37.33
6631705,6503775,13384,5,285.9
6632831,5847589,15017,5,481.14
6634393,5940028,11901,4,143.79
6634643,4962472,19476,2,259.35
6635827,6838279,13837,1,207.26
6637527,5882774,2135,3,30.31
6637949,2109636,546,4,196.62
6642352,3014852,15412,3,438.11
6643734,6584161,12081,4,212.92
6645866,190677,6024,5,498.4
6648169,4930722,7521,4,384.62
6651474,2252049,16065,2,489.58
6652515,996734,4983,1,69.37
6654079,5717449,11751,1,195.87
6655290,4164974,13102,2,225.57
6655669,1248497,6867,3,487.34
6656199,3679608,15602,3,136.15
6658299,1383734,17391,3,363.57
6658486,1116716,6673,4,403.84
6658664,885672,15660,1,490.6
6658949,3021472,12902,1,186.23
6660336,247854,15840,5,350.99
6660734,426616,18089,2,418.75
6663299,5986912,18702,5,243.42
6664605,2859967,237,5,438.69
6664606,4454688,266,3,316.62
6666930,791911,7345,5,371.29
6667986,7707569,3031,2,195.71
6670105,6602414,3127,3,254.9
6674187,3028251,7202,1,463.74
6675398,4558447,7945,5,20.85
6677026,5162439,12474,1,37.33
6677223,3996204,1827,5,200.45
6678047,1221203,2815,2,394.34
6678942,226149,19787,2,286.37
6682491,1737566,8772,1,16.37
6682848,1395222,18644,3,389.16
6682874,3999217,13247,1,164.35
6686561,4462382,1711,3,130.35
6687391,7614095,4826,5,458.62
6689459,3262355,794,2,326.06
6692236,3104086,8018,3,146.75
6692419,6127581,126,5,8.23
6693894,6512042,17582,4,276.28
6696141,5418626,8826,2,304.64
6696208,2558,6155,3,283.18
6699154,5457083,15769,5,349.25
6699298,3343581,17920,3,426.63
6700420,1279489,18194,4,39.99
6700562,5582944,5425,3,283.28
6700638,1288211,58,2,212.32
6701226,6670746,8796,1,270.24
6701980,3363755,1037,2,15.97
6703527,1188154,15989,2,318.54
6707981,6343979,6799,4,169.6
6708363,1216903,18856,3,287.53
6709946,3159591,18767,3,354.11
6714935,575158,2062,1,26.78
6716086,2059232,4358,4,369.53
6717139,6341392,10437,3,351.64
6717165,1957583,19888,2,463.34
6717822,2960593,819,4,382.26
6722284,3626733,5266,3,251.92
6724075,1391944,5993,5,33.15
6724226,2110725,2925,3,495.92
6724511,1267515,929,1,31.3
6724876,3422726,8484,5,448.18
6724962,2983475,10483,4,499.21
6727052,3027759,4126,5,77.48
6729903,6656804,4076,3,251.14
6732575,694384,18041,2,354.94
6733531,6467886,3280,1,307.03
6742782,3277698,2173,5,465.44
6744613,2665574,143,4,17.41
6744870,1738764,174,2,442.93
6745097,358725,17554,1,225.43
6747491,3684516,2048,1,123.98
6748620,5570147,1650,3,473.41
6750600,160917,14289,5,132.11
6752416,6462978,12954,1,286.74
6752640,4521251,16868,5,26.3
6752761,2695805,16649,5,352.4
6752852,1883774,14359,2,312.72
6753815,6680464,6277,2,460.48
6756270,1208034,10048,2,197.01
6757814,5188926,655,4,293.56
6758044,635738,1809,2,119.72
6758045,5200182,9986,4,477.16
6761262,1436087,11114,5,347.26
6761510,2769734,14138,2,423.65
6762378,6951106,13026,1,374.89
6762681,2327313,6686,2,493.4
6767069,7118286,3019,2,154.16
6768632,2010171,17640,4,488.78
6772237,5117930,6859,3,370.42
6773535,4092179,18073,4,429.94
6774697,4270636,5695,1,443.96
6778603,3602830,15484,3,187.46
6779184,3990042,9543,3,134.65
6780479,2675861,2677,5,404.21
6780568,1013285,13416,5,42.97
6782266,4607738,2766,5,359.43
6783137,324374,12162,5,260.35
6783158,1738764,7988,2,362.55
6783497,3014344,8033,3,142.17
6784683,1349902,4767,5,105.09
6784924,6982311,13519,2,498.51
6785793,1877968,1648,4,166.24
6789036,2729749,3396,3,387.89
6790481,102401,11939,5,370.6
6790928,4220251,2059,5,62.69
6792315,3501511,9313,3,92.94
6793840,2883127,19643,3,439.1
6793981,7427412,11257,3,327.4
6799162,7707190,15365,3,336.35
6799191,3201901,12853,4,322.16
6799666,4566243,10992,5,183.82
6800249,4219900,17172,2,323.43
6800532,4977853,11,3,79.13
6800917,169923,3071,1,92.04
6802801,4870377,19523,1,145.56
6807347,1627128,13848,2,410.77
6814086,5338920,9672,4,480.13
6815224,2058541,332,1,473.24
6815521,4196955,9596,5,338.56
6818150,2084980,3119,5,478.65
6818897,2739414,9758,1,130.53
6819680,3074171,5127,3,202.15
6820801,3160131,6008,3,442.72
6821472,5338920,15213,2,427.17
6821949,4273929,7992,2,95.45
6822901,2939337,19474,3,348.1
6827098,1071881,9049,3,8.67
6827199,2262137,2252,4,57.3
6827879,6019208,489,4,319.04
6828700,6493780,8604,5,198.82
6828834,1814020,19899,5,293.88
6831170,4522914,12734,2,491.85
6834025,2719747,17648,1,14.48
6835309,6603603,1769,2,467.88
6835400,3074171,458,3,169.07
6836081,2382904,4976,2,115.61
6836729,3671005,19848,1,445.78
6837228,2072437,11090,3,391.78
6837303,4704741,7175,3,8.44
6838636,4497868,17785,2,192.4
6838781,4694735,11589,3,79.2
6839110,5504068,3791,4,284.01
6845911,7148119,18249,4,416.46
6846034,5993028,6976,2,191.07
6846779,3904154,15933,1,125.37
6847204,2290942,10360,1,74.67
6847482,6381254,18673,3,254.42
6848145,7355200,14181,3,121.01
6849376,1125317,9198,1,83.25
6852270,1244211,13526,1,467.85
6853074,4758568,2602,5,12.55
6853126,5081241,7357,4,464.53
6856398,6855485,13924,5,351.98
6859438,7734421,10535,5,404.02
6860394,2406723,19556,1,284.02
6860734,6576773,10088,3,239.49
6861454,4263435,6359,2,345.11
6863584,5813969,10923,1,298.87
6864760,1336805,4780,2,16.28
6869158,6279359,13521,1,385.11
6869183,5098610,12489,5,97.47
6877166,682388,15293,2,184.39
6879520,2777106,5488,3,360.73
6882263,7208556,17543,4,271.03
6884412,1707671,16941,4,42.83
6884517,5362200,1265,2,46.09
6885045,2469758,13474,5,76.88
6885193,3684574,11144,2,187.95
6887106,2949563,17857,5,374.13
6887473,5437098,11255,5,293.24
6889930,7511303,2499,5,83.51
6893569,5972813,16734,3,22.53
6894588,4934847,18332,4,325.08
6896647,4056114,5172,4,321.68
6896753,7084178,411,4,306.75
6900387,334500,8221,5,206.28
6902390,6036359,9718,5,150.25
6907512,6243216,18650,4,222.89
6908598,5000034,11235,5,187.95
6909153,5913349,17,5,65.91
6910165,424064,8690,2,299.86
6911329,4763239,7159,5,85.02
6911477,73953,12447,2,60.13
6911789,2697185,14827,1,93.18
6912665,5506375,15515,1,37.9
6913510,2606269,9080,3,101.8
6915349,2189123,13432,1,454.11
6915474,1571790,4781,3,181.28
6916716,7818521,15631,5,274.57
6917224,2008062,3400,2,125.73
6921333,752151,16214,3,112.7
6924123,3077775,5189,4,128.19
6924531,1136012,18176,4,329.93
6928192,1437858,10137,3,440.2
6928319,559428,15643,1,219.57
6928713,7094463,4939,5,304.71
6929272,673932,10105,2,94.54
6929571,1659182,17646,5,408.14
6929830,4589553,5925,4,22.95
6931766,5490059,3417,3,311.61
6932064,3258922,11857,3,401.9
6933742,2850422,793,5,162.63
6933953,3147092,4096,3,388.63
6934041,7352322,847,1,218.89
6935889,401810,14104,4,64.23
6936261,6089785,1065,1,174.92
6942038,641914,14547,4,19.86
6942141,688237,8665,3,416.43
6943828,7620686,12352,3,265.47
6944001,3280479,12263,5,220.54
6945695,7878159,11926,2,313.5
6946895,1180434,1423,3,334.85
6948669,2782743,17439,1,59.12
6949182,3590053,13656,5,24.42
6949930,4193444,10406,1,319.0
6950393,7812993,7530,4,309.21
6952884,7462921,6187,1,372.64
6955041,3860814,16571,5,308.83
6959903,5104358,13229,3,413.17
6960142,5403447,6300,3,319.39
6961977,5593899,2837,2,461.85
6963428,6133183,18160,4,159.17
6966316,7740418,1586,1,209.1
6966784,512593,14749,1,59.66
6966811,6272715,16085,2,128.05
6968004,4502224,7082,2,83.92
6968501,6914654,14889,4,42.56
6968854,1656487,3934,1,85.22
6972700,1396784,7009,5,89.61
6973714,7921947,16103,3,122.37
6984070,3954145,17278,5,286.69
6984760,5249489,6631,5,498.4
6988744,4474603,3121,3,134.08
6991774,5333015,6677,5,236.18
6995236,5148750,7460,4,476.02
6995362,1171526,14322,3,175.95
6995407,7350446,8040,1,17.3
6995698,6115747,3974,1,418.83
6996124,1991612,15015,3,175.19
6996443,2242468,2154,5,110.74
6997614,5713445,13173,1,211.53
6998359,1075643,18250,4,216.76
6998848,7091309,7885,1,230.75
7001869,7466738,9962,2,192.66
7005310,6924811,16387,1,471.86
7005413,5323417,17379,1,218.39
7006860,4680793,14221,3,216.21
7007233,6230883,7198,3,385.76
7007452,2883127,14881,3,198.9
7010069,2326263,12014,3,452.8
7011129,1091088,9564,4,499.35
7011481,1024212,4913,5,271.84
7017419,2578099,14653,2,357.37
7018674,6323933,7539,3,225.97
7020265,4440055,10973,2,234.2
7021789,1276720,16068,5,43.72
7022199,1221232,9141,5,362.92
7027598,2376938,18352,5,337.08
7033813,750634,5504,3,29.78
7037331,679722,11238,4,121.4
7039521,6474405,17526,4,87.63
7041797,228234,5041,1,491.45
7042499,7049955,4308,3,266.5
7042657,1171526,17674,1,18.2
7043175,3833692,9227,4,186.4
7043204,5641091,602,2,482.59
7044679,6124510,16891,3,320.97
7044793,2549192,14288,1,271.76
7047554,5032570,11712,2,419.66
7047661,90229,17223,4,428.36
7048395,2486277,18322,2,201.86
7048469,5166155,13483,1,458.27
7052415,2828518,4613,5,286.72
7054428,7588903,17468,2,243.81
7055188,7011623,6252,4,159.53
7056894,858749,19625,5,337.15
7057943,1010753,9991,5,367.37
7058069,752151,15017,4,481.14
7058959,5033915,3270,4,336.3
7060647,1280552,14653,3,357.37
7061277,5884075,6937,2,171.33
7061484,2435377,17052,3,132.38
7063189,3262892,19224,3,262.73
7065127,5594831,13015,4,96.27
7065193,7712986,1354,5,93.88
7071055,429820,5840,2,12.25
7073604,967513,17635,1,196.3
7074685,5868192,920,1,425.43
7075100,2167194,2081,1,35.9
7076796,2130915,15412,2,438.11
7078447,2033942,7455,2,269.17
7081029,5534460,19450,5,39.27
7081427,3419021,5352,4,286.43
7083714,1579336,12363,4,355.85
7083888,3211335,846,2,137.34
7084597,535558,5820,3,298.86
7085268,2055877,17571,1,249.14
7088185,4111013,4018,1,491.77
7090491,6560942,1619,3,309.92
7091192,6973403,11051,2,499.68
7094992,4363575,10277,2,496.26
7095353,1988752,13435,1,113.15
7095619,7714806,8295,2,131.26
7099112,836411,2412,5,258.19
7100385,3442716,7652,5,116.66
7100570,4574783,2827,2,453.9
7100824,7832781,5405,4,467.76
7100909,6689342,7449,4,66.58
7101145,760808,1913,1,281.4
7102341,3681671,13289,5,450.71
7104766,3360328,13833,5,269.4
7104796,3393511,10584,2,284.54
7105339,2868891,9084,2,469.82
7105702,7453576,14290,3,422.93
7106591,4105129,19565,4,210.52
7108352,2220587,19167,5,480.21
7111288,4005553,3645,1,114.59
7111677,7218073,8218,2,113.76
7113770,6469727,15116,2,449.56
7115153,2590671,12113,5,35.87
7115362,5697160,4406,1,492.76
7115685,7511949,2353,5,495.43
7117378,244717,10254,1,392.08
7118515,2268341,9370,2,217.02
7120301,4626888,4001,3,367.11
7122815,2031703,9950,2,246.23
7124842,7631817,4629,4,191.33
7125180,563319,17172,4,323.43
7127476,129977,12287,1,91.39
7129149,7275596,4566,5,437.62
7130833,1407794,3644,1,175.94
7132088,935296,16732,2,403.58
7132743,6468132,12255,4,42.24
7133917,3750179,17847,1,107.0
7135064,3155657,5476,5,175.61
7139881,5271566,1327,5,490.28
7141145,6678065,1041,3,476.57
7142231,7421328,1781,4,437.81
7143085,5952593,19237,1,268.62
7143745,4566243,2218,3,300.32
7145081,3031420,5732,3,188.05
7145731,3525172,3495,1,165.34
7146544,1020166,2157,4,81.48
7146708,7997439,10999,1,437.53
7146722,2290942,2263,1,365.91
7156096,1127097,15592,4,53.98
7157856,1024967,2596,2,190.96
7159589,4089437,18322,2,201.86
7161582,614827,9036,2,133.3
7162787,1684891,14763,4,302.45
7166057,6625739,13640,2,423.16
7167541,1190467,18400,5,87.8
7170281,1166140,19355,1,129.17
7174064,4140975,14635,3,393.15
7178057,4168664,15641,1,395.98
7178946,4665583,15508,2,60.01
7179222,367461,14925,4,220.11
7183896,3027759,17143,1,28.91
7184240,7082064,11304,5,150.95
7184531,4855101,14869,3,276.89
7185059,4901317,759,3,294.8
7189483,862308,8457,4,496.67
7189639,606809,2551,4,222.7
7191058,478084,16820,1,24.45
7191087,5537401,15792,1,435.88
7191110,2427114,8710,4,242.85
7192770,6089785,11895,2,485.29
7192875,619927,2750,2,292.39
7193918,91892,7763,1,477.02
7194269,2232361,600,2,104.03
7194369,4606675,3036,4,265.2
7195760,1682774,3618,4,8.77
7203759,5970436,17341,4,303.77
7208832,6023851,4888,3,309.78
7210755,6318614,18430,5,342.02
7213777,2132211,11159,1,379.55
7213921,6476605,6408,5,102.61
7214002,401810,16429,3,258.82
7215594,5076632,10457,1,255.29
7217063,5460643,17665,4,52.32
7217999,3550087,14509,4,364.85
7218566,6754796,5236,2,425.6
7218593,252901,7438,5,40.09
7218786,6901165,13215,4,128.59
7219219,7419685,18522,4,82.43
7219620,7555407,12569,3,416.79
7220611,2450636,9985,3,23.27
7220995,5346822,6979,2,348.8
7222394,2680942,4342,5,305.46
7226343,1100598,11804,4,33.25
7226432,6281238,8781,4,479.51
7228475,2044622,15089,5,461.78
7228492,3807806,6503,1,177.9
7228955,3859368,16643,4,177.83
7229477,7744156,16824,2,183.24
7231069,5978164,17676,4,214.4
7233866,5636804,11004,3,125.48
7236026,7956953,2647,5,116.5
7236935,3887951,13528,1,76.11
7240219,4275608,10869,5,444.83
7242076,1321806,7598,2,435.08
7243314,2686642,15342,4,70.86
7243836,1995244,3600,3,145.05
7245625,4571195,12245,5,473.85
7250766,2922774,5188,3,347.65
7253154,87824,3034,4,279.29
7257059,5617042,5712,2,61.73
7258776,4937194,4125,2,42.54
7258783,4895780,14685,3,227.46
7259015,751416,7771,2,45.96
7259706,1905911,1605,4,412.02
7260506,7578885,9574,1,309.12
7260893,2750744,4319,3,225.36
7261512,2853185,18073,1,429.94
7262979,4185651,17729,4,204.71
7264822,5033915,13499,2,429.51
7266020,7040044,19345,4,432.07
7266271,5054399,4865,4,69.41
7266960,7247326,9575,5,250.75
7267192,1142435,11447,3,297.59
7267761,5113584,3965,5,209.18
7269558,589023,12155,2,131.42
7270391,6976884,15791,2,50.17
7275650,255991,7482,5,289.35
7275957,7202224,19509,4,40.75
7277247,7275342,9678,1,339.82
7279162,2547104,13562,4,258.09
7284143,1948,8894,2,323.52
7285807,5527316,11001,3,270.27
7285967,5859207,1920,4,174.36
7286219,1861392,10569,3,105.34
7286684,1726612,14901,1,272.54
7288802,1499623,12924,4,440.23
7288967,265502,6548,4,371.2
7294341,199196,12741,2,450.79
7295657,615324,3872,4,235.7
7297852,359468,3743,1,417.68
7300016,2280964,15698,4,275.75
7303842,5113584,16039,2,111.55
7306714,631372,3112,3,319.38
7311533,5890105,5821,3,330.11
7312503,2230657,8244,5,181.39
7312826,3730858,8613,3,290.4
7313522,1780615,12929,4,190.5
7313750,7322405,3104,3,51.19
7314971,3126556,8697,2,241.17
7315489,2058541,6009,1,429.94
7319283,1003058,1683,2,242.76
7320663,4199117,15939,2,195.9
7324276,7020270,6932,4,123.87
7329796,6254983,7616,1,14.9
7335263,4780713,10682,3,446.12
7335520,7908269,9225,4,297.75
7339029,7410580,18487,5,424.54
7339955,6323933,13438,5,170.33
7340478,3865676,5652,1,420.77
7341860,138639,15258,1,382.19
7345395,2816936,13667,3,106.83
7345900,1325799,2529,4,273.15
7351264,1692534,2037,3,95.35
7351808,1743490,19452,5,72.05
7354255,5744585,5496,2,455.21
7357059,5088174,10540,2,415.58
7361683,6281156,13579,2,390.01
7362510,6921452,11353,2,420.97
7363284,619927,3159,3,401.22
7363330,5778494,1950,5,149.45
7363744,358725,17301,1,102.68
7364504,6716421,10768,3,220.84
7365744,6545486,15233,2,292.04
7366852,1037956,5489,1,97.17
7368795,4423,2305,4,91.88
7369789,2227054,18853,1,230.82
7372924,993357,10864,2,394.75
7378981,3650736,11607,4,438.55
7382287,4206783,13876,5,342.28
7384065,7091309,7642,4,259.59
7384486,2736084,16591,1,445.32
7385769,7130975,3348,2,486.23
7388018,1957421,13072,5,416.11
7388916,4160357,7678,1,154.98
7389631,1372218,11531,2,240.02
7390087,5446457,14983,1,370.03
7390528,7708261,7274,5,258.86
7391158,2123277,19770,5,291.94
7392031,7173102,12952,4,294.13
7394899,3819399,16222,1,426.67
7395438,6456150,17967,2,450.85
7396134,6630757,246,2,106.42
7397223,2949753,2129,2,66.46
7398396,4482563,1047,2,290.13
7399890,4919028,13633,3,61.35
7402346,3671005,11438,2,367.33
7404648,6694596,18781,5,380.57
7404971,1105874,4455,4,381.18
7406977,2827611,1925,2,127.83
7407669,7060802,18659,2,309.84
7412620,7116160,9783,4,454.0
7412894,6687380,11094,4,25.91
7413767,4909334,3484,1,6.14
7414591,4746905,12891,4,231.59
7414961,1588477,7423,5,110.68
7417527,6025979,2411,4,485.47
7417853,4622064,13199,2,411.54
7418663,3911575,14549,3,172.55
7420469,148829,13678,1,318.54
7421693,2356635,2058,1,64.37
7421725,1221203,13670,4,16.5
7421861,7338962,15449,1,156.76
7424257,3063955,10984,3,261.48
7432648,7856607,5621,4,7.24
7433723,6253001,19067,4,88.8
7434917,1259847,9820,2,454.18
7435440,4726997,16101,4,69.01
7435489,2208649,17970,5,376.89
7436437,4411786,18136,5,153.47
7445965,3485098,11205,3,122.68
7451494,6887587,4439,2,38.88
7451836,3840708,8539,2,250.37
7453957,5169147,1885,3,129.51
7454863,4942184,17324,5,403.82
7454898,3606295,19723,3,293.66
7455050,6699720,6567,5,450.72
7455829,6684314,9931,2,355.23
7455962,7356562,6121,5,490.11
7457106,3280164,1500,4,71.32
7459833,6228306,14212,3,442.59
7460138,2995741,6684,3,317.67
7460702,4124302,12782,2,48.14
7463759,7375330,11894,1,24.94
7465571,3348932,13201,4,61.18
7466236,1119455,13355,2,400.82
7471411,6833936,10309,3,474.46
7472017,4759220,11265,2,249.36
7472576,6148504,10381,1,196.71
7473715,2223215,4978,1,472.09
7475231,7555407,5085,3,67.41
7478074,5805415,10023,3,190.42
7478295,7026625,12190,3,143.04
7478659,7097143,18937,5,234.09
7478909,184248,10374,2,219.74
7479494,6242177,5617,1,283.35
7481976,7060802,1118,4,8.46
7483199,7573648,18885,4,303.39
7484000,862854,13341,4,322.14
7484325,185284,2313,5,434.76
7484533,4281628,16620,1,126.96
7486625,7410580,13894,1,213.44
7487637,1561456,8339,4,435.89
7488826,2130640,10108,1,84.84
7490334,7683469,16641,2,468.15
7494604,4458759,11089,1,223.88
7499358,4458071,6754,2,181.45
7501484,1364853,570,1,284.76
7504049,7290630,3090,1,432.5
7504912,2750354,16184,1,244.29
7509520,7558153,13801,2,452.97
7511927,5443754,7898,2,435.44
7512105,5273606,413,1,473.71
7513701,5721311,15774,5,408.21
7514203,1742588,12242,2,160.88
7515236,342572,15361,4,40.16
7516065,1525859,427,2,192.46
7516991,430796,12713,3,396.79
7517899,1948,2029,5,173.85
7518220,2548282,2680,5,79.68
7519809,4429737,7106,4,71.93
7522144,6733971,12532,5,475.98
7523091,3366458,12115,3,72.36
7524078,2789923,1865,4,19.71
7526444,3736835,17561,3,453.39
7528779,2337730,4940,4,147.34
7530477,6656804,19712,4,463.87
7534721,7915572,17708,3,355.99
7538800,6687380,16145,3,338.73
7539212,5857615,390,3,369.15
7540687,6389988,12158,1,495.78
7540920,3199724,10106,1,409.79
7542574,5168532,2916,3,298.99
7544567,2320165,17775,2,374.35
7545763,5028397,19201,3,10.72
7549822,5308319,9317,1,105.35
7552462,7645397,3277,2,240.98
7552842,5273163,4644,2,138.99
7554528,2654315,5986,1,197.17
7555509,5882774,18554,1,345.06
7555637,1058051,10934,5,475.19
7557116,5139211,9856,4,269.97
7557481,7627456,13574,4,162.58
7558512,4043200,2152,3,116.24
7560184,3736835,17937,4,38.76
7563538,539820,1249,4,414.34
7563897,7670235,9438,5,214.27
7567801,599866,7381,2,330.29
7569610,2474418,5106,4,453.18
7569893,2864327,14309,1,77.65
7570987,1209702,6416,2,14.48
7575781,3935767,12733,3,136.58
7579711,518977,2489,1,100.16
7580338,7665212,7689,3,181.21
7582126,2501779,4369,2,58.76
7584298,1395222,13993,2,129.83
7585627,5823590,9203,5,336.75
7587929,5444801,9655,4,419.32
7589740,6233746,16318,1,354.69
7589797,6598102,17572,3,14.65
7592418,5030297,16596,2,321.09
7597740,4586401,3470,5,110.42
7599274,609722,18091,4,322.96
7605159,430796,6570,4,168.39
7605351,5748805,4087,4,385.03
7608803,6452837,15635,3,79.98
7611705,4409501,10155,1,423.16
7613172,7104879,19663,1,489.22
7613350,2994750,213,3,493.64
7614350,7510346,15437,3,277.58
7614428,5397774,15442,4,160.09
7614676,5077418,15851,5,225.53
7615641,5933131,16637,5,148.18
7615953,2987527,19777,2,153.85
7616793,3118449,18837,5,289.03
7622110,6845531,18581,4,64.95
7625825,1737566,1539,3,461.61
7626169,6296560,2717,2,449.04
7627501,1026634,6255,1,241.59
7627771,4043276,7986,3,138.54
7628075,6503371,16410,4,134.68
7628688,6038611,7368,1,241.41
7630669,4309674,4679,5,236.35
7632344,7451277,17177,5,225.59
7633309,1460675,3256,5,64.49
7634798,5143464,13423,3,59.41
7636085,7868650,11968,1,168.58
7636298,1325799,1350,3,235.66
7636329,5458618,16318,4,354.69
7637874,3742057,8498,4,344.67
7642618,565750,3037,2,247.75
7643376,6454432,19049,2,166.6
7644569,2474811,15488,5,445.16
7646590,1016919,15700,5,362.27
7654971,4624335,17947,2,424.31
7656205,2649657,18770,5,192.48
7656572,2974540,7586,3,270.8
7657896,1234650,18763,4,481.58
7658346,4892102,10242,5,34.91
7659114,5332999,8736,1,230.17
7661697,4215652,12028,4,74.01
7661985,3152089,1451,4,221.36
7662537,517621,8446,3,66.69
7662824,967909,854,4,238.57
7664037,367461,13819,2,343.44
7664411,3101075,8929,3,401.42
7664558,5500660,3897,5,249.85
7665301,361978,4290,5,239.14
7666735,1410278,6444,1,335.53
7666877,826140,14057,5,109.88
7666954,7695444,11377,2,155.39
7669125,2906925,6371,5,344.05
7671659,6503775,14686,2,439.21
7672249,3105129,12846,2,418.75
7673504,6571019,596,3,438.89
7674153,885850,1847,3,21.93
7676991,1994943,6242,1,84.02
7677755,3315566,16995,1,224.55
7678028,2886859,9278,5,352.75
7679934,6685192,11202,5,305.07
7680099,11126,7387,1,470.82
7682183,5445973,16764,4,193.75
7684261,4013950,15029,3,137.39
7684454,3160131,18835,1,194.14
7686182,1232807,3009,2,153.49
7686297,1844248,16610,2,80.31
7688307,7216141,4922,1,433.3
7690234,969,15734,4,141.45
7690507,3707263,19645,1,109.9
7690615,3625701,5317,2,143.46
7692906,6089785,15450,3,156.45
7693355,2759527,18783,1,356.15
7695366,836869,5572,2,423.53
7696018,7198882,17038,3,289.18
7696851,2983475,19916,2,101.2
7698452,4857406,14758,4,103.31
7698458,2153439,8791,2,233.17
7698610,3889753,17424,5,182.77
7698940,2346139,18109,4,20.7
7701500,6453937,5370,5,211.14
7703840,5991940,3370,3,28.95
7703863,382585,4143,2,344.86
7704285,6211971,6136,4,301.58
7705195,1900051,19649,4,33.78
7707748,5156818,9607,2,366.87
7708314,2227448,10783,5,39.91
7708634,108345,2571,2,281.77
7709005,6363129,7872,5,254.47
7711814,2878641,18236,3,70.03
7712914,1020261,10866,2,358.06
7714076,2184840,9897,4,81.25
7715155,3661995,2135,1,30.31
7717049,7004565,1724,2,175.73
7717187,4855101,9278,3,352.75
7717689,2701138,12993,3,157.88
7718671,6377939,828,4,78.39
7718870,391788,2805,4,379.71
7720075,626253,15416,5,203.67
7720268,6609099,18288,2,96.06
7721469,3456082,16847,4,82.16
7723120,6560942,2245,2,36.09
7723257,6977471,1652,3,479.58
7723480,3097008,750,1,267.81
7725618,5059421,18670,3,183.75
7726005,284445,12451,3,60.33
7727411,1334675,10306,5,148.58
7727887,255563,12672,5,485.38
7729076,1389106,12207,1,222.85
7730844,2700907,16407,3,419.82
7731353,6978022,3788,5,309.6
7733205,7337266,10223,2,297.61
7734409,3756712,15150,3,38.46
7734456,137359,13340,5,202.65
7735206,4491400,14404,4,175.9
7735762,2417590,7122,5,132.65
7738924,3628526,1412,4,123.51
7742535,4629525,18422,1,199.01
7743596,2828518,11783,2,329.09
7745274,2033942,13533,5,61.95
7747568,6484725,10569,5,105.34
7747968,4681812,17504,4,195.86
7749752,841494,7,5,200.95
7751243,2360905,8958,4,260.43
7755651,5129345,189,4,35.19
7759182,3134339,16282,5,361.07
7765768,5268390,13857,5,20.82
7767061,415355,12493,4,26.42
7770343,638883,5440,1,470.46
7770461,4385356,7481,4,208.44
7773214,4077067,11911,3,266.32
7778960,7613953,19302,3,53.7
7779199,5500660,5299,4,39.17
7779348,1503408,3404,3,450.49
7781877,7614717,15317,4,117.1
7782018,2949563,15752,3,80.15
7785720,3002314,12630,5,312.56
7786731,5803306,15209,3,485.19
7788907,5289699,15064,3,196.83
7789203,6186802,470,1,159.17
7792179,291623,12167,5,434.69
7795486,4990984,14038,5,29.46
7795977,5270318,11779,5,313.86
7796570,4670150,5739,4,122.04
7796793,5443139,19754,1,20.54
7797105,4247718,1474,5,454.41
7798498,7867331,17812,1,467.3
7801745,3813923,13647,5,421.41
7802423,818510,8086,5,292.65
7802829,5117930,7388,5,441.95
7802888,275816,8708,3,49.76
7802917,5308137,19894,5,163.8
7807513,379183,17800,1,74.12
7807997,4154944,5598,2,297.74
7808910,2396708,19549,3,330.57
7809974,2739414,16773,1,237.87
7810799,3347612,14526,5,490.79
7812769,4777984,11594,5,416.83
7813133,5668645,497,5,107.73
7814280,1105874,6883,5,268.15
7814293,2960606,16122,4,234.81
7817405,7909298,12299,2,343.38
7817652,6685192,13576,2,55.06
7817856,6211722,750,5,267.81
7818514,1113253,16798,3,128.01
7824029,7146293,14485,1,346.62
7827541,4198087,10843,5,321.07
7827601,6058892,5535,2,293.2
7829535,289101,14268,2,441.29
7830060,2160422,3106,1,276.57
7831103,5939953,17673,5,412.52
7832023,2458645,12840,5,150.97
7834993,728496,10062,3,28.0
7835217,3286255,7747,5,58.27
7835404,4535765,12212,1,468.56
7835712,6275808,6435,3,381.69
7835803,4138989,7010,1,295.39
7836099,2337730,8997,1,187.19
7836183,2377655,8524,2,47.47
7836488,3916649,7789,3,468.56
7839517,5593850,2159,4,290.79
7846747,5813262,410,1,138.02
7849935,6719178,5473,1,424.86
7855857,6599552,9376,5,171.72
7856908,5142281,10515,5,160.09
7857047,525293,15312,2,223.75
7859920,6484725,12333,1,332.04
7863175,1244211,5961,1,359.6
7864989,2191474,11472,2,303.39
7865264,6718322,355,4,9.83
7867115,17918,12333,4,332.04
7868825,3990106,9609,3,495.76
7869191,6801403,13752,4,231.82
7869825,4845765,7581,5,473.06
7874543,1397175,11306,4,170.48
7874598,5249489,7986,3,138.54
7876582,1024967,14589,2,195.25
7876716,7542091,1990,1,200.35
7876875,6525813,15753,3,249.68
7880246,760808,9504,4,359.97
7880815,2704047,7698,1,35.64
7884748,5816202,4896,5,129.99
7885263,4412454,5715,2,185.49
7885445,4622084,18024,2,284.23
7886365,6930052,838,3,127.66
7887293,1246938,12781,3,157.77
7887933,6180820,6706,1,297.83
7888863,3129644,3170,2,489.73
7889244,2634906,19857,3,295.58
7895844,4491400,18913,1,16.82
7896780,5308319,1308,4,207.65
7897207,4975616,4083,5,455.73
7898031,138639,8856,2,175.72
7901101,4426063,4879,2,352.76
7902167,6478647,19220,5,469.16
7904094,3736835,4796,2,332.61
7905046,3311935,19317,4,62.39
7905533,7908725,17947,5,424.31
7906195,4921241,8759,2,346.42
7906459,3208942,16155,5,233.81
7909558,567945,15110,3,117.02
7910945,6680464,3617,2,405.36
7911818,5513232,13302,4,101.46
7912944,1307565,6371,1,344.05
7913592,2341212,18070,1,258.24
7914198,4214129,19510,3,471.18
7915325,5370336,1286,3,48.98
7921464,6391432,18334,2,305.22
7927606,283567,17385,2,60.58
7930682,5894832,7928,5,240.69
7931340,7210952,5584,1,124.23
7931771,6238790,5564,4,228.59
7932177,4878250,18001,3,487.69
7934909,3842551,5800,2,137.93
7935005,2454494,8878,1,141.15
7936451,7707569,1385,2,172.79
7937496,6189272,425,5,158.09
7937539,7073116,7477,2,159.89
7940578,2379279,11783,4,329.09
7940937,4165250,4565,1,276.38
7942718,4746905,889,5,398.42
7942996,1161568,11140,3,182.49
7944122,3959361,7639,3,30.2
7944897,1418616,7683,5,134.16
7947188,2463350,14809,5,465.18
7948350,5015762,5759,1,412.46
7954350,6388564,13337,3,157.08
7954656,1738878,2186,5,359.74
7957893,5811118,8233,4,19.46
7957920,471087,16774,4,266.05
7960748,1170188,13679,5,278.06
7960997,6977471,16766,2,359.6
7962651,1778795,3118,5,479.33
7964839,3078990,328,3,259.75
7965550,6327789,13312,4,73.87
7965967,2859967,11396,4,263.87
7967060,7486274,10633,5,91.53
7967829,5712149,15613,5,406.92
7967901,7681815,18951,1,241.73
7968973,1040109,18501,4,176.24
7969419,4107419,1912,1,263.47
7971325,6464224,19726,5,381.53
7974575,1634790,3460,2,311.51
7976895,5243331,16198,1,487.07
7979636,6189272,18866,4,273.77
7980701,4333960,14322,5,175.95
7982235,3660190,9043,5,160.98
7983134,4275608,1213,5,381.25
7987100,276617,11677,1,172.02
7988571,5827722,5048,1,247.33
7989786,3463674,2825,3,444.53
7994094,5106791,9566,1,342.99
7996542,5996106,9625,2,97.15
7996773,3509078,1513,4,197.65
7999484,1233221,6275,5,277.75
8001394,486248,4313,5,256.42
8002770,3856180,17596,1,414.18
8003438,39407,16427,3,244.62
8005374,5698870,14382,2,33.25
8006347,2554016,6817,4,13.81
8008373,3661995,7201,2,370.13
8008946,4857406,12046,4,395.97
8009001,26019,12639,2,17.84
8010008,6202100,9120,1,199.16
8013611,2198655,10733,2,214.97
8013664,5025386,2991,1,363.53
8014302,6013484,3836,2,62.52
8016842,949300,5920,4,438.2
8017820,1456301,6689,5,114.05
8019317,1176969,11792,5,297.75
8020955,4193444,17110,3,302.81
8023463,858749,4206,1,246.35
8023988,1516209,16505,5,437.59
8025493,3031420,10111,3,495.6
8029262,4374811,3373,1,28.15
8030417,3684516,6220,5,245.18
8031328,1255456,4939,1,304.71
8034348,1290831,17297,1,61.89
8034623,4477992,7046,1,391.05
8035892,1632260,13262,1,272.83
8036079,885850,8744,1,476.94
8036781,4187699,6746,2,399.94
8037014,5721311,5055,1,46.3
8037837,4990984,14384,1,128.87
8038193,6547173,17906,2,35.67
8039235,2454639,16983,4,337.64
8040124,4140975,16808,5,127.14
8042571,5217847,14283,1,199.11
8042980,3719235,10237,5,499.33
8043018,995998,12267,3,238.43
8044472,6296560,14197,2,415.97
8044839,5444441,17856,1,359.66
8045581,1913877,5054,3,171.29
8046688,742333,11955,4,270.29
8046935,913476,8186,1,179.63
8049534,3286255,5232,3,111.04
8052425,85712,9669,1,148.28
8052808,3893608,6570,1,168.39
8052818,7537438,8618,2,27.88
8058812,4352123,2352,3,215.78
8059509,2994750,7682,1,363.99
8060679,779097,6969,2,287.82
8060896,1215024,71,1,34.35
8061010,4837719,10498,1,78.1
8061542,2198655,9882,2,324.15
8063049,215692,2809,2,252.27
8064590,4641255,4618,2,14.73
8065559,6227279,6212,4,58.49
8065614,4046657,9829,2,36.29
8068071,2044800,3699,4,442.01
8070011,6921558,16062,5,155.75
8071044,1665628,6087,3,125.34
8071977,1347175,6305,3,14.3
8072683,5102078,11722,5,338.03
8073782,6282723,6299,2,321.74
8073812,5080059,17409,3,200.83
8075063,6909245,395,1,302.21
8075583,5506370,15329,2,141.91
8076631,349824,2722,4,183.21
8078396,4516374,12379,3,416.87
8079864,4641435,18117,2,99.65
8080505,3272476,4048,1,319.02
8081152,7658332,8807,3,32.77
8082518,816426,7465,5,479.87
8089104,4598180,4592,4,298.27
8094922,7104879,1502,4,122.47
8094971,1125692,4290,1,239.14
8095890,5887332,2665,5,83.58
8104141,1071881,2549,2,440.07
8104284,5717449,10909,3,25.71
8105026,1442512,11474,5,442.93
8105668,5559171,9315,2,436.3
8106833,3965134,5068,1,23.14
8109389,3177165,11309,1,34.91
8111074,6758631,2770,2,169.56
8111104,498772,4243,1,434.52
8112523,3970193,3611,1,354.05
8112666,6124510,2138,4,180.75
8112781,407655,12790,4,86.13
8114093,7172940,4666,1,239.21
8114814,1113253,17485,5,337.68
8117315,4060981,11937,2,415.73
8117920,2561813,19494,1,209.44
8125056,2953682,14745,2,51.5
8125358,2689310,9538,3,58.58
8126050,2994033,3862,5,63.35
8127955,6008934,16589,4,47.24
8128974,195135,14471,2,381.31
8132990,4550890,7204,5,91.34
8133772,5023612,18247,3,365.13
8133795,4909334,18229,3,148.38
8135016,7967283,3152,4,393.65
8135871,6576773,1767,3,163.47
8136936,1665628,7994,2,40.06
8136995,322220,5464,2,275.55
8142961,6218692,15587,1,238.17
8143673,858749,16795,4,294.57
8146142,1634537,17724,3,60.23
8146392,3318745,17108,2,273.3
8148324,6887221,12702,5,268.59
8150768,4577802,1889,1,477.49
8152688,1140796,17645,5,315.11
8152762,7292653,7692,1,191.87
8152789,4606675,15965,2,330.93
8153057,3970193,11263,1,341.23
8153271,1046747,9235,3,74.1
8155175,352672,11552,3,45.93
8156398,3584535,8254,1,431.59
8157990,5767992,13247,2,164.35
8159644,385680,19916,4,101.2
8160348,4224643,18203,3,152.64
8160764,6417916,12095,3,421.62
8161814,5972853,10800,4,127.65
8163472,4823610,6265,3,54.22
8164323,729832,18910,1,427.49
8164792,7606381,1843,5,265.06
8165216,6148082,17273,2,94.54
8165560,7660519,15510,2,175.09
8168238,2172991,3220,1,73.26
8168823,4607902,1519,2,100.95
8171058,3937443,6401,5,316.19
8171802,3417640,3255,5,474.47
8172710,1815390,9640,5,210.21
8174794,75370,12420,3,462.32
8180559,5319807,13144,4,368.33
8185723,7885508,160,5,28.45
8188835,3101075,9885,3,436.35
8191110,3509414,19879,1,59.76
8193211,4300505,6407,2,110.74
8196968,2437394,6559,4,122.21
8202198,2685647,18544,5,193.64
8203791,3543695,17216,2,382.91
8204683,5624814,14994,5,237.55
8205674,1598431,9007,4,392.64
8207616,2356635,12095,1,421.62
8207828,1057512,6962,4,99.78
8208275,5459583,10099,5,149.63
8208622,7047698,7299,1,316.25
8208869,1702153,5437,4,403.52
8210042,4986645,5331,2,99.11
8214846,5978692,9298,4,363.52
8214941,638679,9858,4,250.93
8215750,2086453,8267,4,62.52
8216059,7719853,5629,5,5.75
8216448,243646,6899,3,379.29
8217127,2424629,1758,1,385.28
8217296,358260,19128,2,105.78
8220585,5953731,8318,4,150.9
8224238,5086136,7750,4,279.44
8229131,5196066,529,2,449.03
8229290,7441707,7906,3,113.48
8229738,3959317,19704,3,301.42
8230844,5076632,3044,3,291.42
8231020,3756945,1369,1,340.45
8231125,2186482,13146,2,236.44
8232730,7886845,12053,5,143.92
8240337,4753227,14868,2,73.8
8241254,2618598,18390,1,491.59
8242775,833596,14173,4,370.93
8244474,3297846,516,2,143.09
8247901,388007,17294,4,348.46
8248777,3408199,8903,3,77.91
8251596,5603888,11338,4,171.75
8251625,7397411,5945,4,56.82
8254426,3707263,11376,4,296.78
8254848,165813,2695,1,391.5
8256035,7202224,1321,2,155.17
8256265,6786992,5090,4,60.13
8261435,4866832,7454,5,269.38
8262274,1304428,1056,2,409.78
8263593,7950216,9911,4,286.24
8264928,4679631,4018,2,491.77
8266110,5100572,18154,2,123.73
8266474,1828920,8342,3,295.79
8270900,358725,16560,4,213.85
8273596,1535089,11334,5,46.09
8274488,199196,19577,2,131.32
8275097,5467447,3354,2,451.94
8275520,4823610,6072,4,233.3
8280909,2104262,6162,2,172.33
8281964,6536478,4413,1,273.72
8282157,5691030,3116,3,257.46
8282965,1920332,5106,3,453.18
8284288,7748213,7458,4,13.64
8284782,4168664,19360,4,346.64
8285796,7778384,3999,2,137.53
8286639,439622,5305,2,382.23
8287690,305735,10988,3,254.34
8288334,7592209,2635,4,184.41
8294940,6023372,6626,2,185.68
8297183,1024212,1446,3,426.27
8297483,2689310,3905,2,58.96
8299370,1773322,5237,4,434.94
8299430,7785990,6541,5,270.97
8305657,5702326,9247,5,280.42
8307782,3736835,16105,4,139.25
8311742,618408,5894,2,365.77
8312394,739926,19515,4,317.44
8313114,5593898,19212,4,187.67
8314403,11844,14759,1,119.77
8315190,3862256,12426,3,281.57
8316312,713128,850,4,75.47
8316705,6684139,3938,3,312.43
8317664,2247142,11592,4,171.08
8318621,5915776,16329,2,151.01
8321538,4826203,5011,1,172.68
8323975,2767974,19889,2,184.92
8326953,383592,4289,5,163.97
8328772,6082468,16183,2,124.87
8329401,5915970,8049,3,321.3
8329493,7534322,8131,2,47.61
8335762,5683956,8702,3,417.66
8335836,7602763,10224,5,11.51
8336283,6555409,72,3,75.39
8336686,5275422,18714,3,197.0
8336970,2707756,2857,3,484.46
8337827,5102528,10501,2,237.46
8343542,10001,8454,5,158.52
8345316,7912223,16088,5,45.17
8346163,1389755,3748,5,365.16
8347302,1665628,14189,2,327.22
8347545,7627456,15971,5,121.01
8347653,6838279,2449,1,21.83
8349426,1317770,19971,2,215.14
8353112,4496428,13216,4,206.39
8354328,708693,13159,2,65.36
8354398,5955084,4722,2,278.98
8361880,2578099,540,4,228.09
8366038,6871187,16449,5,58.27
8369666,2349072,15044,2,251.12
8374841,5817735,6649,2,68.03
8376176,3559486,3410,1,205.18
8377600,803848,4585,4,113.98
8378664,4321484,2142,4,128.02
8382416,355232,12214,3,65.2
8383456,3130464,7794,5,379.55
8386211,1820390,17783,4,20.45
8386225,4687591,10062,4,28.0
8387474,7116160,3102,4,98.05
8390485,1619903,17463,5,315.13
8391309,1317770,18755,1,434.61
8397092,4322368,2452,1,433.83
8398283,287062,10580,5,280.1
8403701,4055082,19092,3,259.52
8404400,344614,16581,3,355.88
8406049,2914522,13721,3,403.99
8408312,2312826,335,5,97.58
8409676,1507399,10212,1,192.33
8411166,4901317,11888,5,312.1
8411181,2004878,6689,5,114.05
8411840,3595619,16434,1,225.2
8413867,53647,3159,4,401.22
8416397,659337,3822,4,350.72
8417621,2875602,7124,5,362.02
8420200,3566575,6893,1,497.61
8420653,5350808,17170,1,296.32
8422768,420716,289,1,315.06
8422950,7813161,10876,1,494.01
8423524,5054399,14910,4,344.29
8428074,199196,7202,4,463.74
8428205,1057512,6735,1,125.86
8429449,7562738,9040,2,391.15
8430462,7549528,13596,1,194.18
8433801,3742057,1305,4,279.63
8434479,7731997,16057,4,376.86
8439267,6047536,4693,2,238.48
8440545,3291099,12051,3,285.41
8442795,6548098,5900,5,428.64
8446454,3935083,14012,3,98.17
8452971,4300505,1137,4,471.01
8455315,7520166,5050,1,160.34
8456881,5750864,1586,5,209.1
8458956,3891835,14994,1,237.55
8460555,3186840,2528,5,15.69
8464600,6364042,16172,3,390.47
8465455,2305530,6747,3,173.22
8466557,5580638,11460,1,236.39
8466934,5142281,3796,3,62.92
8467286,4442942,13426,3,353.65
8468259,2576957,12733,3,136.58
8468320,5335146,8290,5,29.43
8469216,741676,17940,1,179.87
8471097,5533129,4624,1,88.6
8471590,1761231,8701,3,185.39
8476732,3572474,17090,5,308.03
8478732,4662840,5757,1,335.91
8479676,5774547,16045,1,400.41
8479865,4792829,11190,1,125.34
8480757,4665583,11732,4,230.15
8483721,3160131,10042,5,81.2
8485263,3590053,2467,5,180.66
8490710,1463399,1834,3,95.32
8491319,877215,2586,3,238.76
8491676,2023166,8092,3,435.92
8492508,161814,1582,2,143.19
8495804,1952617,12991,1,399.17
8497941,1702692,16051,1,68.23
8498924,2197363,5222,2,354.06
8499263,4091489,2115,2,314.2
8501014,3585870,12233,3,297.83
8502046,5972626,3794,2,97.77
8502315,2831888,9943,1,349.9
8503263,2612664,13183,5,294.15
8506413,6523369,16301,1,378.47
8506717,7154038,1536,5,204.73
8508987,3564359,11079,4,403.95
8509525,4455919,11557,4,465.12
8511055,1073867,9551,3,254.49
8513572,4168664,2794,2,115.15
8513685,6962617,17925,1,469.36
8514164,5744585,17153,5,10.23
8515323,7853036,308,5,374.42
8517027,69848,549,1,261.26
8517603,5772580,4192,3,87.97
8517752,6874474,17712,3,9.29
8519843,5389734,19533,2,191.08
8519870,6636366,14767,5,294.83
8521066,1753052,16587,2,482.98
8523635,2529892,7089,1,297.22
8526330,7020270,8905,5,457.37
8526541,3590053,13510,5,93.38
8527404,7173102,1233,2,359.7
8529095,2188346,18046,4,235.33
8529684,1584570,19437,1,475.99
8531446,5346371,12718,1,424.63
8531484,5381737,13227,3,267.43
8535317,5601453,1600,1,212.11
8535822,6453937,5513,1,184.8
8536387,4574783,6983,2,152.26
8538408,545437,1216,4,358.34
8540055,2072437,11630,1,56.77
8541986,7436485,548,1,138.32
8543706,3585870,2574,5,8.02
8545802,4421734,10505,1,392.8
8546761,25377,18106,2,370.05
8546807,1662945,18070,4,258.24
8549875,4630334,8256,2,162.35
8550916,6500563,1175,2,100.24
8551756,5005511,17315,4,468.57
8553139,3891835,3476,4,460.08
8553299,7507554,12034,5,245.54
8554039,6555409,12710,1,50.11
8556069,6998267,1906,1,144.43
8556234,3258518,10682,4,446.12
8556239,1420107,14810,3,407.49
8557445,7534343,4388,5,108.91
8558183,2833851,5892,5,386.65
8558964,213512,5005,3,485.56
8559115,4363575,19709,1,26.08
8561404,6354585,9724,5,381.73
8561681,565750,9434,3,420.18
8562592,2799294,10575,3,70.03
8566091,4477350,16455,5,261.53
8567416,5912702,19762,4,88.29
8567476,7325462,1569,3,99.65
8568834,2069682,9618,4,6.19
8572770,3859988,9425,2,405.86
8576281,5352458,8349,3,446.8
8576897,6861128,7486,1,251.83
8577217,4193289,3133,2,262.38
8577271,3810093,5420,3,81.62
8577668,5053724,5575,4,276.63
8581243,5073102,6245,4,61.83
8582508,7339151,15296,4,278.62
8584039,5076393,19416,1,465.66
8588596,6599552,2809,2,252.27
8588617,3679608,19523,3,145.56
8588767,3003773,5302,4,295.67
8589749,7681815,17165,5,268.36
8590718,5310501,14017,2,499.9
8592878,6988910,8994,1,491.03
8595214,6119934,1274,1,485.51
8597113,428405,11923,5,84.64
8600932,5768836,2976,5,474.49
8604728,1658387,2405,2,50.71
8604730,1733702,12204,4,157.95
8607515,3652513,18138,3,239.0
8610876,2707987,16493,2,65.4
8613439,2973561,2629,3,484.15
8619944,6578278,11863,1,271.41
8619989,2123019,11617,4,201.21
8620878,4116243,8959,4,313.68
8621191,1444449,17245,2,450.68
8621772,5619743,18089,5,418.75
8623439,7588903,13501,4,356.76
8623755,1883774,11575,4,299.04
8629201,5100572,19801,5,365.67
8636710,5505593,8749,4,396.12
8638330,5958314,2966,4,271.8
8640488,186681,3767,3,307.3
8641360,7550981,18613,4,13.16
8641911,381271,11474,1,442.93
8644440,1406596,15081,3,337.18
8644995,5135511,5660,2,106.55
8646142,7252164,5184,1,381.47
8646400,3547076,4168,3,18.94
8646844,1241153,5679,3,236.44
8648281,5591587,9662,5,345.74
8648617,2368947,18980,2,148.63
8648890,1028142,8749,1,396.12
8649336,4138726,13519,3,498.51
8649706,5577531,15774,4,408.21
8652727,1245668,10593,2,377.01
8653736,2130121,1277,1,450.75
8654416,7490509,9621,3,487.52
8654662,4857447,14714,3,447.11
8656074,4686892,2874,3,477.08
8658067,5389734,12574,3,270.89
8658376,671993,13130,5,7.23
8661017,6545486,16272,4,465.57
8663723,1619903,5206,4,36.25
8665413,5830142,3979,5,376.68
8669328,4319193,3957,5,96.74
8673971,5541925,2348,3,334.59
8676350,7756325,9189,4,394.67
8676974,6012069,13935,3,42.02
8677789,6790023,5308,2,28.56
8679846,6058892,4933,4,130.18
8682544,7226488,16272,5,465.57
8683780,3416566,17381,4,475.86
8684785,2036961,13299,1,484.94
8686519,296450,3092,4,106.46
8688426,7962106,12721,2,386.03
8688466,951917,9174,1,134.06
8691310,7003594,9235,4,74.1
8691391,1016919,16742,4,97.2
8692815,5267106,6012,1,472.42
8694325,2485903,10866,2,358.06
8696865,5083996,16171,3,411.26
8697295,4732351,18694,3,407.08
8697864,158351,13922,2,231.28
8703193,4297291,2992,2,25.59
8703873,4803964,8918,1,307.48
8704582,4458071,6785,5,21.99
8704756,234996,18146,3,50.87
8705851,4837719,10078,5,78.99
8710785,1583039,7893,1,363.31
8711306,1215129,11,2,79.13
8712366,1127097,8020,4,150.84
8713870,6238100,5754,3,90.99
8714779,7958138,12455,2,312.39
8716780,2508111,19156,4,219.29
8720440,4926417,8040,2,17.3
8721278,6986976,1291,1,352.74
8724204,3106953,6471,1,498.82
8724890,3904154,12508,5,284.78
8725519,4352191,9237,5,50.71
8728127,7588903,14214,2,441.64
8728481,894640,9369,1,255.89
8729023,187521,15796,5,349.07
8729109,137359,10680,2,54.65
8729835,2437394,5863,3,136.31
8731408,4160357,19764,4,174.27
8731414,1820390,7114,5,35.51
8731488,161814,2541,1,451.95
8734545,3442716,9915,1,439.47
8735036,7359700,8337,3,414.97
8736282,5903290,944,3,32.63
8741115,3200423,11052,2,201.36
8742917,1324543,14639,5,191.41
8746824,1418616,12431,5,344.46
8747935,2167194,9149,3,378.69
8748016,1205204,4187,2,328.62
8750798,6549910,14536,3,332.58
8753222,2618598,1907,4,59.46
8755407,4777512,2730,5,86.57
8755425,3814701,1115,4,321.14
8760753,5079933,7670,3,183.47
8761495,6689342,13451,3,196.67
8765457,4397942,10315,3,484.56
8765612,1746550,9131,2,432.09
8765861,2300284,4979,1,247.83
8766856,1815390,2699,4,451.24
8766980,6052817,6150,2,33.07
8768213,2750567,929,4,31.3
8768686,2708445,8417,5,398.02
8769521,7887959,7365,3,468.91
8769701,5976624,17476,4,188.15
8769950,1403318,13844,5,250.03
8778935,1939851,6317,5,209.07
8780041,3050092,7842,4,213.67
8780470,5127380,4634,3,220.79
8781639,2994033,9409,2,168.07
8782004,2904723,18087,4,101.16
8782978,7003594,5975,1,42.88
8785352,6328860,11779,1,313.86
8787914,1016831,14308,5,305.56
8788640,4790552,15674,3,254.36
8790749,6202100,3055,2,299.89
8791422,5650378,14642,4,198.96
8794277,1976166,8672,1,343.18
8796822,5378785,7297,3,179.34
8798613,3867936,10039,4,98.16
8799272,2608686,6583,2,100.98
8804465,6013328,5744,4,131.81
8804480,5843750,7329,3,118.77
8807904,4185651,8792,1,436.27
8808387,4550890,16708,5,274.22
8809277,5312382,19502,3,485.51
8812511,5972646,12120,3,389.02
8812576,6227279,2469,3,171.88
8812921,4351361,8230,3,352.07
8814430,4450498,15532,4,38.07
8814844,4462127,13532,3,121.81
8816148,6694596,16482,1,386.09
8817620,7241679,1285,2,354.71
8819001,5861693,5418,1,151.51
8819262,5675963,17090,3,308.03
8822149,6049608,15434,1,426.25
8825197,7398766,15440,2,300.57
8829237,2432902,12814,4,351.61
8829656,5948592,11516,3,251.05
8832552,2044800,19212,5,187.67
8832659,4495850,4598,1,257.04
8833010,5536137,2744,1,210.86
8834862,3547076,8548,4,55.16
8838181,4183467,8121,5,57.55
8841954,5475019,15846,1,461.45
8842486,2110161,8475,1,215.87
8843197,2723672,1834,5,95.32
8843351,4818976,6857,4,436.3
8846902,6116264,18701,2,333.9
8847704,3524437,2386,3,469.07
8847874,1024212,10621,5,93.2
8851528,259739,4860,4,306.05
8851749,1548573,7625,3,153.19
8854941,7632298,13014,5,142.02
8855077,1184133,9003,1,242.26
8855260,5948592,18503,4,292.82
8856592,2241192,4607,4,274.01
8860176,7990584,1741,2,272.04
8860549,471087,8199,3,188.32
8865448,7185051,17476,3,188.15
8868745,1199346,5557,2,59.68
8869072,7632458,13811,2,498.43
8871710,2868891,15566,4,409.26
8872314,7832781,11259,1,451.67
8873603,4593176,1057,1,265.36
8874659,7130975,1948,5,102.42
8876244,1782593,4109,4,76.32
8876262,5976624,14050,2,348.61
8876885,3570336,3265,3,217.91
8880735,1724342,9700,3,56.09
8883641,4149758,13832,5,156.49
8883960,7879907,18533,3,194.95
8885261,5149272,2389,4,119.26
8887378,3314896,6021,5,116.4
8887576,3100860,11419,5,63.27
8888991,3574711,17473,1,137.66
8896227,1785442,10623,4,320.39
8897702,6469727,9834,2,436.03
8900324,3527311,9500,5,8.58
8902382,5113584,5879,5,459.46
8902906,5523741,3977,2,409.37
8907540,4792829,1104,1,190.56
8908687,2307441,14137,1,414.05
8911594,5485868,10291,2,464.54
8911882,306204,18968,4,421.44
8912766,860178,13992,2,409.86
8913323,4006204,7296,4,392.37
8914150,3814796,14264,2,453.93
8914408,7632298,10347,2,279.89
8914818,3937443,7673,1,63.4
8922610,4092695,11311,1,151.68
8923089,7711126,6430,2,366.99
8923196,319086,15901,3,121.95
8925413,174505,10929,2,182.64
8925672,4728004,14218,3,311.56
8926166,6723955,6233,3,253.88
8927221,920156,19803,2,7.55
8929894,6599552,15749,3,59.23
8931231,4401758,11805,4,25.79
8932007,4903726,320,5,150.98
8934401,1306208,12359,5,107.4
8934435,4756736,5944,1,388.51
8937405,7919751,14577,5,38.92
8938579,682388,284,5,212.94
8940777,364096,4318,3,57.01
8941084,4320681,9292,1,176.53
8942032,3218835,14512,5,291.4
8942123,2463350,19274,4,358.31
8942555,7524060,19701,2,29.57
8945247,6356120,13670,1,16.5
8947184,6178320,6885,3,301.81
8948033,6218692,9576,5,282.72
8948321,7903042,1096,3,38.06
8949220,5921879,10789,4,41.93
8949877,6670746,16688,1,483.82
8950915,5380190,5148,2,320.59
8952456,3027759,6008,3,442.72
8953093,4280788,10968,2,431.27
8954366,5381737,1773,3,144.63
8955940,2290942,8457,4,496.67
8956189,4818976,1894,4,313.9
8957416,7028253,15961,4,320.68
8963249,7742408,12364,1,180.51
8964211,4123259,12722,2,9.04
8965237,4896825,13337,5,157.08
8965734,3843180,566,3,471.61
8968399,6047536,15499,1,446.34
8968504,1828920,1026,5,339.14
8970413,1563191,14400,4,146.42
8971681,3652487,3956,2,491.04
8974003,4893660,15387,2,159.15
8974182,1420530,14978,1,268.36
8976119,4567527,8985,1,303.83
8977167,5721311,2456,2,106.52
8979864,5997132,7580,5,247.04
8980583,5520579,3431,2,58.85
8982259,5261109,14496,3,58.29
8983677,2654427,2738,2,161.71
8983711,7607888,13923,4,393.18
8989321,1782593,14193,3,356.11
8994644,171712,19025,1,403.93
8998708,3984359,18663,2,157.98
8999584,7301386,18934,5,183.0
9002985,5218975,4024,5,143.61
9003756,367461,13997,2,263.01
9004869,7778991,3690,5,287.12
9005639,421343,19586,2,211.44
9006245,500550,9552,3,19.23
9006311,6642239,10800,3,127.65
9006889,337733,4854,2,77.09
9008807,7359700,10086,2,382.69
9010664,5662531,4746,5,250.93
9011503,5466497,8123,3,292.6
9011864,4046657,15021,2,27.76
9013833,1021404,8392,1,70.07
9013897,7902686,19433,5,184.17
9015901,2408583,1994,4,22.25
9016662,6242177,9271,1,236.82
9017362,6183226,15994,5,388.13
9018477,2305458,6467,3,174.77
9018718,4146566,16244,5,34.16
9019029,5771763,6297,1,477.92
9020729,5096512,14081,3,269.46
9023484,5890105,14940,3,365.12
9023502,491322,11336,1,435.91
9025107,7513346,19794,4,398.85
9029499,2597507,14936,2,262.88
9030142,7656076,7627,5,144.27
9035805,6980117,1904,1,458.06
9036161,7572342,9824,2,408.71
9038110,6229857,8769,3,43.94
9039095,2697185,2042,1,132.95
9039259,5289047,15245,5,187.39
9040334,4241882,10512,3,36.71
9041166,2310400,203,3,38.2
9042098,1615740,14687,3,76.01
9043176,2800683,4982,1,340.27
9043440,2787589,9937,3,18.32
9044360,2396708,16834,5,423.89
9044969,4356162,13518,5,133.16
9046877,2215393,12030,2,76.51
9049099,5969937,444,5,291.21
9050234,5204596,13765,5,240.0
9051465,2382904,9973,1,151.44
9060060,359468,8440,5,354.97
9063617,3566913,11792,5,297.75
9064612,6838279,15514,4,118.54
9069330,6032999,3411,3,433.19
9075605,7148119,8182,1,127.18
9077730,3801145,250,1,205.87
9081642,6921498,12455,1,312.39
9082451,6182762,16115,1,140.62
9082452,5387340,5553,1,194.19
9083979,7718760,570,1,284.76
9086485,4172834,5690,1,274.69
9086858,5378506,12261,4,400.72
9090390,2084980,3013,2,456.67
9090480,573340,18100,2,471.67
9091251,1125692,2508,2,159.71
9091295,3179916,16805,1,210.28
9092150,1873666,1282,3,33.63
9093139,1013285,714,3,339.81
9099497,129205,7691,3,178.37
9099641,5681676,11989,5,304.51
9102980,6090260,12729,4,322.6
9107290,3286255,7894,1,439.69
9107330,3742057,16974,3,203.29
9110329,1705984,6990,2,58.28
9111742,7914015,17775,1,374.35
9112348,2103149,14278,2,479.73
9112349,6689342,12638,3,430.18
9116340,5948565,17557,4,455.44
9117674,6679731,15855,1,459.87
9118475,157551,5455,1,316.29
9120713,4771518,17343,4,369.82
9124834,2318779,4643,5,126.65
9126701,11126,10047,4,197.08
9129997,1198813,3400,5,125.73
9130758,7755778,16993,5,392.46
9133304,5659387,1294,2,214.45
9135346,6075978,16726,3,139.55
9135625,1217632,19423,5,416.14
9137038,6940680,7027,4,10.9
9138826,719635,2380,5,422.14
9139257,5494571,1455,3,36.23
9139433,2654315,2579,4,174.42
9144842,5991940,16906,5,410.53
9144930,2700907,14424,2,304.14
9146071,6477875,17303,1,13.22
9147422,3399739,8017,3,88.8
9151026,4593176,4850,4,464.76
9151166,7084255,8864,4,456.3
9151757,355027,4579,2,123.25
9154657,1540065,1832,3,281.9
9155556,5335558,1819,1,278.63
9155845,4590640,15469,4,475.16
9156558,225839,2093,3,176.21
9157682,5911371,10171,3,51.32
9159960,2833649,16463,1,220.47
9163254,7888557,17709,4,444.28
9164188,6354585,12882,5,46.63
9165644,3730858,8049,1,321.3
9170770,6852113,1426,2,15.51
9171452,7551536,5808,3,276.14
9171675,1197384,1664,1,19.56
9171946,4146827,5697,2,491.23
9172065,936030,10016,3,109.81
9175807,3028131,10939,3,297.6
9177838,3021393,4848,2,367.13
9178776,5827529,9140,5,320.07
9180162,2253498,6473,2,281.69
9180416,6621616,16922,2,53.12
9180461,4040262,6675,3,480.37
9181149,1831902,7894,3,439.69
9183508,2377655,395,5,302.21
9184574,801098,12781,1,157.77
9188882,7972356,8847,3,202.14
9192353,5256322,19209,4,285.64
9192848,5098610,2202,4,108.33
9196573,7180624,13484,2,260.07
9198740,4060981,4109,2,76.32
9199323,3819399,16486,1,350.13
9199707,759228,7642,1,259.59
9199990,1336805,10323,1,182.57
9202008,7143400,17940,1,179.87
9202595,6891099,12767,2,427.01
9204845,4174690,3450,2,396.54
9205006,1376821,4391,4,10.4
9206062,7002890,11394,1,443.3
9206682,1864657,16944,2,360.02
9207668,1396325,1640,2,334.77
9212282,7785571,801,4,365.0
9212480,4235142,11632,2,476.07
9212824,713128,13164,4,24.99
9216158,5196066,5682,2,76.02
9216430,7475136,16770,1,28.23
9218866,621474,4523,1,158.63
9221097,1275045,5973,3,299.45
9221309,1005526,9146,5,454.43
9222107,2607918,19479,5,97.47
9222227,390250,15763,5,372.29
9224688,5917017,8689,5,268.66
9225471,4275608,19905,3,495.98
9226625,2486277,16828,5,133.06
9227768,5689073,634,2,341.46
9232068,5940028,5315,2,275.43
9233403,609722,19040,5,14.53
9235196,421343,4838,2,270.37
9236284,1743490,7979,1,128.03
9236361,4273929,19748,5,366.53
9237596,930447,17145,1,191.02
9241945,818510,6125,4,287.44
9247518,4698890,16622,5,112.42
9248982,4760766,16655,2,295.9
9253554,3824414,3599,1,16.49
9255248,1880836,12413,1,31.71
9256500,6896188,17896,4,407.43
9261120,316779,11009,1,281.7
9261547,6210538,12515,4,298.62
9262279,7933269,1335,5,137.17
9266253,4930722,6634,2,134.25
9266928,7823749,15654,1,54.26
9267138,2424274,9079,3,210.45
9274104,6349946,17820,4,466.89
9274610,7144773,11309,2,34.91
9277060,7267641,13994,4,445.61
9277762,7440908,17165,3,268.36
9279121,2861245,15246,1,175.65
9280723,691536,19971,3,215.14
9281277,5750022,14535,2,363.93
9281679,7466738,18352,1,337.08
9286784,1579163,12859,2,438.51
9287342,6490049,13511,1,337.42
9292003,4616704,3111,3,477.75
9292135,5805300,7918,3,327.2
9294100,290809,3462,3,162.86
9296589,1187400,8810,2,41.92
9298615,7832781,15051,5,180.73
9299384,6338771,17151,1,206.33
9300913,5475019,10955,3,184.96
9301860,4315570,14578,3,499.42
9303403,7991567,13949,5,326.71
9303545,2741355,15277,3,110.15
9303884,1436087,17575,4,451.58
9304983,4437288,10939,1,297.6
9307248,4851323,4184,3,17.17
9307407,1610511,15278,4,178.3
9307801,5205871,17128,1,51.49
9308849,1873215,8480,2,311.22
9309636,7004517,11389,5,160.47
9310232,2159447,8305,3,268.32
9312235,5286099,10864,3,394.75
9312514,5710994,14115,2,334.31
9313134,2480014,18718,4,347.93
9314192,1094211,8561,5,19.41
9315040,4591584,4050,1,29.69
9317603,1460675,10202,2,275.93
9318483,39407,4539,3,137.25
9318759,1230145,488,4,33.43
9319771,5381737,12964,4,372.84
9321507,5378506,9934,2,254.39
9332733,7632458,4410,3,378.38
9333847,679069,8038,1,475.21
9334427,6437168,18921,4,449.83
9335466,7679795,8177,5,304.26
9337033,5987050,11991,5,59.58
9340708,6773046,3528,4,197.47
9341087,6096467,3024,1,147.38
9341554,794555,9499,2,290.04
9343694,2357984,9670,4,495.5
9343961,719635,13753,5,158.7
9344820,5925339,12462,2,130.9
9345049,7879964,14797,5,306.38
9345884,1311066,462,5,127.83
9346449,5206916,7699,1,125.74
9346674,108968,5931,3,39.3
9347852,7427412,18791,4,41.04
9353832,3200863,9073,2,358.7
9354146,5691030,14575,3,298.92
9357012,2528605,16273,3,411.65
9359914,1068673,5304,2,268.82
9361083,7302033,2610,2,376.92
9363630,1967393,17782,1,255.75
9363797,6621616,6320,1,192.4
9366904,5967541,5612,3,480.99
9369554,6901812,2248,5,471.0
9370956,5524083,15087,4,400.64
9371057,4630334,5169,1,372.55
9376182,4934847,8381,4,280.51
9376603,7084178,19657,4,311.49
9376820,4166330,11548,4,33.17
9379364,379154,2222,5,79.33
9382208,5995227,14422,2,407.94
9382698,1009303,1114,3,426.23
9383289,5220192,7519,3,100.58
9383982,2573826,19805,4,296.18
9384792,4181950,6556,5,83.59
9387791,1746088,845,3,391.98
9388237,2410128,11689,3,370.48
9391142,7021852,4761,2,460.61
9393190,1230145,4284,2,153.08
9395181,5825333,11764,3,97.55
9395294,5830142,6472,1,413.68
9395945,2935914,17872,3,138.5
9396444,6465841,2391,2,232.65
9399088,6372025,19275,1,244.18
9401454,2485723,4342,3,305.46
9403480,1290501,13795,5,100.87
9404834,5808501,15153,4,416.81
9404914,2305530,10134,2,398.64
9406118,3572474,6917,1,212.9
9406872,3434053,19155,2,184.71
9408670,6924308,9340,3,287.77
9408886,7848236,12462,1,130.9
9409255,5617042,2001,3,46.73
9409831,1324062,4992,3,79.45
9409838,5986912,6761,3,489.26
9409962,5817735,16545,1,90.68
9409984,1024967,14237,4,323.23
9415292,1974081,13725,4,28.1
9418405,3642397,15073,2,338.93
9419859,636979,7235,5,374.67
9420181,11629,2694,5,364.82
9420897,6946467,14434,1,87.9
9420978,4736342,17881,1,342.73
9422072,4077067,12395,3,219.55
9422747,1220040,19326,5,203.24
9423707,2292847,19748,2,366.53
9431224,2973679,18871,2,280.53
9432251,1086877,11914,3,163.28
9432318,3671005,6316,2,285.79
9432444,5883109,12460,4,410.87
9433494,7667286,9337,2,485.71
9439154,3984469,1699,3,457.52
9441250,2701138,2724,1,287.3
9441474,7471938,3387,5,241.09
9443525,5537401,14219,5,362.38
9446999,4499030,6185,4,130.8
9451112,3927561,7755,1,218.26
9451134,4850477,13424,4,65.1
9453045,3906436,16834,5,423.89
9453776,167523,12726,2,87.05
9454923,6838279,17104,1,91.81
9455602,3102092,823,2,163.65
9459541,3895493,17402,5,451.53
9460023,2729749,6396,4,364.21
9465927,358725,10979,5,254.27
9466921,4714884,1961,3,20.49
9468906,34811,2088,4,453.78
9469606,4462127,5172,3,321.68
9469832,1250836,17938,4,213.65
9470235,1654949,9201,3,327.66
9473275,6238100,6968,2,224.04
9473846,2290942,14073,4,306.95
9475070,3904154,10530,1,328.23
9475119,3935767,6091,4,174.02
9475291,1537089,10990,1,436.33
9476148,1323261,19214,3,158.33
9477673,5503393,6760,5,369.82
9480755,1939851,4000,3,47.55
9485077,3107152,9633,2,399.92
9485370,7394103,10859,5,98.35
9486191,416110,8688,4,386.02
9486471,1994943,7092,4,38.55
9494466,6659612,5488,4,360.73
9497383,460157,4941,1,16.79
9498322,7759922,10019,2,204.68
9502167,1910117,4366,4,183.23
9503110,3351502,8656,4,335.8
9503516,2872947,14333,3,419.74
9506138,7355861,13538,5,259.7
9506447,1046279,9497,1,250.92
9508276,1920564,2941,2,407.36
9508428,2109128,12883,2,65.52
9512459,4833972,18061,3,144.96
9513686,5876248,673,1,185.28
9514676,3146433,14097,4,362.67
9515228,6684139,4789,4,25.43
9515769,1147308,14159,4,211.68
9516501,2875602,12129,1,309.05
9518270,5490059,1272,3,50.18
9519798,5056444,15152,2,273.26
9520607,4247718,2499,1,83.51
9522114,4454752,5047,2,389.87
9522914,6702705,10078,3,78.99
9522985,5617042,18636,3,264.41
9523799,5581779,8828,5,317.27
9524968,6462484,6972,4,39.73
9525341,1677434,8256,4,162.35
9525912,2549147,16922,1,53.12
9530657,6239296,4204,2,389.38
9531986,7422971,18392,3,202.73
9536368,3843180,17295,1,80.27
9538900,5374671,5539,1,399.33
9547169,5378785,2606,3,327.2
9548333,2812600,15404,1,307.01
9549357,5143464,11783,2,329.09
9551815,4930722,4806,1,219.24
9551950,6733344,13202,5,393.0
9553451,808552,2115,4,314.2
9554055,3316502,9208,3,481.29
9555021,2451158,19109,5,209.58
9555094,3764010,13863,4,148.32
9555299,5124245,17364,5,159.6
9557576,2697185,13706,1,400.45
9558196,1442267,6043,1,444.13
9558373,5093661,10554,5,357.69
9558530,1202855,18678,3,274.98
9561238,2337730,514,3,228.8
9561275,5721311,18148,5,436.83
9562341,475653,7131,1,112.51
9563773,4879023,741,1,69.33
9565270,6134821,9220,5,229.6
9565653,7873387,2087,1,428.16
9567660,6739874,14073,3,306.95
9568451,3572474,19486,1,479.58
9569473,4353946,3053,5,109.59
9575053,7580617,17260,3,396.52
9578220,7866869,17543,1,271.03
9579693,2549186,4084,4,425.33
9579786,3166500,5258,4,13.49
9584180,6542259,19183,5,221.31
9584181,7944400,2304,5,186.93
9585686,2418675,5357,1,103.99
9586220,3025454,12553,3,19.49
9588157,6281238,10582,2,386.76
9588872,2707987,3197,4,494.02
9589500,4549555,15261,3,398.01
9589765,2695805,57,4,457.97
9590337,7606083,6244,3,209.35
9590919,2615591,15252,3,339.83
9591094,1746550,4737,3,147.37
9594261,4233008,18768,3,64.41
9598094,7039602,865,1,37.57
9598280,6480300,8147,1,287.14
9599662,708693,14878,5,29.3
9600077,5278053,4315,4,499.92
9601601,7949560,17271,2,54.75
9604206,2202622,9077,4,329.51
9607689,6441567,4259,4,71.86
9608328,5586372,16237,3,135.21
9615550,6254983,7250,5,105.39
9615730,1299890,16579,5,148.85
9617522,3771587,19273,3,298.09
9617654,49469,11928,5,342.32
9618101,2973402,4804,1,63.23
9618279,5988366,4155,4,472.59
9618645,5129345,3886,3,430.87
9621002,2902673,12440,1,281.89
9623455,1013285,12905,4,269.74
9626361,1016831,8430,5,357.87
9628201,5357376,11494,5,238.44
9628952,6625739,480,5,379.53
9630099,6815381,18537,2,7.79
9631096,5961513,15536,1,159.75
9631847,472864,6627,4,373.32
9634672,852011,1343,5,406.29
9637058,4373970,5779,1,441.07
9637573,3585385,4355,1,66.32
9638946,4111013,5354,3,232.53
9640372,4896540,19969,4,352.83
9643381,2736997,12412,3,483.6
9643552,3063025,17288,5,107.04
9643921,3917652,6539,4,458.94
9645788,2458645,13769,1,67.41
9646881,359468,14593,1,394.27
9647082,2661099,666,3,40.05
9648958,4607738,1175,3,100.24
9649323,4385356,2926,1,212.12
9649686,2027360,9848,3,437.06
9651010,6241525,15369,5,143.18
9651061,7145558,2054,1,380.61
9652936,4712846,3351,4,416.61
9652988,5559171,19492,5,466.35
9653625,2664590,2976,5,474.49
9655195,7968127,9772,5,163.0
9656399,3730858,19629,5,330.06
9656471,4111013,10965,3,103.78
9659557,2294221,10424,4,399.83
9660665,2027360,16958,5,241.97
9661485,4464584,66,2,161.26
9662411,6109428,13220,5,253.13
9662714,3652487,19798,1,106.19
9665464,6286155,13021,5,89.68
9666033,6408534,1876,4,405.81
9666922,2091563,2474,4,184.34
9667310,2147664,13305,4,398.51
9673584,5871491,17366,1,222.95
9673765,2995620,5032,4,343.27
9673844,7422971,14190,1,298.33
9675268,7408144,18737,1,37.14
9675301,79421,1301,3,436.75
9681060,3342090,11128,3,33.58
9683626,1389755,18591,3,142.79
9683650,420069,8111,4,204.54
9685085,4630334,2083,3,182.58
9691574,3122357,5918,4,435.09
9691981,6072446,11881,4,29.02
9692425,1832217,8265,5,55.71
9697051,3382070,16559,1,147.55
9697408,767722,5520,3,423.0
9698034,2634906,1898,5,123.06
9701919,4671360,15581,1,212.91
9703519,1023562,3431,3,58.85
9703631,2247142,15369,4,143.18
9703747,4913490,11053,4,23.12
9706551,2813563,8276,5,313.36
9707131,543685,19234,1,220.54
9710165,5768836,16923,5,415.51
9711156,3461550,2483,2,5.98
9712188,501448,16607,3,230.73
9712426,2398088,10118,2,92.98
9714295,5321433,3445,2,82.51
9714346,3998748,13840,4,372.93
9714643,4568664,1425,5,143.26
9715765,5776709,7486,1,251.83
9716035,4105129,10194,4,173.16
9716320,1163780,11117,2,309.81
9717439,6139583,15158,3,465.4
9720018,5103480,19645,4,109.9
9720811,2590671,14730,3,190.79
9722994,4421734,12347,4,89.97
9723316,7422971,3834,3,289.11
9723321,1255456,10794,3,280.64
9723461,5289047,11886,1,168.03
9724976,3590053,14145,4,106.82
9725549,7427412,14614,2,64.07
9729765,500793,17649,2,7.25
9729830,2443388,18651,1,106.19
9730269,1324543,8346,2,303.46
9730483,3241288,9796,2,39.59
9733019,7383634,7921,2,459.6
9738073,1535076,12567,1,12.62
9740936,2530282,4562,1,460.79
9744550,7873679,247,5,31.37
9746322,969,8464,4,169.51
9746433,5723291,11301,1,21.77
9748850,6754313,16331,4,24.34
9751346,5005511,12234,4,459.17
9755872,5420380,18562,1,353.38
9756492,4454688,11572,4,250.05
9756753,2519334,17995,1,72.1
9758042,4062224,11997,5,475.54
9760990,1215024,10689,1,465.8
9763075,479503,264,4,429.67
9763205,6456089,1441,2,194.19
9766784,2742422,11580,5,178.62
9769256,5875137,12385,2,498.47
9773576,4149758,13763,3,463.67
9777244,2796956,19212,1,187.67
9780507,7202224,17505,4,406.72
9781609,5967541,9874,3,118.31
9784616,5725041,18013,3,297.48
9784984,165813,16684,1,449.92
9785097,4111013,10123,2,114.62
9785641,5948565,9498,5,181.53
9785671,4550890,48,5,342.7
9786311,4598180,10510,3,340.9
9788535,1695836,16629,5,455.19
9790424,5437477,4560,5,159.97
9791262,5979270,7052,4,150.57
9792191,7260217,15650,5,368.48
9792736,7159525,14949,1,283.16
9798962,5593899,17842,4,379.9
9800114,5394636,13370,1,240.81
9802305,2310400,7085,4,280.79
9807519,2031917,15559,2,322.07
9807654,5996106,934,1,220.26
9808787,1563191,12331,3,46.57
9809919,7903929,17368,4,111.46
9812108,1829645,16577,3,290.04
9812798,2306965,17196,2,115.53
9813525,3205368,1797,3,427.73
9818436,7016478,942,2,385.21
9819022,2219632,13060,2,212.79
9819160,7539053,2522,1,160.15
9822376,5117930,2499,3,83.51
9824086,3134486,5866,2,46.65
9827218,7222071,13843,2,238.08
9827557,6158945,825,4,458.5
9830408,4534581,10740,2,40.59
9832385,2438713,14934,3,366.8
9835011,2649657,8812,5,82.34
9840282,2165567,519,2,126.17
9841449,3162482,1610,4,183.12
9842388,1880836,6503,4,177.9
9845105,6996462,10829,5,262.62
9847996,1493520,6627,5,373.32
9849164,779097,18229,2,148.38
9849369,942958,9431,2,29.04
9850482,1873215,6186,3,56.21
9850780,7397411,1660,3,333.39
9851796,4799314,16077,1,62.61
9852066,2189123,14490,5,486.31
9852388,2856581,11746,3,82.25
9853688,2675861,9660,2,481.09
9854541,4630911,14593,3,394.27
9854555,4111013,11427,4,369.33
9857058,3241037,2210,4,17.35
9858710,5252984,4574,4,405.65
9859149,7210586,4502,5,397.13
9859321,2549186,19127,5,391.93
9861231,3865323,19316,4,277.07
9863196,4638533,11947,2,281.56
9865034,7800671,8367,4,197.79
9867274,3159591,18415,1,153.19
9867485,4411786,71,1,34.35
9867997,629479,19665,1,366.61
9869128,3201901,15319,3,411.46
9870050,6668837,18512,3,31.59
9870948,1460675,1196,4,131.19
9871268,1782593,7770,1,431.73
9873276,6094719,5556,1,238.08
9874348,7511949,16739,4,463.82
9875951,517621,16732,1,403.58
9877468,4553894,11466,4,496.41
9877660,3880631,6072,2,233.3
9878338,2835931,13711,2,208.83
9882372,5997132,16012,5,274.0
9886160,1277760,18259,1,316.29
9889677,985617,7750,2,279.44
9889949,5920955,18002,2,276.09
9890185,3172529,8956,2,9.04
9890609,5298343,6449,1,203.97
9892979,336123,11894,5,24.94
9893666,3774013,13337,2,157.08
9896643,5054399,12625,3,244.54
9897021,2907818,7350,4,102.34
9897034,1275045,18344,1,54.85
9899651,7011623,5265,1,183.6
9899726,596842,8177,2,304.26
9902332,6765219,3660,4,226.66
9902779,5086136,14316,3,59.38
9903094,592115,18029,2,198.83
9903632,3613333,18624,1,92.86
9906181,6328860,901,1,425.42
9906610,2644522,8636,1,301.78
9908772,7990413,6721,5,39.69
9909807,4753227,15266,5,96.9
9910291,6306155,17750,2,232.91
9910726,6333229,5415,2,193.2
9911388,2384164,6665,4,393.75
9912116,5441075,16972,2,168.43
9912148,7010700,14670,3,175.1
9912155,1460675,12674,3,59.78
9913572,7275596,8735,2,270.72
9914332,7647186,19327,4,428.6
9916027,47473,4802,1,327.95
9918054,7514984,19757,4,400.59
9919496,5429972,761,2,268.74
9923339,4756987,8475,5,215.87
9924746,7124765,13018,4,16.86
9926439,2519334,2834,1,393.16
9926718,6060552,12240,4,163.03
9926939,3711802,2987,3,331.08
9928389,3867936,13014,4,142.02
9929628,2411265,1736,1,17.37
9930769,319086,5421,5,349.41
9931032,690052,6320,2,192.4
9934109,4126917,14564,2,345.87
9937392,6047857,19752,3,90.65
9937815,6999956,5905,2,366.82
9942810,6507710,14282,1,125.17
9944424,3106953,2187,1,92.49
9944573,3684574,15678,4,26.98
9946734,7375330,10335,5,66.87
9947130,250900,10481,2,254.65
9950201,5441075,8848,5,328.44
9954583,7868650,18221,4,480.1
9963025,4135665,15274,3,380.43
9963555,1405934,4407,4,435.23
9964216,2554016,411,1,306.75
9964490,7223192,3977,5,409.37
9965565,6025979,13965,1,101.86
9966484,2196246,8775,3,129.97
9967717,4007199,9846,2,111.24
9967877,794286,15012,5,39.84
9968558,816925,4675,5,130.06
9970490,7302501,10924,3,136.03
9971099,5451433,16783,4,219.45
9972570,1925365,16643,1,177.83
9976420,2370963,6595,1,275.49
9976833,887192,222,2,322.65
9977232,4165250,8173,1,219.94
9980973,1662945,16261,5,173.96
9985884,5055571,11234,1,100.72
9989407,608397,12566,4,72.94
9990116,5488932,19977,3,343.29
9991632,1207556,881,2,155.27
9992276,7118286,16245,1,210.36
9993075,1389755,17335,2,68.4
9997365,1656487,8867,4,277.65
9997942,6072446,15365,3,336.35
10001057,2549186,7462,2,335.25
10001722,4404116,19343,2,273.89
10002404,7436485,5180,3,499.55
10002715,2456814,15320,4,296.76
10004260,6270074,10431,2,123.89
10004847,2041422,2784,5,127.2
10007293,7902686,16003,2,340.44
10012830,3316502,10342,2,137.81
10012968,5079933,12126,5,90.33
10015395,1133766,5769,3,465.66
10017866,6894491,19835,1,323.12
10018699,1209702,6876,2,312.81
10020880,3548440,6966,2,411.04
10021653,3820377,1684,3,484.78
10024581,2368947,6656,3,498.99
10025383,1114578,417,4,32.38
10025816,2729237,1976,3,12.51
10026128,7184767,3288,3,161.65
10026483,2137718,15007,3,360.37
10027135,2138011,12814,3,351.61
10027258,2109636,6422,5,8.38
10028293,3286255,13326,2,157.97
10029911,4321484,13131,2,407.88
10031862,6202100,14618,1,142.11
10031897,7464967,17053,1,448.07
10032312,64747,15618,1,103.16
10033700,1760906,16856,2,454.06
10040428,1939851,17812,5,467.3
10042623,4498054,6893,5,497.61
10043655,5103480,1652,4,479.58
10043903,5216461,456,3,179.47
10044676,6555694,10365,1,366.69
10044786,7302680,12893,5,233.55
10046664,5524083,11338,4,171.75
10046789,7511949,5374,3,121.31
10048457,3537827,10460,3,143.86
10049246,1957421,15084,2,94.17
10049403,6453917,18071,3,472.4
10050743,7073116,16131,3,307.8
10053115,7894037,7043,4,16.12
10053311,2932819,2996,2,437.35
10054146,6762712,4070,4,208.63
10055148,2932296,2049,2,412.35
10056155,2675905,16856,2,454.06
10058237,3525172,523,4,473.89
10058539,563319,1952,2,57.16
10059370,312556,15504,5,268.62
10059888,7441069,4299,3,123.84
10060168,621474,9610,5,270.35
10061961,1880836,8499,4,359.61
10067139,1758866,2175,5,335.55
10067416,2317499,3053,2,109.59
10071088,4598180,597,2,391.92
10072417,4365305,15076,3,185.53
10072473,6368071,14225,1,130.6
10074593,3840708,11944,3,208.84
10075299,6569498,1967,2,202.04
10076118,7731997,2399,1,43.28
10076680,5696233,9215,2,283.59
10076698,4368148,11763,1,150.06
10077799,7743413,17595,1,135.41
10079295,1220629,19164,5,82.25
10080181,3457610,19977,1,343.29
10083367,3960634,11658,1,280.68
10084528,4993082,14384,3,128.87
10085776,2859212,4040,2,348.89
10087875,1883774,1175,5,100.24
10091138,1259157,12235,4,96.28
10094022,1531012,758,1,30.18
10095075,3371643,2536,1,428.48
10096751,2326263,16806,5,168.97
10098802,5249966,16436,3,166.15
10098846,3122357,15778,5,116.07
10099435,4910987,18241,2,431.33
10103658,5117930,16116,3,220.48
10103837,1287237,14365,4,253.82
10105936,3032421,15575,2,70.74
10107497,6253001,15727,1,258.97
10107925,3551757,3600,3,145.05
10109646,1020099,7513,3,384.98
10114416,6962617,1787,5,376.11
10114650,6974398,10013,4,429.34
10115214,4801235,14822,3,497.97
10117275,7670235,18764,4,405.58
10119570,5236726,18172,4,104.75
10121589,2352375,17126,2,481.22
10122059,5076632,12164,2,7.65
10122677,7997439,16975,2,88.64
10123987,7531800,726,2,87.32
10124199,2833851,7785,5,448.1
10124513,6399464,10864,3,394.75
10125275,5668469,16672,2,144.01
10125800,3634658,15487,1,56.27
10127189,2544053,7701,4,394.36
10127295,2906084,2505,5,102.98
10127690,2607918,3764,2,27.43
10128504,4099164,207,5,372.29
10128769,1598600,9669,4,148.28
10129214,4714884,9405,4,72.14
10129399,1512815,8538,4,74.56
10129487,1959652,8281,3,172.18
10132153,6838279,16754,4,14.89
10133288,6694310,3991,4,146.61
10137896,2816936,18526,3,178.06
10139022,1707671,2640,4,268.22
10140312,2977669,13589,5,173.41
10140370,3887267,4085,3,408.29
10140642,7248583,40,4,236.34
10140728,3803933,13034,5,91.92
10141867,7640701,15729,4,87.72
10142290,6060552,4326,2,496.08
10144806,6047857,16538,4,263.58
10145698,4586939,4533,1,391.78
10149957,2890805,1627,1,23.41
10150335,6662128,4430,5,430.86
10155395,1125692,2152,4,116.24
10155692,4305389,8007,2,447.69
10156960,7302501,9118,2,139.25
10159995,3274553,13438,3,170.33
10160680,2370782,8418,4,237.4
10162034,7345070,4782,2,479.66
10162715,1822466,10230,3,135.31
10163924,702934,1379,3,365.51
10164493,6819998,19416,4,465.66
10166385,439969,10015,4,223.97
10166414,1509110,5781,3,266.21
10173651,6959923,16804,1,478.41
10175324,6560942,6059,3,95.42
10183845,1068673,4830,4,375.75
10184979,5527316,15922,4,60.11
10186648,64572,2409,2,96.42
10191256,468640,5589,5,232.14
10191442,958025,18100,4,471.67
10192701,5637727,1546,4,85.52
10193586,7243065,16190,3,204.21
10195660,4837719,7297,5,179.34
10196033,5444801,13185,1,102.38
10202371,3564778,10654,5,11.79
10203197,6434855,18524,4,249.47
10203493,5548709,2818,3,198.22
10205678,6432663,8686,4,298.2
10210417,1287237,13110,5,327.8
10212024,5772580,16530,2,230.7
10213004,7366181,8296,1,488.42
10216351,6610627,14189,4,327.22
10216992,6459805,14849,3,116.88
10218068,2485847,11986,4,85.75
10220282,661070,486,2,294.97
10220286,3544689,19947,3,450.54
10221001,4607902,17314,3,253.23
10224990,7490509,2638,4,363.66
10227423,966258,3857,1,295.19
10230290,953461,525,2,381.23
10231450,2764327,5538,4,412.7
10231794,6761354,4081,2,250.62
10235528,852011,4981,5,480.92
10235589,1738878,14017,4,499.9
10238064,7394625,1058,2,28.84
10239188,1199346,2647,5,116.5
10240266,5047870,15806,1,146.44
10240415,1071881,15446,5,213.93
10242337,258612,8106,4,335.63
10243072,4787742,4881,4,436.56
10244409,2615930,15217,5,37.16
10245030,4886954,5538,5,412.7
10245174,6022430,1810,2,354.85
10247235,660185,15165,1,381.48
10248011,5051118,15704,3,203.33
10248430,4861599,12368,3,27.3
10249493,2227448,17738,5,21.26
10250553,415355,14414,5,44.66
10255950,5350808,8099,5,45.79
10257007,4315525,8153,2,280.54
10259636,3827481,13304,3,76.5
10264351,7431004,9857,2,84.83
10265349,3129644,11896,3,445.48
10266551,5192833,11563,2,145.41
10267601,638679,4535,3,23.71
10268062,775373,6888,5,382.97
10271820,7163400,3249,2,163.17
10272435,7394089,4840,2,133.02
10274530,2861660,12321,4,410.11
10275002,7178592,8688,5,386.02
10278792,3049798,15536,3,159.75
10278928,1079641,19640,2,307.2
10282561,836869,3952,2,407.45
10282621,1995244,19996,3,441.76
10282885,4558447,4726,4,103.96
10284523,6699720,14879,3,404.9
10285641,3408199,6780,5,299.77
10288688,4694735,217,4,127.36
10291872,5312382,17450,2,428.62
10292946,7707190,17164,2,139.93
10294493,7938468,16953,2,423.77
10295718,5326540,14684,1,383.64
10305575,2627505,5844,2,177.73
10305874,4796959,10587,5,321.49
10306764,583854,12737,5,292.54
10307247,1255456,4667,4,332.78
10308740,7003594,10667,1,25.74
10311374,5988359,141,1,194.84
10313276,6451876,14103,5,106.21
10313652,4904464,2269,2,71.36
10316386,2539207,7003,1,359.82
10316449,4975616,7344,3,438.87
10327301,2196246,18226,1,111.55
10327895,4409501,12819,5,75.09
10328622,1079641,4758,4,403.24
10331859,2797303,4076,4,251.14
10332675,7287411,3588,1,332.03
10333326,3224073,7482,5,289.35
10333435,6434855,3159,4,401.22
10334639,5731273,9559,2,498.5
10336664,4981286,4794,3,305.18
10336908,4680793,16473,1,347.23
10345360,1488973,12355,1,478.28
10347685,923827,1479,2,300.11
10351606,6058466,4538,1,290.8
10351973,2202622,17132,3,340.25
10355453,1746088,8884,4,19.22
10356630,2704339,10479,3,482.12
10359698,6248798,15169,3,281.52
10359797,7680023,7087,2,378.81
10360599,5915970,16573,5,113.92
10362313,6441567,8561,4,19.41
10364853,3259660,4632,1,425.4
10365220,4799314,11112,2,65.77
10367888,4826203,2900,1,342.18
10375917,7588903,11096,2,394.59
10376937,827521,11958,3,116.66
10378617,7719013,12166,1,182.51
10379776,2109636,5725,4,146.4
10382173,1212905,1042,5,468.48
10383384,3479077,492,3,407.19
10383925,1579163,13111,1,252.53
10386072,6144582,8350,1,249.72
10386224,7903042,6329,3,390.1
10388001,838708,15504,1,268.62
10389988,5181698,1746,4,367.9
10395214,2608686,9236,1,460.03
10397108,7742356,16019,4,498.75
10397613,6931190,12316,1,446.47
10397973,4934847,13035,4,52.27
10399163,972277,19818,5,260.73
10400402,6709451,16574,5,93.85
10402374,4022064,9160,1,499.96
10403583,4411786,14501,5,280.22
10403604,5560257,17238,2,471.66
10404095,6977897,18742,5,201.75
10407658,1735072,8589,4,138.29
10408252,790970,18594,3,315.65
10411072,305735,15002,3,285.08
10412778,4043711,1053,5,473.91
10414211,7020270,13208,5,486.67
10418536,7656076,4984,4,474.69
10423107,3703958,5100,3,43.94
10427172,7377157,9597,2,27.25
10428036,4378563,10360,4,74.67
10428953,1393013,1953,4,141.32
10429392,7374405,19082,3,471.21
10430703,5718334,7270,1,396.72
10430984,155743,1228,5,26.17
10433282,4163716,530,2,61.17
10436227,6650263,11478,1,150.58
10439180,1194510,6793,2,27.22
10441129,5601453,2264,5,155.98
10441979,6456150,2462,3,382.57
10442445,4180648,7870,2,185.97
10446444,892010,18071,4,472.4
10448007,4495849,2846,5,313.27
10448238,7104881,7389,1,430.83
10449007,7287411,18475,3,223.61
10450225,6807390,1996,2,44.8
10452585,5083996,7737,5,31.5
10458490,5536137,13254,3,192.1
10458664,563641,10698,1,263.97
10461929,5977552,7076,3,72.86
10465358,85712,18356,4,283.56
10466489,7966422,7416,1,482.65
10467834,6523369,17440,5,180.98
10468378,283567,9474,1,294.07
10468601,2596973,16740,2,186.85
10469112,5562957,19239,2,327.2
10472224,7614095,14521,2,318.87
10474468,193396,10885,4,177.19
10475577,3513034,17135,5,278.58
10475582,6642162,9146,5,454.43
10476473,4735255,12111,3,263.22
10480486,531160,18293,1,429.02
10480911,4374811,1726,3,10.9
10480922,3688297,15851,3,225.53
10481139,3699783,11057,3,15.81
10481331,4624335,12269,5,239.91
10483761,5978164,2550,1,332.97
10484495,3117166,14027,5,317.32
10484634,161814,4551,5,28.04
10485145,5613128,19990,3,94.69
10487611,7899978,17528,1,325.94
10488731,4155607,9129,1,440.49
10490910,6378886,19113,4,454.61
10491210,5032570,19748,2,366.53
10492865,7179140,13313,5,39.19
10493291,2592906,10203,5,292.07
10494502,4404116,1016,4,181.72
10496425,2878641,10983,3,384.65
10497483,2238242,3621,5,103.66
10497777,3344257,13986,2,155.13
10498199,7660519,15741,1,181.15
10505974,1311066,3748,4,365.16
10509036,3679907,19808,5,496.61
10513038,794286,15187,2,398.12
10515767,211837,10729,1,242.45
10517494,5988366,5195,3,318.04
10519206,6606793,5975,3,42.88
10520667,6495155,404,5,128.08
10522974,79421,6829,5,48.23
10525161,1646831,5321,2,13.11
10526520,2666972,7823,3,404.36
10529011,325401,2297,1,382.97
10529132,5913441,14669,4,353.93
10531046,671993,8351,4,33.51
10532158,7086369,13774,4,159.05
10535020,5372465,12798,4,487.59
10538335,6094719,3102,1,98.05
10540885,2283731,18504,3,279.56
10541216,7861793,3023,3,167.45
10545205,942958,3815,5,281.77
10545914,5381737,15815,3,65.26
10548561,216406,3821,3,192.91
10553067,3954145,8625,3,48.93
10554771,3747926,15693,5,389.34
10556953,318371,13873,1,278.54
10557340,6699720,3684,1,361.1
10558008,4077121,3159,2,401.22
10558713,7963645,16173,1,414.04
10561204,3062506,3005,4,485.34
10562414,3026093,11082,1,119.35
10563113,5389734,2135,2,30.31
10563149,2476431,15736,5,49.55
10563405,7071519,5319,2,137.38
10564974,6862095,7594,2,495.2
10566702,2503178,2352,1,215.78
10570093,71115,16183,1,124.87
10570104,6415924,7524,2,429.94
10570112,38604,3184,4,477.31
10571061,5143464,10995,4,365.71
10574537,2808139,8085,5,171.37
10577953,3593009,692,4,259.39
10582031,5876248,8564,3,333.03
10582810,660185,5716,2,134.85
10583576,4218612,2130,3,401.11
10584629,4864933,15744,4,333.06
10585784,280061,8754,4,93.77
10586839,1665628,10510,2,340.9
10588295,6248798,9518,4,169.71
10592220,6208242,12966,5,68.43
10592791,1149192,11080,3,357.27
10596490,7058201,7847,2,203.77
10601284,7155204,2710,1,233.64
10602545,355232,9516,2,120.6
10603583,5543990,8205,2,151.33
10605161,6089785,10053,5,425.15
10605899,6356120,8775,3,129.97
10606230,7151768,9373,1,199.32
10606613,7542091,6473,4,281.69
10606858,6987131,13670,4,16.5
10608998,282415,19955,2,155.09
10611440,3856180,1036,3,424.7
10614677,340769,7454,4,269.38
10618929,1864657,5254,5,488.79
10619251,7834936,6798,4,197.94
10622912,365125,5159,4,215.93
10623844,6955873,10627,4,307.96
10626391,4373970,15941,5,12.28
10627039,87824,1320,1,418.3
10628502,7301687,8330,2,155.28
10632881,3524437,6210,1,110.82
10634781,5098610,12492,1,339.41
10637082,5838245,19627,5,141.15
10638963,5007706,9415,4,374.36
10639607,979647,11425,5,150.59
10644795,6792753,8803,5,341.61
10648063,2290585,9353,3,106.07
10648792,3160613,13931,4,413.49
10652156,4215408,4772,3,212.79
10653450,6901812,11164,3,389.01
10653728,5015469,14799,1,244.32
10653907,2998600,19429,5,37.91
10654592,1046279,4954,3,188.69
10654624,173669,18442,5,145.01
10656497,1554595,2798,2,341.45
10659795,424064,11131,1,69.45
10660111,1306208,7469,5,264.31
10660725,794555,10194,4,173.16
10662711,4146566,8903,1,77.91
10665251,3061487,11734,2,52.65
10665820,6589907,2545,3,169.44
10669440,4220545,1420,1,331.94
10670620,3590053,11469,2,246.78
10672135,587886,12622,3,109.82
10674177,3096812,12010,5,35.08
10676778,2934787,7598,2,435.08
10681292,3529071,18396,2,193.77
10687695,6977471,19043,1,18.1
10688979,7841065,8253,1,197.19
10689091,3908918,17475,5,284.25
10689975,1023805,12315,4,32.26
10690382,3119299,10569,3,105.34
10694077,1855099,3864,2,306.68
10696418,1565166,11136,5,112.4
10701837,4901317,5868,1,121.99
10705365,6461959,2025,1,7.16
10707843,2481428,7811,1,117.2
10709846,2973561,19400,2,166.33
10712441,7451714,3669,2,234.28
10713913,5410389,1882,5,391.77
10714697,6049608,9392,4,188.82
10715490,7440185,12842,5,104.57
10716988,5235713,15852,4,282.28
10718223,4714884,289,5,315.06
10719055,357427,19310,1,122.43
10720677,5911371,3562,5,119.15
10720857,2443275,3446,1,142.64
10724299,6280462,595,5,21.92
10725270,7623986,12507,1,293.49
10725528,5837037,11367,3,354.77
10726987,7155204,17616,2,394.1
10730428,4139424,15697,2,350.09
10730562,3162482,3299,5,438.34
10730914,816544,7458,1,13.64
10730936,1735072,10087,1,170.83
10733002,7091867,1533,1,401.86
10733562,1024212,8992,3,461.55
10736877,3134339,5654,4,62.64
10738104,2960285,17041,4,210.27
10744102,5607995,1143,2,19.87
10745028,5904392,13011,2,235.02
10745101,4154944,6784,3,182.93
10745852,3001798,12415,2,294.53
10747116,472211,10092,4,460.5
10747652,3495553,16336,3,384.46
10752004,7549898,8718,1,232.23
10752049,1761231,2415,2,361.52
10752056,7887891,15676,4,12.93
10756975,1284637,3318,4,483.73
10757456,1845307,14789,1,262.34
10757458,6956868,2342,3,48.87
10759044,2420301,6714,3,28.25
10761638,2858656,2882,4,98.59
10762485,2389837,3675,3,232.93
10762989,5106746,9340,2,287.77
10764289,1410278,18567,2,337.44
10764724,7359700,7016,3,173.32
10767494,5305677,15165,1,381.48
10769414,6762712,17390,5,322.63
10769879,7948726,11057,3,15.81
10770957,2664590,8227,4,477.39
10784827,5827529,16733,5,342.41
10785011,5771837,9613,5,360.26
10787632,7660109,15166,5,395.18
10788914,5497552,10323,5,182.57
10788924,7734421,9136,1,193.95
10789053,4153278,13742,1,111.63
10789276,6464224,18739,2,492.45
10790118,5859414,16527,2,373.97
10790202,7076253,18535,3,180.37
10791507,2565255,9991,5,367.37
10792804,5995227,8812,4,82.34
10794844,6887587,17011,3,131.51
10795120,2994566,8544,4,146.21
10796421,2159430,12098,3,464.97
10797508,5925339,12568,5,147.31
10797924,674416,2164,2,300.1
10798888,7707871,13348,5,68.93
10799230,1020166,13739,5,127.6
10800418,80089,9382,2,326.84
10801319,4916908,3483,3,255.23
10801496,5805415,16136,3,322.49
10804984,4867477,4773,1,206.02
10805033,571433,6247,4,362.49
10805992,53647,14920,1,193.65
10806971,5976624,4684,3,69.76
10807540,1696537,11409,2,372.45
10810019,1751355,3789,4,313.37
10811457,4510328,14672,4,73.77
10811745,3544476,7303,4,79.43
10811997,295972,8,1,262.73
10812576,1177989,7525,1,67.58
10813846,6773046,9990,3,330.52
10813978,6986976,11911,2,266.32
10814590,1442862,13175,5,258.55
10820513,2704567,10809,5,427.32
10822156,4546546,18566,1,398.28
10825100,322241,1787,5,376.11
10825296,5506169,1687,3,106.0
10827116,4092695,17839,1,368.62
10831968,2977669,9824,2,408.71
10833022,7740418,18632,4,202.65
10834517,2870514,18766,1,407.95
10834753,985617,2468,4,169.28
10836087,2103149,11140,1,182.49
10844064,6072581,18747,1,474.28
10844641,5762966,14666,2,24.66
10845066,2590671,8242,4,20.45
10846660,679069,19494,3,209.44
10848248,1677434,15340,4,453.64
10848662,4682254,19372,5,232.2
10849143,3347612,8047,4,419.54
10849189,2995741,19531,2,197.68
10849296,3304447,12525,5,163.96
10850068,4149758,2122,2,218.77
10850898,20839,17005,4,95.83
10852585,1985845,17857,1,374.13
10856467,827085,11400,5,206.53
10857014,3002314,974,1,471.69
10859165,2577514,19860,4,385.33
10859801,2153439,13070,1,338.7
10860787,1063890,5697,3,491.23
10861226,5326540,16929,2,21.09
10862281,1579336,12359,2,107.4
10866343,2906925,63,2,333.03
10867308,5030297,7848,1,207.22
10867970,5817064,18041,1,354.94
10868782,2627034,9873,1,401.54
10870232,2080845,6895,4,134.87
10871559,5775442,2535,5,20.39
10877304,1781266,14960,2,384.97
10877772,5983658,8994,3,491.03
10878026,3390205,10470,1,328.06
10880093,2993995,4901,4,241.3
10881724,4607738,2313,1,434.76
10884180,1460675,16028,2,59.2
10885399,4887830,12917,4,219.12
10886885,4590640,12038,4,488.79
10886908,2200397,13498,2,39.63
10887448,6545486,6522,3,390.51
10888180,5975124,18223,2,57.69
10888199,4249748,4552,1,143.52
10891564,2281522,4887,2,405.15
10891649,5235862,17069,1,54.6
10892982,6680464,323,4,420.21
10893478,6281238,8407,3,46.62
10895844,896671,6743,3,210.06
10895942,2211019,18285,4,53.52
10900259,920233,4323,3,68.84
10900820,4028687,2825,2,444.53
10901981,3032421,15368,3,81.14
10905181,4812924,15565,1,213.24
10907588,1255456,10378,5,314.13
10912725,5096512,6764,2,396.49
10912855,4753527,5874,2,113.75
10914453,3311935,19556,2,284.02
10919724,2854324,10309,2,474.46
10920930,7194093,19862,2,238.61
10924988,4797109,10017,4,110.75
10926551,7772498,17285,2,470.7
10928489,4751118,9322,1,270.71
10929590,5668183,11341,2,358.89
10936163,5177139,1950,1,149.45
10936787,583854,12653,3,111.24
10937134,2463350,3486,2,325.23
10937534,1486652,9030,1,124.85
10941947,4454752,13153,3,457.54
10942567,3625701,15391,5,52.62
10943524,2034778,8046,4,469.87
10943816,7885801,15382,5,35.5
10947882,7660109,4924,4,241.36
10949280,6157323,2968,3,355.5
10952195,6434994,11957,4,301.16
10954762,1769689,7700,4,243.72
10955171,7772498,7443,5,180.73
10956096,7009910,16425,4,355.92
10957797,2044800,7118,2,136.06
10958458,6560942,7544,2,42.65
10959264,6894491,19710,4,285.28
10963642,2159447,11422,3,134.12
10968747,7391095,15764,1,248.96
10969727,4890458,1356,2,114.67
10970040,6038611,9935,3,427.03
10971371,1525859,19637,1,246.96
10972037,337733,5794,2,243.38
10972236,2927070,9898,1,475.03
10972289,7959452,1438,4,339.35
10972397,2890835,19504,3,136.85
10974436,4665583,17219,4,224.87
10976503,347697,16970,2,273.41
10979422,6493780,5876,1,297.26
10980992,1240257,650,5,438.52
10983160,1748512,120,4,192.94
10986277,7742356,4210,1,84.22
10987343,248670,1330,5,235.57
10988270,3974886,12252,3,158.58
10989046,6986976,15875,1,382.47
10989432,4278364,7173,2,352.73
10992545,2886859,16164,1,27.2
10992744,7298815,14898,5,202.09
10993229,1007037,582,2,12.57
11002944,2547104,16632,5,143.7
11004164,4536379,11826,4,349.72
11004522,1634790,8191,3,120.0
11004970,7005545,1161,1,303.6
11009845,1276297,17670,4,365.64
11011585,406603,13189,1,113.5
11013755,3772329,6068,4,464.06
11016283,3790879,7181,2,71.92
11017249,1105874,11086,5,242.63
11018760,1208034,4973,4,454.11
11019565,3219253,217,5,127.36
11020022,1105491,9671,2,315.35
11020807,1702013,17641,2,153.04
11022122,724354,19124,2,79.33
11023302,2866886,16248,3,320.8
11024517,1367062,2619,1,321.06
11025745,2659558,19177,3,234.78
11026471,7778991,15042,3,460.92
11028282,7908725,9973,3,151.44
11028742,1976166,3973,3,239.67
11028996,6008934,11934,3,79.24
11030327,289101,16391,4,116.35
11032441,4826203,14653,1,357.37
11032742,3550789,8742,2,165.3
11033877,5736414,12297,3,371.89
11035250,4395034,1402,5,219.42
11043490,5689073,155,5,146.69
11044123,2109128,963,3,425.62
11045350,5402291,5364,5,288.62
11048362,1091088,14188,3,26.2
11049873,1460675,5912,1,93.06
11050332,7719013,9552,3,19.23
11051009,2945745,10299,5,46.57
11051980,2843921,10372,4,317.35
11055147,2740501,5596,5,34.45
11056244,993357,16277,2,47.61
11056245,7873878,7510,4,250.32
11060177,5950293,19720,4,32.21
11062009,3142114,19051,3,287.92
11063495,218181,1650,1,473.41
11064689,2385774,9520,2,204.89
11066547,7755778,3778,5,133.76
11067979,6536947,15245,4,187.39
11072812,4557318,16910,1,428.13
11073217,1831902,17271,2,54.75
11073236,83065,5584,1,124.23
11078497,6157323,18183,4,158.56
11079459,2831888,8069,1,256.79
11079504,1174451,18239,2,456.2
11080099,5436937,1690,4,484.4
11083191,5468232,6420,1,470.78
11084159,1658387,12100,3,407.51
11086900,4007199,9607,4,366.87
11088190,6642162,14625,3,17.17
11088301,3586165,582,4,12.57
11088937,4140975,6083,3,384.25
11092263,6280462,6139,5,350.98
11093319,4219900,9174,5,134.06
11094212,3998748,3491,2,325.31
11094794,6336645,15602,5,136.15
11096859,1618966,18232,3,149.57
11097503,7113668,8896,5,43.5
11097828,7440908,17603,1,121.09
11104755,4571028,11680,2,288.41
11106052,7080529,2991,5,363.53
11107865,2923922,11898,5,425.35
11109508,7623486,4907,5,288.43
11109821,4642490,15537,5,348.28
11113913,484431,747,4,184.2
11116240,3626733,9887,3,138.13
11119546,1746088,11753,2,40.16
11120603,951917,17252,1,208.11
11123592,2578099,14976,4,370.22
11124723,2318463,16618,1,56.19
11125017,1504153,2135,3,30.31
11127950,5386907,18312,2,234.15
11130755,4231791,12629,3,313.43
11131350,759228,18458,2,81.16
11131777,355027,1762,2,199.11
11134200,3841587,14614,3,64.07
11135235,2457839,16911,2,447.93
11136190,39407,13821,3,177.67
11137121,841494,6136,4,301.58
11137203,3576428,1728,5,353.81
11142269,1510409,13347,2,311.72
11145810,4333960,5099,2,289.83
11146586,2426437,7861,4,178.66
11147043,5096512,18788,2,452.16
11148853,4712846,11730,2,96.37
11149432,1259847,14604,2,207.1
11149647,6010136,13308,3,112.71
11149916,4935287,10935,4,395.78
11150203,3451235,5347,4,24.3
11153363,2241192,14854,2,245.56
11154606,2321514,1530,4,85.04
11157414,7604970,6124,1,400.14
11161421,2924833,7290,4,306.7
11162095,2980155,4527,3,338.17
11163275,6690626,3617,4,405.36
11163382,2627811,16760,2,380.88
11164881,1625524,6332,1,230.67
11167665,843596,9574,5,309.12
11168954,4328071,13075,5,108.02
11169877,6516376,4054,5,341.64
11172002,3042146,16026,2,397.02
11172649,4662840,9679,2,27.14
11173399,500550,18885,5,303.39
11173495,7432274,2355,4,114.53
11175138,4662840,8332,4,387.4
11176002,1737566,18305,1,461.5
11181700,6188622,19880,2,22.77
11183768,3780423,5864,1,347.3
11185094,3527311,4955,4,384.55
11185569,7903042,9400,2,472.51
11186283,5126992,8976,5,397.31
11186782,416110,10178,2,428.26
11187283,190677,5651,4,432.21
11189550,4850477,12615,1,32.66
11191020,3681671,6576,4,109.89
11193731,255563,15993,4,53.05
11196373,1140796,9850,2,282.21
11197551,6571019,9121,3,456.27
11199842,4657100,17616,2,394.1
11201757,1379231,17303,5,13.22
11202405,4474603,19678,1,9.9
11204590,6401660,19905,3,495.98
11206958,4944282,2700,5,229.96
11207741,1583039,3508,4,300.23
11209017,3186840,18768,3,64.41
11211908,6290262,19979,5,449.51
11212754,6984053,5117,3,442.72
11213478,7254365,15436,3,471.43
11213730,4954147,11095,4,52.74
11214249,3535856,2667,4,236.91
11214758,4823610,13189,1,113.5
11215743,2547104,14728,2,448.76
11215842,1583039,3759,3,242.37
11215874,6956868,17694,2,401.19
11216376,2854279,9162,4,258.09
11216584,173086,16297,2,266.74
11216858,3925120,9359,1,36.35
11216890,3684574,19531,2,197.68
11218870,4699311,16490,3,40.85
11220901,7785349,6017,3,51.19
11222392,1510409,15805,2,473.14
11223111,2675905,16254,5,440.5
11223445,6709451,6964,1,321.0
11224753,2368947,4869,1,384.49
11224834,5593899,17605,5,402.57
11227896,2408583,2159,2,290.79
11228909,5093661,1320,4,418.3
11229652,6840215,18087,3,101.16
11231469,478084,16080,1,335.59
11236372,3144820,8067,4,187.51
11240300,6180647,7144,4,381.4
11241423,4679631,7107,3,260.54
11242459,2960606,18284,5,465.26
11242885,1632260,13470,3,146.09
11243204,2723672,3052,2,107.25
11244597,7259846,18837,4,289.03
11248010,2612664,6934,2,448.16
11249580,575158,13348,4,68.93
11250715,3485098,19421,4,324.31
11252865,6750805,14398,4,269.44
11255527,2418675,2685,2,290.19
11256506,7104622,16811,3,372.11
11257689,6861128,17036,3,56.37
11257869,4909334,7420,1,223.23
11258879,2392820,113,2,341.94
11259517,7436092,12734,5,491.85
11259784,6576773,2287,1,297.45
11260166,2358006,16289,5,240.85
11262496,265502,10274,1,332.24
11262883,73599,15833,3,402.39
11266203,7385688,16750,2,64.14
11268309,739881,7680,4,410.06
11269007,7264795,15493,2,324.72
11271021,2410632,6504,5,60.67
11272147,7963645,5773,3,332.74
11273984,4629525,15178,5,79.1
11280557,2315167,6125,4,287.44
11282442,5662595,3621,4,103.66
11284675,4942393,9995,2,261.68
11285105,2813563,11089,5,223.88
11285347,6674519,15724,2,304.94
11286905,7813619,14375,5,287.52
11287203,5381737,1064,1,221.82
11287285,2031703,13407,4,165.04
11287336,3550087,2610,3,376.92
11294250,2814946,7353,2,109.05
11294295,2736960,13519,2,498.51
11295788,3903274,12482,4,51.82
11299308,1812698,10962,1,319.37
11309955,6440072,16583,1,206.84
11310800,2409341,8773,3,98.16
11313045,2109128,3412,4,112.78
11313973,3835461,19623,2,121.1
11316131,3642112,17727,4,265.14
11316347,2111190,12183,4,397.9
11316950,6454432,987,4,408.24
11317501,7819091,3994,3,112.21
11317861,546829,9735,1,208.42
11318229,2146138,5452,1,296.21
11319931,3408199,15402,4,400.33
11320981,3162482,19133,3,385.86
11323820,64572,4762,4,254.89
11328096,155777,15058,2,141.38
11329308,4913463,14248,3,229.73
11331400,5249879,16872,1,162.67
11333474,5312382,15191,1,322.66
11336968,7909298,12128,4,68.17
11338602,7074540,13619,3,310.91
11340084,7408144,6977,1,234.1
11341784,2137718,8474,2,431.37
11346313,5566879,7194,2,157.85
11350432,3954145,4801,3,456.65
11351111,1184133,18281,5,11.62
11351489,2045474,13190,5,360.14
11351742,5429952,14665,1,267.68
11354351,38604,16502,1,49.6
11357518,546159,2306,1,77.96
11357679,4664482,4037,2,491.23
11359151,6075779,664,3,475.1
11365153,6596009,5465,2,355.19
11371668,2892899,9693,3,144.92
11371978,1728635,17184,4,32.95
11374111,5574938,12594,2,342.31
11375405,7809359,12227,4,26.21
11375528,6776660,16173,3,414.04
11375932,3970193,16626,5,499.5
11376853,794286,10653,4,257.12
11376985,6407765,9477,4,228.32
11377480,2247190,8089,3,79.81
11378076,1736996,19666,1,358.28
11378351,6186802,4499,1,198.7
11379330,333386,15454,4,373.81
11384166,7185051,2596,4,190.96
11386780,2306965,12177,3,125.93
11388247,629479,15531,5,485.48
11389941,2973679,14213,3,42.86
11390977,568896,10334,3,292.09
11392237,3953957,11808,5,56.9
11392371,5505593,6352,2,341.3
11393569,2188346,9803,3,366.83
11400131,4241882,9679,3,27.14
11402064,3390475,9220,5,229.6
11405105,7917896,3007,4,226.27
11407131,3819399,12825,2,341.44
11408633,2542619,18351,2,490.44
11408775,1170188,785,1,129.49
11409522,4340183,16469,1,129.23
11410080,3932819,4065,1,456.9
11412258,5979270,7382,1,112.72
11413241,4880892,16700,4,471.5
11414552,4930722,4202,4,137.43
11415397,2474811,11962,5,131.71
11416861,2814946,9040,5,391.15
11416990,460388,8318,4,150.9
11417625,2519334,17150,1,90.68
11417787,4521251,16827,1,313.98
11420943,1005526,18495,5,489.2
11435866,1425881,14424,3,304.14
11442623,5381737,15454,2,373.81
11447297,3264520,7736,5,347.65
11447995,4143911,3580,1,381.17
11448143,5979270,19046,3,83.01
11449896,7853576,18382,2,68.88
11452353,5988366,16732,5,403.58
11453665,4121592,17891,2,96.7
11454131,2866869,8211,3,49.83
11462121,1304428,4550,5,11.73
11462643,2357305,17341,2,303.77
11462885,7229888,9238,1,50.05
11468440,4571028,16172,5,390.47
11471969,5589708,17445,3,309.5
11473086,5766312,13829,4,381.24
11473551,7531800,2854,1,208.55
11476379,3277732,13725,1,28.1
11477060,6536947,4128,1,366.25
11477604,6268339,10738,4,333.28
11477720,2132313,16676,2,74.61
11478641,1158881,12920,5,191.09
11479548,3919535,1736,4,17.37
11480248,3420440,5423,1,463.17
11481890,1201488,2727,4,411.09
11482575,7154038,12375,2,495.94
11482657,3544476,8480,5,311.22
11486413,6015501,11259,4,451.67
11488777,7983102,4496,5,399.55
11493319,3144820,12416,4,265.35
11501781,5320687,5518,3,187.61
11501892,5534460,742,3,163.68
11501931,3499933,12971,4,447.52
11502584,4478092,11201,2,203.25
11502846,5341552,7984,5,338.54
11504732,6810921,7951,3,323.94
11508052,1516721,425,1,158.09
11509018,3891835,10088,5,239.49
11511252,6232270,19968,1,256.89
11512504,3748423,14039,5,111.81
11514373,7316857,5915,2,282.83
11517509,3748423,10925,1,55.86
11519560,2514783,214,5,209.55
11522284,179747,7559,2,14.63
11525557,6502911,12605,3,410.24
11529410,7800671,19633,3,431.03
11529432,1141276,1089,5,42.2
11531384,621474,17372,2,71.01
11531969,6467886,952,5,334.57
11532340,7934353,1355,4,172.5
11533964,1103571,2468,4,169.28
11537220,7468769,5476,4,175.61
11541135,6393552,15122,2,428.13
11547641,2841860,17675,3,401.39
11550395,7946406,5443,1,332.89
11553122,2069682,18815,2,352.35
11555834,3135496,19898,1,46.22
11557588,7004565,1729,2,378.48
11557985,7824900,14628,4,429.39
11561005,6914654,18904,4,470.52
11562090,7152558,11217,2,164.79
11564445,985617,5659,2,361.49
11567937,3070633,12673,5,230.14
11569909,1634588,9853,1,11.42
11569952,7520166,2174,5,162.45
11570249,2782743,12805,3,22.18
11574061,2964359,18351,4,490.44
11578131,2653499,7646,3,473.33
11580627,1125692,13860,2,491.91
11581207,5072725,9981,5,482.03
11581332,2858656,19077,3,168.16
11581378,4896825,4832,4,275.77
11583205,6124510,7857,3,286.03
11584179,6145531,15589,4,310.99
11593619,7412433,6053,2,311.63
11595194,2796956,18485,4,291.73
11596640,3280164,96,2,74.7
11596896,1468289,10628,4,381.22
11597435,5357376,19679,5,175.49
11598449,7903929,14141,5,397.67
11599289,7534322,7508,1,222.4
11600414,4027612,5433,3,448.7
11600852,3201484,13685,1,253.95
11601464,7946406,3574,2,410.84
11601640,3258518,2247,2,49.18
11602216,4751118,4985,4,119.86
11602387,3390205,7171,1,186.42
11606012,6493780,11829,2,61.73
11606665,3314896,6012,4,472.42
11607819,7603021,2347,4,329.36
11608205,7187297,14554,5,31.88
11609603,3300749,16417,3,26.4
11610613,6407765,8293,5,93.68
11611141,290426,11747,5,243.82
11611964,1934320,243,1,301.85
11612159,5996673,8667,3,395.67
11613201,1726612,9146,4,454.43
11614277,2434172,19012,1,195.23
11616877,3655447,19998,3,361.73
11617171,6625461,5991,5,188.59
11617181,6296560,7982,4,296.36
11617374,2279986,7211,4,394.05
11618794,7963645,30,2,137.83
11619393,894640,16913,3,16.76
11620352,6254983,12853,5,322.16
11620365,918583,13848,2,410.77
11623519,5381737,13572,4,142.58
11626302,4084915,240,1,40.03
11626617,6109428,6915,3,232.93
11626653,5143464,1012,4,491.15
11626729,4014310,13471,3,284.85
11627208,619927,11146,3,456.29
11628174,895001,13423,2,59.41
11630940,6555409,900,4,44.9
11632882,2622126,17126,3,481.22
11633105,5927313,2611,2,493.84
11638708,3296067,10480,1,250.25
11639298,2322412,14592,5,242.16
11640243,7301785,13402,3,91.05
11640346,5993028,13222,3,167.2
11643428,6670746,19544,4,203.16
11644290,6523369,9653,1,281.13
11645090,2327313,6592,2,474.76
11646257,3280479,8893,2,200.78
11648530,6049608,12727,3,453.96
11648709,696191,19707,2,85.86
11650851,5523741,6482,2,150.65
11651479,2152967,9727,5,334.65
11651551,1245668,19243,5,480.89
11653605,7129785,14284,5,247.83
11653850,4850477,1616,2,379.68
11654411,1760458,1127,2,202.19
11657282,3417640,12715,2,14.7
11658073,1850632,9137,5,27.85
11659391,1622687,9629,1,363.23
11659549,1485841,3670,5,266.19
11660487,3733923,9641,3,341.8
11662627,56390,16191,3,328.39
11663644,5913441,12539,5,498.68
11664752,2008062,14143,3,440.36
11665519,3813923,15535,5,121.26
11667624,3322764,580,1,428.75
11669752,5818771,16190,3,204.21
11670695,6685192,17806,3,443.86
11671568,3314979,15158,3,465.4
11672149,5182391,4377,1,171.18
11674849,4812924,14155,1,360.93
11676116,6048310,12610,1,217.0
11678769,750015,17360,5,309.89
11679031,7280165,1195,3,391.15
11683161,4271819,10490,4,299.66
11687680,841494,7391,4,131.36
11690155,2296742,15043,4,81.37
11691228,6989978,15102,4,173.73
11691399,4641255,17661,3,260.62
11692581,5669080,8425,4,82.97
11693274,255991,1749,1,376.11
11693559,754321,14144,1,71.13
11693991,1442862,17657,3,119.13
11694193,3170427,18992,5,433.67
11699790,4077121,12007,2,291.19
11700259,4005553,2078,1,314.96
11705919,1275045,5593,1,250.5
11708398,4056114,15374,1,392.22
11709707,5736414,17607,2,262.75
11714955,169923,13665,4,180.88
11716912,6124510,11384,5,484.0
11719182,7118286,2410,1,78.36
11720638,5766857,18850,5,312.11
11722148,472864,6357,5,150.2
11728344,2813563,15562,4,209.53
11729398,2707198,4890,3,387.53
11743316,708099,19146,4,24.48
11747584,2457224,12487,5,322.05
11748474,1130011,3849,5,41.48
11748634,5127380,11924,4,376.65
11750498,1738878,17422,2,147.25
11751346,2695805,15957,3,272.58
11751356,920233,17880,4,95.91
11752516,160317,2896,4,234.6
11753585,5977552,9550,4,316.68
11756349,817239,8578,5,240.75
11756412,7328683,4759,4,237.7
11758342,6901812,10522,3,75.72
11763987,7486274,17188,3,337.65
11765208,5148750,17263,1,240.88
11765491,7269849,8030,5,113.85
11765973,344614,11840,2,404.97
11766801,4069301,2836,4,314.88
11769535,2417590,5771,4,5.23
11771842,1347175,16896,1,436.71
11772025,3876809,13494,1,322.83
11775327,5913349,6715,2,66.44
11778099,275816,4366,2,183.23
11778677,5143464,2221,3,249.53
11778725,1367062,4440,1,181.82
11778807,3530250,16313,3,239.85
11783053,4004230,6744,1,465.97
11784353,4801235,19108,5,483.31
11784535,7632458,7025,4,360.01
11785065,2008285,18412,4,487.08
11785550,3258518,19876,4,241.55
11788521,2769734,4312,2,135.89
11788878,5059421,3202,4,125.58
11789606,4498054,13168,3,361.38
11789773,4401845,5439,2,353.2
11789956,3843180,6456,1,26.17
11794044,5548709,13306,1,277.7
11796376,2424274,7232,2,483.26
11796960,1535089,17217,1,39.32
11797133,2078497,1359,1,28.41
11797134,5107766,4566,4,437.62
11797755,2539207,2161,4,318.94
11797959,7683469,7429,2,454.69
11798287,7784031,19868,2,310.56
11800994,4401758,993,1,97.6
11802025,7909298,19599,1,365.09
11803263,3217947,13912,2,283.07
11803889,5488932,16989,3,225.76
11804118,7667286,10276,2,355.82
11805595,6719178,15524,5,113.31
11808194,1308501,17662,4,38.46
11808303,1845731,13183,1,294.15
11812555,5273030,8751,3,349.59
11814452,4918606,5786,3,187.33
11814930,2977669,14259,4,389.26
11815710,3663324,16559,1,147.55
11816034,563319,1399,2,235.01
11820965,1406596,8336,1,297.37
11823112,7785985,13662,2,94.8
11826735,6348513,3665,1,304.71
11832069,2808415,17017,1,200.69
11834707,268889,3164,2,185.65
11835170,1665628,4201,3,153.89
11835585,5726771,6931,1,218.7
11836592,3257061,4579,1,123.25
11837032,6999726,13111,1,252.53
11838265,1174451,869,3,65.39
11839469,2153439,13196,2,424.37
11841240,6932158,15151,2,25.33
11841394,2312826,11315,1,153.43
11843161,1294337,18310,4,351.97
11845560,3537827,8990,2,338.28
11847702,1107239,15256,1,348.5
11850575,4796924,19877,1,301.33
11853031,2872477,17038,3,289.18
11853792,2248972,12891,2,231.59
11855436,7252164,5196,2,290.29
11856075,5086271,13609,2,202.66
11856999,6726446,4151,5,182.11
11861025,3258518,12981,2,261.87
11866859,3087172,15044,4,251.12
11867287,2672869,9428,1,28.01
11868740,4379222,16345,2,347.88
11869694,1081243,14363,2,484.76
11871837,2902673,297,5,121.56
11872064,53647,3154,2,310.0
11873245,3595619,9683,1,97.23
11875077,2031079,6131,5,106.2
11875154,2529892,310,1,202.21
11876329,53647,6691,2,82.66
11877528,3747926,8001,1,191.74
11879497,3482745,3804,1,37.93
11879577,1380384,15090,3,479.5
11879609,2659558,5373,2,281.77
11879885,3021393,3044,2,291.42
11880675,1900051,19517,3,84.86
11886995,3687502,481,1,131.05
11889475,3679907,15217,5,37.16
11889489,4803964,3564,3,402.16
11892964,5443139,15085,3,110.82
11893412,244717,14663,3,96.57
11894874,4546064,13532,3,121.81
11896310,5726771,12648,1,274.67
11904711,2837709,19738,4,209.37
11906563,1068673,16373,2,458.79
11907770,6392242,16563,1,329.88
11908825,4801383,19376,5,188.94
11911110,7270275,5127,3,202.15
11911919,6754796,10463,3,337.47
11912780,6354585,10617,4,198.48
11914607,1026634,7019,1,119.97
11915298,3748995,2004,2,334.76
11919395,4885385,12999,4,87.61
11922858,5446552,2325,5,64.66
11923051,1444449,6626,5,185.68
11928000,3605595,8297,3,83.34
11928517,3191780,9211,2,28.25
11929398,6765219,9382,3,326.84
11930060,5668469,81,5,440.99
11932051,4407393,3657,3,322.69
11932368,2665574,16169,3,306.73
11932983,7921947,9734,3,301.42
11933872,5431710,10965,3,103.78
11937816,6869827,6574,5,246.71
11938712,1205204,11498,2,437.45
11940455,5076632,19720,5,32.21
11941119,6907579,18680,1,32.7
11942886,2023166,827,1,57.09
11943182,1215024,14808,1,131.56
11949201,6597812,6859,3,370.42
11954653,1105874,15142,4,110.09
11956791,827521,10766,5,109.97
11959011,7290630,14976,2,370.22
11961130,3633206,13254,3,192.1
11962002,2514783,7435,1,115.25
11963202,4474603,3339,2,267.16
11963913,6806438,4572,5,280.72
11965019,2191474,7082,1,83.92
11965688,7242736,17100,2,485.6
11966817,6462598,15871,4,201.21
11969670,7534343,9677,3,113.79
11970588,4875974,19125,2,230.35
11971101,181580,17225,1,16.31
11971520,6873930,7910,2,44.2
11977271,211837,18467,3,317.0
11981195,2448362,8923,1,50.71
11984199,1780615,10279,4,202.66
11986027,3291099,16027,1,114.83
11987699,2321794,6574,2,246.71
11989478,2346139,6452,4,434.48
11989663,1389755,4840,3,133.02
11989854,1662980,11981,4,87.03
11990452,4944282,13824,4,467.91
11990684,4498054,9328,1,463.51
11991128,1547136,1373,2,297.49
11993450,2023166,12395,3,219.55
11994775,6356145,17110,1,302.81
11994880,1797538,6628,3,314.8
11995016,304994,5566,2,48.02
11997175,5534460,14628,3,429.39
12000425,2965187,7251,2,335.99
12002334,5445973,10118,1,92.98
12002605,1761231,6102,2,347.53
12003547,3313627,13405,4,217.83
12003565,2932296,8135,3,364.91
12004174,2862913,6770,5,404.78
12005266,4258704,5712,5,61.73
12006918,460933,6725,5,486.58
12011058,7202224,15808,1,357.4
12012450,7748213,3894,2,342.67
12012889,6045013,7560,4,66.39
12016244,7221210,3713,3,254.68
12016494,4080035,12184,4,73.42
12018708,7298815,13693,4,18.78
12020230,7744,4488,3,296.29
12022796,4796959,13895,1,395.36
12025287,7681815,14355,1,302.04
12025316,1829226,3135,3,340.89
12025950,2125293,7032,1,455.41
12026298,4516374,5406,2,245.22
12026655,2910226,10619,3,63.88
12028260,1507399,12129,5,309.05
12030229,7823749,8879,4,186.52
12032479,1670682,13061,1,251.99
12038199,2090064,4717,3,307.34
12039235,3747926,18982,5,275.33
12041444,1994943,8000,5,299.09
12041555,3277755,11560,3,79.62
12042436,1910228,1820,5,116.97
12045782,1994000,2683,5,368.36
12045805,6904288,4067,5,23.45
12046207,4567131,15538,2,333.14
12055851,7450957,1454,2,316.88
12056136,1615740,12870,5,297.13
12056707,2660877,13596,4,194.18
12058954,5423353,18611,5,31.75
12059256,4571028,17919,5,444.05
12060641,7073116,2790,4,288.6
12061859,3906253,8573,1,8.57
12064038,5507951,19056,1,160.66
12070551,1634537,8939,1,309.47
12071059,1632260,1295,3,158.2
12074741,5188760,14202,3,256.9
12076987,7010700,10699,4,185.68
12079055,333386,5427,1,396.19
12081995,5071329,5752,5,220.35
12083516,4911231,1162,3,94.71
12084546,1215158,14579,3,261.83
12090091,3394297,15552,4,332.39
12093797,1601539,8268,5,253.43
12096676,6000630,14229,2,335.54
12097300,608026,9929,2,14.04
12099018,2931750,7453,3,483.62
12100350,7640438,15574,1,169.45
12100852,636979,877,4,389.68
12101611,5377133,10417,4,123.97
12101615,7096708,3023,1,167.45
12102479,4399538,7032,2,455.41
12102648,3730858,17382,5,322.54
12102717,192515,13492,3,339.82
12103673,6467602,7648,4,244.86
12103780,4333960,6541,2,270.97
12105890,4110597,18957,5,7.37
12109518,3960926,15869,1,236.62
12110042,3919535,18122,4,411.98
12113080,6940680,16733,4,342.41
12113120,1600702,15116,5,449.56
12113599,3063174,16062,4,155.75
12115723,729832,7217,3,280.06
12116510,4022610,14049,2,47.47
12117121,2653499,11583,1,463.88
12117333,6704141,11881,2,29.02
12125219,6416005,10574,1,53.59
12125867,5775865,16950,1,293.5
12126578,625831,5180,5,499.55
12127110,6392769,8373,5,176.0
12128189,1155135,11576,2,268.05
12130379,7671340,18628,4,131.89
12131377,6523098,1901,4,122.37
12131761,2736960,13914,5,172.81
12134338,7345070,18247,4,365.13
12136378,3550789,1798,2,144.11
12137416,179747,5463,4,262.67
12138573,5904392,8760,3,11.22
12140675,2965187,10709,4,69.13
12141268,2031917,5904,5,438.92
12142236,2723672,2521,4,158.72
12142304,5365796,17605,1,402.57
12143132,6493780,10983,5,384.65
12144493,5737141,18235,2,5.26
12145817,3050092,1137,1,471.01
12146514,7464967,12688,4,107.91
12146575,6094241,13068,5,320.28
12147797,359468,9097,2,492.16
12148061,2576957,17885,4,83.94
12148082,6020892,4056,5,206.63
12149407,4656601,16817,5,330.6
12151493,3548524,4971,2,60.51
12151494,1677434,15824,4,402.04
12152386,2424274,141,5,194.84
12153067,3268961,6878,5,38.58
12153781,5451433,6692,5,196.21
12154262,5539029,18873,4,87.71
12158109,6348513,9091,4,150.57
12158391,7658603,9820,1,454.18
12158947,4024101,11090,2,391.78
12160855,4566243,6209,3,10.74
12163248,5979937,5359,4,268.58
12165633,6204024,19770,2,291.94
12166135,6516376,14416,3,197.18
12166182,5827722,2758,4,497.23
12166192,5119672,8832,3,415.77
12168776,2723672,6023,4,265.83
12168920,6780315,18455,5,492.39
12169610,3415567,10628,4,381.22
12170310,3521626,16829,2,289.08
12170828,5182391,3417,1,311.61
12172540,3387687,17411,3,82.6
12172547,3255678,14964,5,434.97
12172964,1692534,2653,3,64.91
12173163,4495850,18602,4,157.86
12173787,4196278,6819,4,409.62
12174217,2410649,3399,2,190.49
12176466,1361636,4449,5,477.15
12176819,3965134,9009,5,40.37
12176986,2318779,14543,1,482.87
12177885,1384640,18974,1,32.11
12185616,4771518,8355,1,457.22
12185823,5467447,1776,3,269.58
12187052,1821205,10127,3,94.71
12187363,6280462,1375,1,183.84
12190274,2281522,9799,4,108.87
12190979,7904787,11691,5,120.55
12195077,165813,13066,5,487.37
12195785,6921467,14945,4,192.75
12196540,2485847,5805,2,66.19
12196588,2153439,14793,4,371.55
12196868,1797538,14568,1,98.45
12199884,5106746,1605,3,412.02
12201818,2903929,12260,1,411.94
12204441,7155204,125,3,458.09
12207173,1493520,19542,4,359.32
12210425,958290,4143,2,344.86
12210438,969,4722,2,278.98
12210472,5951090,12638,5,430.18
12210949,1963455,12378,3,158.2
12212109,3887267,3368,5,409.94
12212887,2576957,16788,1,427.99
12213983,2001066,64,3,71.66
12216485,3593930,7491,1,213.76
12217240,990650,16503,2,185.45
12218189,2576786,16556,3,490.99
12218748,2357305,8289,4,156.36
12219251,7812993,18300,5,421.67
12222445,209219,6994,5,283.4
12222724,3014852,18867,4,332.21
12223761,903982,15664,3,203.56
12224215,2649657,19995,2,185.16
12224643,4116243,11463,5,282.62
12224762,4675299,13741,3,344.71
12227478,333386,13438,5,170.33
12229132,759635,14845,4,258.05
12230220,7060194,3501,2,41.18
12233186,894640,4077,2,358.25
12234780,1957421,17581,2,356.59
12239206,6218170,16860,4,261.42
12243731,2474811,10593,4,377.01
12244089,1535076,4674,2,454.22
12244195,1920332,558,1,19.59
12246124,3656437,10700,4,75.06
12247492,3984469,10058,5,164.82
12248294,1555096,2800,2,383.36
12251972,2383646,2347,4,329.36
12252489,7209001,5144,2,379.6
12253335,7625149,8665,2,416.43
12254166,6394386,14361,5,393.6
12255171,4596685,13686,2,169.01
12262543,1423922,7423,5,110.68
12262812,2290013,10624,4,174.1
12264960,3286255,3018,5,51.12
12266024,2306965,17642,1,370.95
12268412,7809300,18128,5,288.34
12268440,3613695,2809,5,252.27
12270682,2196246,17270,5,372.2
12270809,6930052,12337,2,151.3
12276403,172387,16264,5,98.85
12277283,1234650,18590,1,394.04
12278639,4194388,2579,4,174.42
12279065,7041278,19638,1,126.02
12285486,2741355,1124,2,214.91
12290664,4371227,19597,1,148.08
12291321,2559480,4733,5,295.53
12292025,3801145,10019,3,204.68
12293745,1830979,11349,2,345.23
12294820,3790879,3716,3,388.5
12297948,7242736,15713,4,433.38
12297978,5437477,6168,1,200.33
12298769,20092,1857,5,310.95
12299464,3210957,8917,4,8.25
12303441,958025,18209,1,245.64
12305558,3725625,2931,4,85.46
12307987,1166205,9961,2,83.84
12309945,3314896,12189,2,204.85
12310844,5280493,323,4,420.21
12311188,3775861,19729,5,475.92
12311967,181580,10918,5,372.64
12313283,7856607,1292,2,6.31
12317207,1175728,5109,5,380.66
12318401,7301785,2302,1,304.68
12319163,6563211,5552,1,268.43
12321655,5500234,17830,2,338.28
12332142,1994000,14707,5,160.73
12335871,615324,2033,3,284.9
12340860,2429282,3958,3,222.51
12344602,4008057,9245,5,380.82
12344806,7647186,51,4,66.17
12345291,2835931,556,4,202.93
12348114,5948565,13848,2,410.77
12348778,7185051,12486,5,241.21
12349288,3200423,14567,4,496.9
12350142,3272476,9033,3,11.09
12350292,5247239,15175,2,265.93
12353585,4157885,16610,3,80.31
12356658,1736996,7855,2,177.07
12360183,409486,10654,4,11.79
12361454,429820,18786,3,274.63
12362141,5562957,15769,4,349.25
12362907,6482818,13539,2,215.46
12363797,6261884,16398,4,487.5
12364460,1702153,11359,5,187.65
12366079,4550890,4489,1,122.28
12366979,6555409,6725,4,486.58
12367206,5604436,523,4,473.89
12369144,460388,17423,5,274.65
12372554,7016683,3633,3,162.33
12375019,7489835,19603,2,131.56
12375805,2171744,1988,3,319.24
12376633,1695836,7281,5,327.39
12381964,3357076,13445,4,142.79
12384427,1380384,16956,4,338.73
12385022,4084915,9928,2,83.14
12387780,2606269,2980,4,439.9
12388687,6545486,19385,4,225.64
12393140,1306000,757,4,11.15
12396715,1945658,14819,4,485.72
12398086,5652712,3843,5,162.46
12402253,7492881,7934,4,216.49
12412084,7091309,18964,4,172.29
12413003,6075779,15037,2,373.67
12413796,3725625,8158,1,374.8
12415456,4337073,5061,2,302.93
12417812,7949884,233,3,460.75
12417827,765788,5409,2,189.54
12419827,1968885,1498,5,185.6
12419918,2008399,10805,5,68.59
12424254,1321180,18382,1,68.88
12427742,7209001,8228,2,445.97
12430302,5378785,10971,2,301.81
12433350,5459583,7204,5,91.34
12434453,3656437,17291,2,255.4
12434622,3927995,10704,1,475.38
12435363,4866832,3075,2,252.09
12435947,7292653,4576,1,184.85
12436957,1634588,6462,1,317.32
12437341,4797109,19806,4,242.06
12438559,2434172,7533,3,320.15
12443533,6273389,7271,1,453.49
12444932,7333994,7264,5,189.72
12446374,2529892,7419,2,423.07
12448211,5350241,963,4,425.62
12452104,1702692,3364,1,315.39
12454070,1330640,13876,1,342.28
12454668,2485723,5042,2,153.43
12456209,7549771,2813,4,288.96
12458576,3623226,8677,4,376.09
12459277,3191780,938,1,331.47
12459828,2615591,17769,4,7.19
12459897,5206916,3128,4,150.21
12459973,173086,6091,4,174.02
12460167,108968,2164,5,300.1
12460294,6887587,10815,2,206.29
12460562,3276102,7432,1,272.09
12462339,5725041,9220,4,229.6
12467743,6901812,17391,5,363.57
12467935,6977471,18287,3,240.19
12469232,4818976,165,2,273.8
12469319,3257061,1615,2,439.15
12470788,1654949,12890,1,72.96
12471625,1364853,16805,3,210.28
12473803,5106746,16425,5,355.92
12479111,7658332,1140,5,388.61
12479800,6847080,15240,5,493.46
12480649,7434984,9408,2,426.07
12480952,4777512,7794,5,379.55
12482247,1933052,11444,4,314.97
12484980,1763207,19296,5,436.29
12485171,4522698,12138,4,148.88
12486223,4241882,13313,5,39.19
12486457,5751779,16930,1,177.19
12487289,7042318,54,4,485.4
12489080,6023851,8194,3,434.44
12490082,2205116,3739,4,436.31
12490327,4226890,4585,2,113.98
12492855,7222206,12693,4,448.06
12493178,643038,2826,5,54.15
12497026,1962683,10037,4,428.86
12501448,2332884,6677,1,236.18
12503203,2659558,13822,2,436.61
12504551,6880088,3318,2,483.73
12506780,4077121,872,5,412.46
12507523,6467886,196,5,300.75
12509798,3466563,300,2,68.93
12512573,6826290,5244,2,111.35
12513311,7604970,1738,4,99.68
12513347,309231,18460,5,220.91
12516834,7164213,3466,4,207.12
12518986,3291827,11023,2,161.31
12519009,110832,15910,2,85.81
12519023,3590053,19662,4,415.43
12521079,6931190,9978,2,114.55
12521447,6349946,6747,1,173.22
12523539,7600276,18497,2,297.84
12524937,2765842,14517,4,367.01
12525268,2833851,18479,3,494.63
12531221,4597186,9267,2,182.15
12531983,4499030,14429,5,304.05
12533299,1393013,16991,2,398.73
12534951,4040262,2222,1,79.33
12535677,5282632,12364,2,180.51
12538706,5034281,1154,5,273.23
12538716,4919028,2790,4,288.6
12539396,7919344,14654,3,111.98
12543559,5581779,16628,2,292.99
12544990,209219,3986,5,346.72
12545125,3927995,6325,4,417.4
12548367,4743335,8919,1,79.17
12549926,2598285,17369,2,207.75
12552008,4181950,14796,4,108.98
12552213,4699311,18041,5,354.94
12555811,1873215,18505,3,292.0
12557771,2186482,404,4,128.08
12557839,7861793,18757,1,370.77
12558281,1364853,15344,2,429.2
12558500,4038141,1536,1,204.73
12560483,2704047,18824,5,290.58
12561301,7894220,10868,1,257.93
12562434,4215408,887,5,383.58
12563934,5392989,7348,4,52.17
12564213,7805600,5902,5,159.71
12568427,5527316,18019,2,62.35
12568861,2125293,16140,2,282.9
12570665,4375901,8889,3,113.3
12570701,6962617,2671,1,67.91
12571224,7259846,5797,4,37.93
12572893,5686945,3813,2,223.19
12574632,6178320,17770,1,33.05
12574760,3843180,4389,1,202.13
12575763,2998600,18083,3,322.77
12579166,7015715,2550,1,332.97
12579167,2697185,6657,2,171.54
12579457,5062232,3240,4,499.57
12585466,1349573,4686,4,52.46
12589242,7061878,4249,5,402.99
12591410,1627128,11600,2,204.19
12593429,1081243,15550,4,124.02
12595674,7280165,2491,3,57.02
12596217,5999248,15767,5,448.92
12597956,7029795,3689,3,118.08
12599472,4438796,1228,1,26.17
12600807,6171098,4981,4,480.92
12610347,5948565,5035,2,328.25
12611586,5429972,19849,4,269.42
12611767,1437177,16255,4,383.92
12611858,1321806,10162,5,306.3
12612297,3799424,9979,5,102.52
12613069,342572,2752,2,239.96
12614437,1554595,3115,2,212.97
12614602,2612664,3060,3,304.68
12615275,7794567,7076,1,72.86
12616771,4162263,12107,4,350.47
12617139,4055082,8338,4,143.82
12620326,592115,4837,1,360.85
12620566,3699783,14939,5,288.09
12621123,1682774,8214,1,207.19
12621704,3542705,17809,3,395.71
12623561,2627505,10588,3,265.05
12623703,6469810,18782,2,373.1
12626318,4495850,19335,4,156.72
12626756,283833,10095,5,467.36
12631832,7820601,19880,2,22.77
12633614,555203,1083,2,255.23
12634173,3733923,13660,3,172.04
12634389,2685174,1905,4,275.72
12639600,6493780,11594,3,416.83
12640128,2757294,6776,1,424.89
12643498,1760906,15027,1,150.39
12648760,7824900,4792,5,475.29
12649067,5217847,13475,2,78.45
12650698,3807806,18348,4,487.54
12651484,1935121,14474,1,351.43
12653351,318371,1762,2,199.11
12656067,3772329,7496,5,142.46
12656866,6717632,5453,1,49.11
12657246,7752201,19321,1,15.44
12658101,3535856,13992,3,409.86
12659777,6469810,4388,4,108.91
12661986,1228609,13826,4,254.69
12662078,4155607,4622,5,367.06
12664116,2281522,8611,5,105.97
12665562,4462127,11129,1,415.2
12668200,6025979,751,4,352.49
12670349,6843031,13483,1,458.27
12672371,5778494,2550,3,332.97
12672451,5994779,7003,1,359.82
12672621,5820392,6027,4,310.1
12674029,1548573,3506,2,195.32
12674682,6280462,10176,4,333.77
12676209,1815390,1072,1,171.27
12676598,2395216,3346,4,349.0
12676761,4278364,11742,1,169.6
12678962,2334201,6044,3,290.02
12679945,359696,405,2,114.73
12682005,4569433,1980,2,46.83
12688046,431051,19820,4,384.4
12690495,4447664,14439,4,377.68
12690819,3856180,8855,1,368.54
12694521,7185051,16382,2,449.3
12695410,1010686,10416,1,181.12
12695850,6109428,4537,4,122.17
12696667,7172940,12487,1,322.05
12697310,3262355,5643,3,12.96
12702104,2220587,6691,5,82.66
12705986,4208235,10617,2,198.48
12709042,5380190,17440,5,180.98
12709397,4796924,3952,5,407.45
12710239,1773322,2309,3,172.81
12712979,7137381,16505,4,437.59
12714429,2768223,6379,1,365.36
12716405,7375842,9943,5,349.9
12717330,7090072,12933,1,340.79
12717996,3936272,13212,5,457.78
12719020,1503408,8214,2,207.19
12719824,3170427,12858,1,260.38
12720152,1673807,2135,3,30.31
12724666,4306369,4849,2,388.49
12726764,4009159,19123,2,438.87
12737732,518977,2931,5,85.46
12737878,4753527,14843,5,465.48
12738427,3586165,3665,3,304.71
12741452,2799294,8182,5,127.18
12742312,1280552,16205,4,475.49
12743477,7623486,1007,3,131.13
12744207,2109128,19092,2,259.52
12744320,1448251,19172,5,371.22
12744982,7201743,14969,2,183.32
12745635,6432308,19477,1,98.47
12748835,2198655,12479,2,67.4
12749416,6750805,4848,4,367.13
12751708,6861128,14315,5,461.75
12754330,7481405,7185,5,257.21
12755058,6251304,1909,1,311.13
12756291,765788,14151,5,330.27
12756699,3959361,18839,3,24.39
12758409,2565255,2442,1,55.42
12759265,3000398,2276,1,240.23
12765992,7043887,13609,2,202.66
12766290,7478801,16407,3,419.82
12766912,3457427,12027,5,134.05
12767021,3099731,16721,4,259.69
12767399,2154843,1133,5,231.6
12768149,5661967,10023,5,190.42
12772698,6225209,374,3,275.32
12775781,3719235,19830,5,65.09
12776463,4790763,9890,1,107.89
12776672,5310347,7395,5,472.98
12777522,2503178,5816,5,335.53
12777789,4823610,1988,4,319.24
12779782,6094719,7255,3,209.6
12780397,2305530,19633,1,431.03
12780528,6721359,10447,3,179.71
12781092,5053724,15397,3,76.83
12782904,358725,15737,1,418.96
12783624,3129852,12731,3,254.77
12784957,2058541,9559,1,498.5
12790083,3108432,5357,2,103.99
12791866,6193830,7971,2,193.58
12795481,6462598,6635,1,490.98
12795951,7742176,12033,3,425.14
12798029,754321,3953,1,38.63
12801661,5444801,641,2,69.74
12802175,3532075,9483,2,330.11
12802978,5524083,6311,5,458.32
12804019,2394442,12994,4,363.57
12806514,7671340,6630,3,113.06
12806815,3551757,18087,4,101.16
12808927,6999956,3835,2,382.65
12809788,3607016,6681,2,286.28
12810648,846962,17049,1,268.88
12810936,936030,3205,5,397.3
12811695,754321,19077,3,168.16
12814224,4670150,9811,5,345.69
12816046,4015078,6623,3,480.05
12818134,3159591,11777,2,243.92
12819460,3925120,8169,2,420.73
12820306,367461,16581,3,355.88
12822010,3382070,19042,2,391.93
12824230,3867936,1944,5,417.1
12827180,1656707,5239,3,343.76
12828621,7241679,13440,5,10.85
12829715,16387,469,1,315.37
12829904,6723239,724,1,150.85
12830711,1311066,15654,3,54.26
12831270,1283678,10556,5,231.13
12831510,3129852,5271,4,50.35
12832354,6243216,12695,3,341.24
12835579,7748213,15763,3,372.29
12839690,1442924,19736,1,397.55
12841426,3178914,7010,1,295.39
12843502,5730778,17482,3,243.08
12846270,5369777,6004,4,114.25
12846862,2258886,12235,4,96.28
12851446,5076632,18059,2,448.78
12851906,6930387,1920,2,174.36
12853380,3026093,6676,1,64.64
12853794,5130401,19646,3,392.55
12856195,1183831,10590,4,466.62
12857763,7248583,11367,4,354.77
12860731,7460716,10180,2,101.46
12860738,5326540,11741,3,53.91
12864510,1682400,37,4,119.22
12864674,2949563,6333,3,118.71
12864985,2023097,2631,2,14.17
12866898,6116264,12107,1,350.47
12867185,4522699,1206,3,268.78
12867445,4450632,4993,1,324.98
12870892,5015762,4839,4,289.42
12870911,2858465,12718,1,424.63
12871566,1057703,15567,1,118.77
12874335,4067129,7842,5,213.67
12874364,3201484,4204,5,389.38
12879122,5418626,3642,2,209.63
12884762,4479309,585,2,107.58
12885721,3342090,18068,3,148.15
12886273,1547653,63,2,333.03
12887826,1086237,14208,5,242.85
12887953,489128,6149,1,203.27
12889676,1719463,6999,3,198.51
12895669,7130975,12632,2,374.03
12896088,3846656,19777,3,153.85
12896540,6682544,19763,2,27.91
12897716,6733344,15865,2,461.22
12899157,2863946,10121,3,35.63
12899301,2223215,9947,1,483.77
12899980,3420679,5665,3,8.62
12901100,7824617,12430,5,150.22
12906464,1535076,15238,5,372.91
12915584,6396558,5373,2,281.77
12915699,4855101,9408,1,426.07
12916138,1588016,2652,1,54.15
12917601,6372025,7958,4,317.1
12918109,2154969,11811,5,392.2
12918329,6361774,8378,1,362.43
12918534,1786921,7315,1,252.5
12919613,4405963,18612,1,89.93
12920486,2137718,16660,1,432.61
12921654,6901401,733,2,167.59
12921796,7513346,861,3,349.59
12922103,2654427,6649,2,68.03
12923077,1896532,1986,4,220.48
12923525,647276,17409,2,200.83
12924315,2658005,13291,4,476.41
12924375,462854,6329,5,390.1
12924655,6704141,1829,1,260.97
12926196,4401758,18758,3,371.04
12926256,6617466,11030,2,193.95
12926619,1241153,5043,5,49.24
12926830,3074171,9298,5,363.52
12927442,2800683,1364,4,335.06
12929896,3135496,9873,3,401.54
12931088,7129070,12667,5,401.16
12931275,3505760,5942,1,360.42
12931737,149946,17736,5,190.29
12932614,7301687,13700,5,200.95
12933339,2142953,16894,4,117.78
12934525,1935121,11274,3,123.77
12939382,5235713,19739,2,480.1
12940330,4642490,17989,4,336.19
12943421,7243065,3957,3,96.74
12944780,4723605,19835,5,323.12
12945059,5505593,4363,5,422.82
12945423,3104086,14587,4,98.28
12945655,2182182,3875,1,158.37
12947957,7903042,9141,2,362.92
12950126,5323853,4805,5,451.44
12950374,420716,954,2,252.18
12950581,6035649,15943,5,20.42
12952860,7824617,19896,3,190.64
12955789,2189123,17946,2,324.26
12959812,2228182,9881,1,82.58
12961580,5220192,464,5,444.45
12961709,3277755,8483,4,79.64
12965706,250900,12795,1,221.21
12966275,1505269,10339,4,241.2
12968003,7510346,13115,4,122.99
12968523,5346371,17969,1,440.6
12968689,3996871,11755,4,177.61
12968895,3254903,14576,5,387.73
12969589,3803933,6512,5,176.04
12971955,5533129,3560,1,142.22
12973253,6880088,5000,2,199.27
12974809,4202094,10263,3,84.55
12975756,4964689,2073,1,192.12
12976358,1745434,2271,5,348.19
12976835,7131140,10515,5,160.09
12977059,7623986,3981,2,91.68
12977249,4099164,16450,5,366.41
12977368,614827,2034,4,247.91
12978650,6323933,19759,2,284.02
12979144,6320192,13384,3,285.9
12980190,3780423,10143,4,460.79
12980744,909216,11577,4,360.05
12981732,4385356,3106,4,276.57
12981840,1363828,19825,5,199.87
12983743,4837719,14354,1,464.9
12983784,1900051,19661,4,436.61
12983984,6399834,576,3,232.73
12984643,6625739,11471,4,257.68
12987251,7032179,6100,1,20.68
12987634,5776098,15706,4,21.9
12988136,62006,15126,3,311.48
12989064,2038246,6178,5,424.38
12992170,4837719,19661,1,436.61
12992844,6010136,5529,1,199.17
12995349,6343979,9734,3,301.42
12999886,1493264,7234,4,49.54
13001084,6388564,5784,5,171.55
13002451,6464224,1304,3,211.34
13004223,5055571,516,2,143.09
13006982,1398714,9189,2,394.67
13009414,3996204,7014,3,193.82
13009876,4540538,13167,2,275.15
13022346,4451265,13551,3,284.88
13023808,4797109,12101,4,152.8
13024488,268889,4255,4,378.55
13024565,6378886,10334,3,292.09
13028469,7520166,3415,5,437.59
13029787,1880836,14057,4,109.88
13033490,357427,10858,2,418.8
13033567,7623171,18745,1,498.51
13036045,3684574,15509,2,156.7
13039196,1443508,11610,4,499.76
13046645,3081514,15096,5,484.15
13049670,7172940,12547,3,488.26
13050565,7742304,852,2,98.59
13051207,6996462,2729,2,350.9
13051868,4495849,4258,3,354.96
13053412,5407600,5257,4,178.12
13054653,5593850,17813,3,251.26
13054755,3357076,8058,2,223.03
13061970,420069,11357,1,327.68
13062222,7356562,3010,3,293.25
13067405,5570147,3858,1,433.26
13068788,2315167,7058,4,266.28
13069684,6228306,8813,3,379.59
13071074,6640796,10655,1,370.4
13071945,3911575,16690,5,321.57
13071969,3461550,7082,5,83.92
13072603,5813262,1427,2,21.04
13072872,6520871,5442,3,463.71
13073880,1609399,7973,2,364.16
13075869,2993995,12815,4,445.63
13076127,110832,7265,3,333.01
13077939,2823342,3671,4,393.58
13078244,3851551,19259,4,297.52
13078382,6392242,12040,4,298.17
13079640,2859212,13468,2,383.46
13080465,4196495,13220,4,253.13
13081860,7222803,18207,4,12.88
13082368,444487,4911,4,455.57
13083825,4622318,19185,5,162.79
13084579,2833649,5327,5,112.66
13087988,7440185,16810,2,389.26
13088957,2693902,8172,3,490.73
13090590,3482745,13195,2,440.8
13092164,2866886,15177,2,458.62
13094747,7398766,14140,2,186.19
13097727,5983658,2224,2,84.79
13100845,4823610,18173,5,469.19
13102105,2109317,16039,1,111.55
13104111,626253,13085,1,339.96
13104569,1828920,8625,1,48.93
13105944,1579336,6494,3,221.65
13111412,7240642,17287,5,362.05
13111721,6453937,1170,5,326.11
13113234,5015469,785,3,129.49
13117408,1140991,503,5,402.76
13119627,3887951,8269,4,262.07
13121586,7342440,2960,5,422.07
13121735,2374094,18676,3,405.38
13121882,6038611,15387,3,159.15
13122535,2004189,19460,1,378.95
13123864,4596685,1665,3,69.74
13126723,3946599,4909,4,40.13
13131121,6373717,2066,4,122.96
13133310,5311161,14456,1,365.85
13136584,1155135,11406,5,52.56
13138396,2890835,13198,5,159.23
13139547,2091563,14325,2,136.9
13140064,1368348,11930,5,464.49
13142860,4551595,15919,4,343.28
13143320,568165,14923,2,369.73
13146314,5637077,217,1,127.36
13146355,4589553,4138,3,74.73
13147490,4756736,17460,5,31.65
13150956,7316160,963,4,425.62
13151437,1103571,15378,3,235.63
13152169,1276720,19280,5,236.91
13153887,6656804,12119,2,107.78
13155906,3711802,13025,4,123.86
13158844,1728635,6475,1,432.72
13158976,6668837,18758,1,371.04
13159615,6523098,15491,4,497.42
13160848,4280374,8702,4,417.66
13160869,5734101,6277,3,460.48
13162979,1007739,10469,3,20.75
13164384,1911167,2815,3,394.34
13165950,517621,12508,5,284.78
13167687,255563,16642,3,318.43
13169558,114906,5925,5,22.95
13169859,7241823,17183,3,358.33
13170174,3705419,19142,1,98.74
13171647,862786,17011,5,131.51
13171720,5449002,8333,5,280.54
13172355,790970,9870,5,487.39
13172976,1038469,19490,1,429.98
13174578,5933632,16543,4,73.71
13177051,2547104,15922,2,60.11
13177363,420805,19976,1,249.89
13177444,6914654,7500,3,208.84
13180875,131303,4700,2,415.55
13183273,7004565,1677,3,467.49
13184790,3488638,19326,2,203.24
13186093,3772329,10697,3,446.48
13187229,4607902,9502,3,241.46
13190567,7597967,19999,1,157.9
13191508,1241908,15139,4,201.15
13193220,3847981,17130,1,330.56
13193812,1603548,16105,5,139.25
13198023,7091309,1616,1,379.68
13201121,5467447,1821,5,255.44
13203003,3595619,15633,5,95.36
13203236,5927765,12096,5,20.56
13206217,4918606,14982,1,219.92
13215178,2868891,15479,2,444.74
13216200,4462127,11004,4,125.48
13217561,5859414,16544,2,413.01
13218817,4913490,13484,3,260.07
13219339,2462040,12544,1,315.02
13220234,2995741,19990,3,94.69
13221138,7658332,6036,4,180.61
13221522,4163716,19613,4,40.75
13226624,6739874,18262,4,14.95
13228634,7587513,12511,5,487.95
13230503,3528253,1676,4,134.62
13230942,2948180,11098,5,160.57
13231481,6745970,1534,4,35.28
13233109,1587931,19104,2,98.28
13233547,5816693,11709,3,203.97
13233562,2659035,16099,3,171.0
13233667,4143911,2229,3,430.43
13233823,4516374,9218,3,50.36
13234145,1634588,13447,5,337.67
13237485,1684891,18389,5,226.56
13237945,3315566,4079,1,404.35
13238108,7087262,6225,4,123.91
13239108,2768659,515,5,101.92
13239403,7328683,13398,1,20.48
13243958,6399834,5042,2,153.43
13247070,5610286,6164,4,385.81
13247691,6896188,15629,5,463.08
13248147,3968164,7836,4,230.14
13248206,4998994,2983,5,341.37
13248457,5608458,13781,4,388.09
13249180,1393013,15337,4,194.36
13250017,4300505,806,5,399.21
13250293,5593850,19793,1,46.93
13252419,2519334,2483,5,5.98
13252977,1172035,16551,4,98.35
13254575,6520871,732,2,281.89
13254780,5637077,114,1,299.21
13257474,5201312,17498,3,495.3
13258246,5372465,3203,1,159.49
13260732,1736476,14821,3,316.29
13266195,2799294,17973,3,179.82
13266850,4683324,5436,2,217.75
13271193,6461959,10395,4,387.74
13271571,6507710,17344,1,208.43
13272028,5981011,1064,3,221.82
13274057,4589553,23,5,217.74
13274371,1143938,11925,1,10.8
13275885,2598285,2966,3,271.8
13275960,5102528,8294,1,389.97
13276933,4110597,12532,4,475.98
13277152,4140513,17752,2,329.9
13278382,7097143,7030,1,223.49
13282765,2332884,11263,2,341.23
13283265,5979270,7417,4,390.41
13285535,3101075,5236,2,425.6
13286539,1579163,17941,3,367.85
13288695,5506223,8055,4,194.9
13290099,2234180,9742,3,195.39
13290820,7805600,3558,1,168.33
13291148,3871159,13801,2,452.97
13292237,7678363,13251,3,167.38
13294818,2044622,18704,1,484.25
13296300,4624335,4544,2,241.94
13298569,2424629,12979,1,253.83
13300108,1189934,6934,4,448.16
13300569,6292976,16173,1,414.04
13302157,5717449,1742,3,217.25
13307564,74883,10603,5,304.31
13310431,7015715,4115,4,124.12
13311100,2598285,10903,4,230.62
13311473,7347326,18606,3,374.03
13311478,5519499,16123,5,198.61
13312098,2182182,11046,3,92.87
13312205,5565853,7715,1,318.0
13313204,4896540,12114,3,376.95
13313714,1877968,8844,2,397.15
13313926,87824,12875,2,192.43
13313960,6285613,2306,3,77.96
13315367,2856920,11206,2,187.62
13318337,5034281,1836,4,162.46
13318868,2046130,17844,1,247.96
13319083,7521678,17852,3,215.43
13319170,2437394,14244,3,265.89
13319698,1806950,14647,4,390.81
13319827,381271,6534,3,381.74
13321020,1729270,15952,3,13.06
13325201,6791260,10796,1,466.44
13325340,381271,3582,1,141.43
13326166,4333960,6272,5,199.68
13327850,7251934,2373,1,70.7
13331743,5449223,3245,5,497.09
13332433,3564778,12721,1,386.03
13333021,1246938,2471,2,226.72
13335406,5465607,5629,1,5.75
13337063,5665981,4710,3,259.6
13338997,7031870,2227,1,136.05
13340233,5398509,6090,3,386.01
13341775,7856927,9486,2,448.74
13345671,4515347,12332,4,483.98
13347393,7395777,16212,4,125.41
13349365,1634588,6428,3,145.61
13350207,1504337,2980,5,439.9
13350828,4558447,4163,3,237.72
13352459,7004517,13219,3,470.32
13353454,520221,5363,4,447.04
13357641,6320192,10944,3,231.79
13358873,7784031,8154,2,323.95
13361002,4263435,5002,2,381.62
13365719,646306,9166,5,218.51
13366431,1188154,17719,4,232.41
13367000,4022064,7252,4,73.33
13367319,6263691,19214,2,158.33
13368973,7011623,4585,1,113.98
13369454,591570,700,5,371.97
13370816,3049798,4746,5,250.93
13371900,71115,633,4,125.17
13373000,2123019,1076,4,347.45
13373774,5403447,8586,3,435.95
13374397,3688639,3685,2,470.64
13376802,7404288,16991,2,398.73
13377660,2631895,13444,5,268.92
13378061,6330341,9466,5,178.83
13382392,3548440,9480,1,401.33
13382631,5006433,15488,3,445.16
13383915,6157323,11469,4,246.78
13383928,5918384,13653,1,287.82
13387688,1499623,2996,2,437.35
13388330,5666514,11850,2,128.24
13392390,1205204,17860,3,111.28
13394614,1485841,6830,4,38.12
13398212,7818521,5351,5,428.6
13398296,5827529,3981,3,91.68
13398363,6097400,7323,4,348.8
13399040,2468811,11530,4,315.73
13399435,3262892,14457,3,487.92
13400196,7241679,12490,4,246.02
13401990,131539,12199,2,283.58
13402338,6027453,13897,1,435.28
13402441,816544,6969,5,287.82
13403563,4864194,16389,2,444.31
13406601,4663383,7464,4,114.75
13407494,2228182,13100,5,368.64
13410005,352953,17214,5,450.03
13410077,6182762,7721,1,178.91
13410616,2760617,9371,2,240.52
13412968,2704846,5523,4,200.53
13413243,5270318,12362,4,425.75
13416429,255991,3401,1,216.32
13420170,5188926,11444,2,314.97
13421361,4869226,16896,5,436.71
13422517,5772580,15970,1,53.3
13425017,4208235,17152,3,338.81
13425558,2837709,3032,2,343.94
13430682,3347612,2605,4,453.54
13434295,3807806,9805,2,359.93
13436991,953461,5364,4,288.62
13438770,5292411,6083,4,384.25
13440354,3572474,13895,5,395.36
13440527,3067712,5087,5,320.31
13443165,5505593,11106,1,342.51
13443455,4237710,16225,3,160.65
13448398,4237710,14792,5,457.8
13448495,5814864,5130,5,151.35
13448972,3200423,4955,1,384.55
13453488,6282961,9289,4,442.05
13453986,4574263,17777,2,486.68
13457385,721870,15914,4,404.01
13458749,5028940,4474,2,131.42
13458909,577797,10201,3,226.03
13459593,2901864,16621,5,231.47
13459658,6238784,4210,4,84.22
13460059,1656487,807,3,120.02
13463869,240016,8357,2,186.83
13466443,2552077,19909,1,494.74
13467685,1244211,302,1,257.37
13469544,5617042,14575,3,298.92
13473065,3862256,1108,5,153.62
13475314,895001,9968,5,194.44
13475339,6357919,5284,4,244.79
13479809,359324,3978,4,445.9
13480738,7104233,7478,3,194.9
13481951,3390475,9844,2,279.14
13483378,2255042,19255,1,230.11
13483943,1632260,6991,3,267.61
13484667,6238790,7406,2,349.06
13485349,1717000,17418,2,11.88
13485396,2153211,10927,2,409.82
13492422,192515,301,4,84.58
13494567,2782743,3132,4,333.62
13497323,4514300,5074,2,22.9
13499069,1276720,2849,4,447.23
13499791,694384,15314,1,344.11
13500839,5447586,783,4,311.98
13500969,4710969,14039,2,111.81
13501309,3395061,8151,1,204.98
13501939,5456303,1799,4,150.31
13505131,951917,591,1,398.99
13505644,285828,19463,3,295.79
13507447,1187400,15332,1,78.97
13507958,2058541,11328,5,453.62
13508301,1797538,4899,5,453.33
13508412,2184840,4439,2,38.88
13508966,2808139,7909,1,57.74
13511279,7997439,2464,5,132.23
13511777,5273163,12930,2,125.64
13516527,6730916,3413,3,41.13
13516928,4690183,12226,1,205.78
13517579,6792753,14684,1,383.64
13519619,6959923,7717,2,461.6
13520541,7404288,1007,3,131.13
13524256,3880631,3620,1,192.98
13524737,2064121,11938,4,228.33
13525480,22786,4432,4,198.92
13526762,5205345,19176,1,40.65
13529526,304243,12922,1,243.25
13530707,1763207,6057,2,227.83
13532712,7881119,13812,1,122.38
13533181,4758568,13039,3,144.39
13535431,2281522,8219,4,436.06
13537053,1631870,675,4,127.92
13537450,4880892,8372,3,51.71
13538155,3052839,15307,1,52.43
13540580,3919535,1347,2,41.29
13540728,3881710,8790,4,370.1
13543148,2424629,18313,3,183.65
13545364,1072928,8221,4,206.28
13546385,6141631,8962,5,421.27
13547039,4970273,4266,3,182.49
13547431,2452019,2546,5,144.64
13549437,1961927,2484,1,283.85
13550022,2548282,16358,3,221.91
13551901,3679907,18992,2,433.67
13552697,2376938,2243,3,187.18
13552854,7656076,18784,4,273.9
13557914,2069682,19930,3,306.45
13558286,545244,16147,3,198.79
13561786,5813969,18060,2,363.48
13562149,3607016,3849,5,41.48
13562592,7748419,5786,5,187.33
13564039,517174,12775,1,445.3
13572047,7440185,16725,3,245.56
13575031,606809,9409,5,168.07
13575991,432162,18210,2,119.31
13577197,7003594,15900,3,12.04
13577534,4472474,15032,3,27.29
13577615,1448251,5436,2,217.75
13579228,7879907,978,2,468.41
13580835,7087200,10519,5,385.5
13581242,4007933,5201,4,90.19
13581947,6227251,1685,1,214.13
13586369,3566913,16168,2,19.09
13587269,7254365,6266,4,29.6
13587972,6242177,12382,3,405.15
13588125,258612,1366,2,128.34
13588295,5548709,7409,2,329.02
13589038,3916649,19365,3,126.15
13591325,5033915,19477,1,98.47
13592289,6378886,10918,4,372.64
13593507,401810,8103,3,499.09
13594652,2971611,14927,4,226.15
13595734,3953957,2646,1,404.56
13595849,3157823,1026,5,339.14
13601484,7953413,10733,5,214.97
13605151,1041530,7812,3,266.15
13607567,5927313,326,1,364.93
13608241,7026625,15643,2,219.57
13609579,7879907,98,4,171.81
13609894,721870,1114,2,426.23
13609950,4351361,4053,2,374.92
13610584,5746639,17757,5,433.37
13610608,2132211,17316,4,74.5
13611444,4218612,9427,3,228.32
13611601,7074540,14408,5,295.78
13612069,6874496,3262,4,197.64
13612629,1746088,5487,3,20.49
13615032,4759220,17095,3,29.12
13615330,2485723,6967,4,376.61
13615691,3299419,11982,5,431.27
13615947,6494776,11185,2,136.43
13616560,6482818,18280,5,386.39
13619122,3538693,8832,4,415.77
13619219,4378563,8217,3,116.06
13619948,167523,15106,5,181.75
13621232,7105742,11848,1,339.49
13623275,6733344,4248,3,358.18
13624172,4271819,19001,1,222.67
13625118,460933,7363,2,235.97
13625868,2485903,14738,1,455.93
13626316,1781266,5082,3,51.18
13627292,6230044,10201,4,226.03
13631663,6416005,16665,1,476.92
13633789,7632458,14743,4,445.01
13634358,3320805,9768,2,196.18
13635197,1991612,8378,1,362.43
13635266,3919535,2676,5,9.7
13637324,736997,3862,2,63.35
13638657,2487179,10323,1,182.57
13638862,5276760,7384,5,250.44
13639263,5055247,12096,3,20.56
13640255,4621859,18999,5,295.7
13640636,1066162,10565,2,79.48
13642008,6937963,16105,2,139.25
13642110,5565853,12415,5,294.53
13642947,6718322,17667,1,41.75
13643103,1207999,18923,2,107.37
13644209,3200423,1281,2,100.74
13646202,1290831,14673,4,82.13
13650716,755838,17293,3,247.85
13653073,2854279,5197,3,382.23
13658162,4233008,4214,1,270.24
13661080,6262981,4343,5,457.89
13661510,7603021,11257,4,327.4
13662803,2901864,16971,4,469.72
13665544,160917,4169,5,154.59
13666971,5868192,10467,2,207.54
13675206,1830979,9003,2,242.26
13675547,993357,9749,1,316.49
13676330,1403318,543,3,99.42
13679286,3907817,12856,1,34.55
13685723,181580,3841,1,452.45
13685920,641914,12868,2,293.44
13686189,6515161,5395,4,487.75
13686242,838006,1272,3,50.18
13686907,4907459,17114,3,330.91
13689009,439622,8216,3,19.25
13689473,6718322,740,4,149.63
13689593,3287675,19893,2,144.77
13690303,3742057,5109,3,380.66
13691197,4631185,178,1,435.63
13691331,3910075,11609,4,263.15
13691568,2023097,11018,5,445.37
13692542,2410632,4356,5,14.5
13693786,6370609,14287,1,447.03
13694924,5662531,18337,2,331.28
13694988,918583,17322,4,481.66
13697629,5372465,7187,2,422.37
13698803,4332233,11953,3,439.39
13700886,7812993,17870,3,122.66
13701710,1345160,2296,1,127.41
13703358,1547136,14560,5,299.86
13703516,1040109,18036,4,171.87
13708210,1609399,13015,5,96.27
13708342,2528605,8124,3,429.44
13709077,6114706,6468,5,175.43
13709418,4522698,18913,4,16.82
13712511,7432274,12003,1,472.32
13715905,968652,6845,3,153.72
13719128,6023372,339,3,331.85
13719488,3841587,12756,1,211.06
13719499,158351,9206,3,293.48
13720001,3134863,17156,3,146.46
13721296,7072498,17027,3,130.45
13723229,1746550,9460,1,372.32
13725006,5068136,1156,3,186.11
13726567,2794389,4413,5,273.72
13728459,1377526,12035,5,486.72
13729001,169923,19346,3,10.88
13733684,4010847,12558,2,64.4
13736574,7275596,5965,2,259.72
13736641,2771232,13690,5,114.33
13738759,5994735,7507,5,158.87
13739300,478002,7197,1,221.31
13739491,7131140,7554,5,133.49
13740682,4935287,10349,1,441.7
13740878,2394442,16973,2,288.53
13742638,6952430,314,1,84.51
13744684,2634167,11231,1,483.38
13748751,5685433,12142,4,410.67
13749187,1259157,12058,2,427.85
13750091,6896188,3114,1,407.27
13757706,2489051,2151,3,151.48
13759884,276617,4658,3,388.1
13760465,184248,12389,3,170.12
13761850,7511303,16022,4,132.76
13762213,3028229,2357,4,399.13
13763129,7785349,16614,3,408.06
13766400,5601453,237,3,438.69
13769056,6106589,2479,4,246.68
13773019,3133969,1278,5,174.69
13773867,1123458,7035,4,115.36
13774463,3129852,13403,4,23.94
13776119,4399571,6124,3,400.14
13777272,2700183,7835,5,476.07
13777827,2878641,13480,2,480.63
13778660,1119227,13409,5,172.11
13778771,4697245,5953,4,364.9
13780632,4469262,15788,5,483.64
13782483,7040044,19590,1,189.14
13782858,1330640,9212,2,53.45
13783851,5162439,14248,4,229.73
13784779,4702355,17166,5,129.42
13786714,2627034,7796,5,318.51
13787580,3258518,6844,3,439.54
13788636,26019,3355,3,443.86
13792172,7734421,895,4,479.96
13796174,4271819,3890,1,475.62
13796522,4596685,193,1,399.08
13796865,1707671,19251,3,123.68
13798403,5808501,13824,4,467.91
13798584,5951090,17855,2,38.94
13800202,7352322,16726,3,139.55
13801754,1583039,17468,3,243.81
13804028,3656437,6622,4,51.07
13808139,4699311,10636,5,279.19
13808637,7198882,8341,1,490.01
13809796,3166500,2393,1,160.16
13811306,4956780,10759,3,435.92
13813066,5803306,9659,3,323.77
13813568,2368947,17604,4,266.88
13817002,5680488,10289,2,279.78
13817413,2987527,7208,1,376.97
13818061,5861693,1109,2,343.8
13820599,2932296,13913,1,266.42
13826332,5459583,3213,5,173.91
13827096,4638533,4885,2,219.09
13828354,5423353,7657,4,387.32
13828647,7480916,8358,4,16.76
13829156,2615930,2993,5,21.85
13831712,7575001,17263,1,240.88
13839503,708099,11939,5,370.6
13840254,6864749,9389,4,147.65
13841091,6200322,8405,3,404.52
13841891,3342090,3340,2,172.68
13843852,1909905,4291,4,51.06
13844751,7837931,9392,5,188.82
13845389,3996871,4051,2,385.68
13846241,5015469,6740,4,263.18
13847122,5668645,5168,1,423.67
13847855,4842903,9307,1,395.46
13847983,4642490,1201,3,378.54
13848630,7539053,18915,4,346.51
13852420,5775442,16903,5,307.09
13855145,4964689,19663,2,489.22
13857385,318609,7345,3,371.29
13857447,713128,12238,2,259.52
13861263,1183831,6210,3,110.82
13863870,2023097,17420,2,12.62
13864114,1275423,3644,4,175.94
13864745,5537401,7213,4,425.81
13865568,3036485,11755,4,177.61
13866602,3134339,6159,1,50.01
13869009,2196246,6586,4,158.74
13869143,7301386,17065,3,216.07
13870664,7223192,15728,4,236.71
13870937,1094211,4356,1,14.5
13871861,7778384,6872,2,265.52
13872308,4885317,18841,3,19.85
13875954,4162263,9927,4,381.1
13876685,6585378,12611,2,269.7
13877978,3742057,9905,2,127.94
13890360,451102,13269,5,361.88
13893167,3771587,18253,2,253.6
13895182,5548709,8407,5,46.62
13895778,1962683,13460,3,156.87
13897283,20839,12182,3,243.28
13897657,4986645,10511,1,122.06
13897843,5418626,9278,4,352.75
13899708,2707756,11322,5,132.87
13900234,1251421,6327,4,428.04
13904754,7623486,13884,3,105.78
13905128,4036622,2896,5,234.6
13906468,6678065,10049,3,175.69
13908150,6361774,14641,3,411.01
13908689,2359124,1606,1,269.9
13908936,3865676,292,1,170.06
13908954,2382904,9831,1,373.0
13909707,171712,16075,5,453.08
13912808,6009610,9143,4,203.85
13913205,1349573,7119,5,145.99
13913295,2808415,11762,1,223.07
13913511,1384189,6216,2,152.77
13913631,5603888,2209,5,238.77
13914303,4352191,15079,2,374.23
13914731,2268341,12518,5,390.42
13914777,3537867,7348,4,52.17
13915001,4015078,13632,3,378.25
13916183,1321806,4435,4,45.32
13916483,2142740,11310,4,349.99
13919107,2474811,6872,5,265.52
13919482,3996871,11911,4,266.32
13919754,4981115,5144,5,379.6
13921255,4622064,19052,4,84.25
13933589,2267049,16137,4,56.51
13933860,3479775,19216,5,393.44
13934605,2417590,9424,4,11.4
13935676,747293,17553,1,428.27
13942434,3734553,12354,1,499.35
13943202,5445973,13982,4,201.91
13943396,5811118,16914,1,377.84
13943622,700921,926,3,347.8
13945365,5668183,7095,5,64.39
13946401,1177989,901,3,425.42
13950916,4281628,15697,4,350.09
13952713,5776709,1469,5,281.7
13956567,5795029,2618,2,120.23
13958413,2469328,10601,4,303.1
13959496,7707190,14556,1,5.73
13960448,3865676,8017,2,88.8
13963129,4651396,19235,4,222.96
13963183,6364324,3149,4,435.92
13964266,6397078,5551,3,131.62
13964752,5073102,17613,3,61.91
13968433,1475973,8772,4,16.37
13970750,2316658,11391,1,407.78
13974094,3457427,9708,4,137.08
13974229,842130,11338,2,171.75
13975774,4172834,14675,1,47.41
13976816,6754313,19410,2,299.03
13977746,3494456,1201,4,378.54
13979328,2903929,1439,4,146.84
13980690,5613128,5511,4,351.45
13982071,852011,11358,2,184.3
13982538,2794389,15444,1,427.94
13983405,5546569,9809,1,443.49
13983875,7815132,6922,2,367.2
13984309,6833936,2181,2,226.74
13984588,2045474,7856,3,404.95
13985125,6921558,17078,1,131.78
13986650,348885,10515,1,160.09
13986869,3843180,2176,1,496.71
13987204,6676433,17165,1,268.36
13989327,4105129,6696,3,227.32
13989349,2566244,10723,5,33.77
13991188,5636804,11409,1,372.45
13991797,420805,8321,2,230.13
13992498,2142740,297,2,121.56
13993672,5666514,5958,1,198.85
13994735,1312479,19545,1,239.25
13995450,3779117,8903,3,77.91
13996977,1233221,14107,3,363.94
13998518,333129,9445,4,22.24
13998778,7185051,11274,2,123.77
13999339,2945745,14011,5,436.58
14000093,4787742,11287,2,410.03
14000354,5617042,11854,2,439.58
14001041,854622,3580,5,381.17
14007480,332874,3540,1,499.94
14007769,5519499,6141,1,302.57
14010312,36057,16318,5,354.69
14010525,7549771,15183,5,366.7
14010705,250656,10131,1,394.55
14011843,7605237,12625,1,244.54
14012884,2649657,19875,5,410.66
14014674,3030480,12488,5,264.42
14017930,6809166,12379,2,416.87
14018090,5987050,15369,1,143.18
14018694,4407393,15956,5,103.32
14018917,235223,8961,1,452.76
14020960,1845307,100,4,405.6
14023971,5608458,347,2,336.84
14024388,7991567,1346,5,23.43
14024691,2618598,4021,2,35.86
14025984,6888725,3861,3,190.76
14026456,7497670,19303,5,495.6
14027235,1945658,4401,1,214.49
14030283,7867331,8639,5,264.56
14033555,4894113,11120,5,413.48
14037700,3946230,9149,5,378.69
14039258,6977411,3244,1,111.4
14039307,6913681,11130,1,156.36
14040233,1819267,8140,4,298.36
14048423,4779933,16557,5,411.45
14049063,4271819,13082,4,448.95
14049440,6465841,1858,4,216.07
14051535,6027453,1820,3,116.97
14058338,1682774,331,5,24.79
14061882,6555694,16849,2,293.58
14061962,1220040,16899,3,301.2
14064681,484002,14691,5,177.43
14065470,3576428,10861,1,267.38
14069001,6999956,7095,4,64.39
14071839,5730778,14836,4,95.18
14073420,7355200,1590,4,186.4
14075579,6361774,4077,1,358.25
14078986,4390292,15987,2,410.22
14079146,6398372,1862,4,146.35
14079632,7731997,9,4,155.47
14081482,7658603,6042,2,60.76
14084609,3513034,16042,2,132.31
14085646,1280552,5029,4,30.67
14085761,7245608,5581,4,64.99
14086058,661070,11049,1,13.72
14089053,4753527,13715,5,459.56
14089322,790608,3272,2,322.79
14089799,2666972,18662,2,153.98
14091936,4672256,3119,1,478.65
14092513,1442862,18264,4,415.61
14094069,6896188,14758,4,103.31
14094756,5503393,19044,2,241.43
14095080,6170540,9065,2,484.48
14097981,6180647,16998,2,338.73
14098402,1105491,12903,5,420.36
14099101,5403447,16589,5,47.24
14100144,1311066,10930,1,414.96
14104912,2926020,3044,2,291.42
14105111,7631817,16565,1,19.27
14108147,7199209,6860,4,349.95
14108230,5813761,13701,3,429.1
14108919,7848236,19497,1,457.89
14110386,3542705,6413,4,418.19
14110893,5651142,18269,1,381.07
14114228,1976166,13812,2,122.38
14114920,358260,19582,5,51.4
14115201,186643,2719,4,292.63
14116600,2746985,19457,4,456.14
14118816,2689310,1064,1,221.82
14119012,6595736,12496,5,8.01
14119521,3286255,12653,4,111.24
14123291,3747926,4942,3,184.91
14123490,482898,7025,3,360.01
14123968,6615100,14973,2,143.93
14126041,3772329,2817,3,40.02
14127962,7912223,13566,4,186.55
14130791,6469727,18495,4,489.2
14131048,6525813,6588,1,247.07
14132560,6035711,7685,2,27.75
14132864,6595736,7323,3,348.8
14133051,2427114,10658,4,52.58
14139641,4686892,15431,5,427.35
14140904,6985529,10413,3,105.52
14141249,6211971,691,5,102.83
14143666,6189272,8863,3,275.41
14143842,4896825,15418,3,179.0
14150895,1920332,15891,4,491.27
14151509,45371,4599,2,225.01
14152842,1735072,1227,2,52.07
14153413,7774149,13954,2,220.33
14155362,3966545,13898,3,217.65
14158805,1682459,335,1,97.58
14165400,1646831,1856,4,67.61
14165429,2904723,13872,3,384.41
14167742,2294221,17225,5,16.31
14172495,1563191,14689,3,33.82
14174541,1399917,911,4,133.53
14174612,7182685,17082,2,141.55
14176114,1945658,14137,4,414.05
14182637,6800731,12391,3,329.45
14183593,1427227,13268,2,343.39
14184626,2683948,15181,1,80.83
14185961,5506370,2394,4,140.69
14187134,3965134,1034,2,410.1
14189558,1216903,4897,4,161.01
14191106,5808811,18572,2,248.19
14191919,2448362,19944,2,77.05
14192571,4196278,7700,3,243.72
14196055,1127097,7643,2,301.62
14196948,3528332,11404,2,65.95
14197537,5271337,15301,1,15.07
14199259,1665628,14526,5,490.79
14200834,4089437,18193,1,448.93
14203139,4101776,3715,5,212.1
14203513,5385009,15615,3,92.27
14205258,2450636,4471,3,245.32
14212372,1669623,13891,4,137.26
14212490,5049312,7839,3,142.93
14212955,5423051,14849,2,116.88
14213621,6234413,18609,2,46.38
14213656,7904426,9352,3,371.81
14215736,7322008,5389,5,27.33
14217441,6694596,7765,3,84.99
14219075,3479775,10477,1,238.54
14219894,7221210,18805,4,254.0
14221093,6349946,6969,1,287.82
14222939,6124510,5424,2,168.05
14224441,6098800,4686,4,52.46
14225440,1124887,15420,5,111.44
14229171,4206783,2255,2,285.51
14230652,5086136,233,3,460.75
14232770,7856927,18134,2,208.27
14232923,7578885,3152,1,393.65
14236262,6232400,9439,2,416.29
14237695,5287021,14912,4,229.93
14238343,885672,5420,3,81.62
14238662,4567131,134,2,403.83
14238683,2078497,408,2,349.86
14239468,5827722,7509,5,438.96
14239873,6253001,6056,3,448.29
14240639,1200027,16720,3,128.53
14241282,1246938,15858,3,445.4
14242548,5326540,11273,4,142.63
14244797,5309210,1839,5,453.62
14248220,2234180,7637,4,442.79
14249474,318396,9690,2,95.66
14249681,3530250,9392,5,188.82
14253410,285828,8059,5,93.52
14253604,6262981,11961,1,123.81
14255293,7555407,13666,5,421.06
14257027,1357296,13070,2,338.7
14258081,856550,14353,1,44.69
14259337,3893608,4354,1,67.74
14259577,7607613,10422,5,396.31
14259898,5817643,8749,5,396.12
14260001,2159447,6520,3,398.15
14262399,1829226,10922,2,115.16
14264870,6399464,18865,2,64.87
14266866,7295720,17695,3,376.32
14267049,1669623,8279,5,457.75
14267403,953887,15639,2,144.01
14268075,7005545,7767,2,326.45
14271178,2680102,15934,5,187.85
14271471,7316160,762,4,274.96
14274000,348885,13336,4,181.31
14276070,7468769,10243,3,262.86
14277017,1157612,12597,4,425.63
14278613,3304447,13863,3,148.32
14285864,4743335,8542,1,354.82
14287432,7990413,16213,4,40.23
14290740,6978022,14722,1,170.14
14294609,5467447,4657,2,145.08
14296277,6229857,15693,3,389.34
14297272,7355200,9257,3,178.53
14298478,3602830,19795,2,311.83
14299001,1220040,7623,5,293.26
14303211,1748512,9107,4,287.68
14304060,2508111,12787,4,140.48
14305295,6257328,1109,2,343.8
14307066,6256870,12276,3,226.64
14307748,6658807,7444,5,44.92
14307956,1493264,18207,3,12.88
14308208,1199346,16568,5,197.42
14310804,1113253,2403,2,304.09
14313887,4567527,9718,5,150.25
14315224,7631817,8313,2,150.52
14317185,4595801,10721,4,279.51
14318012,7301386,898,3,493.33
14321270,721870,17018,4,125.35
14321737,4285838,1041,2,476.57
14322043,7212737,14594,1,203.95
14324636,7451714,8680,5,364.95
14325364,2891442,12533,5,282.15
14329089,2800683,11628,3,356.78
14329244,5791168,13582,5,207.36
14330466,276473,15748,3,291.29
14333117,1438725,15581,1,212.91
14334237,3570336,2140,1,112.64
14335390,2202622,12798,3,487.59
14336266,6364042,19279,4,56.15
14338159,205604,3061,4,491.43
14338423,3576428,10402,1,172.76
14340688,6048310,8378,4,362.43
14341056,6930234,6520,3,398.15
14342823,2427114,766,2,434.6
14346339,5766857,14589,4,195.25
14346759,6116951,14742,1,441.73
14346927,4894113,8721,2,180.73
14347755,7846082,15111,2,419.27
14349087,5196066,16639,5,379.7
14350171,6378370,13440,5,10.85
14350341,7946298,15417,2,402.99
14351532,4574783,15035,2,475.23
14351675,4781508,16108,4,319.78
14352825,7269849,4388,2,108.91
14353247,6643885,11917,5,412.14
14353674,7719853,3180,5,280.28
14355790,770677,4390,2,93.05
14356584,4875974,5150,2,448.38
14359721,7842233,402,1,318.74
14361130,7903929,2306,1,77.96
14364267,1625839,12512,3,68.64
14366208,3105129,5523,3,200.53
14366819,1862978,12363,4,355.85
14369709,1363819,6571,3,351.18
14371426,3911575,10335,2,66.87
14372872,778804,10927,1,409.82
14374686,742333,4344,2,68.87
14375404,6598102,10264,2,212.45
14375874,3357076,16769,2,305.59
14377996,6999726,6314,4,383.19
14379634,3826834,12569,1,416.79
14380680,7176524,2722,1,183.21
14380902,7852758,435,2,102.16
14380919,5102528,9676,2,353.2
14380955,2372264,12828,3,357.54
14384262,2932819,2044,2,349.4
14384353,4797109,6416,1,14.48
14384826,5308319,13640,3,423.16
14387085,3925887,5800,5,137.93
14387089,4732351,9067,4,383.74
14388403,1689022,12480,2,23.1
14391123,228234,6701,2,31.8
14391290,4708871,2782,3,166.68
14392193,6523755,12064,1,217.63
14394221,6640796,10070,3,345.09
14394311,6680464,11464,5,462.4
14402427,4781508,9024,5,230.57
14407135,608397,1144,3,307.2
14407484,6009610,18965,4,269.81
14410789,5000034,368,1,470.37
14412698,1736996,3541,4,304.2
14413727,1271374,15441,3,499.05
14415681,5882774,19551,5,260.56
14419545,7587513,14533,3,233.43
14419559,5538967,1081,2,308.03
14420014,5830142,1484,4,463.48
14420777,2306965,1148,5,371.08
14424298,3736614,16303,4,338.38
14425633,1913877,5517,2,50.98
14426837,3241037,14562,1,225.46
14427653,4176094,18592,5,9.58
14428867,803872,926,2,347.8
14428928,1519496,5832,5,467.29
14429508,6048310,16209,3,306.32
14433630,7131140,1992,4,321.42
14434306,6401660,5649,4,225.97
14434794,7480374,5700,4,95.71
14435803,6733394,3050,3,56.77
14436134,7681442,8693,2,17.57
14436933,7524472,16289,2,240.85
14437314,5750022,12212,3,468.56
14441164,727915,2362,5,262.25
14441494,7784031,1915,1,8.44
14447982,3566913,13516,5,140.01
14448942,2438951,15110,3,117.02
14449328,5126992,19728,3,8.45
14450614,4728004,7767,1,326.45
14450708,3495553,3854,3,264.82
14451671,3328253,4095,3,27.83
14452625,7031870,6164,2,385.81
14456191,3400161,14402,5,177.71
14457039,5169147,843,2,21.02
14457841,5169114,6711,5,364.72
14460084,5458618,12129,5,309.05
14461394,4451265,10623,1,320.39
14463376,1215024,3464,4,313.56
14464495,4763239,9107,1,287.68
14465825,1625257,13361,4,208.73
14473086,3014344,6669,1,280.06
14476610,5955084,2216,3,113.02
14478438,372178,4970,2,380.01
14481390,306204,14234,4,455.06
14483212,7873839,2904,4,281.35
14484374,909216,8173,4,219.94
14487597,3538176,12284,3,217.93
14487953,3415567,11018,5,445.37
14488139,2927070,3854,2,264.82
14488521,359852,3740,3,487.97
14488860,1290501,17511,3,222.61
14489710,1957583,2654,5,207.54
14490834,3144820,19445,1,191.68
14493762,5703884,8240,5,190.85
14494749,1448746,12396,4,314.3
14494836,7625149,410,5,138.02
14494953,1820390,9849,1,221.01
14495072,5106746,9976,4,127.89
14495423,912686,253,1,441.22
14495631,3241037,11474,3,442.93
14495869,5428764,7630,3,118.91
14497772,1692534,7843,2,310.01
14499932,5591587,18090,2,474.55
14499971,5925339,17383,2,443.75
14506138,5081241,19804,4,293.67
14508324,6523098,15000,4,277.19
14511008,4779933,16835,1,86.59
14516947,6416005,14746,4,354.92
14518293,2796956,5192,2,5.17
14518758,3072388,4003,2,142.51
14519537,1324062,7730,5,339.95
14521387,1571790,5749,5,454.1
14523654,2001066,17632,5,363.93
14525778,2516756,7248,4,37.97
14526054,3925887,18963,2,388.92
14528060,2450636,3286,1,251.92
14529190,2965922,3192,5,179.93
14531660,2247142,6076,1,406.24
14534939,6282747,9725,3,109.34
14534975,7621207,19832,5,64.1
14535544,3425511,3929,3,316.59
14535673,2833649,3554,4,351.34
14535951,3240210,18282,3,15.02
14536714,3550087,721,3,438.12
14537465,5646694,9028,5,490.7
14539651,5287021,19361,2,395.78
14542073,3795092,2322,3,152.58
14543149,5587583,12494,1,361.14
14544462,4740110,8400,4,183.27
14545170,504718,19862,1,238.61
14545469,7853576,13435,3,113.15
14546742,7828315,12636,4,388.89
14548563,5796288,4481,2,388.89
14551398,22786,2784,5,127.2
14551403,6610627,11977,5,146.18
14551710,110885,18485,1,291.73
14552543,3255678,10913,4,296.45
14552932,5999248,19036,4,187.41
14552952,755838,17850,4,20.23
14553996,2130499,4562,2,460.79
14562822,3077775,15146,3,250.22
14565559,7148119,10402,1,172.76
14565763,990650,7254,2,24.25
14568356,240016,10746,3,254.35
14569765,1217052,17429,1,373.23
14571128,1986687,17781,2,94.05
14574357,3537827,19583,3,83.28
14575729,4817285,9171,3,456.62
14576561,5311161,8456,4,374.7
14577637,1941023,15938,1,173.8
14579384,4993082,15625,1,472.81
14585891,476174,8718,3,232.23
14588004,6898195,6989,2,487.33
14588399,7210586,8510,4,159.09
14589592,7809414,16030,1,459.16
14590601,1702013,13380,2,361.14
14591028,6497818,1741,3,272.04
14594666,5541925,1502,5,122.47
14595074,6859419,5173,3,188.67
14597195,1020099,5630,2,266.1
14600578,4618736,18597,1,98.2
14600682,1197097,16587,3,482.98
14601284,2648489,7570,4,321.14
14601651,7185051,5518,5,187.61
14603402,1504153,18924,4,108.74
14605105,2290942,11572,2,250.05
14606520,1147308,8691,4,199.73
14608485,803848,3246,3,413.18
14609670,6977471,8051,2,284.83
14609861,7981718,147,1,391.49
14610522,6815381,2291,4,164.0
14611345,7631817,17762,3,477.1
14611433,5883109,4248,2,358.18
14611833,479503,16280,3,219.71
14611945,7142429,11497,1,400.47
14612131,7921947,9519,3,364.53
14613000,3830977,12041,1,449.03
14614150,7086369,15966,5,321.86
14618910,73599,19419,3,420.61
14619266,803848,12017,4,47.19
14619517,5543990,11026,2,144.27
14620256,3050092,12471,4,451.25
14620578,2451158,18740,4,90.09
14620661,764009,4211,2,174.37
14622281,953461,16984,4,54.41
14622527,7614095,19721,5,140.86
14624133,7234089,12992,2,186.74
14624294,6328860,7389,2,430.83
14625860,6891099,9743,1,56.63
14627185,3259660,7948,5,254.69
14627354,5252984,15335,4,387.2
14627951,7279903,2854,5,208.55
14631261,5659387,16500,4,404.92
14631687,1180434,10207,2,480.23
14632722,6495155,10806,1,315.46
14633796,596842,1957,3,394.68
14633984,7427485,19796,3,446.08
14634651,6158945,4930,4,219.55
14636271,1625257,5675,3,328.11
14638702,6909245,6269,3,357.39
14638759,6662128,18817,3,323.54
14640239,2814946,1777,4,198.53
14640964,6275123,8907,5,112.6
14644456,2828677,11144,4,187.95
14649933,5713445,1040,2,60.73
14650373,6603603,1160,3,227.08
14651038,2305697,2520,1,50.36
14653029,530325,3483,3,255.23
14653875,7368669,5899,5,343.21
14654934,2955247,709,3,298.47
14657220,4356162,1688,5,494.88
14657590,2394442,15535,4,121.26
14658088,7511949,12130,3,467.46
14663247,6552525,18204,4,97.49
14663824,6523755,6719,3,497.87
14665085,298537,12415,5,294.53
14665241,3159175,6971,2,94.82
14666830,5500660,16210,5,50.12
14669400,1807725,6999,2,198.51
14670480,1696537,15720,4,190.04
14676911,3936272,7327,1,38.82
14677682,7234089,1822,3,442.71
14681910,11844,19649,2,33.78
14683685,2372264,14358,3,134.69
14691475,5666664,18127,3,403.42
14691586,1935121,3436,1,137.22
14691902,5607518,8695,5,258.89
14692006,3765367,6502,1,347.52
14699456,3155657,14542,5,268.62
14700927,6281238,16093,5,121.79
14701100,2485847,19848,3,445.78
14702393,2211019,14988,2,337.19
14705742,2808139,9155,1,325.99
14706960,2263565,12900,3,122.11
14706971,7427485,5874,1,113.75
14711627,2884088,5258,3,13.49
14712965,1947621,11688,1,152.45
14714289,3272476,17442,3,266.91
14715676,6407765,1810,5,354.85
14718144,346102,11432,5,119.03
14718764,5466593,5146,1,77.21
14719298,5546569,1542,3,291.87
14720910,5885851,17886,1,335.77
14720984,2650844,15261,3,398.01
14722244,708693,3835,1,382.65
14723554,6035711,1572,5,401.86
14723654,6048310,13901,5,396.85
14727820,2331491,13963,2,22.28
14727918,2147570,10170,4,487.34
14729357,7904771,15364,3,398.1
14733015,5300328,18358,4,458.56
14737115,750015,17795,5,469.59
14737639,3100353,18452,2,388.48
14740177,596842,7167,3,401.61
14741525,6306155,17984,5,278.72
14741931,407481,9611,2,451.28
14743072,3600761,8844,4,397.15
14743094,2189123,11684,3,314.54
14744262,3468002,19159,4,490.2
14746152,2130640,15114,2,214.79
14748086,6239296,11971,3,165.61
14748096,7855442,15132,5,343.35
14749293,2321794,19075,2,497.5
14749319,330149,2062,5,26.78
14750066,4674093,2636,5,350.91
14751732,5669080,11173,3,220.44
14752530,4411786,2435,3,148.09
14752586,708238,3362,3,337.57
14753007,1016831,17857,1,374.13
14759420,3046573,15911,2,492.98
14764177,2899463,3900,4,235.58
14768715,2138177,19704,5,301.42
14770171,149946,8590,4,31.78
14770480,6937963,7696,4,384.74
14778147,7904787,18357,2,437.47
14778299,5311161,12417,3,159.24
14778672,4911987,9213,4,181.1
14778770,2704339,17110,4,302.81
14779334,4229936,8402,1,48.58
14781921,3479077,6998,4,485.57
14781956,6999726,17803,1,13.12
14784318,7202224,3399,4,190.49
14785198,3410179,1625,3,73.31
14787901,3304447,16923,3,415.51
14788167,1511783,6891,1,125.56
14790245,6363869,9098,5,342.16
14790254,7130975,16846,1,92.78
14797194,6493151,7829,4,72.13
14797286,2931750,15079,4,374.23
14797397,698073,5450,1,61.83
14800499,4139424,531,1,409.69
14802723,816426,18313,1,183.65
14802842,3179916,790,4,286.51
14807387,4243094,7299,1,316.25
14807742,6459805,7040,2,15.64
14808128,2031079,9123,2,87.1
14808186,6356120,7706,4,235.84
14809316,3873186,15145,4,207.79
14809454,4624335,13070,2,338.7
14813157,5142349,1215,1,137.17
14813664,7130975,19561,5,149.41
14814392,3356960,8881,3,214.7
14816161,3277732,11077,4,359.62
14817325,5289699,12768,2,164.97
14818868,5641091,19398,1,298.45
14819436,6924811,16069,2,109.66
14821253,2864327,1811,2,329.19
14821315,694384,19733,2,338.15
14823567,5923221,19458,5,280.83
14825191,6323933,16557,3,411.45
14827641,7842233,5499,3,142.74
14834937,1738878,9941,4,182.17
14836302,3093241,3336,3,64.09
14838468,6356120,8692,1,324.42
14839811,493857,5258,2,13.49
14840049,3343581,2788,5,30.35
14840253,2448362,12262,5,281.9
14844102,7886845,15208,4,75.75
14844699,3846656,11304,3,150.95
14845574,7752201,7950,2,60.97
14847689,325401,18143,1,109.22
14849457,2814946,12649,2,137.76
14853042,5104358,8842,2,24.26
14855093,1054271,11475,4,208.05
14857055,184248,17556,3,174.56
14863548,2485723,10638,5,105.91
14863898,2650844,8574,1,443.03
14863997,6262639,10741,1,37.47
14864831,4712846,2596,1,190.96
14867688,3872686,15760,4,308.4
14868236,3360328,15785,1,149.41
14869596,5913441,18410,4,299.52
14872517,2460672,2585,4,283.4
14873934,7550267,5836,2,226.5
14873992,990650,14920,2,193.65
14874579,6810084,18462,2,211.76
14874602,1791933,13934,5,466.21
14874939,1083470,15210,2,85.66
14881897,7422971,14302,1,433.85
14882533,4464584,3407,4,418.25
14883221,5282632,3465,1,15.87
14885122,5523741,1085,2,499.13
14885163,4160357,2923,4,348.71
14885863,3907817,2460,4,13.69
14889114,6835144,8370,5,264.02
14892013,1068673,95,4,388.02
14892365,1437858,5783,3,225.54
14892492,2241192,1509,2,162.1
14896414,6451876,12073,1,415.46
14896549,6188055,17266,2,93.31
14897403,2704567,12758,5,154.93
14899898,1212905,17808,4,335.01
14900669,7275342,4808,4,494.39
14902967,4855101,5229,3,16.6
14903754,2965187,10154,3,307.98
14904648,4278364,413,3,473.71
14907434,3815484,1305,3,279.63
14911493,4295142,12361,1,68.69
14913389,6465841,11946,2,465.3
14917008,1839247,559,2,373.99
14918410,3841587,15243,2,373.71
14920388,4240783,2323,5,138.14
14921818,4412454,16424,5,11.99
14922469,1887106,13822,5,436.61
14922728,4704511,1573,3,380.62
14926103,2230657,14466,5,33.28
14927323,5154145,4095,5,27.83
14927767,316779,16295,3,314.64
14928195,1850544,13783,4,8.72
14929865,7492881,6002,5,408.87
14934357,4653620,3528,3,197.47
14934504,7771332,12796,1,417.4
14940760,1778795,1885,2,129.51
14941524,172387,13706,3,400.45
14942426,6466238,9573,3,346.87
14944805,2680427,11079,5,403.95
14945065,7561416,1938,3,485.16
14945193,2906925,15334,4,84.38
14945302,2321514,15304,2,121.19
14946180,1770086,2770,1,169.56
14947208,1995244,13200,3,421.91
14948878,7856631,15886,4,435.39
14950968,2162865,420,4,334.47
14951435,6946467,12727,1,453.96
14951462,4731693,19037,1,352.14
14951546,6533624,19421,2,324.31
14952378,6202100,14256,4,334.0
14956972,7613953,5075,4,41.76
14959310,1304428,6364,3,136.31
14959381,5579959,13695,1,295.67
14959957,5540104,9145,2,77.16
14961879,3177165,11986,4,85.75
14964534,1657707,2445,4,438.49
14965200,5188760,13356,1,372.62
14965979,3441388,4455,4,381.18
14966002,1535089,17038,2,289.18
14967187,3634658,1839,1,453.62
14969311,4933822,19712,1,463.87
14969355,3512263,8550,2,205.34
14969443,2856581,19150,1,139.19
14970593,64747,4033,5,256.33
14970707,6973403,2027,3,156.65
14971140,2634167,8894,4,323.52
14975441,2925823,1385,3,172.79
14979351,5062560,7829,3,72.13
14981351,5254792,17142,5,84.92
14981691,6378886,12836,4,177.37
14983772,454997,1610,1,183.12
14983994,5467447,831,1,303.18
14984204,751416,9292,4,176.53
14987336,4305389,560,3,178.07
14988091,1606666,11976,4,72.75
14990706,790365,2993,3,21.85
14990770,1651541,19238,5,454.84
14991475,5519499,16928,2,410.84
14992183,2736960,1509,2,162.1
14993917,283833,8942,3,14.08
14994846,3986101,14514,1,155.03
14996595,4180648,2819,1,421.95
14997735,5423051,8618,4,27.88
14999460,2198655,630,5,11.58
14999473,6784754,11516,4,251.05
15002777,2096447,5163,1,273.89
15002887,6392769,4260,5,490.01
15003735,618408,6169,1,458.09
15007440,3463683,16111,4,439.27
15009341,5996673,8239,4,399.52
15010973,7211313,5293,2,85.69
15013612,3255678,19873,5,89.31
15013918,3425511,13634,5,200.58
15014036,6061954,3065,5,185.25
15015203,7658489,18466,3,125.64
15016547,7920886,3614,4,164.89
15016893,7912223,3442,5,270.88
15020703,3159175,3869,5,192.98
15021550,2650844,2335,3,69.42
15023722,5428764,9563,4,378.72
15025487,3915390,6545,3,369.87
15027543,6758631,13726,1,194.25
15033404,186643,508,5,442.84
15033710,2903320,18754,4,326.79
15037298,5204596,2613,2,438.06
15037364,2983475,18803,4,188.44
15038729,2436701,1941,1,167.94
15042001,1773322,17250,1,359.23
15042889,1485566,2048,2,123.98
15044632,2973402,2884,4,106.57
15044843,2457839,13890,1,384.55
15045876,7043887,3344,4,498.04
15046479,6025979,14546,1,121.11
15049266,2031079,1441,1,194.19
15050439,2410649,14160,2,252.84
15050585,2435377,349,4,118.82
15051015,3607016,11529,4,59.77
15051074,4174690,2898,4,165.22
15052718,481693,16599,1,452.43
15053263,4201190,16080,5,335.59
15053486,1242923,14499,2,78.18
15055105,4665583,11648,4,125.86
15055792,3189117,10849,4,199.83
15059246,3867936,7752,1,348.89
15059728,247854,15735,2,305.04
15060216,4593757,4508,3,164.1
15061304,3129644,6696,1,227.32
15061562,7137381,19783,3,307.53
15063705,1737566,6221,1,288.04
15063903,3099630,1490,1,174.02
15064312,4938438,6066,1,168.54
15064366,7275342,17549,5,400.35
15064546,4896825,18118,2,341.36
15071544,4147754,7112,2,164.17
15071555,4880308,2100,3,114.55
15072487,6943728,13086,5,207.42
15072633,6146921,19804,1,293.67
15072910,5964440,13179,5,242.71
15076734,1548573,8786,4,231.87
15080127,2252049,14825,2,363.45
15080520,2456814,5141,5,422.52
15081986,6225209,1886,5,28.42
15082138,7551536,15204,2,246.13
15086471,420276,3221,1,138.7
15087153,3170427,11604,3,412.62
15091469,7647186,3859,4,97.77
15092000,1497471,782,4,73.24
15092278,727915,12275,5,311.87
15095940,4626888,2135,4,30.31
15098732,1526981,6907,5,214.46
15100555,5901610,15481,2,80.92
15106228,5617042,17847,5,107.0
15107741,7247326,10951,5,70.23
15107899,2460672,19392,1,273.81
15108226,6145531,16473,2,347.23
15109687,6114706,9956,3,22.95
15110978,45371,19637,1,246.96
15111608,2627811,7604,1,62.7
15111903,4151672,18728,3,497.9
15112515,27343,11158,4,126.56
15114966,4618551,6039,1,307.59
15115697,747293,5974,1,246.33
15116488,7210586,6342,2,377.89
15117956,3288051,1667,2,98.73
15118750,7581661,10468,1,320.73
15120770,5219145,3981,5,91.68
15121491,4371227,3261,3,192.02
15124270,1061783,16883,2,398.07
15124386,334094,5226,4,461.07
15125053,3840708,5597,5,125.71
15127290,5271566,18921,4,449.83
15128878,1739584,12524,5,478.45
15129168,6328851,4307,3,496.47
15131537,7543659,13274,3,276.2
15137541,7084178,973,4,89.48
15141107,1114578,12864,2,338.48
15141946,3880631,18249,2,416.46
15144004,7575001,16857,4,86.93
15144294,7819091,6829,1,48.23
15144833,7966422,14226,3,160.36
15144965,7350446,19082,1,471.21
15145886,2107093,6807,4,8.35
15146177,4656601,19449,3,433.34
15148003,6343979,2862,5,224.3
15148674,6533624,14317,2,235.32
15149002,1565166,4586,1,302.11
15149630,2160192,6918,3,89.92
15151043,4695825,11787,1,313.83
15155539,1389106,6102,1,347.53
15155966,3097008,14517,3,367.01
15156690,1151908,4772,3,212.79
15158226,3791513,16061,5,302.42
15158402,3564359,13036,2,483.53
15159688,1228182,708,5,115.68
15162356,149384,11802,4,278.99
15164796,5273738,3599,5,16.49
15164820,5387340,18410,5,299.52
15166649,7222803,4267,3,351.82
15166754,6998267,10499,1,186.79
15167750,5277879,12752,3,329.03
15168795,1989481,4702,4,396.13
15170075,6827072,12888,4,68.5
15171595,5607995,5024,3,146.8
15171974,2036961,15612,4,193.76
15174490,377912,15768,5,362.54
15176323,826140,9272,1,405.49
15176647,6381254,14863,5,184.88
15177401,3067712,11718,4,464.42
15178963,7412433,11596,5,397.29
15179017,591791,13495,5,252.1
15181089,900533,2042,2,132.95
15186958,7359804,11010,4,410.61
15187977,5837037,13586,3,499.92
15188992,3408199,17924,2,490.62
15189329,4703099,16869,3,318.31
15194175,167523,14003,4,133.44
15194633,7280165,16103,5,122.37
15195025,5394636,8188,1,385.7
15196488,7221210,4340,3,96.44
15197180,5666664,16399,2,263.04
15198008,3530843,12275,3,311.87
15198695,4479309,17843,4,365.29
15200204,3318745,19655,4,66.72
15201839,7631817,6731,4,140.25
15202801,7581661,10413,5,105.52
15204194,6977411,3038,3,48.07
15209062,4168530,3938,5,312.43
15211584,6482818,10853,5,394.11
15212646,2023097,17154,1,328.82
15212933,1023562,14273,2,491.89
15215189,2432881,17379,1,218.39
15215383,3919535,13173,3,211.53
15215870,2876081,7761,4,425.31
15216015,7537543,5513,3,184.8
15216184,4376753,10655,1,370.4
15220981,1024967,9863,5,495.28
15221695,698384,1995,5,364.02
15221982,5093528,16421,5,397.63
15222443,1207556,5327,1,112.66
15232670,7414442,6467,4,174.77
15236518,2294221,7197,4,221.31
15236550,5997132,9278,3,352.75
15241674,3606803,10562,5,56.01
15244292,4491400,1565,1,281.09
15249590,7646935,15996,5,498.55
15249836,1026634,2861,5,410.36
15252416,2184840,2463,3,127.16
15252651,358725,12926,1,373.66
15252746,3242076,964,4,333.72
15253210,6279359,1661,2,454.08
15256707,4469262,10233,3,248.14
15260318,2750744,820,2,163.35
15260671,3021472,1261,3,401.41
15261878,5207295,4596,1,292.09
15262262,2566244,14938,1,402.13
15264889,1589934,3103,2,440.71
15265477,3309919,15323,4,220.66
15265967,4424050,1880,2,372.6
15266527,941408,7932,3,211.1
15266913,1304303,18176,2,329.93
15268423,7004517,4873,5,110.58
15270307,6864749,363,4,453.83
15271283,6621616,18144,5,261.5
15271335,3133966,521,4,222.83
15275965,6272715,11164,1,389.01
15279027,6200322,8411,5,338.69
15280419,6116264,4804,2,63.23
15280951,6589141,3188,4,312.42
15281032,3906436,8112,5,210.08
15281081,6075779,5187,5,106.42
15285325,7104622,9519,3,364.53
15285398,7028203,18336,2,152.81
15285674,1830979,3327,4,231.71
15285836,3620489,330,3,72.6
15286536,1957583,8545,4,459.04
15287513,3605595,4982,2,340.27
15287519,2454494,9989,1,368.89
15290252,4350782,14775,2,96.69
15293509,4140513,15889,3,313.3
15295058,4616452,10253,5,481.02
15295525,7107465,15270,3,100.04
15296220,3371643,11445,3,178.92
15296613,6589141,19066,1,430.06
15299370,5370336,1662,2,372.99
15301898,1107239,17488,2,52.84
15306252,6008934,7233,3,299.69
15306388,5890477,182,3,97.2
15307048,1632260,4921,2,354.08
15309818,165813,13161,5,213.45
15313878,2296742,3240,2,499.57
15314407,7451714,12015,4,162.16
15315465,1763207,14912,4,229.93
15315981,3931482,12263,3,220.54
15317106,2654315,2692,1,113.2
15319483,1086237,18331,3,292.86
15321657,7230658,471,1,201.83
15322593,3820377,16466,5,235.91
15323104,6241575,13482,3,177.87
15324311,316779,1601,2,21.75
15325867,4596685,5190,4,335.81
15329895,6764768,14658,3,433.74
15331732,3309919,2605,2,453.54
15337696,3694145,17879,1,470.12
15337834,1396784,9189,4,394.67
15338198,3642112,8833,1,219.55
15340474,3210957,19588,2,292.94
15341160,7480916,7794,3,379.55
15343162,1197097,8896,3,43.5
15346601,6133183,5119,2,285.96
15348312,496723,7741,1,469.58
15349684,5005511,17038,4,289.18
15351234,6210990,13720,2,188.4
15351285,967909,617,1,424.63
15351626,5636399,1676,4,134.62
15360143,4864933,6729,2,274.94
15362357,4836250,14127,3,121.88
15363390,4990984,12981,2,261.87
15367922,5401787,9758,5,130.53
15368420,7914015,16155,2,233.81
15376617,2138177,18786,4,274.63
15382622,1556261,16418,5,266.2
15383745,2700183,13619,3,310.91
15385508,4091489,4399,5,133.6
15386668,1209757,7256,2,271.91
15388784,3208942,18455,3,492.39
15389622,1633721,10723,4,33.77
15389843,5920955,3486,4,325.23
15398751,1957583,15447,3,350.58
15399615,5637727,10539,5,124.73
15399925,2768223,14248,4,229.73
15405757,5378785,13589,4,173.41
15406147,6802656,4147,3,227.01
15406323,5328749,8712,5,45.53
15408439,3096812,10661,4,32.79
15410224,6020892,12653,4,111.24
15413908,4500166,10603,4,304.31
15416569,5933131,1350,2,235.66
15416645,5771763,15236,4,70.94
15419062,7359371,14148,3,436.23
15419205,7218073,3097,3,404.39
15419233,3893484,7932,5,211.1
15425617,1164414,10970,2,300.79
15426918,7692924,2464,1,132.23
15428268,2974540,85,3,37.41
15429096,5911371,14435,1,275.01
15429105,4390292,17244,3,216.93
15436023,5484166,8546,2,106.55
15436772,5471165,11464,1,462.4
15438497,1287237,18668,5,34.55
15438908,4379222,15119,4,70.63
15441455,4799958,19599,5,365.09
15443518,3915159,12807,4,343.12
15444453,5827722,12743,2,397.5
15445687,1140796,3324,2,353.72
15446237,3990106,366,3,280.49
15446825,6534749,17590,1,58.33
15446852,1396325,3168,1,322.1
15447394,7060802,6938,1,189.96
15448665,1207556,8869,1,385.99
15452283,110832,14218,5,311.56
15453894,3804285,19854,5,46.98
15457556,732939,2451,5,384.3
15457915,3683469,6091,4,174.02
15460236,5803306,14531,2,80.46
15461564,4464584,16690,1,321.57
15463461,3135496,17022,5,303.41
15464078,969,5917,3,122.7
15465268,4919254,17358,5,372.67
15465795,1200027,4860,4,306.05
15465910,1488973,19774,1,99.47
15470144,4690183,12042,3,249.9
15472057,5987050,19484,4,376.88
15473095,7252164,14987,4,140.01
15473562,366196,7144,3,381.4
15473896,7867331,12020,4,410.39
15476423,5466497,16130,3,71.27
15477357,4540538,15558,2,230.92
15477830,3538693,3799,2,322.08
15477897,793269,18585,3,193.88
15478190,7942322,17195,1,271.62
15478341,4875974,10623,4,320.39
15479865,3827481,3551,3,459.22
15479897,7613953,4188,5,296.85
15480581,3747926,9150,1,395.8
15482146,5741750,17925,4,469.36
15483211,3550087,19384,4,110.66
15485197,1822466,17622,2,486.34
15485545,2244133,3940,5,81.95
15486099,2622126,18163,2,402.95
15486435,1357296,18935,2,104.15
15486686,429820,5224,3,498.81
15491309,5593850,14295,3,99.35
15496770,1463280,13244,4,202.63
15499929,591791,8637,3,391.24
15500845,3420679,16408,4,484.72
15502155,3130464,5508,5,127.89
15504330,2304288,11342,2,363.2
15508983,7949560,10842,4,235.13
15509509,6362545,10099,4,149.63
15509637,5065163,9428,1,28.01
15510772,968293,10121,5,35.63
15511227,3055273,9830,2,93.54
15512523,1880798,15914,1,404.01
15522497,4574783,6746,1,399.94
15523087,4352191,4512,3,486.57
15523342,6417916,825,3,458.5
15523343,2732640,18738,4,133.36
15524453,6733394,4834,5,385.64
15526804,3694145,1621,4,316.2
15526903,3681671,7752,5,348.89
15528469,2520570,15707,5,95.91
15529101,2576957,18040,4,64.93
15530798,3160613,5422,3,265.3
15533261,636979,4174,3,359.59
15533528,3968164,16345,1,347.88
15535002,5683956,15290,1,239.76
15538365,3320805,9513,1,301.4
15538993,7885508,7361,1,396.02
15540893,2230657,4512,2,486.57
15541293,2831978,13412,4,346.27
15541809,868038,82,1,132.27
15542114,1744042,17220,4,146.45
15543833,1597085,13766,2,48.16
15546073,936367,17929,3,61.08
15548198,1043860,6143,5,419.91
15548733,5062232,14845,1,258.05
15551522,3700055,3246,3,413.18
15555823,6247981,6615,1,93.68
15556154,836411,4280,3,58.66
15557307,2934787,5258,5,13.49
15560069,4215408,17502,1,297.75
15560354,3540580,7056,5,5.57
15561659,5280493,19579,4,465.06
15562916,7195095,15708,2,260.37
15563294,1397175,8078,1,402.11
15563625,2551304,8253,4,197.19
15567112,218181,9604,3,154.85
15571512,5091988,17553,2,428.27
15571767,4758568,5617,5,283.35
15576212,4385356,7262,3,212.92
15576428,7316857,13492,1,339.82
15578932,4478553,3206,1,137.83
15580450,2768223,16429,5,258.82
15582250,6930234,5583,1,337.46
15582264,5247239,3852,2,331.67
15586158,432162,4204,4,389.38
15586835,6177952,4128,2,366.25
15587028,2265143,9638,1,297.91
15587670,3028131,17275,1,185.7
15588609,7173565,5835,3,63.08
15590560,3136853,18544,4,193.64
15592071,7631253,8602,2,252.03
15593712,4138142,12034,4,245.54
15594118,2036033,11503,1,332.08
15594565,4792829,16081,4,35.94
15600263,2147570,6644,1,462.59
15601614,5610286,8806,4,475.91
15604335,6142003,14306,2,45.27
15611169,4987678,10602,4,29.64
15615236,5339694,18552,1,94.47
15615920,1547653,1587,2,225.75
15617962,4855101,5758,3,317.4
15620634,10097,10319,2,11.85
15621507,2377655,8929,2,401.42
15622155,4236164,3121,1,134.08
15622606,1503408,2996,5,437.35
15623422,1662421,16917,5,419.67
15623505,6555694,17130,3,330.56
15629737,719644,14329,4,286.3
15633679,3870425,19454,5,410.84
15633999,3756945,14033,2,190.41
15635048,3657845,18765,5,195.95
15635839,5226624,9521,2,59.19
15638961,4729719,17541,1,420.34
15639943,7434984,528,3,84.5
15642500,6323933,777,5,372.57
15642648,4686892,14176,5,311.2
15644370,4397942,3986,1,346.72
15646777,7856607,10903,3,230.62
15651052,4220545,3535,2,256.81
15655853,7134454,3537,3,22.71
15657079,1610155,1663,1,66.48
15657397,3699783,10547,4,402.99
15658853,1379231,16281,1,10.93
15661902,636979,5667,4,216.37
15662140,2891442,9649,3,186.71
15662203,5702326,4672,3,33.77
15663059,6211722,9229,3,489.12
15664671,1104049,6529,3,96.1
15664991,6094241,2692,2,113.2
15668735,2138011,6995,5,355.86
15669037,4425065,15473,3,7.33
15671024,2126340,16076,1,359.3
15671989,2578099,2905,4,139.83
15677767,5662531,11817,4,265.35
15680234,841494,8889,1,113.3
15682010,6306155,10287,4,286.77
15682691,5538902,16992,5,102.43
15683322,3965134,11924,3,376.65
15683863,1612822,18684,3,15.33
15686358,7173102,16724,1,42.55
15687983,1933002,1098,4,487.09
15691173,401897,19626,5,357.33
15691227,4060981,2741,3,302.67
15693949,2466301,16937,2,419.99
15696615,6401633,4464,3,285.86
15701071,1446625,12519,2,347.6
15701657,6004770,11231,5,483.38
15701997,318396,15989,3,318.54
15703125,3411880,3897,4,249.85
15704311,7414442,18947,2,75.12
15704777,4092695,14542,4,268.62
15704830,1538103,13964,5,456.93
15705775,6762712,884,1,142.67
15706186,7210564,12872,3,226.39
15714367,2064121,2161,4,318.94
15715436,6086734,9997,5,142.55
15716051,2327313,10739,3,326.86
15719124,1010753,1396,2,378.77
15719616,5927313,15506,2,391.78
15721638,7712986,12296,1,174.57
15721856,3823359,624,2,381.74
15722132,5589708,11804,4,33.25
15722731,6687380,12390,3,384.94
15722801,5261109,9369,4,255.89
15722858,6323431,3309,5,195.04
15723715,3524437,7707,5,41.04
15723997,3533307,17257,4,237.72
15725182,2332884,18541,4,191.53
15725456,4597186,12043,5,273.52
15726112,6234413,19704,1,301.42
15729157,4471818,10274,5,332.24
15729972,5270318,10288,5,30.09
15732421,56390,6190,2,394.87
15732499,2892899,2325,1,64.66
15732503,455918,2628,4,329.06
15732575,5149019,9910,3,289.61
15732638,1883025,1363,5,378.71
15733381,98917,11088,1,295.49
15733535,5570147,10020,1,148.13
15735615,2384164,13763,3,463.67
15741293,6281156,5355,1,288.97
15741310,5748415,394,4,95.52
15743109,6082017,12064,5,217.63
15747335,411651,10525,5,424.06
15747833,3400161,10233,2,248.14
15752822,5431710,6473,1,281.69
15757008,1537089,11805,5,25.79
15757304,7578578,14504,1,259.8
15758757,1333130,12056,2,251.93
15760707,3628526,12750,3,312.7
15763067,6038611,1998,1,460.62
15768408,7997439,10147,3,102.84
15770552,2443275,2855,1,269.94
15772420,2485847,17602,3,110.43
15775194,1719463,19389,1,361.18
15776265,7558153,1725,5,328.16
15778672,7967283,12206,4,240.94
15779806,951917,18027,5,318.3
15780311,430796,7238,2,72.42
15780809,5775865,6367,2,341.36
15781930,3105129,15342,1,70.86
15783365,1584570,14714,4,447.11
15789795,157551,7760,3,209.84
15790109,1511596,8272,1,104.35
15790289,5661967,8559,2,413.41
15791407,1463399,17641,5,153.04
15792192,333341,1438,4,339.35
15797616,1436087,249,5,214.66
15799057,6887221,18670,3,183.75
15800915,3063174,2955,2,271.87
15800977,4147754,8350,5,249.72
15801615,3352118,18283,1,265.79
15801767,3312663,14576,2,387.73
15802228,7223192,7271,5,453.49
15804368,3635549,19226,5,148.2
15807133,4695825,1261,5,401.41
15808976,5235713,1600,2,212.11
15809429,7597967,13548,5,88.46
15810318,4496428,18011,1,223.09
15813397,6434855,15913,1,241.73
15813671,7742304,17813,2,251.26
15817073,250656,4709,3,27.78
15824723,6840215,1276,4,69.64
15828385,7222803,18032,3,179.32
15828910,3830977,14191,3,348.28
15837634,4321484,4721,1,110.38
15838569,3189117,10611,3,376.34
15839159,5520579,5248,5,181.6
15840343,6462484,11468,5,94.52
15840434,3862256,8497,3,384.17
15841887,2437394,9895,3,195.53
15842258,6520871,18643,5,387.59
15843380,6719178,5327,4,112.66
15845059,3908918,16570,1,263.0
15846043,7842233,11511,5,286.22
15847075,5997132,6125,2,287.44
15848440,3974886,17988,5,232.8
15855301,7375842,5264,2,489.72
15855608,209219,11061,1,153.26
15855940,2463516,18014,1,342.65
15856148,3823359,12803,2,445.12
15859758,4842903,579,4,203.42
15862619,969,6671,4,206.79
15863547,7275596,19076,1,453.5
15866481,2736997,18059,4,448.78
15868815,431051,16583,3,206.84
15870276,790608,5528,2,157.3
15871184,6243216,14882,4,12.06
15875192,1345160,4794,5,305.18
15875639,2215393,19908,4,59.16
15876659,7363178,19237,1,268.62
15880321,5534460,2572,3,66.62
15880416,320453,7348,1,52.17
15880782,7295720,1770,3,61.92
15880822,4586401,18930,5,430.2
15884569,5731273,12633,2,185.92
15887589,3353847,4036,1,283.57
15887610,1290501,9340,5,287.77
15888019,7930814,1738,4,99.68
15890174,2503040,5255,1,435.88
15891227,6171098,444,2,291.21
15893230,4996598,8581,1,31.83
15894225,1654949,13329,4,422.02
15894678,6684139,1704,4,342.19
15896645,3685715,19709,3,26.08
15897376,2654616,3015,2,102.39
15897395,2898589,2436,5,449.0
15903845,1657707,19087,2,361.36
15904130,2227054,18853,2,230.82
15904798,7021852,5263,4,317.27
15907046,4986645,17251,1,142.18
15909264,545244,17422,1,147.25
15915033,6048310,149,3,484.35
15916065,4515347,8493,2,287.97
15916160,3820954,4286,5,22.26
15917707,340769,6679,4,125.09
15917785,4069020,7867,3,158.53
15920270,7572342,1883,5,215.81
15920925,5428157,1890,4,366.16
15924794,3150293,2819,2,421.95
15926661,2885096,10520,3,244.19
15926897,352953,15851,3,225.53
15931167,73953,14592,1,242.16
15933388,3299419,7162,4,43.17
15934385,3097008,13138,1,131.54
15936039,1024212,12714,2,491.25
15938171,4900777,9564,4,499.35
15938432,2324831,11261,3,472.03
15938798,320453,6319,1,113.59
15939613,1606666,10617,3,198.48
15942643,546106,7718,4,252.31
15942982,5053724,4877,2,173.39
15946122,2796956,6939,5,45.22
15946953,2262137,1419,1,452.17
15947845,4777512,6301,1,9.15
15951902,3217947,17701,1,492.8
15953447,1456301,16115,5,140.62
15954015,2406723,16943,2,171.41
15955606,5637727,3480,2,149.14
15960384,7681442,2313,4,434.76
15960508,5247239,6451,3,98.75
15961015,3766919,8598,2,276.49
15961094,6273389,16773,1,237.87
15962231,2456814,18242,1,375.93
15962574,6182433,19238,1,454.84
15962932,6238784,16771,4,345.82
15964534,4183797,15545,2,212.14
15964552,3946599,10041,1,38.42
15966301,6562467,18529,3,88.21
15966669,841494,4028,2,341.21
15967220,2142953,6663,3,365.14
15969642,5746639,1866,3,13.77
15972525,1094211,568,2,489.11
15972616,5775865,6885,5,301.81
15977024,3333716,13471,4,284.85
15978723,5431710,16126,4,152.31
15981377,3271331,2720,2,87.63
15982238,1107239,2385,3,84.13
15983890,2130121,2601,1,236.74
15986747,2680102,19730,5,21.05
15988786,3441388,7857,4,286.03
15988795,110832,19555,1,244.6
15989360,3399370,8278,2,169.91
15991327,608026,5621,3,7.24
15993738,5775865,10857,4,326.61
15994614,4735255,13128,4,142.63
15998737,2008062,4707,5,31.66
15999917,6533624,6029,1,114.63
16000611,334500,6153,3,233.97
16002199,2438713,13867,2,496.71
16003295,608397,15817,3,313.55
16003635,2110161,13456,5,19.41
16010461,1190242,16358,1,221.91
16011391,1497131,9255,2,270.98
16011953,6282723,14867,3,406.73
16011981,4219900,16817,2,330.6
16013126,2141041,3377,3,33.07
16014101,1396325,9081,4,381.35
16020351,4881678,14258,3,398.14
16021504,6981896,6521,2,136.62
16023752,1396784,1972,4,410.45
16025679,3590053,13675,4,376.31
16026076,1909905,14006,1,352.16
16026193,454997,13532,2,121.81
16026729,4016069,2161,5,318.94
16028255,3908284,6785,3,21.99
16030210,5494571,7564,4,490.95
16032244,7740418,16661,2,389.35
16034263,20839,14861,3,92.23
16036830,5444441,3844,3,227.71
16039110,5209891,10399,4,399.85
16040525,3268961,472,2,412.15
16040540,7222803,10305,3,193.52
16042681,2995856,16565,2,19.27
16042823,2577514,17453,4,224.97
16042825,7985985,17999,2,153.01
16043666,6396558,16717,4,212.82
16044064,2825926,12387,2,388.84
16044865,1476173,687,4,68.44
16045658,6749030,6632,3,488.96
16048484,1363819,18250,2,216.76
16050955,6871187,12335,5,414.3
16052356,2948180,4951,1,334.0
16052757,3656437,10975,3,35.06
16059277,913476,4537,4,122.17
16064582,2686642,3697,4,148.67
16065763,4315570,18638,2,186.62
16067100,790365,8268,4,253.43
16067628,1694678,15150,2,38.46
16069102,6127359,3033,4,404.18
16069277,4065751,16971,4,469.72
16070230,5181698,8893,5,200.78
16072869,340769,19598,3,53.1
16075016,6921467,11246,2,225.97
16076746,4736342,5344,2,89.49
16079487,1627128,16063,2,413.09
16079832,5721184,4951,1,334.0
16080297,790365,19037,2,352.14
16082002,438158,7451,4,281.77
16082962,5984098,14269,4,51.34
16085249,4887830,19118,1,58.9
16085669,2974540,12022,1,408.62
16094901,2078497,8175,1,321.88
16095390,6398372,1661,3,454.08
16096993,3268961,11336,2,435.91
16100311,5106791,8227,4,477.39
16102117,2872947,4400,1,298.15
16103987,4196955,714,3,339.81
16105274,7490358,12842,3,104.57
16105516,4337073,11037,4,424.69
16106235,4015078,4134,1,404.84
16107465,5726771,336,4,399.27
16110333,5028940,4159,1,30.26
16117529,492583,4310,1,30.1
16119194,3807806,15941,2,12.28
16119401,4951141,934,3,220.26
16119735,3106953,4263,5,280.66
16121229,1330640,2534,1,391.74
16123339,3352118,8341,2,490.01
16125368,953887,14880,4,36.93
16125444,5951090,14698,1,373.18
16126228,7879964,5816,1,335.53
16126602,7946298,7390,3,70.73
16129438,4068431,18685,1,210.7
16130333,5791168,15412,4,438.11
16133653,4986645,9284,3,395.2
16133685,5538967,2864,1,380.06
16135480,2006703,9935,2,427.03
16136292,160317,19107,3,211.21
16139925,2368504,17150,3,90.68
16142349,258612,8761,4,70.31
16143214,7223192,15330,3,275.79
16143959,2648489,17349,5,295.23
16149777,833596,1833,4,473.75
16150238,7533639,2913,4,80.09
16150795,5311161,8024,4,336.64
16153782,5685433,4784,3,488.3
16154516,909216,11170,5,476.93
16154758,7899978,4251,1,172.53
16154809,7636990,9051,2,357.95
16157257,1689022,15305,1,424.98
16159348,4237325,7567,4,167.98
16163880,1893704,7288,4,473.62
16166033,5217847,3075,3,252.09
16171895,4479309,6703,4,71.3
16174992,5857615,6340,4,200.09
16175217,1249381,8131,1,47.61
16177984,2170222,8332,4,387.4
16178291,7450982,9967,3,44.05
16178599,6697466,4099,3,256.27
16186270,3466014,9973,3,151.44
16186417,4597186,19885,2,249.87
16186433,5335146,588,3,217.36
16186435,6127581,6781,2,214.28
16190991,5890477,16116,1,220.48
16191836,7241679,9288,2,463.61
16197360,5668469,8522,4,342.9
16197654,5513232,13389,5,15.0
16200507,844527,157,3,24.76
16201407,1989481,5593,1,250.5
16202471,6802656,5795,3,147.0
16203489,6408534,17180,2,154.56
16204598,2710015,1584,2,318.68
16207202,7374405,9049,2,8.67
16211714,3521626,7437,5,57.28
16213208,3315566,13204,1,370.77
16216103,2167194,11066,5,400.43
16216467,2787589,12792,4,178.89
16216629,6261884,2403,1,304.09
16217167,1326127,19033,2,381.9
16222237,591791,18771,2,198.91
16226261,3257061,16063,1,413.09
16227801,5816202,8601,3,405.09
16228677,4447664,7858,3,196.02
16230537,1437858,13996,2,55.43
16234374,4261,4678,2,240.44
16235640,7079599,2523,4,221.29
16237064,7151768,10575,1,70.03
16243481,6247981,2371,1,216.1
16244737,4423,13432,5,454.11
16249327,5102528,11985,5,402.94
16250539,7914492,6576,1,109.89
16250708,6094719,4819,1,219.23
16258786,1639782,16834,1,423.89
16261420,939952,6430,3,366.99
16263332,1444449,16251,5,257.47
16263455,5011275,9996,2,288.76
16264235,6578323,7765,4,84.99
16266716,844527,1214,3,36.29
16266757,1133766,11558,3,340.39
16267311,4758568,7465,1,479.87
16268231,3730858,11063,2,402.83
16269702,6242177,10704,2,475.38
16271683,1166205,15110,1,117.02
16275536,1739584,25,2,205.07
16276736,3352118,339,2,331.85
16279992,5273030,10306,3,148.58
16280846,4879023,13411,1,141.27
16285479,6733394,12679,2,356.36
16286197,1519496,15164,4,178.58
16286304,5220192,2238,1,355.66
16288867,4046859,11259,4,451.67
16294156,2983475,1041,5,476.57
16296073,4220545,135,2,481.64
16297540,517174,18826,5,252.32
16298235,5387340,5284,5,244.79
16300303,2437394,5741,3,458.82
16302202,5865532,7580,5,247.04
16305507,3771587,11777,3,243.92
16308334,333341,8338,2,143.82
16311079,5751468,5005,3,485.56
16315345,5976624,2962,1,76.94
16315512,2764327,1441,5,194.19
16319722,1279489,8203,2,134.43
16319878,2700907,7641,4,61.89
16320052,6467886,11807,3,248.51
16322340,5086136,4259,4,71.86
16329328,3190981,8509,4,256.64
16329624,660185,1458,1,326.8
16330256,525293,4792,5,475.29
16330886,4137604,10402,2,172.76
16331427,6977897,13374,5,442.99
16332878,7778991,18962,1,385.46
16334304,5725041,8233,5,19.46
16336490,541784,9058,4,313.57
16338069,3613333,5150,3,448.38
16338856,7632458,9440,4,442.53
16339999,7668084,1429,3,204.5
16340092,4401758,12547,2,488.26
16340404,3080299,19329,4,422.83
16340529,6761354,18405,3,85.15
16341746,7990245,7818,3,195.69
16344301,2312826,12024,3,484.74
16345043,7819091,9050,5,23.35
16347173,3660190,13247,1,164.35
16347317,5100572,13039,4,144.39
16357184,3351498,19775,3,11.83
16358062,5586372,8276,2,313.36
16358425,1995244,668,5,480.18
16359643,7410580,6979,5,348.8
16359799,5471165,17129,3,268.86
16359992,2152967,13671,5,307.99
16362856,6273389,6203,4,354.61
16363307,1536153,7860,5,313.26
16366012,137458,17122,1,394.37
16366378,5443754,19614,1,312.76
16369686,4704297,19228,5,271.51
16369731,235223,14116,3,285.57
16369832,1675198,12787,5,140.48
16371036,838006,4305,4,242.44
16372405,5650378,14819,5,485.72
16373275,2182182,12568,1,147.31
16374227,2612664,3511,3,372.22
16374482,5226624,2485,1,189.34
16375810,6242177,18334,5,305.22
16376557,6364042,10961,5,341.32
16384554,2968011,7585,1,253.6
16384572,5500234,17450,3,428.62
16386083,7627456,19709,2,26.08
16387423,7894037,7223,1,355.09
16387490,7719013,7816,2,142.53
16388453,4964689,10916,4,278.49
16390580,7549771,19978,1,83.64
16391888,2281522,9684,3,86.44
16394191,4187699,5735,4,335.62
16394640,2138011,12675,5,191.22
16398124,7201743,1933,1,479.48
16398499,6684139,15174,4,270.74
16399018,2036033,13640,2,423.16
16399420,4010812,9099,4,193.69
16399450,3064790,13685,1,253.95
16401170,7597967,4714,5,477.82
16403528,7968127,10624,2,174.1
16406220,4107419,12813,2,267.56
16406447,6738583,4212,4,237.26
16408952,3141810,8881,1,214.7
16409111,4567527,2614,3,446.77
16409261,3530843,14216,2,30.25
16409635,7550267,6099,1,472.72
16411555,4079657,11221,5,420.09
16412770,531360,786,2,25.99
16412822,2205116,5276,1,66.65
16413864,1180434,16106,5,80.81
16414673,1304428,16071,2,91.25
16415462,4346314,7961,3,378.0
16417339,1279489,8738,4,421.22
16417806,5261109,11521,4,305.78
16417960,4118339,16531,1,313.07
16420366,3371643,16096,2,16.5
16421328,2454771,5556,5,238.08
16423751,1525859,19451,4,136.14
16426761,4753527,15830,3,274.3
16427210,6982311,9203,2,336.75
16427947,596842,16596,1,321.09
16428656,4695825,18730,5,490.52
16430882,7719013,14920,4,193.65
16431230,5825333,11614,1,14.75
16434554,2868690,8881,1,214.7
16435365,6052817,2126,4,49.64
16437729,1505269,7551,5,370.7
16439106,984524,13270,3,95.96
16441420,226149,11509,3,226.34
16442270,2197072,13477,2,161.58
16443998,6687368,5967,3,370.26
16445070,5323853,15243,5,373.71
16452182,4007933,12414,4,393.71
16453841,5868192,13769,2,67.41
16453870,1288211,11271,5,292.42
16454285,7983102,7400,3,294.29
16455883,1572156,4345,4,27.51
16457056,3779117,10948,2,326.02
16459056,1188154,8713,4,408.38
16461339,1887106,11298,3,181.6
16461600,2037713,3621,4,103.66
16463769,2306965,9135,5,64.49
16468241,5369133,9051,4,357.95
16468716,1177296,8351,3,33.51
16469191,1396325,3038,4,48.07
16473530,1507182,18225,3,157.95
16474436,3241037,10288,5,30.09
16476411,301082,706,5,43.09
16478382,3857721,18022,4,50.29
16479017,6354585,11854,3,439.58
16479311,2634906,18885,3,303.39
16481024,4474603,626,2,53.09
16486231,5215425,16644,4,184.26
16489612,5978164,18781,4,380.57
16490185,4165250,8451,1,372.05
16495709,3685715,8565,3,9.27
16498454,1413904,2164,1,300.1
16499053,5642817,3279,4,94.49
16499301,2665574,8114,1,404.86
16500726,7748419,7399,3,56.5
16503065,4138726,9613,1,360.26
16503259,3873186,17563,3,194.03
16503599,7870339,1392,1,189.5
16503608,2566244,1621,3,316.2
16506422,729750,14231,2,335.84
16507345,2675905,14891,5,290.73
16508823,2559480,10567,4,404.88
16509720,2349767,6335,2,440.9
16513754,5465607,6626,1,185.68
16516788,1294337,15723,4,286.92
16518331,7450982,19932,2,483.31
16521566,3190981,18581,4,64.95
16523516,7359804,1037,1,15.97
16524296,4766411,2325,3,64.66
16524873,5357376,12851,3,375.06
16524944,1819267,13288,5,302.02
16525684,5220015,10773,3,20.21
16526296,2631904,13440,3,10.85
16529667,2727327,12921,4,196.13
16530256,6687368,7411,1,208.54
16532171,5504068,1522,5,411.45
16533403,7021852,1322,4,258.46
16533496,171712,19893,3,144.77
16534586,7916147,8014,2,199.61
16535455,5403447,17346,2,445.72
16536980,1519496,1748,3,81.42
16539179,5077418,12861,5,335.7
16540466,6733971,11657,1,132.83
16541543,1985845,15696,5,147.85
16543852,7887959,17321,1,86.4
16547732,1511783,11596,4,397.29
16549108,3684516,2557,1,27.4
16549937,4850477,11769,1,243.66
16550276,2973679,13418,2,453.09
16550748,5983658,9679,3,27.14
16552850,7394103,9496,1,310.35
16554408,5388177,5034,1,339.32
16554725,6407765,18581,1,64.95
16555912,6044912,16986,2,285.56
16556497,1719463,5991,5,188.59
16557746,6549910,1999,2,227.89
16559893,6008934,10587,2,321.49
16560976,6088849,2215,5,456.08
16560996,6278389,13949,3,326.71
16561978,1177989,9988,3,15.48
16562515,1324543,2348,2,334.59
16562692,6727631,5256,4,46.71
16562717,7543659,14971,2,262.87
16565423,772496,15457,2,378.26
16570044,1352910,1466,1,11.32
16570109,4187606,1405,4,141.79
16570515,138639,15196,2,325.26
16571268,6630757,19980,1,176.1
16575543,801098,9005,2,299.31
16577467,4675299,10660,5,453.59
16577554,1601539,11176,1,159.4
16579254,7707190,9361,1,38.1
16579986,7057269,5454,5,394.48
16581712,7784910,15800,2,468.62
16582333,73953,13443,4,170.78
16585198,2240669,1847,2,21.93
16586262,3550087,10824,4,74.4
16588269,2082381,19249,5,112.75
16588331,2123405,5024,3,146.8
16589662,5547073,16114,5,360.77
16590073,751416,14470,3,180.44
16590081,6204024,10576,2,449.61
16591211,1614847,8451,4,372.05
16593472,7226488,15771,2,424.37
16594379,2879567,12854,1,113.92
16595328,2713434,4966,2,37.74
16595730,4977853,5635,2,438.8
16597171,4734851,13361,3,208.73
16598613,1173821,15438,3,240.33
16600327,2554016,3234,3,179.11
16601742,3241288,1961,2,20.49
16602031,1061783,12395,4,219.55
16603592,3915390,7663,5,264.49
16605754,4918821,6079,2,204.29
16610110,355232,768,5,276.16
16610635,280061,5873,2,286.65
16611490,708238,5619,3,86.9
16616218,7404288,1866,3,13.77
16616448,2742121,19989,3,254.26
16616723,7941497,14842,3,188.42
16619703,7625149,1571,3,108.35
16622392,2828157,9528,1,471.8
16623433,3034080,18574,5,90.55
16623845,6234413,1881,1,25.81
16624485,7837931,12982,4,36.41
16625598,6952430,6832,1,358.79
16628446,439290,425,5,158.09
16632904,4545509,15421,3,20.55
16634182,6810084,7212,4,371.3
16635266,7514849,17511,2,222.61
16637311,6503371,18642,5,377.04
16640565,5988359,9046,3,408.96
16645584,218181,13907,4,137.31
16647066,4833331,12414,5,393.71
16647373,5054836,4492,4,480.17
16647649,4495849,6455,2,493.06
16649638,365125,3090,1,432.5
16652544,2736997,1594,3,173.63
16653422,5913349,11218,2,481.29
16654574,7347326,12153,1,448.41
16657233,2377655,1758,3,385.28
16657919,3390205,5195,4,318.04
16658930,2859967,11002,5,496.81
16659215,1275045,5755,3,33.46
16659444,4127279,1458,4,326.8
16660756,3131129,15120,1,220.17
16661309,4168530,230,1,52.73
16664092,4747101,9137,4,27.85
16667564,2123405,16631,1,242.71
16669212,6903027,19316,3,277.07
16669292,3935083,13473,2,70.26
16673539,568165,18797,5,375.1
16675778,3527311,14680,3,223.3
16676679,5443754,9017,4,80.07
16676891,5126992,13065,1,35.28
16678394,7118286,420,2,334.47
16679466,1939851,16054,5,141.69
16679720,5517956,12410,4,131.99
16685904,6228306,5874,1,113.75
16687282,3628526,5016,5,400.58
16688999,5988359,2611,4,493.84
16689504,1880836,769,3,357.11
16690518,6434855,9750,3,228.5
16690896,3652487,16880,3,332.46
16691058,45371,7769,1,345.02
16692655,7981718,17058,2,246.33
16694070,688237,2489,1,100.16
16695000,6733344,4167,5,489.45
16695851,1736996,17214,1,450.03
16696889,333129,19296,4,436.29
16699919,7211449,10770,1,118.69
16700147,6478647,11276,1,386.91
16703306,3540580,16096,3,16.5
16705348,7924199,1660,2,333.39
16706015,6370609,8104,4,447.53
16706229,7074540,8551,4,169.7
16707743,4036622,6886,3,155.07
16708566,725031,13451,5,196.67
16709342,2026130,9009,1,40.37
16709576,2337730,7270,4,396.72
16710803,5744585,5419,3,13.55
16710904,7302680,8958,3,260.43
16712675,5107531,5168,3,423.67
16712885,948046,7118,5,136.06
16713694,4566035,3198,5,54.19
16714775,1406107,4571,4,89.68
16716237,7752201,12532,4,475.98
16718003,3146433,5592,1,181.72
16718138,2200397,3136,3,252.62
16720024,304770,17450,4,428.62
16720548,6445659,11795,1,200.16
16721750,420716,9526,4,379.46
16723148,5681676,17990,1,63.29
16723715,903982,17489,5,429.55
16724610,7778991,10663,5,72.4
16726304,2132313,15120,3,220.17
16729622,7971813,17357,1,312.63
16730748,4244571,1491,2,214.92
16732007,4196955,7336,2,469.22
16735713,1427227,17760,2,420.46
16736553,318396,18005,1,197.71
16737152,4923240,15848,5,207.11
16738339,1498313,13782,2,490.8
16738611,751416,16336,5,384.46
16739382,5513232,11748,1,20.92
16741303,2520570,8327,2,233.64
16742438,7805600,19826,3,303.65
16743874,1324062,15790,5,453.66
16743960,5388177,4770,2,242.81
16745709,1626351,10896,3,105.38
16747045,5335146,13625,3,167.14
16747064,3073797,4837,5,360.85
16749080,6640796,3006,5,426.25
16749414,3871159,12709,4,140.95
16750899,6758631,4584,2,132.23
16751235,5768836,870,5,98.06
16752007,4089437,6914,5,483.06
16753895,6183226,10352,3,348.19
16754533,319086,8110,1,302.53
16758799,3707263,1527,5,235.87
16759357,3241288,15418,5,179.0
16759889,5308137,5764,2,403.7
16761531,3241288,14220,1,89.08
16765051,3936272,9526,5,379.46
16766551,498772,18742,4,201.75
16766753,5637077,14458,3,226.7
16767485,3052159,9667,5,435.98
16768036,4937194,13969,2,27.95
16769542,228234,7311,2,173.27
16770631,6996462,7918,4,327.2
16776778,4586401,7181,5,71.92
16777648,6032321,12749,5,343.0
16777709,7843870,12965,2,440.18
16777926,3152016,9623,3,191.62
16783927,4474603,4745,3,25.96
16783987,972277,6488,1,441.67
16787260,984524,17149,1,193.29
16789358,2395216,13718,5,302.32
16791828,1405352,2642,4,54.12
16792571,1619903,19559,4,120.68
16794805,7656076,2648,5,497.79
16797218,3152016,14363,1,484.76
16799690,6609099,17092,2,249.67
16801146,7436092,3593,2,294.13
16802996,1086877,14413,1,437.68
16803250,5093528,5689,5,190.63
16803570,5843750,10642,4,445.78
16810656,3315360,14744,2,345.3
16813698,5619743,9010,2,150.44
16813795,6615100,4577,4,372.49
16814965,2723356,11858,3,242.74
16815767,5494571,14893,3,449.57
16818691,1498313,7344,3,438.87
16820513,6366167,10250,3,478.35
16823097,2802555,14034,2,296.47
16825035,2872477,8750,5,460.47
16825531,199196,14537,4,302.11
16830955,7606381,15112,5,178.69
16831294,7670235,11620,5,236.24
16831756,5488932,1418,2,360.76
16832692,7913448,19793,3,46.93
16833471,3104086,15166,5,395.18
16834310,3129644,16497,5,351.32
16835517,5271337,17038,3,289.18
16838398,1372218,706,1,43.09
16839019,5776098,5459,2,163.37
16839479,4731693,7571,4,416.4
16839531,1925365,8104,4,447.53
16844570,34811,4445,3,253.37
16849246,5276760,11921,1,389.97
16849778,1363828,402,3,318.74
16850442,2392820,10057,1,477.04
16852712,6921467,14879,5,404.9
16853380,4777984,16670,2,411.62
16854658,6232270,19029,4,155.15
16855194,6765876,17911,3,53.53
16855599,4231791,7406,5,349.06
16857987,5619743,11417,1,138.69
16858886,3219253,16402,5,421.82
16859115,6924308,16554,5,253.24
16859780,741676,19018,2,314.42
16860748,7913889,163,1,486.03
16861037,1420152,11545,3,182.38
16863857,1925365,1226,2,277.49
16866663,7047310,4330,3,236.01
16869020,1913877,18337,1,331.28
16874021,3842551,16191,4,328.39
16876399,333341,17948,1,212.78
16876415,2573826,10500,1,339.27
16877381,5167151,8520,2,174.02
16878498,1407794,10304,3,421.06
16878522,3826834,3405,2,279.01
16879155,4926417,11178,2,250.02
16881292,1086237,18776,3,447.58
16884307,2565255,7102,4,451.06
16887397,280061,105,4,209.67
16888405,4231791,12334,4,178.35
16889209,496723,5371,1,262.02
16890914,213512,17615,1,345.05
16891567,3300749,6030,3,418.36
16891860,528259,2060,5,255.51
16891994,990650,4420,1,450.43
16894935,5903290,15094,4,201.53
16895135,3700055,5968,2,165.26
16895501,2069682,4158,4,252.17
16898345,4690458,10953,3,483.39
16898642,149384,12786,1,88.72
16899446,1753052,18275,2,39.67
16900938,5346371,9991,1,367.37
16904604,6194526,3995,2,203.35
16905312,1215158,10585,4,388.21
16905434,7699507,15045,2,360.12
16905856,7852758,10505,2,392.8
16906736,7866869,1819,3,278.63
16910468,4400045,267,1,215.68
16911254,5278244,3054,3,259.92
16912237,209219,15438,4,240.33
16914660,420276,18623,4,486.72
16916529,137458,12371,5,72.61
16921093,2444275,359,2,486.28
16921381,7870339,17875,5,437.76
16921727,2892899,13567,4,131.32
16924325,967513,1167,1,245.91
16926755,3593270,2311,2,281.33
16926849,3678047,19846,4,313.68
16927730,252901,9070,5,218.86
16931047,1446625,3258,2,44.15
16931443,1634588,13272,3,56.48
16933075,2332884,10079,1,464.4
16933152,1276109,9632,1,22.82
16933496,936367,10322,1,109.37
16934513,3887951,15726,2,361.58
16936764,6847080,18358,1,458.56
16936909,6144582,15182,4,105.15
16937497,7985985,8347,3,56.57
16938052,7578885,7242,5,342.78
16943005,6401660,12922,1,243.25
16943095,2503178,6144,5,189.85
16943959,3814796,2552,1,282.03
16944202,4499030,18620,5,77.24
16944411,5685433,11873,2,382.64
16945048,1828920,12268,4,250.9
16946552,3166500,1093,5,418.81
16946740,1409350,19672,3,380.63
16948052,995998,18686,2,466.65
16951367,6023372,4938,1,74.01
16954347,6659612,5416,5,203.84
16954793,6943728,11815,4,113.31
16954954,2573826,15309,2,146.76
16957200,6251304,12576,4,442.23
16958494,4747254,1752,2,394.21
16959672,7784031,18152,5,22.0
16961212,1448251,1476,5,381.59
16962381,6372025,4118,2,61.98
16965784,5044332,4260,1,490.01
16966003,5981011,19950,3,477.51
16968043,1572156,17445,5,309.5
16968613,2253498,5680,4,378.24
16975728,4166330,7490,1,233.6
16975916,2722556,7874,3,263.94
16976033,4143911,1436,3,362.42
16977056,5978692,7769,4,345.02
16977584,1363819,10361,4,57.84
16979567,2359104,11220,3,462.95
16981313,847935,11306,1,170.48
16981704,2462040,13159,3,65.36
16982152,2769734,13157,1,255.36
16984649,6453583,18688,1,387.07
16986806,1510409,6416,2,14.48
16988277,967909,6375,5,395.03
16988513,258612,19766,3,237.67
16989371,4233008,13994,2,445.61
16991762,1728635,7163,5,34.71
16993725,641914,1926,5,186.96
16994840,3159591,3229,5,27.45
16995262,3415567,17718,5,39.86
16995404,1034622,1130,4,47.19
16998680,953728,9621,2,487.52
16999416,3417640,10446,3,265.82
17000233,4069301,12502,2,27.7
17001778,1172035,11678,2,380.77
17001964,1114578,7093,1,328.07
17003127,1342368,10592,4,175.87
17003594,4641255,9330,5,102.97
17004990,4616704,7184,4,215.72
17006500,4233008,19090,5,462.4
17015011,2322412,9236,1,460.03
17015105,7009910,12960,5,368.5
17020980,1198813,6453,1,392.54
17022181,3466014,1170,2,326.11
17024923,2247190,12320,2,282.44
17026083,7301785,7314,5,427.64
17028566,5138040,9343,1,241.57
17030499,5832852,12465,3,262.3
17031005,2955247,19908,3,59.16
17031329,3348932,4587,3,297.61
17036393,7262419,3762,1,293.02
17037971,2923922,23,5,217.74
17039855,7919751,16270,3,394.32
17040165,2644522,4207,5,318.14
17040681,6840215,8901,1,196.14
17040729,4163716,9574,5,309.12
17041548,6053057,15337,4,194.36
17042367,5813262,13200,2,421.91
17047896,3419021,10287,4,286.77
17049056,1760906,7769,2,345.02
17054766,3652513,7080,3,163.99
17056721,5375194,4196,2,264.49
17057953,1619903,5319,3,137.38
17059580,1347175,6035,3,314.93
17059934,7208556,14746,2,354.92
17060649,4843330,15015,2,175.19
17062090,4606675,2985,1,330.0
17062342,1128143,3485,4,154.85
17062643,5901610,18509,2,203.63
17066097,1081243,8836,3,162.41
17068232,1948,19947,1,450.54
17068787,3953957,10911,2,71.91
17070149,3463674,14565,4,84.24
17070278,1233148,8841,1,235.94
17070454,6887701,14012,1,98.17
17070769,3804714,19937,1,151.68
17072458,3357076,6888,5,382.97
17078706,267703,11043,3,485.81
17081206,5328749,3887,4,99.67
17084839,6901165,2296,3,127.41
17088635,6161048,1395,2,64.0
17089905,5813761,13843,2,238.08
17090499,3277698,7444,3,44.92
17091639,4746905,5,3,307.6
17092766,3430438,4987,4,100.76
17093120,2554016,5940,5,410.35
17094188,6563958,11870,5,429.5
17095918,5542728,15515,5,37.9
17096944,7958138,10629,2,299.89
17100641,4670150,15047,2,16.06
17100679,2618598,16843,3,404.27
17101556,2474418,11917,4,412.14
17101562,3655447,3765,4,229.71
17101638,7836067,18064,1,396.05
17102138,2247142,2314,4,319.23
17102722,7570342,8552,2,37.59
17104303,7620686,5211,3,223.06
17106013,7894037,18803,1,188.44
17108010,7888758,19091,2,351.89
17108574,444769,4285,2,483.64
17111822,2255230,12616,2,359.27
17111852,935296,4229,2,434.24
17117613,7742304,11508,4,137.44
17119165,4864933,17771,4,240.02
17120795,391788,2341,5,58.29
17121075,7533639,17190,3,183.11
17121319,1815390,19918,5,325.63
17125218,4662840,14891,3,290.73
17126731,580018,11988,2,195.41
17127824,7852758,4675,3,130.06
17132714,484431,1056,5,409.78
17133378,6474405,14339,1,345.46
17134969,7623986,2308,1,44.58
17135373,6901812,3066,2,46.51
17141007,4918821,15832,2,391.24
17144217,3096812,4586,4,302.11
17144999,6462484,8643,5,460.86
17146381,7707190,14902,4,385.59
17147488,5722687,10234,1,183.72
17148691,3688639,10437,1,351.64
17151212,6141631,19101,4,357.99
17153048,3258518,8637,4,391.24
17153500,2418675,14517,3,367.01
17154725,953461,13637,5,474.48
17155723,3400161,8405,2,404.52
17156401,2549192,5435,5,117.55
17156656,411651,18007,1,61.31
17157730,3274553,13250,2,13.94
17158067,1639782,17633,3,251.44
17158535,7861793,6072,4,233.3
17160298,6776660,19360,3,346.64
17160626,2154969,15339,2,352.22
17160737,794286,15991,5,399.61
17162091,6185620,15527,3,326.61
17165136,7494982,15167,3,473.65
17165328,7337003,14450,5,20.41
17169291,7049955,18647,4,27.83
17170700,5659387,16152,3,364.01
17175506,7151768,7862,3,347.98
17175700,5346371,2520,5,50.36
17176093,3974042,18095,2,448.02
17177053,1957583,4757,2,271.33
17181337,3067712,19300,3,230.92
17182384,1071492,5470,1,399.94
17183756,7881119,17437,1,399.07
17183807,3974042,2149,4,7.37
17184015,942958,18070,3,258.24
17184248,1862978,13279,3,375.91
17185529,5766312,15570,5,350.46
17191932,276473,17799,4,467.74
17195578,193396,6238,4,61.29
17197404,6182433,10047,5,197.08
17198090,7081290,14889,3,42.56
17199067,3348932,11217,2,164.79
17199321,5276760,8632,2,331.58
17199626,3257061,13981,3,341.97
17200275,5437477,1362,2,138.6
17203103,4365305,17579,2,237.6
17204469,7107465,19589,1,463.32
17205253,6239296,18364,3,107.98
17205581,4826203,14464,3,98.68
17209516,7060802,13299,3,484.94
17210261,407111,15732,4,215.43
17210398,3104743,5121,2,264.24
17212466,6999956,16944,2,360.02
17213560,4704552,14208,3,242.85
17214467,3968164,14065,2,457.61
17217319,3780423,14099,2,152.12
17217426,1201488,16204,4,474.13
17220756,3447352,7164,3,484.71
17221940,2977669,16024,5,58.96
17223656,4886954,1558,2,261.65
17226471,1066162,17983,4,9.65
17226540,2500092,16003,4,340.44
17229950,2528605,19875,2,410.66
17231101,4240783,8772,4,16.37
17232102,4077121,9732,5,322.17
17232274,4137878,18706,3,305.99
17233050,1460675,4478,1,48.05
17233070,4015078,2032,3,94.26
17233918,5182391,19478,5,23.83
17234958,1785442,8542,2,354.82
17236349,6977411,8196,5,310.44
17236386,4028687,7941,2,460.9
17237376,4916908,15638,4,213.27
17238040,6810921,8035,3,175.36
17238660,1024212,5278,3,412.79
17238717,1393509,1524,1,226.44
17238819,3636722,10560,2,126.42
17242487,2305458,17703,4,304.55
17242873,1347175,2776,4,104.75
17244092,6066960,5741,2,458.82
17245176,3240210,1370,3,94.14
17249102,1080583,9184,5,109.19
17250406,3974886,13257,5,308.19
17252492,494391,16203,1,372.4
17255302,3523945,7157,4,257.86
17255581,1105874,1860,1,163.06
17257829,215692,1570,3,85.21
17258785,2535351,9154,3,399.35
17260526,2132313,11676,5,40.05
17265156,1535089,3654,1,197.67
17265479,7613953,7233,1,299.69
17266764,5243331,12311,1,61.04
17270079,3917652,6949,2,26.63
17272320,1020166,2224,5,84.79
17272608,7658332,10517,5,8.7
17276957,5675963,6986,5,53.02
17279213,5307460,620,3,324.61
17281564,6670748,14979,5,324.81
17284337,1696537,2320,3,180.25
17284567,5529030,17984,1,278.72
17284927,10097,15394,2,172.6
17287655,1207999,16647,3,378.36
17288082,2476431,3952,1,407.45
17288099,3626733,11388,2,95.81
17288860,5912245,19841,4,217.32
17289706,6188622,5253,5,396.96
17294328,577159,16597,2,202.68
17294983,4718820,7446,5,80.71
17296749,1839247,9344,5,120.11
17296850,3374023,5260,2,54.53
17297269,596842,5769,1,465.66
17298604,283833,210,2,399.88
17301147,1283678,19224,5,262.73
17302148,4110597,12174,4,218.29
17302778,4348008,14530,1,444.17
17302880,407481,8093,1,27.32
17303311,4755814,4951,5,334.0
17303878,3485098,1171,5,53.5
17305476,4008057,15225,3,388.5
17308241,555203,5887,5,410.89
17311442,4753527,13614,2,319.93
17314614,2543751,15918,4,109.61
17315472,3543695,4166,3,317.72
17315823,6452837,16199,1,133.96
17316716,5684001,8706,5,81.94
17319067,2654427,9395,2,14.57
17319078,6869827,10729,5,242.45
17321910,1342368,4489,3,122.28
17323381,6699720,6533,5,307.34
17324804,4913463,6327,3,428.04
17327567,3698351,16929,3,21.09
17330624,4916908,19799,1,329.09
17331104,4118339,2466,5,266.67
17331422,1612822,6204,1,375.02
17331891,4975840,15910,1,85.81
17332168,219996,14133,4,470.56
17333498,3917652,16056,1,296.93
17333513,7074540,968,1,369.33
17334819,831317,10848,1,215.18
17343131,5569906,10646,5,202.91
17343337,3001739,11125,4,128.55
17345985,1821205,18587,5,5.14
17347188,1866189,15596,5,192.72
17347667,6874496,17674,4,18.2
17349350,2393708,9931,1,355.23
17349894,4371227,1740,2,228.31
17350802,6070066,19372,4,232.2
17351056,1448251,1125,1,68.63
17351418,3173028,9866,1,69.39
17355486,2653499,14563,2,448.36
17356143,4419973,10739,4,326.86
17356407,2377655,11348,3,383.3
17356787,5796288,17937,1,38.76
17357371,1083470,3435,1,338.37
17359547,1725966,5291,5,243.79
17361454,7464967,6671,1,206.79
17362403,2800683,5528,4,157.3
17365359,4196495,1846,5,170.24
17366515,4127279,19099,4,451.79
17368087,2901864,19502,3,485.51
17369786,1046747,3063,5,175.57
17369817,7342440,19879,3,59.76
17371103,2424629,16988,5,66.25
17371772,5847589,15123,3,432.12
17371901,6887587,1928,2,451.71
17372131,7091867,2334,4,421.9
17372195,326987,10521,1,169.13
17373504,1736476,13053,4,452.7
17376103,3021393,8741,3,248.18
17377675,5540104,17299,2,482.6
17379213,7234089,12171,4,106.94
17379924,6801403,7472,1,106.36
17381989,6263691,16589,4,47.24
17382483,4757626,14092,3,136.24
17384421,6035649,12824,2,135.7
17384882,1682526,19529,5,119.95
17385803,7352322,945,1,356.59
17387038,277783,15960,1,450.01
17388271,3904463,11852,3,457.15
17389725,7983102,4629,5,191.33
17389941,3633206,8581,1,31.83
17391545,3620489,8120,1,349.98
17391557,4065751,9959,5,294.97
17394749,5269868,18736,3,271.1
17395592,4166558,542,2,356.18
17395954,3895493,7893,2,363.31
17396789,1499623,11741,2,53.91
17398600,7325462,19736,3,397.55
17399897,6417916,16433,1,124.95
17400098,3061487,10408,3,109.92
17404111,6976884,9186,4,159.78
17405816,2456814,7956,2,145.44
17405820,2368504,1823,5,358.45
17406353,1939851,3645,5,114.59
17406770,2749124,18149,3,469.83
17408962,2707756,14718,2,358.2
17413422,7607613,2258,3,343.48
17414462,1736996,7620,1,5.9
17414641,7480374,5664,2,7.08
17414701,1656707,4678,1,240.44
17416244,6516376,14695,4,123.63
17421198,693131,8993,5,310.7
17424892,6188055,18638,2,186.62
17427787,2247190,18541,5,191.53
17427832,7660109,11954,1,193.65
17429065,5072725,8914,2,436.71
17430459,1337435,17335,4,68.4
17434435,1596973,13299,3,484.94
17434658,595395,3981,1,91.68
17435835,7602763,6829,5,48.23
17436593,7247326,18943,2,359.21
17437644,1505269,154,5,281.1
17437665,5976624,12077,2,87.42
17437795,4714884,13510,4,93.38
17437977,580018,865,1,37.57
17438234,4609559,18301,5,90.24
17440957,1010753,10393,5,249.5
17444256,7578885,16480,1,79.72
17444799,441798,4174,3,359.59
17445305,5273030,3027,1,365.0
17445559,6791260,9111,4,266.52
17448476,2294221,9972,1,296.28
17448776,6153746,2986,1,409.31
17448980,7091309,10438,4,255.58
17449702,6500563,18909,5,171.76
17451335,3623226,463,3,225.11
17451544,6924308,17086,4,264.94
17452120,6456150,10752,2,60.96
17454276,5218542,6338,3,34.12
17454464,899512,10004,5,64.54
17456589,545244,14950,4,472.12
17458077,6059802,13786,3,24.44
17459373,3501511,12942,2,396.99
17464382,4010812,16087,3,387.76
17464394,713758,3755,2,134.41
17466245,1905887,19869,5,171.51
17467611,2457839,4290,3,239.14
17467724,7778991,15404,3,307.01
17468216,7163400,15008,5,110.89
17473399,896671,373,2,356.32
17476708,306204,876,2,403.45
17476866,4837719,1984,5,350.19
17477515,5402291,13040,3,248.62
17480557,1815390,6256,5,19.89
17480664,3996204,9737,1,225.21
17480825,6006287,13350,2,96.41
17485792,790970,17676,2,214.4
17489055,5751468,17377,2,172.92
17489202,4092695,4344,3,68.87
17492339,3574711,6356,3,329.97
17493377,2571591,4987,1,100.76
17495086,6232270,13294,2,418.67
17496064,1945658,11577,1,360.05
17505467,377912,12625,4,244.54
17506621,7521678,8142,1,444.86
17506753,6218233,18463,3,294.61
17508548,6032321,2821,2,148.85
17509373,1682400,12804,3,184.28
17510333,1976657,17770,2,33.05
17511310,4975616,15618,1,103.16
17514537,4771518,2585,5,283.4
17514593,6578278,11422,4,134.12
17515333,7311666,13335,2,249.49
17517692,4124371,14224,2,291.63
17520287,3604634,13003,1,251.79
17523156,2092727,7252,2,73.33
17524042,7076253,14618,1,142.11
17524789,7229176,7796,5,318.51
17526364,2827611,833,2,490.24
17526761,3687502,9706,2,211.14
17527258,1082765,1189,1,213.45
17529511,7657747,14067,1,18.16
17529814,444487,2622,3,29.68
17530724,3590053,7865,4,159.46
17532269,7823699,2165,1,329.78
17533272,1230145,17782,5,255.75
17533497,3162482,2212,4,110.37
17534159,1406596,3432,2,99.93
17535553,659337,2838,1,243.54
17536915,5894832,9456,1,387.24
17537178,1646831,18679,5,125.28
17541406,3322764,12886,4,288.97
17545589,3513034,9142,3,382.19
17546230,4704511,7651,3,108.54
17547512,5457083,6054,1,284.94
17547684,3199724,4117,5,394.7
17549581,160317,12502,4,27.7
17554470,1053927,18700,3,471.78
17554789,259739,9364,5,92.38
17557142,6437168,14278,4,479.73
17557467,1479377,11911,4,266.32
17557682,2886859,6750,3,266.59
17558681,4895780,10359,3,14.62
17559583,7039602,17418,1,11.88
17560956,4699311,19123,3,438.87
17567335,5624814,14407,4,227.53
17571918,1194816,7390,3,70.73
17578206,45371,5125,2,457.39
17579241,7087262,19430,1,428.23
17581394,4954147,15549,4,327.21
17583740,3879095,10495,3,392.37
17588399,6642125,4424,5,411.12
17589218,1806950,7866,4,325.02
17590550,5506375,16588,3,362.04
17591156,5970436,6293,2,216.32
17592405,6807390,4560,5,159.97
17593215,1245668,5553,3,194.19
17594937,1493520,10855,5,289.42
17596378,1083470,19804,4,293.67
17597406,2484184,19998,1,361.73
17597585,1490058,15287,5,145.24
17604653,4753527,13435,3,113.15
17608888,4536379,1089,3,42.2
17610248,5271566,12481,5,140.31
17611273,7623986,17374,2,378.81
17611392,3100141,19288,3,315.09
17612921,5588984,2806,2,71.75
17613275,2200397,5879,3,459.46
17616242,3968164,12142,4,410.67
17616494,646306,18289,4,135.58
17617300,7695444,19980,4,176.1
17618756,2044800,1876,2,405.81
17619881,7152558,3374,2,329.23
17619958,5948565,19724,3,118.74
17622583,5091988,9950,5,246.23
17623694,441798,6389,5,100.61
17625657,7818521,8032,3,183.03
17627881,5445973,7648,5,244.86
17628938,1349902,5031,1,143.16
17629899,6210990,9761,1,331.14
17630390,3775861,407,1,332.5
17631003,7004517,194,5,422.59
17632197,3016028,12552,3,73.89
17633413,4861599,2483,4,5.98
17634995,2689310,5720,4,171.2
17635995,7711126,1427,1,21.04
17637275,5465607,1802,3,154.13
17642354,2138011,636,4,419.08
17644854,3128526,15307,5,52.43
17644987,1620314,3796,2,62.92
17649163,6362985,2047,3,142.35
17650052,4766411,8335,3,433.62
17651359,1200027,16609,4,199.0
17651667,2092325,3255,3,474.47
17655125,1814020,11863,3,271.41
17655983,3096998,17171,5,106.0
17657038,6507710,19115,1,356.55
17663141,7680023,10440,3,99.72
17663330,565986,5903,1,466.54
17663693,6059802,19212,2,187.67
17664037,6085706,947,4,163.87
17670261,2123405,10866,3,358.06
17670514,3101075,14422,4,407.94
17672560,6396558,2150,5,117.62
17673430,5826951,7212,2,371.3
17674588,7285581,84,5,159.31
17675964,2765842,14973,1,143.93
17677787,6156135,17405,2,69.07
17678440,4220251,9655,4,419.32
17685635,7621207,2907,3,349.12
17688201,77359,4986,5,262.65
17691158,596842,1740,3,228.31
17691415,3871159,3393,4,408.76
17691997,3136853,9330,1,102.97
17694239,5465607,18694,5,407.08
17695025,4981115,18396,4,193.77
17695237,5986988,18666,4,272.97
17696787,3363755,1628,3,90.12
17697345,6704141,15474,1,486.34
17698597,1503408,5899,4,343.21
17699135,4760766,8627,4,490.94
17702854,7819643,2159,1,290.79
17703654,3093241,16674,4,34.94
17703666,4592495,10636,3,279.19
17706301,364096,13722,5,70.88
17708028,7718513,17946,1,324.26
17708884,7853576,12386,5,401.35
17713233,3341791,1395,5,64.0
17713888,1976657,3141,2,29.69
17715348,3946230,4132,5,440.71
17718542,6072581,10120,1,399.95
17718909,1437858,2501,1,338.67
17720029,6682544,15063,1,82.99
17720205,4032681,13487,4,123.58
17722246,290426,10686,4,65.6
17722261,1321806,9970,4,373.32
17722319,1363828,6382,1,386.09
17722652,6821160,16094,3,76.39
17724065,7490358,14882,5,12.06
17724677,155777,4222,3,261.72
17725219,6440072,15912,3,186.6
17725681,7613248,4916,3,129.21
17726711,4055082,13559,5,153.3
17731865,5167151,3233,4,71.45
17733098,844527,2144,1,341.46
17743762,7398766,8044,5,473.22
17744707,3200423,15317,3,117.1
17747087,5410643,16138,2,315.25
17747390,2280964,8006,4,242.11
17749049,5741008,332,5,473.24
17751959,5776709,13247,1,164.35
17751984,2249213,1750,5,154.07
17753529,7913448,10187,3,85.41
17756046,7990584,6905,3,151.82
17756632,7248583,6123,1,445.7
17757043,7028253,12557,5,390.93
17758291,6478647,6412,1,51.04
17759089,4889744,14294,3,27.56
17761487,852011,13602,5,304.52
17763170,2238242,4264,4,310.42
17769117,1828857,6596,2,364.76
17770253,1251727,17209,3,285.43
17770284,7873387,18994,5,202.43
17772470,6502911,10029,2,474.65
17775767,2252049,2549,4,440.07
17776812,6659612,12344,3,395.79
17778953,2374094,1054,3,19.43
17779630,5431710,3039,1,380.72
17779963,4574783,4791,3,41.89
17782224,4502224,2657,3,11.42
17784117,3671005,11072,5,481.81
17784346,6932158,4548,4,129.98
17785220,3190707,2727,3,411.09
17787332,6364324,17280,2,53.1
17787821,7537543,18205,2,291.1
17788170,3542705,11726,2,247.55
17790357,1444449,15223,1,184.56
17793376,4412454,2844,2,233.53
17795901,4172683,11000,1,174.39
17798077,5346822,16037,4,479.91
17798261,1896532,10225,2,403.58
17799022,837089,12733,3,136.58
17801990,7832781,1304,5,211.34
17802996,5149019,4883,2,90.5
17804159,2458645,15039,3,97.24
17808636,2573826,14515,1,497.19
17813288,3925887,16540,3,441.24
17814507,7275342,1859,2,460.3
17815996,5937788,7382,4,112.72
17818269,1330640,2862,2,224.3
17819253,3811837,7499,4,392.46
17822015,2452019,14691,5,177.43
17823311,3106953,18500,3,148.88
17826402,3093241,5760,4,281.32
17826762,1991612,16783,3,219.45
17827137,148829,13510,3,93.38
17829206,1949761,8502,3,174.08
17832310,4988252,14839,5,446.32
17832755,3152089,18157,4,232.7
17833933,3908284,11218,4,481.29
17834363,6610627,10253,3,481.02
17834891,6445659,136,5,53.51
17835249,492583,5671,1,423.33
17835832,6930052,18139,2,442.5
17837433,3052839,10240,4,276.96
17839424,6536947,11006,5,400.18
17843742,7719013,5556,2,238.08
17844536,1692534,6234,4,349.6
17844777,7656076,19726,5,381.53
17844964,7879964,14681,5,144.84
17846070,2324831,6832,5,358.79
17847468,4923953,5406,2,245.22
17848709,2059232,10297,1,25.49
17848763,5358046,11865,1,470.69
17851769,3764010,1310,3,426.92
17852293,530325,17524,1,463.81
17854584,4616245,2383,5,49.13
17858301,7733448,18422,2,199.01
17859244,7397411,11088,2,295.49
17861734,3847717,9878,5,17.6
17862328,6670746,4464,2,285.86
17862746,7915572,11894,4,24.94
17862820,1330640,3202,1,125.58
17863927,3820954,1746,4,367.9
17869603,4904464,12687,4,122.24
17870206,5726510,17446,1,425.2
17870775,6765219,15832,5,391.24
17871207,6356145,14639,3,191.41
17871245,7112846,15059,3,248.94
17872191,2326263,13634,3,200.58
17873265,4826203,19161,4,218.33
17875605,4405963,8894,4,323.52
17876791,1612822,9055,5,34.42
17879559,4896678,3039,4,380.72
17881423,4817285,5098,1,233.02
17881732,4801383,7893,5,363.31
17881929,3595506,5056,2,497.5
17884470,1631870,14060,1,34.35
17889027,7843870,9732,1,322.17
17889807,3570336,553,4,127.95
17889989,934514,8491,5,70.13
17890117,6051269,11249,5,164.87
17891283,2879567,14891,2,290.73
17895104,6750805,4978,5,472.09
17895120,619927,12450,1,225.26
17902675,4681232,6959,2,11.79
17903820,5570940,3311,1,110.81
17906370,5441075,16591,4,445.32
17910946,5383316,4783,1,419.97
17911558,3041531,9708,2,137.08
17911949,7260217,4285,4,483.64
17918528,3370640,8428,4,73.42
17922533,2689310,901,1,425.42
17922776,1887798,15076,1,185.53
17923800,6155454,7560,2,66.39
17923983,5925339,15683,3,293.93
17924057,4356162,10924,5,136.03
17924955,2562370,18851,4,263.55
17926711,3087172,10106,3,409.79
17926843,1748512,7709,2,415.13
17927112,3569192,3871,4,362.05
17928414,7785349,6243,3,115.69
17930588,5088174,3189,2,343.65
17931257,4039466,19123,2,438.87
17931624,3320805,17328,1,41.47
17936404,5722687,15147,1,386.69
17939183,5581779,17927,1,39.71
17939661,5093661,6560,1,117.92
17939992,5775865,8756,4,367.24
17940459,6212054,15159,5,274.33
17941207,5996673,2507,4,32.12
17944335,4162263,13148,5,302.65
17946050,2023097,6936,2,154.52
17947394,1880836,12967,5,449.96
17947868,6109542,17793,3,270.06
17948411,7251999,18941,3,190.63
17953831,4060591,15797,1,425.89
17954388,5046626,5811,4,194.78
17957365,1684891,3086,4,102.29
17959747,5976605,7515,4,332.87
17959808,1619903,13120,3,493.8
17960128,296417,11303,3,38.33
17962380,5180296,4596,3,292.09
17962518,4084915,2190,5,404.72
17964057,2182182,11258,5,270.56
17964991,4425065,15131,2,421.24
17966309,1548573,3089,5,258.24
17968549,4985949,15881,3,152.31
17971466,5857963,15110,1,117.02
17971790,7427485,8083,1,75.29
17972725,3343581,14120,5,441.1
17973326,7142429,19779,4,207.14
17975795,7873878,15289,2,205.83
17976805,2649237,3970,2,412.4
17978160,1763207,7776,2,402.97
17978717,4864194,19191,3,201.59
17981560,5010822,6654,2,40.45
17983308,6536947,17583,2,477.69
17984918,1829645,11365,4,130.76
17986375,3805661,14193,1,356.11
17986897,3533307,9236,5,460.03
17989022,2859967,4332,4,295.61
17990549,6694310,2577,4,372.03
17991774,2169514,18939,3,252.98
17993007,1295427,19724,5,118.74
17993071,5951090,12994,3,363.57
17993084,3218835,8627,5,490.94
17995753,7042318,5425,5,283.28
17996467,5071329,18904,4,470.52
17998768,6073948,8008,4,131.29
18000308,4423,19509,1,40.75
18000476,6015501,10800,2,127.65
18000930,2618334,15294,5,370.15
18003804,661070,3559,3,257.83
18005356,679722,14243,5,365.07
18007462,837089,1759,4,66.38
18009265,5449223,13727,3,358.25
18011129,6974398,19239,5,327.2
18012436,1324543,14571,2,133.52
18013772,6894491,12610,4,217.0
18016793,7719853,9033,3,11.09
18019561,1761064,10101,4,53.26
18021024,4993082,17401,5,485.87
18022573,416110,15131,3,421.24
18022727,1941023,13015,1,96.27
18025159,385680,406,4,273.94
18027053,3820578,3004,1,21.47
18027837,3924781,10354,5,426.2
18031566,2478876,8563,1,196.61
18031976,7803739,17086,5,264.94
18032053,6070066,8197,4,44.61
18034008,3559486,11708,4,323.05
18036626,4516374,17133,2,277.01
18038875,2104262,6516,5,69.64
18039765,887192,2319,2,300.19
18040043,808552,3985,1,431.38
18042627,5808811,19843,1,442.23
18043415,5149019,15044,1,251.12
18043925,5823590,9797,3,14.76
18043941,7904771,12357,4,307.73
18044243,912686,2914,5,330.96
18048561,1325799,15628,2,122.12
18049147,475653,12727,2,453.96
18049597,6261884,3912,1,22.76
18050474,2514783,3114,5,407.27
18052303,6292976,4456,1,360.69
18059308,2508111,17076,3,169.05
18061491,4880892,13472,5,482.27
18061657,4008057,18012,3,308.48
18062112,2898589,16018,5,31.74
18062793,3170348,15542,4,401.55
18064157,1633721,6867,2,487.34
18066372,7201743,18279,1,360.7
18067516,4022064,9429,5,42.64
18070676,2648489,10577,1,402.23
18075250,5827529,2484,4,283.85
18075340,2535351,11235,1,187.95
18076395,2045598,7083,2,58.78
18078066,7603021,14955,2,241.57
18078737,4146827,4606,2,16.63
18081233,2859212,13197,3,32.95
18081351,2395216,13978,4,172.49
18082010,2615591,13763,5,463.67
18087493,73599,14077,2,202.42
18087618,1075643,16453,3,305.96
18089266,2739414,10170,3,487.34
18089559,3910075,19310,3,122.43
18090095,6955056,13568,3,454.81
18090190,244717,2972,5,65.96
18091411,6241525,7270,2,396.72
18091634,1692534,10958,3,121.98
18093154,4732351,18812,1,88.37
18094274,1176969,6566,5,247.16
18096985,1217632,11117,5,309.81
18097869,3342090,5258,2,13.49
18098337,478084,136,5,53.51
18101350,7914492,2053,3,240.29
18102095,6402804,10823,2,80.36
18105765,1034622,1451,3,221.36
18106027,751416,18235,1,5.26
18106256,416856,15127,2,286.89
18110132,3314979,3587,3,283.58
18111944,5059421,15620,5,40.16
18112028,3050092,11430,4,77.74
18115178,6454432,8472,4,31.02
18115449,1504337,9278,3,352.75
18118487,2848317,11803,5,285.0
18119689,1288211,5994,4,24.1
18120348,7071519,17483,5,21.85
18120509,4228127,1854,4,17.57
18123348,5734101,1148,3,371.08
18130160,4896725,12248,1,124.42
18135590,5734101,534,2,275.12
18136701,3128526,855,2,333.72
18137249,6733394,12610,4,217.0
18137811,18014,19802,1,22.94
18138063,3960634,16891,1,320.97
18139682,5350808,11577,2,360.05
18141028,4777211,10253,2,481.02
18141523,4662051,506,5,19.46
18142707,4462127,8506,2,250.6
18146337,2876081,8726,1,55.71
18146513,430353,17200,3,63.71
18146603,247854,13204,3,370.77
18146921,6896488,14374,3,480.35
18148329,6617466,1273,1,425.22
18149447,2202622,1492,2,396.89
18149544,3532075,923,3,250.65
18150839,6827072,19976,4,249.89
18152014,5050750,11526,1,47.1
18152022,7262419,18668,2,34.55
18152050,3539386,14328,1,123.51
18152686,3259660,11176,2,159.4
18155393,942958,1207,2,181.34
18155523,5143464,10755,2,21.05
18156667,3671005,18835,4,194.14
18156768,5927765,610,1,462.35
18160876,2854324,15812,4,288.3
18168694,3370640,18248,4,189.28
18170781,541784,3163,4,257.53
18172034,4333960,19377,4,129.36
18182100,6738583,16677,5,313.89
18185759,2451158,15770,3,41.06
18190347,7809414,17497,3,145.98
18191347,5668183,8054,1,318.47
18191594,7440185,61,3,293.61
18193084,5885851,16624,1,134.43
18195100,4747101,4095,3,27.83
18198157,840735,7885,3,230.75
18199100,4629525,3634,1,496.78
18199802,626253,8983,5,235.91
18201442,2154969,9610,3,270.35
18202622,7558153,7130,1,237.67
18205690,4665583,7448,3,237.66
18205834,1933052,11987,1,171.48
18211009,1290501,17727,5,265.14
18212432,5196066,6506,4,311.25
18214175,1615103,12365,2,309.23
18214852,5991940,13023,5,52.01
18216337,7185238,9312,2,177.78
18216579,7010700,19488,4,186.92
18217504,900533,17909,1,441.11
18220169,6602322,3289,5,67.89
18226563,3160613,13098,1,393.06
18227450,2789923,3739,5,436.31
18227976,4027612,11821,4,340.66
18231240,7060802,1876,2,405.81
18231454,7712004,1647,4,462.19
18233129,4896725,8834,3,33.21
18233573,6437416,10274,1,332.24
18234986,7742176,3794,2,97.77
18236689,784087,2435,1,148.09
18239127,7543659,931,3,102.62
18240097,6845531,8126,5,424.42
18241544,309231,15537,5,348.28
18244439,2732640,13226,5,165.84
18246315,5254376,9578,4,403.4
18246473,858749,18582,1,456.33
18246959,2924833,19138,3,232.48
18247244,2208502,18513,2,65.84
18247436,4956780,3846,4,333.8
18248968,3488638,16501,5,288.07
18250765,3457610,13762,4,413.99
18251341,2119567,13183,4,294.15
18257716,3595619,2092,5,295.88
18258085,1141276,13195,2,440.8
18261288,1684891,3469,1,75.73
18264957,5335558,9845,1,383.4
18265519,2454494,10538,3,32.6
18266535,1215158,13707,4,345.7
18270954,7211449,14464,2,98.68
18276781,6366167,8300,5,278.97
18277565,6864749,4665,2,440.09
18278111,4903726,18721,5,463.33
18280209,3818842,9739,1,210.82
18284207,6555409,8252,3,151.26
18285951,6462978,4695,5,210.5
18286295,7771332,7795,1,195.52
18286833,2929269,17763,3,363.24
18287621,4715370,7926,3,325.3
18293557,2637526,9290,3,225.03
18298988,243182,19231,2,315.06
18300553,7032179,14008,2,129.72
18302309,1397175,7890,4,264.55
18304418,2109636,244,4,462.52
18311394,5086136,9403,5,318.23
18315536,6105439,13028,1,461.85
18316626,7648692,9841,3,212.92
18317987,2109317,19841,2,217.32
18318527,5565853,13594,4,415.53
18321618,3802551,13790,5,171.79
18321963,5686945,3017,4,257.88
18323010,5981011,15570,4,350.46
18323733,5323853,8498,5,344.67
18325501,4258704,2183,5,218.31
18327013,5267106,19279,4,56.15
18327133,1485566,14752,1,325.14
18331560,7358260,12760,2,340.12
18335526,7866869,18796,1,456.09
18336558,1142435,9850,1,282.21
18337464,5307460,17274,2,61.67
18338374,6401313,7043,4,16.12
18339449,4285838,11775,3,366.38
18340120,952175,9102,5,258.95
18349313,2645873,15076,3,185.53
18351005,6921452,10663,1,72.4
18351699,4482334,14001,3,419.42
18355104,6547173,3698,2,28.79
18355938,3655447,11816,4,85.1
18356219,2868891,18479,3,494.63
18357536,3100860,18454,3,193.01
18359211,7845951,5400,3,132.67
18362988,1597085,6243,1,115.69
18365188,4560339,2538,5,384.0
18372021,79898,10443,4,81.42
18373826,4378563,7513,2,384.98
18373850,7076883,8371,1,63.87
18374309,460274,10563,5,125.34
18375306,7818521,3766,2,254.91
18375393,7292653,4346,5,65.1
18378367,1407794,591,1,398.99
18379668,379183,4657,3,145.08
18381073,4477350,15509,5,156.7
18381863,5788308,4831,5,421.19
18384636,6328860,13257,5,308.19
18385985,1103571,7006,4,279.97
18387098,2119567,6675,3,480.37
18388101,1743490,19183,3,221.31
18388422,6127359,2661,1,456.06
18388983,1662421,14996,4,103.44
18395234,7412433,14188,1,26.2
18395949,4340183,13177,3,274.75
18396570,4244571,5553,5,194.19
18397477,4471818,3090,4,432.5
18399361,4569433,32,4,463.94
18400245,4337073,13083,4,35.92
18401463,4478092,6467,1,174.77
18402000,2602888,1257,1,347.57
18402283,349824,18373,2,277.84
18403274,5015469,10969,1,155.61
18405885,1170188,7860,1,313.26
18406465,4930722,19617,2,339.39
18407082,7852758,11076,4,99.83
18409136,4575651,14124,4,125.14
18409167,4024842,11289,3,316.39
18409211,4781508,17224,1,305.59
18409263,64747,13832,2,156.49
18411905,1729270,6214,5,208.89
18412226,5698870,5378,2,71.23
18412781,2685647,6092,2,347.89
18414832,4184479,5084,4,134.7
18419380,3605595,7964,2,386.5
18421732,816925,3066,4,46.51
18423217,6937963,211,1,453.85
18423651,298537,13429,5,53.15
18424692,5662595,6585,3,119.43
18424829,7934353,18185,4,46.89
18424885,2932819,4368,3,342.05
18425442,3824414,18219,5,443.82
18425509,6171098,1559,2,492.53
18425634,2953682,4510,4,77.91
18425825,5273606,10872,4,39.08
18426186,3937443,14325,3,136.9
18428334,4182280,13385,4,359.33
18429438,3576428,11703,5,224.28
18431164,5915970,10673,3,50.66
18432089,3055273,12462,1,130.9
18438339,5446552,9060,3,95.36
18439976,7818896,19977,4,343.29
18440062,1046279,3204,5,326.07
18440718,4665583,18418,4,309.38
18441600,541784,4949,4,45.41
18442746,5580638,7231,2,344.74
18443436,2424274,4382,3,306.87
18445964,7398766,14100,2,116.59
18446381,6242177,16010,4,127.37
18446383,4399538,17884,4,6.21
18448367,2466301,5338,5,101.37
18448952,4933822,14465,4,92.66
18452446,2438951,3792,2,306.55
18452923,403675,16534,1,159.24
18454831,3208260,19992,5,158.08
18455299,5383316,12255,5,42.24
18455704,6155454,2353,4,495.43
18455904,3288051,18704,5,484.25
18457404,190677,8825,1,120.81
18457721,7029795,3808,1,251.48
18458868,6058466,3054,4,259.92
18459544,7665212,15079,1,374.23
18459804,3843180,5774,5,17.37
18460532,1414261,16633,5,126.8
18461980,920156,5232,1,111.04
18463353,2736960,15029,3,137.39
18464539,2760617,892,3,276.22
18464814,3570091,1042,1,468.48
18466859,6996462,18223,3,57.69
18468080,5664430,14047,1,169.93
18468208,7337003,5233,4,475.71
18469126,958290,10006,2,34.22
18469559,6247981,14646,4,75.76
18469593,492583,13865,3,108.0
18470171,4536379,4775,3,263.81
18470509,6096592,1380,3,414.4
18470824,7636990,12878,1,76.55
18472945,2649237,16630,4,443.62
18476652,7671340,7068,2,160.7
18477900,4172834,8927,5,65.75
18481281,7327264,11774,1,390.69
18484234,1241153,14212,1,442.59
18485164,6009610,7596,1,169.38
18485748,6052817,19704,5,301.42
18486496,1174451,16455,1,261.53
18487732,6674519,2530,5,63.62
18490363,6241575,1922,2,404.33
18493667,759228,15255,5,404.91
18495424,4653620,8260,4,489.29
18497187,2880786,4593,5,373.95
18497208,5441075,14274,2,38.66
18497282,3316502,197,5,125.98
18497544,7517711,2066,4,122.96
18501998,4365305,15656,4,400.24
18502639,6765219,1180,2,94.31
18503231,7287411,19067,3,88.8
18503856,2316658,9722,5,425.41
18512498,6862095,10638,1,105.91
18514804,4014310,1260,4,27.88
18517505,794555,4544,2,241.94
18517871,1275045,11558,2,340.39
18519441,77359,18877,1,367.96
18519785,3851551,10927,5,409.82
18520532,1420402,8709,2,486.66
18520993,6453566,11452,3,331.29
18522366,2220587,15602,2,136.15
18522825,173669,7480,3,371.85
18525069,1091088,12585,4,124.99
18527124,6389988,9185,4,47.5
18527586,263418,16132,4,435.58
18530642,1815390,17418,1,11.88
18530741,6098988,4250,3,399.27
18530834,5768836,12540,2,102.7
18531544,6516376,19498,2,499.89
18533291,429820,13103,5,389.99
18536431,34811,5084,4,134.7
18536532,1200027,8470,5,295.37
18536665,7873878,2290,2,71.81
18542839,6762712,12308,4,461.86
18543038,2608686,4424,5,411.12
18545929,1687136,12506,1,335.49
18548318,7049955,15269,4,143.15
18549074,3409128,4079,3,404.35
18557004,6826986,6338,2,34.12
18557776,4215408,1402,2,219.42
18559251,1410278,2299,3,186.49
18560178,953461,9607,3,366.87
18565991,3657845,19357,1,337.56
18568425,3917652,2229,2,430.43
18571415,7870339,15779,1,70.57
18572025,2381839,11300,3,63.59
18573311,1620314,12919,5,42.92
18573958,2833851,1700,2,484.3
18574300,5684001,1914,5,395.84
18578536,5943314,18895,1,344.44
18582070,1786921,2009,3,101.96
18582379,5374671,5486,2,271.19
18583390,1555096,14590,3,104.11
18586508,2931750,1098,5,487.09
18587540,1702692,16948,5,316.17
18590109,2041422,14334,2,307.16
18591682,416110,3607,1,342.79
18593210,6838279,14939,5,288.09
18594690,5071329,17973,5,179.82
18595326,6901165,18604,1,282.8
18597880,7419685,14188,4,26.2
18598239,3946230,18372,2,497.74
18602602,3305603,3726,4,169.86
18605227,2637526,11466,5,496.41
18605459,5642229,4402,4,330.04
18606768,6825965,19714,2,215.82
18608268,3036877,19266,1,226.85
18608425,5538967,5669,2,69.36
18608755,2841588,16153,5,155.48
18608802,3652513,18614,3,211.4
18610778,4350782,14562,1,225.46
18613153,6320192,9252,4,26.05
18613899,4923953,1779,4,322.26
18614469,4348008,16249,3,353.3
18614786,3313618,1619,5,309.92
18614921,6060552,12342,2,331.43
18615501,6723272,15439,3,327.48
18615761,2894859,18107,4,181.39
18615929,3197305,9882,2,324.15
18616670,3157823,8323,1,360.36
18617010,5796288,7315,1,252.5
18617187,3919535,4087,3,385.03
18619619,2086453,948,4,214.12
18621061,3100860,19542,2,359.32
18624009,6051187,18829,2,295.03
18625752,747293,5673,5,127.93
18626554,7281289,16204,4,474.13
18627978,7260625,10607,3,372.69
18628573,7778384,11599,3,487.47
18628638,7997439,18098,1,219.26
18629376,7500260,18549,4,356.02
18629816,7325462,4496,2,399.55
18630965,5685563,5494,4,446.98
18631049,4981115,7860,4,313.26
18631165,2885096,1969,4,368.73
18631565,7398766,15434,5,426.25
18633487,1442512,12562,5,367.83
18636638,352953,2233,4,182.14
18637338,460487,7217,1,280.06
18638078,3903274,16514,1,417.49
18638131,4833972,16364,1,135.13
18643216,6901812,3786,5,485.31
18643404,6642224,14512,5,291.4
18644160,1013285,14888,5,175.84
18646752,3384955,16421,3,397.63
18651431,7074540,19457,2,456.14
18654077,1822466,2060,4,255.51
18655071,6764768,19195,5,403.98
18656812,2160422,10277,3,496.26
18657315,2859212,1005,5,208.02
18659132,7145558,10289,5,279.78
18662954,5574938,13341,5,322.14
18666447,6627590,5064,1,115.82
18668226,1046747,6156,3,33.79
18669261,2708445,19044,3,241.43
18669534,3200423,11918,4,494.58
18671857,1409350,14833,3,6.14
18673902,3486441,11381,4,295.16
18674203,7383634,16396,2,467.26
18675638,7010700,6533,1,307.34
18675714,5287021,14389,5,49.94
18675814,3355382,19179,5,16.11
18676878,5062232,8728,2,289.48
18677400,3399739,1982,1,355.29
18677451,6719178,14165,3,333.65
18677456,5339694,17056,3,188.26
18677913,1099005,16805,3,210.28
18678112,3736614,11302,1,12.38
18679658,3911575,6075,2,79.37
18679753,2186482,3940,4,81.95
18682031,2524151,1584,5,318.68
18683275,90229,16487,3,362.49
18687694,1075643,5538,2,412.7
18690388,4045560,5202,5,7.01
18694594,79898,18603,5,485.09
18695603,5504068,9981,4,482.03
18696965,2566244,14598,4,88.48
18698483,3382070,7373,5,337.6
18698755,3893608,14507,5,276.58
18701755,5103480,5647,2,188.75
18705567,7824617,19363,2,474.1
18707165,3408199,10367,3,472.25
18707725,6845531,7813,5,422.19
18707748,3286255,12690,3,178.84
18707893,5319807,14497,2,377.28
18710088,4039466,12420,5,462.32
18712108,407111,3358,1,499.02
18713225,2389837,13439,5,388.82
18716106,4146827,10338,5,50.42
18716516,6170540,9521,2,59.19
18716673,1020099,3009,5,153.49
18723693,4718820,4739,4,88.53
18726170,6630757,11829,5,61.73
18727159,5787158,18245,1,453.63
18727565,3272476,13409,1,172.11
18727590,6257328,6723,1,399.19
18727955,5717449,8690,5,299.86
18729858,4713032,5017,2,473.77
18729860,7837931,19024,2,142.43
18730032,3715449,19969,1,352.83
18730972,7397606,11407,3,290.65
18731778,7154708,10967,1,270.89
18734813,2962186,10646,2,202.91
18736388,4626888,7888,2,282.6
18739355,1975594,2858,4,157.46
18742792,622483,10660,5,453.59
18743081,6598102,16300,5,327.18
18743960,3133966,6097,1,258.86
18744626,3104743,6692,3,196.21
18748672,6075779,11161,4,241.5
18754498,3827481,1617,2,489.32
18754545,2765178,872,3,412.46
18754581,2994033,12803,1,445.12
18754807,6407765,10532,1,5.67
18755275,4187699,18151,2,20.82
18760959,493857,2426,1,251.86
18760967,5394636,9388,5,124.09
18762819,2858465,14165,1,333.65
18768167,6502911,10742,4,342.44
18769776,3493352,12783,2,428.71
18770333,1456301,2972,4,65.96
18771505,3104086,19922,1,323.5
18773778,5661775,12037,3,86.3
18774102,454997,16296,2,254.28
18774443,5443754,2350,3,140.3
18779921,1609399,2850,3,224.29
18782645,5441075,12262,5,281.9
18785003,1117482,8238,5,50.88
18786823,268889,18437,4,112.26
18787604,6434994,17055,4,257.88
18788336,1684891,1189,4,213.45
18788759,5913349,18833,2,138.47
18788985,3190432,7499,5,392.46
18789143,2130915,15353,3,361.6
18792008,2575950,11791,4,387.56
18792721,4214129,4646,5,296.0
18795805,379154,6275,1,277.75
18795937,7020270,12982,3,36.41
18796047,1537089,213,2,493.64
18799220,1957421,1380,2,414.4
18800271,7904426,16756,1,363.26
18808356,5490059,9689,2,15.94
18810696,7707190,4161,2,311.52
18811071,1157612,5728,2,471.5
18811964,3209318,8603,3,23.78
18816679,7903042,7580,1,247.04
18820812,4116243,14596,4,25.02
18820935,7016478,2708,4,476.66
18825737,6461959,4086,4,208.53
18826074,4248194,5164,5,60.9
18826503,6670748,2771,4,424.93
18827669,7080529,10271,2,390.72
18832247,2280964,18894,5,274.53
18833374,6211722,14082,5,317.52
18834188,5668183,3911,2,131.81
18835068,6115747,16138,4,315.25
18837274,5539029,3212,2,279.79
18837610,5536137,1424,1,468.43
18838648,5887332,9191,5,271.08
18843597,1806950,10091,4,116.33
18847568,7972359,16774,1,266.05
18848230,7229176,12239,1,83.72
18850668,2949563,16420,3,135.96
18853890,1190467,13381,3,78.55
18855754,2149970,12799,5,238.21
18858789,7678363,9605,5,197.59
18859430,2460672,13752,4,231.82
18860180,3343581,13493,5,187.57
18862118,4607574,2587,1,48.16
18863674,7867331,18242,4,375.93
18864207,4887830,16726,1,139.55
18864298,2891194,704,1,22.6
18865103,401810,12238,4,259.52
18867361,4215652,10098,5,28.95
18867409,4151650,9498,1,181.53
18869171,7607613,5530,3,220.71
18869934,7905450,2449,5,21.83
18870992,732871,8216,3,19.25
18871513,2765178,5647,5,188.75
18871520,1090616,2383,2,49.13
18874686,287062,14473,3,420.52
18875382,6462978,13535,2,255.09
18880243,4550890,2717,1,449.04
18881752,7090072,15144,1,134.12
18884346,1177296,14816,5,22.47
18884722,7855442,16980,1,34.18
18885434,6032908,754,4,379.33
18886408,4710969,16381,1,70.18
18888666,400932,470,1,159.17
18889261,2443275,7119,2,145.99
18891476,7112846,3051,5,499.79
18892191,2800683,13527,3,383.98
18892475,1998485,19095,3,252.17
18894443,3974042,11661,5,16.83
18897606,3296067,16516,3,128.33
18898987,6524582,15478,5,103.0
18902856,64747,14656,3,31.41
18903040,5072725,3087,1,170.75
18903613,2695805,7168,3,89.8
18904887,6601304,10961,1,341.32
18904967,4253620,10468,5,320.73
18911597,2290585,13790,2,171.79
18911768,5674832,18914,3,361.62
18913389,6074270,15576,3,92.54
18914892,420276,18735,2,102.3
18917418,3996871,14821,2,316.29
18919284,5313451,250,5,205.87
18923216,2008399,13036,1,483.53
18924745,1962683,4164,3,165.11
18926122,5410643,9266,2,209.8
18930672,6697466,1312,3,391.35
18931802,939952,4892,1,442.67
18932650,4547316,18437,4,112.26
18934317,6642125,1359,4,28.41
18938053,2987527,13602,2,304.52
18943982,2876081,5921,3,148.93
18944440,770677,11793,5,272.94
18945572,1456301,4021,2,35.86
18946630,2153439,3631,5,13.95
18946977,3384344,8841,1,235.94
18947668,7216141,18211,1,130.79
18948432,4781508,8594,2,314.88
18949345,7813161,6399,5,56.63
18954023,7511949,413,4,473.71
18954564,355232,212,5,458.86
18956231,451102,14430,5,442.18
18957146,3990042,9231,2,270.96
18958363,6864749,5611,4,34.73
18958956,7972359,1466,5,11.32
18960548,7834936,5747,4,219.11
18962745,162966,8763,4,125.69
18963156,3014344,13327,4,180.82
18968837,1746718,16018,3,31.74
18970643,1306000,5514,1,498.71
18972064,7222803,4984,3,474.69
18973915,7375330,17763,4,363.24
18974722,1988752,509,1,49.49
18977306,5003997,8706,3,81.94
18977308,7587513,17814,5,480.76
18980387,155777,19882,3,347.62
18983084,7570342,16823,5,43.79
18984584,4069020,18499,2,339.19
18984723,7621207,14811,1,89.61
18987055,5948592,11327,2,95.9
18991968,7016478,19878,1,368.29
18993869,5375194,4069,4,498.71
18994654,4477350,1510,3,499.35
18996475,5917079,5163,2,273.89
18997058,38604,15673,4,11.46
18999117,1423922,14658,4,433.74
19001955,2132211,8322,5,444.42
19002703,4986408,5160,4,450.64
19003269,691536,7619,2,290.13
19004371,3254903,6203,3,354.61
19004992,2598285,19810,2,338.73
19006751,2866869,8167,1,249.29
19006828,36057,1005,5,208.02
19008431,6401633,4194,1,250.67
19008573,235223,6636,2,9.81
19010316,7198882,14427,3,209.26
19010893,1547653,11482,2,458.19
19010961,6422180,2420,4,103.69
19013266,4040262,5809,3,315.96
19013729,5659387,16232,1,419.21
19015554,6716421,19739,1,480.1
19016778,4061531,3100,4,276.89
19018260,2863946,14771,1,205.54
19018451,5546690,1100,3,253.84
19020398,962814,1304,1,211.34
19021603,1485841,19697,4,366.12
19022639,4496428,3228,4,73.23
19026923,5292411,17256,3,326.39
19029288,6364042,6453,4,392.54
19032455,7843870,2243,2,187.18
19033233,6370609,1130,1,47.19
19034374,5904392,41,5,254.19
19034903,4747254,636,4,419.08
19036491,7843870,15152,2,273.26
19036634,6341392,6640,3,345.94
19037033,5538967,12345,3,164.14
19037130,5107766,16278,4,347.07
19037993,7349544,8228,1,445.97
19038198,5310501,445,4,136.6
19039330,2927070,12860,2,10.62
19042167,7592209,16153,1,155.48
19044033,7629011,7572,4,126.49
19044237,4497868,8599,3,389.33
19044585,1695836,19824,4,469.29
19045335,6773046,13569,5,499.34
19045621,6962617,3862,3,63.35
19046182,225839,1981,4,14.28
19048118,2167194,6119,4,225.47
19050618,7527855,18290,5,287.56
19050786,7481405,9183,3,450.74
19053280,3859988,10252,1,92.79
19056333,3733923,18615,2,143.21
19057630,7636990,11042,5,337.2
19057639,4514300,17934,3,355.87
19060649,690052,19935,4,264.16
19061080,3020149,3452,4,34.07
19061318,6951274,12820,5,290.44
19062877,3177165,4063,2,218.73
19063947,3551757,5024,5,146.8
19064049,2704567,18027,1,318.3
19068503,3356960,4503,1,64.42
19069956,4681232,10648,1,492.63
19076620,2906925,8424,4,411.66
19080062,568165,11383,4,337.03
19090215,6225209,15499,3,446.34
19091556,5680488,19497,2,457.89
19091596,1010686,18958,5,125.09
19093328,6399834,10163,2,160.02
19094006,2469328,18747,4,474.28
19096007,892010,12107,2,350.47
19096848,129205,759,1,294.8
19101130,3936272,13549,1,371.83
19102953,2046130,5036,2,477.39
19103730,7302033,4490,2,5.43
19105194,1759580,15657,1,364.42
19105325,3916649,6693,2,101.62
19106826,6047857,12591,4,300.96
19107232,3611796,17220,5,146.45
19109455,3196781,10653,4,257.12
19109964,1190242,15427,4,251.43
19111727,5788308,11333,4,109.32
19111957,783130,8384,5,471.58
19112584,4921241,1860,5,163.06
19114823,2960606,8904,2,406.44
19114889,7920886,3221,1,138.7
19115825,4885399,11772,1,167.25
19118059,1391944,9381,4,447.48
19118807,5528993,8293,2,93.68
19118962,5107531,7547,2,141.36
19119170,7137381,1984,4,350.19
19119424,6872689,11712,4,419.66
19119472,309231,10263,4,84.55
19119999,6780315,18486,3,440.59
19121910,7517711,19882,1,347.62
19123219,383592,1658,5,354.32
19124563,2386925,10220,1,144.2
19127484,3322764,6867,3,487.34
19130281,2653499,2359,5,144.66
19130531,7583112,2132,2,418.25
19133721,827085,18673,5,254.42
19138007,333341,9682,1,13.31
19138074,3593009,9706,2,211.14
19138990,1152653,12442,4,213.41
19139304,7846082,15222,4,331.52
19145390,1702013,8328,5,344.5
19146259,2704339,13087,5,18.36
19146690,2281522,18612,4,89.93
19150030,1926693,1,5,278.27
19151469,6901812,12330,5,172.25
19152494,1277760,5201,4,90.19
19153335,3608243,19182,5,79.28
19155177,6603753,12250,5,483.38
19158190,6921452,10912,5,57.49
19162096,2320165,11432,1,119.03
19164605,7241972,3376,2,265.76
19165342,1737566,4948,5,475.83
19169329,5520579,12173,4,56.1
19169786,6642125,10680,2,54.65
19169850,6716421,5704,2,409.57
19170237,6999726,11037,3,424.69
19171599,1023805,6358,4,324.72
19172645,2903320,3104,1,51.19
19172937,7377157,16104,5,282.7
19174995,6015501,11119,2,137.3
19177025,1829645,8266,4,88.04
19180414,4609559,645,2,470.83
19181085,475653,11359,4,187.65
19182639,2883127,12446,3,384.68
19184269,7855442,17072,2,294.75
19186054,6127359,16287,2,278.71
19189894,2064121,4549,3,409.19
19192153,3548524,707,5,232.0
19192423,5875137,12757,5,16.06
19193632,2949753,13267,4,129.99
19198924,1405352,9780,2,246.54
19200260,5216461,11189,1,367.93
19200430,1503408,1249,1,414.34
19204450,2268341,2301,4,490.63
19206494,2729237,14587,5,98.28
19207255,7462921,9251,5,63.98
19208550,2575950,4959,4,211.72
19210670,2868690,17810,4,391.21
19211753,1689022,12918,3,90.68
19212290,107346,11057,1,15.81
19213631,5805300,6188,1,253.18
19214712,3841587,3545,2,425.67
19215405,295308,3047,2,100.99
19216803,49469,8430,4,357.87
19217782,7172940,4884,3,409.13
19219002,2436701,9939,5,68.55
19219853,6507710,19805,5,296.18
19219923,7021852,9905,2,127.94
19220922,4887830,2800,3,383.36
19221116,6842448,395,2,302.21
19228497,7818521,6984,5,53.76
19229605,2927070,11811,1,392.2
19232415,5168532,17513,1,38.02
19234678,2305458,11543,5,403.01
19235218,504718,11444,2,314.97
19236785,2384164,4733,5,295.53
19237689,6959923,2083,1,182.58
19238656,501448,18335,2,82.21
19239999,444769,17917,3,389.0
19240980,110885,7592,1,105.31
19242592,2994750,9937,2,18.32
19244086,2654315,14436,2,241.94
19249212,7130975,9818,5,469.61
19249324,3196781,13011,3,235.02
19249497,827085,18653,1,458.39
19252977,7614717,4462,5,461.23
19253095,4009710,16375,5,45.6
19254682,6127581,12212,5,468.56
19258340,1748774,15123,2,432.12
19259520,1119455,12171,4,106.94
19260923,7327264,6665,2,393.75
19262172,539820,1151,3,432.13
19262707,1719463,37,4,119.22
19262922,541784,1852,5,154.9
19263727,3190432,17385,2,60.58
19265003,1399917,14745,5,51.5
19265380,6887701,17326,5,165.86
19266629,6032908,10505,4,392.8
19266995,2742422,14549,1,172.55
19267331,5937788,16075,5,453.08
19268780,2324831,3111,2,477.75
19269747,5601453,14118,1,10.76
19269779,6426585,15073,3,338.93
19272040,847935,16906,2,410.53
19274367,2856920,1421,5,31.34
19275033,6894491,16280,5,219.71
19275101,484002,2233,1,182.14
19275142,3271331,19475,1,421.42
19276169,1399917,3889,2,80.37
19277999,2038246,18733,2,303.23
19279445,5685563,1580,2,310.22
19280060,2324831,7585,3,253.6
19280725,472864,10181,5,421.78
19281704,445721,8095,4,27.2
19282782,2049917,8187,1,263.58
19284955,2910226,10415,1,5.62
19285842,2435377,18929,3,384.29
19288203,7042318,19570,2,17.62
19288281,7428958,11725,5,318.82
19289519,3804714,3521,3,434.26
19289830,7908269,17816,4,91.25
19290094,7748419,13631,5,303.06
19290490,4366180,16504,1,417.01
19290516,4671360,19400,5,166.33
19290797,6855485,10511,5,122.06
19295259,406603,12025,3,57.47
19295621,7302680,6418,1,241.7
19296893,6896188,5166,3,253.96
19298183,2676008,10084,3,303.08
19300096,4923240,9336,4,204.58
19301599,7226274,3928,5,130.06
19306836,6886592,5296,1,422.4
19309541,7281289,10667,4,25.74
19309710,6116264,14382,4,33.25
19310499,5287021,6753,3,195.28
19311564,1610155,120,2,192.94
19313101,638679,13268,5,343.39
19313872,5698870,17777,2,486.68
19314501,7199209,4366,5,183.23
19318007,7104622,14816,1,22.47
19318434,2476025,11734,4,52.65
19322322,1670682,13141,5,460.42
19325021,7180624,1078,2,421.06
19325374,568896,8559,4,413.41
19326043,56390,10215,2,357.75
19329135,1259847,10885,1,177.19
19330846,5908289,11306,3,170.48
19332495,1009424,5369,2,432.11
19332512,2257321,1625,5,73.31
19333447,696191,16246,5,208.32
19333622,6689342,10328,3,30.69
19333873,6204024,10375,2,50.77
19341137,265858,18871,5,280.53
19341546,1526981,4577,4,372.49
19346537,5436937,19795,2,311.83
19346638,6417916,18444,5,275.78
19347460,304770,8981,1,45.66
19348525,5975124,15153,1,416.81
19349098,7921947,4378,5,61.63
19351387,951917,9156,5,15.36
19357907,939952,6631,2,498.4
19360210,7836076,2916,2,298.99
19363096,2130640,1630,4,451.13
19363219,5394636,1192,3,411.2
19365099,3277698,3739,4,436.31
19370490,1705016,12254,4,487.71
19370817,4726997,18940,5,137.25
19373333,6976884,11129,2,415.2
19373702,6955056,19917,3,82.23
19377215,243182,7089,2,297.22
19378858,3356960,12013,5,174.6
19380729,2263565,15388,2,35.53
19381740,7985985,18540,2,53.87
19381884,1223310,2569,5,185.98
19382547,2147664,14432,3,130.34
19384232,5458618,12772,5,399.26
19387373,4733306,10300,1,401.17
19388820,7145558,9440,1,442.53
19389287,2885096,17997,2,474.57
19391074,162966,1482,1,250.22
19392133,6268339,14409,3,309.46
19393274,7904201,6038,3,417.57
19393774,4185651,439,2,94.33
19397320,4500166,9452,5,308.27
19399206,2130121,17604,2,266.88
19399542,7490358,16491,2,429.17
19401377,2702111,13799,1,214.18
19401741,2169806,8246,3,422.52
19403279,6220785,18084,4,423.79
19403728,1170188,9952,3,47.1
19406323,4187606,12339,2,314.37
19407700,5188760,7917,2,252.39
19408873,4442942,3832,4,97.05
19409280,405514,7241,5,389.56
19409629,2631904,1481,5,52.74
19412678,3775861,4029,3,206.13
19413740,1829645,9243,3,262.45
19414618,6764768,3049,5,257.14
19415137,451102,6741,5,416.95
19419833,1342368,14049,2,47.47
19420873,3395811,4021,4,35.86
19424315,4652038,12138,4,148.88
19426689,4138989,12304,2,68.05
19427842,6389988,18183,2,158.56
19428549,4780713,4083,1,455.73
19430119,2654315,6104,1,153.36
19435552,3835461,9083,1,282.06
19438213,3867936,9245,3,380.82
19438899,6002353,4313,2,256.42
19439685,2160422,6343,1,55.68
19440972,7468769,18068,2,148.15
19442678,1807725,2248,5,471.0
19442714,5249966,12457,2,275.67
19443344,3190707,6665,2,393.75
19443724,6563211,19046,2,83.01
19446713,2372264,104,5,430.59
19448171,3078990,18601,2,209.46
19448299,5749748,3137,3,356.37
19449372,2031703,1068,4,87.47
19450251,2469758,4754,2,248.94
19450336,6747511,19522,2,482.12
19450557,5100572,5693,3,142.23
19451081,2104262,8877,1,39.04
19452490,500550,6598,5,102.81
19452626,2411875,19184,5,240.72
19457094,2634167,12256,4,345.17
19459226,645425,5693,5,142.23
19461487,5803306,10324,2,50.31
19465320,2783649,1066,4,222.6
19465480,3190707,17027,2,130.45
19466172,2631895,4904,4,336.63
19466250,7163400,7565,3,115.77
19468039,476174,14274,3,38.66
19468304,5939953,18794,3,196.43
19469640,5220015,2946,3,167.64
19471588,4535765,4046,3,44.14
19472500,5313337,5596,4,34.45
19474211,6398372,400,2,311.63
19474654,7870339,16846,1,92.78
19474802,5209891,18357,2,437.47
19477211,6866103,16380,2,441.0
19478713,7707524,15565,4,213.24
19485261,2090103,1128,1,271.95
19488470,6493780,3122,2,445.32
19491889,3530843,1755,2,401.67
19501685,6116264,6249,4,458.47
19503663,6694310,19266,5,226.85
19504017,7108452,1519,2,100.95
19504726,7867331,9946,3,64.95
19506447,3141810,14175,4,47.84
19509398,2760617,10054,3,88.65
19510950,7347326,18058,3,351.53
19516234,1372119,19841,2,217.32
19517664,248670,10218,1,484.93
19519087,1170188,1973,5,83.83
19519175,2426437,2219,1,112.05
19521683,164273,6893,5,497.61
19526007,2305530,15743,2,194.81
19528766,3908284,8329,5,43.06
19529529,6349946,4008,5,39.08
19529846,6838279,5339,2,145.42
19530046,5081241,4123,1,221.36
19531073,7267450,10099,1,149.63
19532663,1326127,19128,3,105.78
19534994,2337730,3560,5,142.22
19535837,6930234,1417,4,127.96
19537831,5703884,14308,3,305.56
19538167,6482818,12633,5,185.92
19540608,1016919,19783,1,307.53
19543031,7796198,15933,5,125.37
19543620,267703,4550,2,11.73
19549345,4663561,1569,5,99.65
19552139,305735,6324,1,133.64
19554259,7946298,9152,3,134.64
19554792,2885096,17380,2,294.94
19557715,3795092,17749,2,386.48
19557883,545244,11978,4,219.28
19558238,4024101,10573,5,191.73
19561950,4747254,10893,2,256.82
19563564,5937788,9039,4,301.34
19564126,6780315,5109,1,380.66
19564161,3064790,17652,3,53.64
19564823,2763709,3236,5,467.29
19566036,1572156,2344,4,28.68
19566316,2704846,10303,1,128.97
19567759,3513034,2709,1,398.31
19568870,304994,8544,1,146.21
19573234,6733971,17315,3,468.57
19574690,3987245,10770,4,118.69
19580302,3311935,5691,4,222.94
19580868,1304428,9056,5,154.94
19581416,5538902,6500,3,321.46
19581938,6047536,9596,4,338.56
19583264,3407323,2941,4,407.36
19585176,87824,6818,4,484.08
19585788,4765802,19370,3,464.59
19586013,6932158,4499,5,198.7
19586379,6048310,12055,5,353.76
19587876,4642490,10011,2,438.01
19588979,1184133,91,5,326.43
19589062,5975124,2960,3,422.07
19593205,4482563,19738,2,209.37
19595818,7648692,19384,3,110.66
19600605,3211335,16171,4,411.26
19600688,7718513,5944,4,388.51
19601987,6697466,17431,5,248.79
19603428,5636399,19482,2,117.99
19603863,4165250,14384,3,128.87
19604933,1598600,10118,4,92.98
19605248,1746718,3995,5,203.35
19605783,4934847,13430,5,374.7
19606751,801098,4201,3,153.89
19608081,3974042,15715,1,447.47
19608539,149946,9770,5,446.7
19609815,252901,18706,1,305.99
19612890,365125,17119,3,454.45
19616720,5826951,5760,1,281.32
19621089,4333960,18927,1,271.87
19622775,7112846,7351,3,182.18
19623080,3688639,5679,2,236.44
19623701,392618,5413,3,38.98
19625099,7919344,15730,3,278.89
19625380,2608686,16324,1,415.7
19626249,6135256,19794,1,398.85
19629378,7511949,6565,1,104.16
19629753,1646831,7608,2,207.83
19632798,3485098,18507,5,306.25
19638427,3104743,6236,1,54.99
19639219,3077052,1391,5,111.92
19639374,1968885,11595,5,489.04
19640022,7178592,3576,5,441.42
19640985,1066162,11290,4,198.57
19646087,1152653,6733,5,288.47
19646433,2831888,9318,5,483.11
19648983,3779117,8805,3,227.76
19649930,6847080,4337,4,323.16
19651285,6694310,17695,4,376.32
19654451,5055247,14759,5,119.77
19656369,6748763,15544,4,424.37
19657392,2544053,3530,5,80.89
19658018,5220192,9984,5,154.61
19659479,460388,8179,4,203.88
19659771,2529892,13019,1,389.96
19662456,2708445,11093,2,339.6
19663465,2438951,13031,4,387.64
19664576,4110597,923,3,250.65
19664676,2891194,8956,5,9.04
19664851,4878250,3915,4,116.15
19667024,2774263,3271,2,188.4
19667353,4244571,13741,5,344.71
19671099,3911575,13561,2,231.11
19671427,1275045,1998,2,460.62
19672454,1389106,12131,4,474.86
19672503,1330640,2248,5,471.0
19674944,3934638,11025,4,458.96
19675933,359468,17859,2,168.55
19677307,1468289,14563,3,448.36
19678577,7460716,15168,4,355.32
19679480,1207475,3781,5,355.79
19680132,4215408,10237,1,499.33
19682862,6190250,1713,3,150.88
19682966,4146999,5655,4,304.35
19684091,1447172,12791,1,126.68
19685372,3322764,19759,4,284.02
19688118,719644,855,5,333.72
19689528,6503775,9850,4,282.21
19690753,3542705,2793,5,341.93
19690792,3099630,9022,5,22.16
19691598,2038246,11203,2,216.34
19692058,4101776,9892,4,467.13
19692570,348885,12063,1,205.78
19695016,6242177,6415,3,225.01
19697492,2036961,6970,1,14.96
19698438,4280788,19451,5,136.14
19704752,3499933,15223,5,184.56
19704962,4285838,13742,3,111.63
19706619,2186482,6179,3,371.77
19706673,6861128,19931,3,263.21
19707019,4970273,9533,5,242.89
19708511,1579163,16047,2,183.98
19708798,7049955,13681,3,301.49
19708873,1926693,16956,2,338.73
19709306,2777106,15826,5,22.06
19714007,6233746,16013,3,66.43
19714438,2228182,5942,1,360.42
19716200,1893704,13165,2,123.54
19716614,4777984,7545,5,67.21
19718027,7909298,1,1,278.27
19720976,2296742,15043,4,81.37
19721442,216406,12063,3,205.78
19721828,358725,15054,5,469.86
19723467,5506223,5092,4,100.67
19726627,524784,225,2,479.77
19727349,7856910,11932,1,415.45
19728077,1625257,19408,3,34.89
19728282,6148082,7521,3,384.62
19729184,2444275,7536,5,327.54
19729510,3566913,3771,3,199.2
19734482,6356120,4174,4,359.59
19734748,4243094,12558,2,64.4
19735555,6402804,10322,5,109.37
19736297,6275123,1328,5,309.65
19742522,7451277,8364,1,328.99
19745894,7076883,15414,3,351.41
19749016,2627034,10281,2,299.02
19749887,1127392,5220,2,136.85
19750946,1380384,3726,5,169.86
19752235,7342440,17541,4,420.34
19752807,4799314,10035,2,427.91
19755015,2814946,16783,1,219.45
19755521,5485868,19719,4,270.74
19757941,2365428,19664,1,361.69
19759029,7908725,16949,2,428.27
19761281,5093528,1938,5,485.16
19761450,4043930,582,4,12.57
19767068,4306369,19002,2,332.56
19767483,4499030,5202,2,7.01
19768756,182877,17829,3,124.27
19769474,1023562,5337,1,330.79
19772716,7210952,9686,5,299.37
19775741,5717449,5128,1,278.88
19776318,2995856,14897,5,171.01
19782289,2983475,6432,4,481.94
19783285,1251727,18841,4,19.85
19783763,2226450,18864,2,117.0
19785029,2973561,16487,5,362.49
19786484,7058201,19883,4,149.84
19787162,6901812,13638,3,365.79
19788524,3494456,11485,2,206.16
19788873,5641091,15010,5,489.28
19789701,3538693,1820,5,116.97
19798910,4386483,16204,2,474.13
19800882,7742356,17789,5,489.52
19803106,6188055,8682,4,368.92
19803628,7562738,18634,3,363.26
19805304,1778795,16469,4,129.23
19811965,3314979,4070,1,208.63
19814205,2182182,3443,5,150.14
19815754,83596,4256,1,317.52
19816295,6627590,18435,1,196.38
19817393,2255042,4242,2,121.91
19818888,6469727,19111,3,10.33
19819871,3410179,10094,2,445.81
19820611,5226253,1983,5,434.56
19823307,4149758,7251,1,335.99
19826876,3532075,13210,5,57.99
19828133,7602763,1521,2,391.49
19829211,6381254,18671,5,423.91
19829334,4587213,4495,5,470.04
19829580,597955,11837,4,255.82
19833040,6411311,13376,5,129.9
19833165,5546690,13249,1,34.91
19837047,360998,2077,4,129.53
19837343,4350782,4923,1,344.71
19838700,6601304,16760,2,380.88
19839826,5961513,7355,5,227.54
19841745,3441388,17735,3,434.83
19847223,4729719,4971,4,60.51
19847228,7520166,19797,1,194.86
19847508,4839583,1934,3,45.5
19847671,4715370,154,2,281.1
19848630,6388564,8564,4,333.03
19849134,3547076,5424,4,168.05
19849161,2197363,11050,2,54.02
19852517,1163780,17108,5,273.3
19852983,6148082,7673,5,63.4
19853248,3593270,1464,3,60.54
19858218,3865323,9098,1,342.16
19859612,4784725,18408,2,92.4
19863160,4687591,14677,4,258.72
19863722,2294221,5016,3,400.58
19866614,6709720,7845,5,156.58
19871807,4454752,17806,4,443.86
19872627,1887106,18781,4,380.57
19873492,3394297,8585,4,367.67
19874799,7293352,5832,3,467.29
19875276,3935767,7073,1,19.97
19876448,181580,1584,2,318.68
19876475,2417971,11840,3,404.97
19883811,1975594,6038,2,417.57
19883827,2028996,7842,1,213.67
19884989,1797538,14376,2,457.15
19886387,7441069,884,1,142.67
19888608,4220545,4827,3,129.99
19889134,6194526,29,3,192.6
19889444,5148750,19774,3,99.47
19893010,6684314,2320,3,180.25
19894776,4663561,7372,1,36.03
19897389,7919751,8830,1,475.19
19900354,4546064,16166,3,159.73
19902301,6239296,11217,3,164.79
19902601,3802255,6845,2,153.72
19902992,6049608,8047,3,419.54
19903020,4378563,9307,1,395.46
19903704,7919344,17671,1,225.37
19905802,6392242,17204,3,151.35
19905928,6072446,2720,5,87.63
19906854,7152558,19177,3,234.78
19907148,258612,1165,3,420.58
19907478,6503371,12635,1,134.11
19907998,5307460,2500,3,336.29
19910277,1200027,15211,2,17.23
19911480,3200863,702,4,449.86
19911737,2370963,4835,4,294.03
19912699,6456150,5490,3,296.7
19912971,2739414,3150,3,138.87
19913662,1242923,16719,1,228.99
19914684,7570342,10060,5,308.98
19915844,7292653,7122,2,132.65
19916561,5775442,1062,1,221.14
19916685,2631904,3042,3,182.5
19917943,2454494,5876,1,297.26
19918244,2674596,15937,3,218.27
19920183,7907099,3146,5,221.11
19923045,4202094,2578,5,324.28
19926713,2432902,5263,2,317.27
19927344,3847717,318,1,410.45
19927447,6390541,15174,4,270.74
19929390,3606803,9909,4,460.65
19931815,6606793,4323,2,68.84
19934150,3538693,11829,3,61.73
19934689,1275045,1903,4,24.22
19934946,2910226,6109,4,182.95
19935139,1600702,5860,2,52.25
19935610,3559486,4320,2,450.21
19936354,1575705,14496,1,58.29
19937562,5948592,9681,4,120.7
19939142,45371,13483,2,458.27
19941132,1079641,12120,4,389.02
19941906,138639,321,5,97.32
19943179,7267775,9632,1,22.82
19943661,785329,1727,2,139.04
19943864,1103571,4248,3,358.18
19944064,6555694,2006,4,326.68
19944886,1061783,26,3,351.39
19945183,7845951,2276,4,240.23
19945873,4659681,4060,1,134.59
19946412,6449010,11272,3,196.67
19948079,1846168,3542,1,327.71
19949091,665274,16324,4,415.7
19949100,1190242,1146,2,151.64
19951120,3301000,11914,4,163.28
19953293,3847717,19081,4,18.1
19955202,1233148,9610,5,270.35
19955617,3314896,3688,5,71.53
19959805,4495359,17550,4,17.47
19965732,7662261,16476,1,73.19
19968843,4864194,12117,4,223.59
19968963,6842448,14004,4,279.43
19969970,7302680,11078,4,460.01
19971321,672466,10248,1,154.21
19976388,4406190,9223,3,297.36
19977130,79898,8682,1,368.92
19977567,7355861,13903,3,363.02
19978085,2543751,19523,4,145.56
19979583,163500,11561,3,169.53
19986084,3810093,3183,4,363.41
19989370,283833,11129,1,415.2
19991069,953461,16813,4,371.84
19991978,1656487,19484,4,376.88
19992364,2728128,1713,5,150.88
19992371,287062,17817,1,171.79
19996017,7887959,10873,5,36.51
19996804,852011,10701,3,343.66
19997579,6354585,12653,2,111.24
19998585,3544689,14832,3,159.82
19999130,4187606,9456,4,387.24
19999409,545244,12724,2,194.42
