customer_id,name,email,gender,signup_date,country
1171,Jessica Gibson,keith07@example.net,Other,2021-05-25,Pitcairn Islands
1488,Mrs. Sarah Keller,abbottchristopher@example.net,Female,2022-04-07,Malta
1680,Jessica Briggs,robertgood@example.com,Other,2025-05-08,British Indian Ocean Territory (Chagos Archipelago)
2256,Kyle Brennan,lesliecoleman@example.org,Female,2021-08-01,Timor-Leste
3123,Adam Nelson,munozrenee@example.com,Female,2021-06-27,North Macedonia
3960,Adam Gray,kalexander@example.org,Female,2021-12-13,Uganda
4199,Kenneth Rivas,henrybailey@example.net,Female,2024-04-27,Jamaica
5410,Brian Boyer,qedwards@example.com,Female,2023-11-03,Brunei Darussalam
6898,Erica Doyle,david41@example.com,Female,2021-11-26,Vanuatu
6914,Rachel Black,carnold@example.org,Other,2024-02-18,Israel
7130,Brenda Davis,palmerthomas@example.net,Other,2023-08-03,Madagascar
9190,Renee Jennings,margaretturner@example.net,Female,2022-07-08,Philippines
9443,Christopher Schultz,vlewis@example.org,Female,2024-08-23,Switzerland
9871,Kenneth Adams,griffinalexander@example.org,Female,2021-02-17,Mayotte
10031,Jason King,alex01@example.com,Female,2022-01-21,Chile
10281,Natalie Jensen,qnorton@example.org,Other,2023-03-14,Switzerland
10458,Lynn Conley,shawn40@example.net,Other,2021-11-11,Bolivia
10815,Arthur Golden,frederick73@example.org,Male,2021-08-31,Kazakhstan
10937,Christopher Johnson,jerry94@example.net,Male,2021-07-03,Luxembourg
10964,Michael Santos,jward@example.net,Male,2023-02-22,Malta
11109,Daniel Larsen,kmejia@example.com,Other,2024-09-13,Nigeria
11172,Jessica Gomez,andrewwilson@example.net,Other,2022-09-30,Dominican Republic
11321,Janet Steele,joel49@example.com,Female,2023-09-04,Liberia
11407,Edward Rosario,davidneal@example.org,Male,2024-05-01,Cape Verde
11551,James Frey,gregory52@example.net,Male,2023-08-25,Jamaica
12207,Joshua Franklin,tschmidt@example.org,Other,2023-08-27,Cameroon
12228,Richard Aguilar,wmcdaniel@example.com,Male,2023-05-05,Australia
12488,Theresa Hansen,iholt@example.net,Female,2023-07-25,Heard Island and McDonald Islands
13256,Cody Edwards,fwhite@example.org,Male,2023-04-18,Serbia
13283,Justin Webb,megan20@example.org,Other,2022-07-03,Montenegro
13699,Christie Santos,awall@example.org,Male,2022-11-01,Moldova
14126,Chelsea Peterson,vhoward@example.com,Other,2025-04-12,Lao People's Democratic Republic
14535,Rebekah Martinez,jeanwarner@example.com,Male,2022-04-27,Cyprus
14662,Laura Wade,megan55@example.net,Female,2025-01-24,Mauritania
15073,Jonathan Johnson,curtisharris@example.org,Other,2022-07-14,Nauru
16349,Jillian Byrd,tjames@example.org,Male,2024-08-31,United Kingdom
16578,Robert Jones,reynoldscassandra@example.net,Female,2022-09-01,Papua New Guinea
17329,Sally Mccall MD,teresabean@example.org,Other,2024-10-10,Norfolk Island
17993,Gregory Hicks,roblesbriana@example.net,Female,2021-05-24,Hong Kong
18083,Peter Lynch,shanesmith@example.net,Female,2025-08-14,Bhutan
18399,Andrew Lloyd,lgarcia@example.net,Male,2025-04-26,Libyan Arab Jamahiriya
18718,Jonathon Mclaughlin,richard13@example.org,Male,2020-10-11,Bouvet Island (Bouvetoya)
18764,Mark Drake,lmartinez@example.com,Male,2020-10-31,Czech Republic
19075,Rebecca Adams,carol05@example.net,Other,2022-08-01,British Virgin Islands
19513,Amy Stout,yevans@example.net,Female,2022-06-28,Swaziland
19824,Eric Roman,xvelez@example.net,Male,2023-06-04,Poland
19966,Corey Shannon,pgoodwin@example.org,Female,2020-09-09,Mauritius
20166,Tiffany Williams,michaelmia@example.net,Other,2021-04-08,Saint Martin
20494,Felicia Hancock,christophermurillo@example.org,Other,2022-11-04,Singapore
20512,David Sanders,xspencer@example.org,Female,2022-08-17,Rwanda
20824,Heather Maddox,gmiller@example.net,Male,2025-03-21,Martinique
20873,Jessica Bryant,mariapatton@example.org,Other,2021-08-13,Belize
21115,Alfred Hines,milesallison@example.org,Female,2023-08-09,Tanzania
21899,Dustin Daniels,davidaguilar@example.net,Male,2025-02-24,Malta
22167,Margaret Lamb,todd40@example.org,Other,2020-11-23,Iceland
24313,Christopher Allen,harperdiane@example.org,Female,2024-01-02,Colombia
25067,Miss Angel Bridges,maria92@example.com,Female,2023-09-16,Anguilla
25201,Michael Ingram DDS,jennifer86@example.org,Other,2024-02-22,Moldova
25217,Anna Prince,leahmurphy@example.net,Female,2022-07-14,Bermuda
25636,Holly Cooper,russellcassie@example.com,Other,2020-12-20,Canada
25931,Andrew Martinez,russelldanielle@example.org,Male,2022-03-02,Japan
26356,Jocelyn Pearson,richard42@example.com,Female,2024-10-17,San Marino
26490,Christopher Bean DDS,marshalljennifer@example.org,Female,2021-12-26,Uzbekistan
26720,Jerome Simpson,allison03@example.com,Male,2024-12-03,San Marino
26750,Sarah Taylor,moralesstephen@example.net,Male,2023-08-28,Bermuda
26790,Jordan Morrow,fcohen@example.com,Male,2020-09-18,Andorra
26890,Leslie Carney,johnsonvalerie@example.net,Male,2022-09-08,Oman
27410,Jaime Perez,audreygonzalez@example.org,Male,2023-06-25,Portugal
27827,Ricky Burgess,elizabethgrimes@example.net,Female,2022-06-29,Taiwan
28641,Jose Ryan,johnsondaniel@example.com,Other,2022-07-31,Jamaica
28823,Shannon Huffman,nealtimothy@example.net,Other,2024-08-08,Saint Lucia
29382,Robert Jones,hillmelvin@example.net,Male,2023-05-18,Benin
29633,Laura Ballard,vrobles@example.org,Male,2023-10-14,Bolivia
29888,Ms. Shelby Ford,justin77@example.com,Male,2022-10-15,Lithuania
30464,Julian Schmitt,glenn34@example.org,Other,2022-08-11,Northern Mariana Islands
32476,Richard Reynolds,olsonalan@example.com,Female,2022-05-14,Tajikistan
33348,Jeffery Lynch,hallnicole@example.org,Female,2024-11-23,Panama
33903,Brian Fuller,amandaprice@example.org,Female,2025-03-11,Peru
34683,Renee Braun,david65@example.org,Other,2025-08-18,Australia
34734,Matthew Jones,mooneytanya@example.org,Female,2022-10-27,Ukraine
34735,Sandra Flowers,robertclark@example.net,Other,2023-07-02,Heard Island and McDonald Islands
35038,Christina Lowery,jessica23@example.org,Female,2024-09-30,Svalbard & Jan Mayen Islands
35043,Michael Berg,ericfields@example.com,Other,2023-09-19,Montserrat
35116,Rebecca Peterson,sarah79@example.org,Male,2025-01-11,Cuba
36481,Anthony Stafford,pamelaroberts@example.org,Other,2022-06-13,Papua New Guinea
36662,Gina Jackson,traviscervantes@example.net,Other,2025-05-07,Haiti
37006,Robert Jefferson,smithlogan@example.com,Other,2021-12-12,Japan
37366,Glenn Reese,szimmerman@example.com,Male,2022-01-05,Vietnam
37400,Michelle Floyd,karen80@example.net,Female,2021-03-21,Nigeria
37471,Andrea Johnson,alexisparks@example.com,Other,2024-12-04,Portugal
37506,Joseph Cole,victorscott@example.org,Male,2024-01-15,Afghanistan
38267,Mary Camacho,emilyjones@example.net,Other,2024-01-01,Puerto Rico
38317,Felicia Parker,lambertjoseph@example.com,Female,2025-02-04,Maldives
38386,Nicole Flores,gregg40@example.org,Female,2021-02-02,Ethiopia
38971,John Mann Jr.,susangoodwin@example.org,Female,2021-10-29,Morocco
39353,Dustin Bennett,nward@example.org,Other,2021-10-14,El Salvador
39383,Beth Yoder,petersonadam@example.org,Other,2022-08-01,New Zealand
39429,Valerie Porter,heather49@example.org,Male,2022-01-03,Luxembourg
40268,Jay Sanchez,lisasingleton@example.org,Male,2023-05-15,Brazil
41983,Paul Logan,owensmichelle@example.net,Other,2022-12-07,Mayotte
42003,Taylor Perez,richardsontodd@example.net,Male,2021-04-15,Solomon Islands
42097,Carol Vance,wrice@example.com,Other,2021-05-23,Solomon Islands
42231,Richard Henderson,hannahhayes@example.com,Other,2023-10-12,Uruguay
42434,Dr. Julie Jimenez,hatfieldtracy@example.com,Other,2024-02-10,Philippines
42892,Rebecca Brooks,michelewest@example.net,Female,2024-06-04,Guadeloupe
43761,Mr. Joseph Edwards PhD,williamskatherine@example.org,Female,2021-06-13,Costa Rica
44417,Brandon Mcclain,lwebb@example.net,Other,2025-01-21,Nigeria
44510,Kathleen Miller,johnsonbriana@example.net,Male,2023-06-01,Luxembourg
45041,Daniel Olsen,uvance@example.com,Male,2024-05-12,Moldova
45735,Michelle Hunter,frank30@example.net,Other,2025-05-07,Taiwan
47035,Loretta Graves,lindsay78@example.net,Female,2020-09-04,Lebanon
47117,John Brock,lewismatthew@example.net,Female,2020-11-16,Netherlands
47320,Michelle Santana,pottermaria@example.com,Other,2023-07-03,Faroe Islands
47502,Melissa Smith,palmerkristin@example.org,Other,2021-04-13,Cayman Islands
47854,Melissa Quinn,xhinton@example.com,Male,2023-08-27,Montserrat
47886,Kevin Ortiz,jamesbarnett@example.org,Other,2021-08-03,Heard Island and McDonald Islands
48317,Robert Davis,heather43@example.org,Female,2025-02-12,Bhutan
49447,Jessica Miller,jessecopeland@example.net,Female,2024-03-03,Papua New Guinea
50553,Cody Johnson,michelecobb@example.net,Other,2022-11-17,Peru
50660,Abigail Fox,dkelly@example.net,Female,2021-04-13,Northern Mariana Islands
51186,Miguel Ellis,sandra34@example.org,Female,2024-12-12,Aruba
51438,Robert Smith,hamiltongregory@example.org,Female,2023-10-14,Samoa
51685,Donna Austin,wrightjulia@example.com,Female,2024-12-16,Belarus
52189,Kenneth Warren,turnersamantha@example.com,Female,2021-03-29,Tanzania
52928,Jeffrey Hunter,daltonmason@example.org,Other,2021-09-24,Nauru
53095,William Harmon,robertsaaron@example.org,Male,2022-11-11,Hong Kong
53448,Tara Scott,vcarrillo@example.com,Male,2021-04-29,Denmark
53472,Gregory Pearson,amandapotts@example.com,Other,2021-06-28,Czech Republic
53695,Tyler Boyer,linda88@example.com,Other,2023-07-07,Sri Lanka
54430,Laura Butler,laura57@example.org,Other,2024-10-09,Monaco
54499,Joshua Hernandez,dianejones@example.net,Male,2022-04-29,Grenada
55757,Mr. Shane Lopez,zpotter@example.net,Other,2022-07-18,Cambodia
55990,David Gonzales,yenglish@example.net,Other,2023-08-13,Marshall Islands
56030,Jeffrey Jones,dyu@example.com,Male,2021-03-25,Mexico
56057,David Jackson,rogersgary@example.com,Other,2025-02-10,Nicaragua
56296,Lindsay Gomez,timothylewis@example.com,Other,2022-07-25,Palestinian Territory
56639,Kevin Nelson,carlosmunoz@example.org,Other,2020-12-20,Guinea-Bissau
56852,Jeffrey Hull,veronica92@example.org,Female,2021-07-05,Cameroon
56974,Melissa Leblanc,kellylee@example.com,Other,2023-03-31,Germany
57047,Mr. Richard Ramirez,adrian96@example.com,Female,2022-03-10,British Virgin Islands
58923,Diane Mitchell,johnsonmichael@example.org,Female,2021-10-21,France
59011,Sydney Herrera,michael82@example.com,Other,2022-12-25,Israel
59396,Amy Perez,xblair@example.com,Other,2024-02-08,Nauru
59584,Joseph Williams,adamssteven@example.org,Other,2024-02-02,Cambodia
60679,Laura Ryan,thompsondiana@example.net,Male,2024-05-21,Austria
60800,Morgan Green,dunlaplauren@example.net,Other,2023-08-17,French Polynesia
61168,Tara Cochran,carolyn70@example.com,Other,2022-12-31,Eritrea
62608,David Campbell,martinjones@example.net,Male,2023-07-28,Marshall Islands
63139,Michael Diaz,melissagriffin@example.org,Other,2022-09-21,Denmark
63204,Alexander Case,martineznancy@example.com,Male,2023-11-26,Bahrain
63706,Curtis Weaver,ronald46@example.net,Other,2024-08-27,Liechtenstein
63847,Eric Christensen,lbell@example.com,Other,2021-10-10,Czech Republic
64004,Steven Wagner,sheilahudson@example.org,Other,2024-03-28,Egypt
64445,Diana Stewart,freemanthomas@example.net,Male,2021-03-29,Svalbard & Jan Mayen Islands
64978,Christopher Johnson,gonzalezjoseph@example.net,Other,2023-07-28,Bouvet Island (Bouvetoya)
66049,Lisa Cox,rosschristine@example.net,Female,2023-12-11,Colombia
66166,Matthew Lawrence,david96@example.com,Male,2021-03-05,Ghana
66514,Elizabeth Taylor,jordanjackson@example.com,Male,2021-05-06,Latvia
66516,Peter Jones,xboyd@example.com,Female,2025-01-09,Syrian Arab Republic
67266,Jose Jones,eric06@example.com,Female,2024-06-22,Swaziland
67283,Antonio Patel,williamsdaniel@example.net,Other,2021-02-01,American Samoa
69190,Samantha Hardin,williammeyers@example.org,Other,2023-04-13,Togo
69502,Monica Hanson,ianderson@example.com,Male,2021-07-29,Canada
69816,Cassidy Robertson,cheryl68@example.net,Male,2021-09-16,Guinea-Bissau
70802,Eric Howard,blaircrystal@example.net,Female,2023-12-01,Nicaragua
70841,Steven Johnson,davisjeremy@example.com,Female,2021-03-28,India
70856,Catherine Farmer,alex20@example.org,Other,2021-02-04,Bermuda
71504,Leslie Greer,msimpson@example.com,Male,2022-02-05,Nicaragua
71897,Dennis Carson,rojasalyssa@example.net,Female,2021-12-23,Costa Rica
71925,Elaine Mata,avilaamanda@example.org,Other,2021-04-12,British Indian Ocean Territory (Chagos Archipelago)
72076,Thomas Jones,thompsoncynthia@example.com,Other,2023-07-25,South Africa
72229,Jeffrey Gonzales,cdouglas@example.net,Female,2022-02-01,North Macedonia
72673,Jose Hall,wjones@example.org,Male,2022-02-04,Japan
72844,Alexander Watson,meyercheyenne@example.org,Other,2020-12-31,Trinidad and Tobago
73183,Jesse Davenport,vwhite@example.org,Other,2021-12-20,Ethiopia
74262,Johnny Gonzalez,daniel18@example.org,Male,2025-03-02,Saint Kitts and Nevis
74581,Patricia Fleming,millscheryl@example.com,Female,2022-06-04,Chile
74979,Bonnie Collins,dmathis@example.org,Other,2025-08-25,New Zealand
75244,Christopher Thomas,michaelmcconnell@example.net,Male,2021-05-13,Slovenia
75660,Christian Smith,james57@example.com,Other,2023-10-01,Swaziland
76207,Casey Boyer,danielsmith@example.org,Other,2024-02-15,Armenia
76633,Tyrone Kane,sandrayoder@example.org,Female,2022-03-12,Barbados
77285,Matthew Collins,stevensmith@example.com,Male,2022-03-08,Sierra Leone
77447,Mary Ortiz,jennifer29@example.org,Other,2025-01-19,New Caledonia
78024,Regina Phillips,elizabeth53@example.net,Other,2022-02-13,Uzbekistan
78136,Grant Gregory,linsarah@example.org,Female,2022-06-27,Solomon Islands
78192,Donald Phillips,oliviamiller@example.org,Other,2022-09-23,Colombia
78205,Jodi Rodriguez,deannamarsh@example.com,Female,2025-08-30,Uganda
78574,Madison Mathis,cwilliamson@example.org,Male,2021-02-26,Slovenia
78748,William Buckley,justingutierrez@example.com,Other,2022-03-28,Belgium
79384,Paul Graves,bryan53@example.com,Male,2020-11-25,Saint Barthelemy
80680,Miss Amy King,moralesrobert@example.org,Female,2023-11-13,Central African Republic
80690,Stephanie Simmons,lori28@example.net,Female,2024-05-01,Cyprus
80966,Christopher Johnson,janetclark@example.com,Other,2020-11-21,Bosnia and Herzegovina
81473,Ashley Foster,cassandradavis@example.org,Female,2022-09-04,Bhutan
81905,Carla Lyons,hernandezshawn@example.com,Other,2022-03-07,Pakistan
81961,Bradley Larson,kristenrivas@example.org,Other,2021-04-07,Estonia
82790,Jonathan Solomon,zsanchez@example.org,Female,2021-06-26,Grenada
83272,Rebecca Colon,aevans@example.com,Male,2024-04-11,Armenia
83372,Andrew Gordon,crystallong@example.org,Other,2025-07-30,French Southern Territories
83710,Edwin Bell,alexandria34@example.org,Female,2022-10-29,Senegal
83739,William Sims,joshua95@example.com,Other,2025-04-16,Rwanda
83797,Todd Francis,mcdonaldscott@example.net,Female,2022-03-18,Slovakia (Slovak Republic)
84902,Kim Sanchez,lorigreene@example.org,Male,2021-12-19,Burkina Faso
85573,Katie Sharp,dhayes@example.com,Female,2025-03-31,Equatorial Guinea
85735,Bruce Marquez,petersonlaura@example.com,Male,2022-09-21,Oman
85794,Benjamin Bradford,stevensondeborah@example.com,Female,2024-03-08,Congo
86102,Andrew Russell,aprilgreen@example.com,Male,2024-02-06,Mexico
86461,Sharon Davidson,wendy22@example.org,Female,2024-08-04,Paraguay
86665,Michael Watkins,brittanywilkinson@example.net,Male,2025-01-09,British Indian Ocean Territory (Chagos Archipelago)
86846,Dr. Alexandra Calhoun,hansondrew@example.com,Female,2024-06-22,Netherlands Antilles
86895,Jennifer Edwards,fwest@example.org,Male,2020-10-07,Saint Helena
87064,Angela Thomas,caitlinzamora@example.org,Other,2025-03-05,South Africa
87350,Lori Boone,brittany97@example.com,Other,2025-04-01,Turkmenistan
87715,Brandon Williams,ashley00@example.net,Male,2023-01-29,Taiwan
87803,Rhonda Roy,deanna96@example.org,Female,2022-12-03,Zambia
88204,Andrew Brown,patrickdiaz@example.org,Male,2022-07-29,Pitcairn Islands
88310,Brian Roberts,teresa17@example.net,Other,2023-03-15,Cuba
88506,Adam Simpson,uharris@example.org,Male,2024-04-24,Slovenia
88774,Tanya Gonzalez,mcarter@example.com,Other,2020-09-27,Mayotte
89475,Tina Miles,daniel96@example.org,Female,2023-07-16,Ireland
90502,Claudia Herrera,jennifer05@example.net,Female,2021-06-30,Brazil
90772,Erik Smith,jasonwhite@example.org,Other,2022-11-06,Germany
90859,Priscilla Randall,catherine05@example.com,Male,2024-05-19,Antigua and Barbuda
91026,Charles Maxwell,kevin28@example.com,Other,2021-12-31,Northern Mariana Islands
91428,Shelly Jenkins,james67@example.org,Female,2022-06-18,Czech Republic
92513,Timothy Dickerson,silvajames@example.net,Male,2022-02-22,Canada
92934,Erica Davis,coryryan@example.org,Female,2022-11-29,Bahrain
94392,Leslie Cruz,cohenjulia@example.org,Male,2022-05-11,Estonia
94908,Timothy Williams,tannerdenise@example.com,Male,2024-10-14,Israel
95335,Brianna Lane,zwood@example.org,Male,2023-07-27,Maldives
95854,Cheryl Ewing,grantheidi@example.net,Male,2024-10-22,Sao Tome and Principe
95881,Adam Parker,meagan55@example.com,Male,2024-09-28,Saint Lucia
96007,Tiffany Meyer,lpierce@example.org,Male,2021-09-15,Sao Tome and Principe
96532,Kelly Osborn DDS,pgonzalez@example.org,Other,2023-03-14,Mauritius
96812,Jennifer Evans,pchang@example.org,Male,2020-11-27,Burundi
97411,Glenda Stevenson,websterstephanie@example.com,Female,2024-02-02,Sierra Leone
97709,Karen Jenkins,bryanmarshall@example.com,Male,2024-01-28,Philippines
99018,Amber Fox,timothy04@example.net,Female,2025-05-19,Nigeria
99511,Jill Thomas,amandapotter@example.com,Male,2021-08-01,Sri Lanka
99567,Justin Fowler,lisa77@example.com,Other,2024-03-26,Hong Kong
99617,Elizabeth Bowen,patrick67@example.net,Male,2021-11-22,Kyrgyz Republic
100350,Sierra Dean,bethanystone@example.com,Other,2023-09-30,Gabon
100724,Andrew Coffey,bobby69@example.com,Male,2020-12-20,Singapore
101247,Dennis Turner,johnsonkaren@example.net,Other,2023-12-10,Ethiopia
101298,William Robbins,charles95@example.com,Male,2021-07-29,Palestinian Territory
101871,Katie Daniel,greenchristopher@example.com,Female,2021-01-21,Cambodia
103644,Debbie Walters,lperkins@example.com,Female,2024-05-15,Christmas Island
103810,Katrina Perez,middletonalexis@example.net,Female,2022-04-04,Benin
104064,Holly Mccoy,john47@example.com,Other,2022-07-03,Rwanda
104575,Sarah Anderson,james25@example.com,Male,2020-09-27,Philippines
104667,James Spencer,calvin82@example.com,Male,2022-10-25,Belgium
104877,Joy Collier,hernandezbrooke@example.com,Male,2024-12-23,Bermuda
105206,Dawn Estrada,kevans@example.org,Other,2021-10-28,Kiribati
105762,Michael Martinez,katrinagonzalez@example.net,Other,2023-04-18,Angola
106776,William Williams,ryan78@example.com,Other,2025-08-18,Iran
108299,Michael Rivera,melissa27@example.com,Male,2024-10-16,Equatorial Guinea
108798,Mary Mcknight DDS,timothyjones@example.net,Female,2022-10-03,Sao Tome and Principe
109500,Katherine Smith,tracy99@example.org,Other,2020-09-27,Malta
109771,Kelsey Peterson,mendezthomas@example.com,Male,2024-04-01,Canada
110174,Kathleen Matthews,bjackson@example.com,Other,2022-05-21,Australia
110863,Philip Morales,denisedixon@example.com,Other,2021-03-26,Congo
111399,James Roberts MD,vholmes@example.org,Other,2021-04-18,Vanuatu
111556,Michael Thomas,qsmith@example.net,Other,2021-07-15,Liechtenstein
111646,Michael Johnston,victor04@example.org,Male,2023-12-05,Niger
111985,Omar Riley,andersontimothy@example.net,Female,2023-09-16,Northern Mariana Islands
112063,Ashley Perez,gsingleton@example.org,Other,2025-03-24,Ghana
113019,Christopher Romero,iconrad@example.com,Other,2024-01-09,North Macedonia
113037,Kenneth Johnson,moralesdavid@example.org,Male,2024-11-02,Costa Rica
113940,Jacob Miller,curtisgarcia@example.net,Female,2022-12-13,Maldives
114441,Kayla Wright,fanderson@example.org,Other,2023-11-04,Sweden
114827,Emily Gonzalez,vhampton@example.org,Other,2020-09-23,Malta
115026,Michael Hill,christopherklein@example.com,Male,2024-07-09,Morocco
115902,Reginald Hicks,brenda70@example.org,Other,2021-09-16,Cuba
116081,Ronald Harris,victoriadavis@example.com,Other,2022-10-05,Malaysia
117031,Virginia Williamson,jeffreythompson@example.net,Female,2024-02-01,Ecuador
117287,Thomas Moore,wrightandrew@example.org,Other,2024-02-20,Central African Republic
117377,Gregory Watson,jeremy80@example.net,Male,2023-05-06,Cocos (Keeling) Islands
117433,Crystal Cook,matthewkeith@example.org,Female,2022-02-23,North Macedonia
117656,Amanda Walker,lisa78@example.com,Female,2025-03-13,Zambia
119058,Donna King,joel70@example.org,Male,2023-03-20,Lithuania
119233,Amber Reyes,phillipcervantes@example.net,Male,2022-08-14,Reunion
120113,Kathleen Wright,jenniferpatrick@example.org,Other,2024-05-29,Malawi
120900,Dana Johnston,spencerdiana@example.net,Female,2022-11-20,Indonesia
121189,Christopher Buck,yibarra@example.net,Other,2021-05-22,Honduras
121245,Noah Smith,petersonpeter@example.org,Male,2022-10-09,Japan
121436,Richard Montes,jeff93@example.net,Other,2025-04-05,Finland
121506,Karina Martinez,staffordchristine@example.com,Other,2022-12-26,Burkina Faso
121635,Tamara Rush,fwilliams@example.org,Other,2020-09-16,Madagascar
121925,Lisa Richards,davisjoseph@example.net,Female,2020-12-15,Timor-Leste
122001,Steven Bass,dawn07@example.net,Female,2021-10-10,Cayman Islands
122122,Patrick Williams,powellkimberly@example.com,Female,2025-07-30,Madagascar
122220,Rebecca Anderson,joshuaellis@example.net,Female,2024-09-03,Serbia
122258,Jennifer Brooks,christopher41@example.org,Female,2021-01-25,Sao Tome and Principe
122757,Christina Rice,rodriguezashley@example.com,Male,2024-02-03,Morocco
123549,Bobby West,briannathomas@example.net,Other,2022-08-17,Zimbabwe
123576,Nina Nolan,mbarr@example.com,Female,2021-09-22,Denmark
124180,Carla Mann,qwilson@example.net,Female,2022-02-23,Guernsey
124902,Isaac Bowen,mcbridezachary@example.net,Other,2023-01-15,Saint Kitts and Nevis
124972,Erik Eaton,james19@example.net,Other,2021-09-14,Senegal
125666,Laura Wilson,alexander40@example.net,Female,2025-08-25,Suriname
126617,Victoria Rich,karen49@example.com,Male,2022-03-27,Guadeloupe
127699,Sydney Adams,amaxwell@example.com,Female,2023-11-03,Eritrea
128493,Richard Ford,zedwards@example.net,Female,2023-08-22,Uzbekistan
128677,Shane Bautista,vincentmitchell@example.org,Other,2024-11-24,Jersey
128829,Paul Jackson,leehodge@example.com,Female,2024-11-26,Saint Barthelemy
129863,Joseph David,leekellie@example.org,Female,2024-10-16,United States Virgin Islands
130223,Sandra Washington,rwebb@example.net,Female,2021-04-13,Vietnam
130264,Amy Gardner MD,daniel77@example.org,Other,2025-08-20,British Indian Ocean Territory (Chagos Archipelago)
130865,Nicole Murray,gonzalezbrian@example.com,Other,2025-05-06,France
130911,Ryan Ingram,nyang@example.net,Female,2025-08-02,Mayotte
131231,Shane Ballard,yking@example.com,Female,2024-05-29,Netherlands Antilles
131282,Chad Robinson,foxcindy@example.com,Male,2025-04-12,Holy See (Vatican City State)
131479,Susan Estrada,jillgray@example.net,Male,2022-10-24,Christmas Island
131586,Sara Jones,kylerobinson@example.net,Male,2022-07-06,Lithuania
135147,Diane Burns,andrea96@example.net,Male,2022-01-14,Montenegro
135250,Allison Anderson,andersonheather@example.com,Male,2022-02-13,Nepal
135636,Ashley Le,jimmyhaynes@example.com,Male,2022-04-19,Saint Kitts and Nevis
135759,Brandon French,christopher50@example.net,Other,2025-06-22,Luxembourg
135841,Matthew Bender,mollyhanson@example.com,Female,2024-10-26,Zambia
136232,Lauren Peterson,mccalljennifer@example.net,Other,2024-12-23,Colombia
136460,Angela Oliver,ijones@example.net,Other,2022-11-10,Afghanistan
137402,Kelly Johnson,wilsonrandy@example.net,Other,2024-11-29,Panama
137474,Julie Gordon,williamscarlos@example.com,Female,2024-04-02,Pitcairn Islands
137537,Dr. Glenda Ramos MD,freemanbrittany@example.org,Other,2023-04-12,Poland
137832,Rebecca Lane,tiffanywilliams@example.org,Other,2024-04-20,French Polynesia
137979,Maria Smith,marissajacobs@example.org,Male,2024-01-18,Tuvalu
138058,John Moore,matthewpalmer@example.com,Female,2021-04-26,Montenegro
138357,Harry Lewis,hughesheather@example.org,Other,2024-11-05,Iceland
138580,Ryan Baker,michael88@example.org,Other,2024-12-30,Mozambique
138611,George Meza,eprice@example.net,Male,2024-09-17,Germany
139988,Melissa Kaiser,matthew18@example.net,Female,2021-12-22,Switzerland
140076,Nicole Fernandez,laura96@example.org,Female,2022-09-25,Bermuda
140203,Tyrone Marks,dalvarez@example.com,Male,2022-03-22,Iraq
140437,Nicolas Garner,ashleyhernandez@example.org,Other,2024-09-19,Svalbard & Jan Mayen Islands
140566,Kathy Thompson,swansonkimberly@example.org,Other,2024-03-13,Tunisia
141274,Gregory Andrews,destiny88@example.org,Other,2021-07-28,Western Sahara
141524,Denise Williams,derekneal@example.org,Other,2024-04-08,Rwanda
141567,Eric Johnson,christopherwilliams@example.com,Other,2025-07-26,Argentina
141759,Angel Maxwell,robertle@example.net,Other,2021-09-05,Georgia
142316,Chad Jones DDS,jeffreysantiago@example.com,Other,2023-04-04,Poland
143309,Patrick Smith,wandaroberts@example.net,Female,2024-03-09,Portugal
143837,Derek Garrett,mariehopkins@example.org,Male,2024-07-09,Korea
143957,Michael Holloway,jordandavid@example.net,Female,2023-11-18,Luxembourg
144320,Jason Adams,lindsaydavis@example.com,Other,2022-04-18,Saint Martin
144492,Cameron Brewer MD,thomasdylan@example.org,Male,2021-03-15,Northern Mariana Islands
144902,Larry Collins,michellemendoza@example.com,Female,2022-02-27,Ghana
145309,Lindsey Wood,hillmakayla@example.net,Other,2023-12-01,Argentina
145378,Gail Warren,fdavis@example.net,Female,2023-08-24,Hong Kong
145506,Jesse Salazar,laurenwright@example.com,Female,2022-07-12,Macao
145624,Mr. John Smith,pklein@example.net,Male,2020-10-05,Italy
146046,Tina Hernandez,brittanymorris@example.com,Female,2023-04-04,Norfolk Island
146742,Warren Ray,johnserrano@example.com,Male,2022-01-16,Sudan
146961,Marcus Tran II,johnhartman@example.com,Male,2021-03-15,Svalbard & Jan Mayen Islands
147435,Nicholas Fuentes,thomasashley@example.com,Female,2022-01-14,Montserrat
148718,Catherine Nguyen,catherinebrown@example.com,Other,2024-07-22,Nepal
148783,Amy Hunt,kristine57@example.net,Male,2023-10-14,Malaysia
148992,Timothy Rodriguez,ythompson@example.com,Other,2024-10-17,Turks and Caicos Islands
149069,Barry Curtis,tracy22@example.org,Female,2025-01-04,Cameroon
149362,Christopher Mendoza,murphyandrew@example.net,Female,2022-06-26,South Africa
150116,Brandon Powers,fhall@example.org,Other,2022-11-05,Canada
150637,Nicholas Garcia,rebeccagrant@example.net,Female,2024-09-02,Ethiopia
151303,John Fernandez,lewiselizabeth@example.org,Female,2022-01-23,American Samoa
151912,Adrian Walker,vanessa45@example.org,Other,2022-11-11,Dominica
151951,Stacy King,hollyfox@example.net,Other,2023-11-10,Malaysia
152607,Christopher Butler,andrewarmstrong@example.org,Male,2024-11-13,Sri Lanka
152656,Sandra Jones,thunt@example.org,Other,2024-09-26,British Virgin Islands
152684,Emma Colon,elizabeth23@example.com,Female,2021-03-01,Marshall Islands
152854,Kellie Lewis,ashleycoffey@example.org,Male,2025-07-16,Indonesia
153183,Suzanne Reyes,mblair@example.net,Other,2024-06-04,Cuba
154152,Deborah Padilla,joycewhite@example.com,Female,2025-07-19,Vietnam
154481,David Hartman,brian55@example.org,Other,2022-01-31,Rwanda
155099,Marisa Bryant,gallagherstephanie@example.com,Other,2022-01-07,Morocco
155467,Beverly Diaz,frichardson@example.com,Other,2025-04-04,Holy See (Vatican City State)
155842,Leslie Moore,terryloretta@example.org,Male,2023-12-13,Faroe Islands
156004,Dawn Hutchinson,debrajoseph@example.org,Female,2021-07-01,Argentina
157413,Christopher Kelly,guerreroadam@example.com,Female,2024-08-16,Turkmenistan
157415,Stephanie Young,diana85@example.org,Male,2021-01-29,Finland
157462,Erin Morgan,kaitlinknight@example.com,Female,2021-04-24,Sao Tome and Principe
157564,Linda Garcia,wguzman@example.com,Male,2021-01-25,Ukraine
157574,Michelle Sanchez,matthewchristensen@example.org,Other,2021-11-08,Turkey
157661,Pamela Cook,xstone@example.org,Other,2024-02-18,Gibraltar
158475,Raymond Rice,rmcdonald@example.net,Other,2021-11-28,Cook Islands
158574,William Robinson,matthewwise@example.com,Female,2022-02-24,Palau
158709,Terrence Jacobs,hunterwheeler@example.com,Female,2021-05-16,Lebanon
158769,John Tucker,douglascourtney@example.net,Female,2022-05-18,Papua New Guinea
160518,Lance Lopez,angela45@example.net,Female,2022-02-18,United States Minor Outlying Islands
161233,Leslie Miles,fpowell@example.com,Male,2022-06-06,Romania
161268,Pamela Scott,roachjoseph@example.com,Male,2023-08-18,Saint Lucia
161723,David Gonzales,joedavis@example.net,Female,2023-03-30,Slovenia
161753,Brett Johnson,wpowell@example.net,Female,2024-03-20,Mexico
162712,Jason Jones,coreybrown@example.com,Female,2022-02-08,Lesotho
162868,Natalie Gilmore,griffinmichael@example.net,Other,2023-08-20,Morocco
163061,Andrea Cortez,robertwilliams@example.net,Female,2020-11-12,Cote d'Ivoire
163686,Trevor Perkins,nancyfreeman@example.net,Female,2023-06-14,Brazil
163751,Zachary Rivera,rivasjon@example.net,Female,2025-01-19,Australia
163800,Michelle Weber,awalters@example.net,Female,2023-10-11,Marshall Islands
163886,Brandy Conway,randallrivera@example.net,Other,2023-02-24,Korea
164020,Brian Cunningham,ryangonzalez@example.org,Other,2024-01-09,Finland
164622,Paul Dunn,thomasfarley@example.net,Other,2024-05-22,Northern Mariana Islands
164765,Samuel Chan,annette41@example.com,Male,2023-02-10,Ghana
164784,Dennis Kelley,latashajones@example.net,Other,2024-06-16,Haiti
165643,Maria Alvarez,ericstanley@example.net,Male,2022-08-05,Romania
166459,Michelle Hall,bryan35@example.org,Female,2021-03-21,South Africa
166559,Randy Martinez,greercody@example.net,Female,2023-04-13,Jamaica
167539,James Hudson,garciaantonio@example.com,Female,2024-04-17,Guyana
168432,Juan Bruce,hannacurtis@example.com,Male,2025-01-10,Nauru
168607,Stephen Davis,jamie69@example.net,Male,2022-04-17,Sudan
168800,Jennifer Burton,laurie43@example.com,Other,2023-07-15,Poland
169077,Shane Griffin,rhondamiller@example.org,Female,2023-03-23,Suriname
169155,Andrew Meadows,delacruzmelissa@example.com,Female,2022-02-03,Botswana
169348,Jasmine Bridges,gutierrezangela@example.org,Male,2021-10-20,Russian Federation
169933,Courtney Johnson,staylor@example.net,Female,2023-02-17,Luxembourg
170034,Samantha Matthews,jimenezkyle@example.net,Female,2023-01-27,Togo
170144,Christopher Smith,belltiffany@example.net,Female,2022-06-06,Marshall Islands
170458,Troy Best,alexander54@example.org,Male,2025-04-08,Saint Martin
171408,Brittany Barrett,jonhamilton@example.org,Female,2022-01-11,Saint Vincent and the Grenadines
171902,Adam Becker,rogersbrandi@example.com,Male,2023-01-05,Dominica
172605,Richard Anderson,leonsabrina@example.net,Female,2025-08-04,Bolivia
173216,Pamela Thomas,holmesjoseph@example.org,Female,2025-03-24,Falkland Islands (Malvinas)
173382,Amber Montes,foleykevin@example.org,Other,2025-04-11,Cameroon
173498,Michael Mccullough,jonathan95@example.com,Other,2022-04-28,Belarus
173551,Michael Brown,chelseamccarthy@example.org,Other,2021-05-24,Vanuatu
173580,Jeffrey Robinson,matthew98@example.org,Female,2024-01-12,Niger
173642,Jasmine Williams,jerry83@example.net,Female,2023-01-10,Guam
175158,Cassandra Williams DDS,heather65@example.org,Other,2024-04-11,Comoros
175197,Heather Perez,natasha52@example.org,Other,2022-03-24,Tokelau
176272,Randy Horton,shannonvang@example.com,Male,2022-10-30,Uganda
176491,Joshua Smith,nathan20@example.com,Male,2023-05-27,Svalbard & Jan Mayen Islands
177715,Mark Hunter,brittany88@example.com,Other,2025-04-18,Cook Islands
177861,Mark Flores,tyler68@example.com,Female,2025-02-24,Tanzania
177965,Cindy Diaz,eharmon@example.org,Female,2021-02-05,Cayman Islands
178259,Alicia Ruiz,wburton@example.com,Other,2021-07-02,Bhutan
178652,Karen Snyder,kingdanielle@example.com,Male,2020-09-28,Gibraltar
178703,Ethan Hogan,brandon90@example.com,Other,2024-01-28,China
179123,Paul Walker,curtis97@example.net,Male,2022-08-18,India
180388,Elizabeth Pace,rothkevin@example.com,Female,2024-12-06,Bosnia and Herzegovina
180505,Jenny Chen,brandonvaldez@example.net,Other,2024-03-19,China
180567,Philip Boone,klee@example.net,Other,2025-03-22,Gibraltar
180670,Jessica Knight,mirandaalicia@example.com,Male,2021-02-01,French Polynesia
181060,Ana Flowers,zdelgado@example.com,Other,2023-05-05,Comoros
181355,Linda Bond,alvaradonicole@example.org,Male,2024-09-07,Kiribati
181503,Abigail Cook,mariafuller@example.net,Female,2020-11-02,Nepal
181765,Arthur Hunt,pfisher@example.net,Female,2022-06-25,Saint Pierre and Miquelon
182921,Dana Hall,robert66@example.net,Female,2024-03-21,Kiribati
183224,Raymond Hunt,garythomas@example.org,Female,2024-06-01,Kenya
183552,Paul Gilmore,amber55@example.org,Female,2023-01-29,Netherlands Antilles
183773,Rachel Harris,jillianhuff@example.net,Male,2021-10-12,Maldives
184467,Miss Brenda Rodriguez,ljones@example.org,Female,2020-11-08,Grenada
184879,Alan Vincent,amandacontreras@example.com,Male,2025-05-30,French Southern Territories
184988,Peter Buchanan,rayers@example.net,Other,2024-11-03,Holy See (Vatican City State)
185442,Randy Terry,stevenhaynes@example.com,Female,2023-12-03,Oman
185593,Allison Johnson,thomasfields@example.org,Male,2023-02-24,Mongolia
185748,Jessica Kennedy,smithjeffery@example.net,Female,2021-01-15,Chile
186122,Robin Bartlett,snowalejandro@example.org,Male,2025-06-28,Spain
186518,Rachel Mcclure,hansenjessica@example.com,Other,2022-06-19,Cook Islands
186936,Duane Hamilton,kevin11@example.org,Male,2020-09-23,Bolivia
186976,Jessica Howard,sheilatrujillo@example.org,Female,2023-06-07,Oman
187105,Dustin Williams,curtis94@example.com,Other,2024-07-22,Sao Tome and Principe
187405,Vanessa Taylor,taylorjoshua@example.org,Female,2024-10-18,Palau
187646,Kathy Rich,leelauren@example.org,Other,2025-06-06,Dominican Republic
189249,Tammy Lee,gmason@example.net,Female,2024-10-18,Rwanda
189341,Erik Thompson,brenda42@example.org,Other,2020-09-23,Saudi Arabia
189717,Michael Rodriguez,lpadilla@example.net,Male,2022-06-06,Moldova
190194,Jared Burns,iruiz@example.com,Male,2023-05-03,Malawi
190259,Steve White,hamiltonalan@example.com,Male,2020-10-24,French Guiana
190278,Juan Brooks,rjackson@example.net,Female,2024-04-01,Peru
190338,Theresa Douglas,cheyennethomas@example.org,Male,2025-04-18,Turkey
190490,David Munoz,manninglaura@example.com,Other,2024-06-25,Georgia
191030,Mr. Daniel Gallagher,vtaylor@example.com,Female,2024-07-04,Greece
191032,Thomas Davis,daniel71@example.net,Female,2023-02-14,Saint Barthelemy
191108,Stephen Chambers,kelly99@example.org,Female,2023-12-25,Turkey
191274,Michael Skinner,andradejonathan@example.com,Other,2022-10-26,Haiti
191605,Jason Little,edwardmathews@example.com,Female,2022-10-23,Libyan Arab Jamahiriya
191814,Lori Roberson,wilkinsmichael@example.org,Female,2023-03-23,Trinidad and Tobago
192416,Michael Williams,aaronwright@example.net,Other,2022-11-07,Slovenia
192604,Gregory Hernandez,andersonshelly@example.net,Male,2021-02-01,Congo
192641,Jennifer Wells,griffincory@example.com,Male,2021-10-11,Nigeria
193359,Ashley Cunningham,daniel93@example.com,Other,2023-10-09,Afghanistan
194053,Terri Rogers,emilyroberts@example.org,Male,2022-12-16,Macao
194793,Robert Curtis,mariaburns@example.org,Male,2022-02-21,Cuba
194923,Hayden Edwards,dale43@example.net,Other,2020-09-16,Thailand
195261,Andrew Wallace,zcombs@example.com,Other,2021-04-19,Turks and Caicos Islands
196851,William Sanchez,mike25@example.com,Female,2021-11-14,Lithuania
197430,Katherine Brown,wilsonbrian@example.com,Female,2021-04-10,Cameroon
197711,Evan Sandoval,nmurphy@example.net,Other,2022-02-20,Tonga
198357,Erica Tanner,butlerkatherine@example.net,Other,2022-04-20,Mauritius
199064,Keith Horton,brittany06@example.net,Female,2023-01-09,Niger
199084,Christopher Moore,sherijones@example.net,Female,2021-12-19,Samoa
199098,Cody Clay,michael47@example.net,Other,2024-12-30,Pitcairn Islands
199099,Eric Sanchez,peter64@example.net,Female,2024-07-28,China
199492,Crystal Caldwell,claytonnelson@example.com,Male,2023-02-21,Greece
199635,Roy Haas,herrerajon@example.org,Female,2021-06-17,Albania
200549,Chelsea Pineda,steeletimothy@example.org,Female,2021-08-28,Hong Kong
200698,Stephanie Smith,owenscourtney@example.com,Male,2025-05-13,Greenland
201022,Gregory Bradford,fpham@example.com,Male,2024-08-26,Mexico
201645,Danny Gross,levineharold@example.net,Male,2024-04-17,Swaziland
201816,Yvette Vang,joe62@example.org,Other,2023-01-18,Tokelau
202198,Kaylee Thomas,ofisher@example.net,Female,2025-01-09,Bolivia
202358,Jesse Mcclure,lisapowell@example.org,Other,2021-11-13,Timor-Leste
202820,Joseph Phillips,adamsrichard@example.org,Male,2024-12-27,Greenland
203089,Michael Barr,kyleadams@example.org,Male,2024-01-27,Fiji
203517,Alicia Gonzalez,xfreeman@example.com,Male,2024-03-19,Finland
203655,Paula Vaughan,schwartzvictor@example.net,Male,2021-06-26,Bolivia
203678,Russell Hill,jrodgers@example.com,Other,2021-07-15,Papua New Guinea
203830,Zachary Martinez,nscott@example.com,Female,2022-04-10,Georgia
204218,Curtis Morris,brandon32@example.net,Other,2023-06-24,Fiji
204378,Christopher Brown,andradejustin@example.org,Male,2023-03-18,Lithuania
205189,Tracey Morris,heatherhines@example.com,Female,2025-07-14,Marshall Islands
205362,Laura Walker,sean60@example.org,Female,2020-12-21,Zambia
206636,Cynthia Jackson,smithronnie@example.net,Other,2023-09-26,New Zealand
206766,Brenda Walker,andrew23@example.com,Female,2023-02-05,Argentina
206950,Heather Love,timothy45@example.com,Male,2021-11-20,Hungary
207227,Taylor Lopez,kenneth31@example.org,Male,2020-09-04,Oman
208457,Gary Barton,patriciaanthony@example.net,Male,2024-09-30,Monaco
208482,Matthew Collins,zlong@example.org,Female,2023-08-18,Marshall Islands
208615,Alyssa Rush,janicemiller@example.org,Male,2024-04-19,Finland
209258,Kevin Fry,aaronwheeler@example.org,Male,2022-03-20,Cyprus
209537,Elizabeth White,kimberlysanchez@example.com,Male,2022-05-11,Syrian Arab Republic
209957,Sarah Fitzgerald,adamwade@example.com,Female,2022-10-03,Greenland
210389,Kenneth Edwards,seannguyen@example.net,Other,2020-12-06,Cayman Islands
210875,Kaitlin Andersen,mary09@example.net,Male,2024-08-17,Anguilla
211218,Erin Liu,gregoryjohnson@example.com,Female,2021-12-01,Maldives
212772,Laurie Holt,cruzmichael@example.com,Male,2022-11-29,United States Minor Outlying Islands
214478,Diana Hall,starkstacy@example.com,Other,2025-07-20,Syrian Arab Republic
214936,Seth Lewis,cynthia63@example.org,Male,2022-11-13,Greece
214946,Jose Sweeney,angela71@example.org,Female,2021-11-28,Turks and Caicos Islands
215106,Toni Cross,erinfleming@example.org,Female,2025-03-04,Uruguay
215314,William Jenkins,allen31@example.com,Female,2024-11-14,Czech Republic
217107,Brittany Castro,gomezjustin@example.com,Other,2021-06-22,Reunion
217520,Adam Martinez Jr.,tanderson@example.com,Male,2021-12-07,Lithuania
218042,Christopher Oliver,uevans@example.com,Male,2022-10-08,Saint Kitts and Nevis
218427,Bradley Townsend,kaiserjames@example.com,Other,2025-03-28,Guadeloupe
218842,Jordan Cruz,zgonzales@example.org,Female,2022-05-09,Congo
218996,Michelle Robinson,lbooth@example.org,Female,2025-02-24,New Caledonia
220666,Tanya Ramirez,tperez@example.org,Female,2025-07-19,Germany
220896,Lawrence Moore,swise@example.org,Other,2021-07-21,Korea
221288,Anna Murray,jaimejackson@example.org,Female,2024-02-19,Egypt
221527,Paul Brooks,maychristine@example.net,Other,2023-12-09,Syrian Arab Republic
221844,Natalie Jones,matthew71@example.net,Female,2021-11-19,El Salvador
222158,Kevin Joyce,xthompson@example.net,Male,2022-06-04,Wallis and Futuna
222293,Mark Reynolds,tyler93@example.org,Male,2025-02-19,Saint Martin
222544,Brandon Frank,wchan@example.com,Male,2022-08-05,Saudi Arabia
223254,Ryan James,rebeccahayes@example.net,Female,2024-06-16,Central African Republic
223739,Justin Stevens,floreskelly@example.net,Other,2022-08-21,Bahrain
223742,Joyce Petty,cindy29@example.org,Female,2025-07-25,Colombia
224746,James Moore,xpeterson@example.com,Other,2024-06-18,Guernsey
224972,Leslie Savage DVM,williamcaldwell@example.org,Male,2021-07-08,Sierra Leone
225379,Michael Lowe,qjones@example.com,Male,2022-11-11,Chile
226500,Danny Blair,smithkathryn@example.org,Female,2022-04-03,Armenia
226998,Eric Miles,regina82@example.com,Female,2023-01-29,Zambia
227398,Rachel Gill,wsanders@example.org,Other,2020-12-27,Cayman Islands
228090,Charles Burke,maria42@example.com,Other,2024-10-08,Suriname
228167,Chelsea Singh,moodypaul@example.com,Other,2024-08-23,Uruguay
229433,Jennifer Johnson,cruzamanda@example.com,Female,2020-11-29,Morocco
229516,Amanda Fischer,tammymorris@example.org,Male,2025-02-11,Australia
229565,Heather Kennedy,jeffreyboyer@example.com,Other,2025-04-02,Ecuador
231118,Lisa Rodriguez,johnsonlisa@example.com,Other,2022-11-01,Madagascar
231765,Kenneth Bridges,christyhernandez@example.org,Female,2022-01-02,Bosnia and Herzegovina
231777,Jeremy Espinoza,lindsay21@example.net,Male,2023-01-12,Ireland
232059,Victor Klein,steinmichael@example.net,Male,2023-10-05,Solomon Islands
232145,Randy Cervantes,jasonsmith@example.org,Male,2022-03-03,Mali
232280,Tyler Simmons,kgill@example.net,Female,2024-11-06,Rwanda
233274,Brittany Myers,rhondacunningham@example.com,Male,2025-02-20,Macao
235030,Amy Fernandez,jamieknight@example.org,Female,2022-10-21,Russian Federation
235104,Jacob Lucero,johnsonkimberly@example.net,Female,2025-04-28,Philippines
235537,Kyle Mitchell,nyates@example.org,Male,2022-05-17,Sao Tome and Principe
235867,Robert Andrade,tatesandra@example.org,Female,2023-08-08,South Georgia and the South Sandwich Islands
236036,Eric Newman,chavezbrianna@example.net,Other,2023-09-20,Syrian Arab Republic
236220,Michael Sanchez,eric34@example.org,Other,2022-10-23,Pitcairn Islands
237012,Kimberly Hendricks,frederickadams@example.net,Female,2023-09-09,Montenegro
237813,Carmen Klein,zharris@example.com,Male,2020-10-11,Belarus
238009,Caroline Robinson,nrogers@example.org,Male,2021-01-12,Lithuania
238356,Christine Simmons,rodgersgeorge@example.org,Female,2022-02-08,Niger
238768,Eileen Henderson,james26@example.com,Male,2020-09-24,Saint Helena
239396,Virginia Mcmillan,rogerroberts@example.org,Other,2023-03-23,Gibraltar
240769,Paul Richardson,jefferyjones@example.net,Male,2022-12-21,Belgium
241598,Jordan Hill,lblake@example.net,Other,2024-04-28,Iraq
243774,Mark Graves,qromero@example.org,Male,2023-01-21,Suriname
244010,Alice Hoover,skaufman@example.net,Female,2023-08-30,Romania
244109,Doris Hanson,roblesdavid@example.net,Other,2022-10-05,Armenia
245070,Kristin Smith,vfry@example.org,Other,2021-10-20,Gambia
247175,Anna Stanton,nancy07@example.net,Other,2022-03-31,Niger
247325,Maxwell Humphrey,sandrajoseph@example.net,Other,2021-03-22,Peru
247474,Patrick Gonzales,ryanfaulkner@example.com,Female,2021-07-12,Liechtenstein
248865,Andrew Shields,stephensamy@example.net,Female,2024-11-23,Burkina Faso
248988,Erin Barnes MD,danieldonovan@example.net,Female,2025-05-30,Czech Republic
249033,Kaitlyn Colon,warnerkathleen@example.net,Other,2023-05-18,British Indian Ocean Territory (Chagos Archipelago)
249092,Arthur Garcia,sarahjefferson@example.org,Other,2022-01-10,Brunei Darussalam
249567,Rhonda Thornton,msummers@example.org,Female,2022-03-06,Cote d'Ivoire
249827,Justin Anderson,nfowler@example.com,Female,2022-08-09,Kuwait
249883,Gerald Mills,fanderson@example.org,Female,2025-01-05,Senegal
249959,Aaron Lane,bushryan@example.com,Male,2020-10-02,Georgia
250396,John Rollins,dennissteele@example.net,Other,2021-08-23,Venezuela
250558,Steven Boone,paynejeffrey@example.net,Other,2021-05-08,Burkina Faso
250766,Gabriela Rush,hensleyjohn@example.net,Male,2025-08-15,Greece
251674,Karen Butler,leonardjohnson@example.org,Other,2021-10-17,Swaziland
251914,Steve Ponce,hallfrancisco@example.org,Male,2022-02-18,Guyana
252067,Andrea Pierce,amandahenderson@example.com,Female,2024-02-14,Tokelau
252550,Susan Ortiz,loriayala@example.com,Male,2020-12-18,Jersey
252566,Veronica Martinez,jeanette99@example.net,Other,2021-04-02,Montenegro
252914,Monique Butler,bchen@example.net,Female,2022-06-15,Philippines
253036,Stephen King,joshua20@example.com,Other,2024-10-14,Saint Kitts and Nevis
253251,Nicholas Johnson,ambermercado@example.org,Other,2022-07-01,Algeria
253899,Jorge Elliott,gaystephanie@example.org,Female,2021-02-02,United States of America
253922,Sharon Berry,armstrongnicole@example.net,Female,2020-11-14,Tokelau
254125,Virginia Pruitt,ruizalexandra@example.org,Other,2020-11-25,Fiji
255006,Dawn Graves,fturner@example.net,Other,2024-09-06,Japan
255260,Candace Stewart,derek33@example.net,Female,2023-11-13,Bahrain
256167,Michael Parker,scott42@example.org,Other,2024-07-07,Nauru
256238,David Romero,danielbrown@example.net,Other,2021-04-22,Cayman Islands
256468,Paul Rose,nathaniellewis@example.org,Female,2022-02-27,Central African Republic
256743,David Watson,kevinsanders@example.org,Male,2025-04-20,Faroe Islands
256787,Mark Thompson,yvaughn@example.net,Male,2024-03-23,Yemen
257229,Megan Thomas,seanrogers@example.net,Other,2024-01-13,Sao Tome and Principe
257800,Erin Moss,harriskristen@example.org,Male,2022-12-09,Saint Pierre and Miquelon
258432,Sarah Mcgrath,robert40@example.org,Male,2020-12-21,Saint Barthelemy
258732,Alicia Snow,qbrooks@example.org,Male,2024-09-22,Guernsey
259375,Julie Parker,petersonpatrick@example.org,Female,2024-06-11,Colombia
259704,Wesley Murphy,cooperbrian@example.com,Other,2023-09-14,Luxembourg
259771,James Nielsen,aliciaharrison@example.com,Female,2024-06-23,Costa Rica
260967,April Hardy,christopherwilliams@example.net,Female,2025-04-09,Sweden
261125,Blake Lewis,steve22@example.org,Other,2021-03-10,Bangladesh
261461,Travis Moreno,terryclinton@example.net,Male,2021-09-07,Dominican Republic
261824,Erin Stark,qwilson@example.com,Other,2025-02-16,Uruguay
262487,Christina Delacruz,urush@example.com,Other,2022-07-05,Liberia
263272,Tyler Hunt,qconrad@example.com,Other,2024-03-27,Lesotho
263334,Gary Pierce,julia17@example.com,Other,2023-09-01,Sao Tome and Principe
263620,Kevin Perkins,bennettadam@example.net,Male,2020-11-18,Egypt
263764,Jenna Mcintosh,michaelscott@example.net,Other,2023-08-20,Saudi Arabia
263852,Dean Reed,idiaz@example.net,Other,2022-03-14,Indonesia
263889,Bryan Riley,hlee@example.com,Other,2022-06-09,Bangladesh
263930,Joy Williams,chelsearogers@example.net,Male,2022-02-07,Jersey
264109,George Frye,theresa24@example.net,Other,2023-06-12,Algeria
264485,Danny Mcbride,watkinsjoel@example.net,Male,2024-07-20,Morocco
264752,Claudia Perez,elizabethlopez@example.com,Female,2020-10-10,Kenya
265062,Suzanne Williams,mguerra@example.net,Male,2021-09-21,Norway
265875,Laura Munoz,ztate@example.net,Male,2025-06-25,Nicaragua
265929,Larry Brewer,carolinehines@example.net,Male,2022-02-28,Korea
266366,Anna Hoffman,robert12@example.org,Female,2025-06-19,Turkey
266393,Theresa Williams,lisa50@example.com,Other,2024-01-07,Lesotho
266426,Helen Valentine,virginia52@example.org,Male,2022-04-06,Marshall Islands
266655,Leslie Williams,bstone@example.com,Female,2025-07-26,Egypt
266772,Kelly Vega,shawngrimes@example.com,Other,2024-12-07,Ghana
267096,Ricky Velasquez,ericacruz@example.org,Female,2021-06-12,Morocco
267184,Amy Charles,tiffany17@example.net,Female,2022-11-03,Bahamas
267340,Eddie Bell,ylong@example.net,Other,2021-01-11,United Arab Emirates
268493,Joanna Bennett,reidjane@example.org,Female,2025-04-27,Sierra Leone
269134,Johnny Malone,tammy22@example.com,Other,2020-10-25,Svalbard & Jan Mayen Islands
269230,Karen Pugh,coxtheodore@example.org,Female,2021-03-29,Tunisia
269234,John Lewis,marissa40@example.net,Female,2020-12-25,Swaziland
269398,Katherine Cooper,john49@example.net,Female,2022-03-28,Russian Federation
269504,Jennifer Ali,dcarter@example.org,Female,2021-01-06,Libyan Arab Jamahiriya
270948,Timothy Bates,wadams@example.org,Other,2023-10-14,Azerbaijan
271087,Amanda Scott,brianglover@example.org,Male,2025-08-22,Sierra Leone
271613,Deanna Franklin,brianolson@example.net,Other,2022-10-24,Saint Kitts and Nevis
271653,Kelsey Reeves,jessicahayes@example.com,Male,2023-04-02,Norfolk Island
271844,Katherine Lamb,karen18@example.com,Male,2025-08-25,Comoros
272062,Anthony Anthony,joechavez@example.net,Female,2024-06-10,Tunisia
272359,Erin Fuentes,katie22@example.com,Female,2023-06-10,Tokelau
272922,Brian Russell,cjohnson@example.com,Male,2024-07-29,Tunisia
273333,Melissa Beck,esalazar@example.net,Male,2021-01-29,Saint Lucia
273869,Taylor Lozano,halejames@example.com,Male,2023-09-11,Slovakia (Slovak Republic)
273969,Amy Barnett,laura21@example.com,Male,2020-12-21,Guinea
274306,Lisa Hunt,pwilson@example.org,Male,2023-11-10,Austria
275188,Steven Juarez,angela04@example.net,Male,2022-03-14,Russian Federation
275394,Jennifer Blair,kandersen@example.net,Male,2022-11-07,Korea
275788,Heather Pena,ublevins@example.net,Male,2024-05-02,Guadeloupe
276029,Joshua Lara,jared38@example.com,Female,2021-06-14,Malawi
276994,Gregory Underwood,kwebster@example.com,Female,2021-02-06,Germany
277151,Mark Ellis,heather93@example.org,Male,2024-10-05,Malaysia
277377,Jennifer Pollard,ryansteele@example.com,Other,2021-08-16,Faroe Islands
277389,Meghan Nunez,joshuashields@example.com,Female,2022-01-26,Niger
277492,Latoya Bowen,joshua13@example.com,Male,2023-11-11,Saudi Arabia
277591,Tammy Garrett,tyang@example.com,Female,2022-03-29,Ghana
278052,Amy Graves,mariasharp@example.net,Male,2025-02-09,Haiti
278384,Jack Nielsen,karen77@example.com,Male,2022-07-16,Germany
278425,Rebecca Hess,fking@example.net,Female,2023-05-12,Martinique
278685,Michael Farley,gilbertmichelle@example.org,Male,2021-03-30,Brunei Darussalam
278803,Steven Smith,peckdaniel@example.net,Male,2024-12-30,Uruguay
279287,Tammy Mcdonald,amber81@example.com,Other,2025-03-15,Kyrgyz Republic
280236,Michael Cortez,michelleedwards@example.org,Female,2024-06-22,Equatorial Guinea
280279,Matthew Pierce,phillip58@example.net,Other,2020-09-26,Togo
281487,Thomas Mason,anthonyfrost@example.net,Female,2021-01-06,Norway
281733,Darrell Allen,keithsandra@example.com,Female,2025-07-07,Venezuela
281877,Brenda Scott,matthew31@example.com,Other,2025-05-13,Angola
282373,Paul Mills,rodriguezchristopher@example.net,Male,2021-04-11,Bahamas
282408,Stephen Barber,briana56@example.com,Other,2022-03-06,Belize
282652,Dana Shaw,chenamanda@example.org,Other,2023-10-26,Lao People's Democratic Republic
282812,Kayla Kelly,kelly22@example.net,Other,2021-09-12,Guadeloupe
282814,Walter Jackson,jason47@example.com,Female,2022-11-05,Namibia
283100,Jimmy Christensen,jameslee@example.com,Male,2023-11-04,Kuwait
283369,Laura Duncan,chase87@example.net,Female,2023-10-02,Belarus
283914,Melissa Moore,nicolas21@example.org,Female,2024-05-18,Montserrat
283943,Dr. Carlos Kelly,imurray@example.net,Other,2022-01-21,Chile
284701,Ann Marsh,hcruz@example.net,Other,2024-09-19,Malawi
284966,Danielle Vincent,beardheather@example.org,Male,2022-01-25,Niger
285021,Sharon Austin,tiffany52@example.com,Female,2022-01-21,Reunion
285405,Joe Ellis,ebarton@example.net,Other,2025-05-05,Bulgaria
285583,Phillip Taylor,qhernandez@example.net,Male,2023-08-16,Niger
286214,Elizabeth Figueroa,matthew48@example.net,Male,2021-11-12,Sudan
286370,Mary Mcgee,hreyes@example.net,Female,2025-02-20,Djibouti
286475,Sydney Howell,stephanie99@example.com,Other,2022-10-20,Croatia
287753,Jose Crawford,sbrown@example.com,Female,2024-08-16,Moldova
288019,Daniel Cooper,mmcmillan@example.net,Male,2021-03-07,Iran
289035,Frances Watson,patrickgarcia@example.org,Male,2020-11-03,Tokelau
289217,David Greer,kfields@example.net,Other,2022-09-17,Denmark
290065,Erik Garcia,leeowen@example.org,Other,2025-07-09,Christmas Island
290218,Kylie Garcia,nancyjimenez@example.org,Female,2021-08-08,Trinidad and Tobago
290552,Nicholas Grant,rmitchell@example.net,Female,2024-05-22,Cameroon
290556,Joseph Herrera,briggsstephen@example.net,Male,2024-07-13,India
290814,Timothy Hart,barnesthomas@example.com,Female,2022-06-19,Mexico
291598,Emily Dillon,danielpotter@example.org,Male,2022-11-01,Liechtenstein
291684,Darin Rice,charles95@example.org,Other,2021-12-09,Cambodia
291957,Joseph Moore,kimchristine@example.net,Female,2021-05-24,Mali
292125,Eric Wu,nicholasgoodman@example.com,Male,2024-08-25,China
292163,Larry Hardy,carol38@example.net,Male,2025-04-05,Tanzania
292165,Travis Murray,paulmorgan@example.com,Female,2025-05-05,Saint Lucia
293110,Alexa Mcgee,garciajerry@example.org,Female,2024-10-08,Cocos (Keeling) Islands
293961,Todd Fuller,tylerday@example.net,Female,2022-09-09,Cape Verde
294010,Melissa Luna,matthewhartman@example.net,Female,2023-10-19,Holy See (Vatican City State)
294112,Anna Joseph,vickiebryan@example.net,Other,2021-09-28,Nicaragua
295153,Justin Williams,andrebarry@example.net,Female,2021-03-28,Bhutan
296026,April Vargas,brandonwilliams@example.org,Female,2022-01-13,Kiribati
296579,Heather Matthews,patricia81@example.org,Female,2021-09-23,Netherlands
296942,Lauren Davidson,mariarobinson@example.org,Male,2023-12-06,Sierra Leone
297332,Joseph Perez,wanda58@example.net,Female,2021-01-10,Nepal
297982,Karen Becker,daniellemontgomery@example.com,Other,2024-10-25,Solomon Islands
298116,Deborah Bennett,jamie41@example.net,Female,2025-01-25,Rwanda
298124,Derek Stokes,shannon58@example.org,Male,2025-05-13,Tokelau
298821,Brittany Mills,josephwilliams@example.net,Other,2024-10-14,Hungary
299149,Kathleen Keller,danielhart@example.net,Male,2023-11-05,Marshall Islands
299510,Samuel Cruz,wdavis@example.org,Other,2022-10-11,Spain
299649,Rachel Meadows,baileywillie@example.org,Male,2023-08-12,Liechtenstein
300134,Anita Brown,rossheather@example.org,Other,2024-07-02,Bhutan
300410,Timothy Torres,joseph74@example.net,Male,2025-03-16,Congo
300479,Amber Stewart,denise98@example.org,Male,2021-01-26,Dominican Republic
300847,Grant Collins,kurt61@example.org,Male,2021-04-06,Kiribati
300909,Clinton Schmidt,mercerjoseph@example.com,Male,2022-04-01,Bolivia
301548,Michael Lee,qjones@example.org,Female,2024-11-06,Myanmar
302064,Katherine Schroeder,michael92@example.org,Male,2025-04-08,Haiti
302119,Sherri Richardson,jenniferhicks@example.com,Other,2021-02-24,Wallis and Futuna
302408,George Hodges,brian77@example.net,Male,2025-07-10,Netherlands Antilles
302587,Dr. David Washington,gstewart@example.org,Male,2021-06-27,Australia
303135,Patricia Stephens,xortiz@example.net,Female,2022-11-18,Solomon Islands
303991,Beth Boyd,johnnydawson@example.org,Other,2024-09-07,Bahamas
304274,Collin Stephenson,thompsonstephen@example.org,Other,2023-01-15,Saint Barthelemy
305389,Julia Hernandez,joneslogan@example.com,Female,2024-05-11,Colombia
305562,Juan Carroll,ujacobs@example.com,Other,2021-03-01,Somalia
306094,Michelle Gallegos,kevin45@example.org,Female,2021-04-02,Zambia
306749,James David,carremma@example.net,Female,2024-05-25,Tanzania
307236,Daniel Clayton,tina40@example.net,Other,2022-05-16,Georgia
307878,Paul Sharp,kimberlyhunt@example.com,Other,2023-12-08,Afghanistan
308067,Brittany Clark,brittany18@example.com,Male,2024-05-08,Pakistan
308167,Mr. Mark Daniel,mcbridejoseph@example.com,Male,2022-08-06,Senegal
308194,Lisa Singh,michael26@example.com,Other,2024-04-12,Denmark
308584,Sarah Erickson,rbrown@example.net,Female,2024-05-22,Costa Rica
308822,Lauren Howell,smithtrevor@example.org,Male,2021-04-08,Ecuador
310006,Michael Wong,victorlee@example.com,Other,2023-10-19,Finland
310612,Alfred Campbell,mfischer@example.net,Female,2024-02-09,Dominican Republic
311076,Hannah Washington,chelsea94@example.net,Female,2021-12-29,Finland
311777,Edwin Gray,collinscolin@example.net,Male,2024-06-27,Antigua and Barbuda
311968,Joshua Harrison,brianna80@example.org,Other,2023-10-09,Monaco
312585,Brian Webb,brendahill@example.net,Female,2021-09-13,Norfolk Island
312609,Anne Hill,ericasmith@example.net,Female,2022-01-02,Holy See (Vatican City State)
312729,Shannon Perry,ltaylor@example.org,Female,2024-04-30,Estonia
313357,Michael Wall,ipierce@example.org,Female,2021-12-22,Cook Islands
315087,Eugene Stewart,gregory03@example.com,Male,2021-07-05,Angola
315548,Beth Levine,fgriffin@example.org,Male,2023-03-28,Palau
316225,Jennifer Smith,torresbrittany@example.com,Male,2023-05-28,Saint Barthelemy
316546,Madison Morales,barryreilly@example.net,Female,2021-03-05,Argentina
316670,Robert Cantrell,barnettwilliam@example.org,Female,2025-01-19,Niger
316704,Kathryn Kent,vargassuzanne@example.com,Female,2020-12-15,Bhutan
316996,Eric Mcconnell,lindsay85@example.com,Male,2024-04-10,Portugal
317292,Mark Scott,alexandrabradshaw@example.net,Female,2023-01-01,Slovakia (Slovak Republic)
317436,Maria Stewart,allisonclark@example.net,Female,2021-08-25,Uganda
317675,Cheryl Lopez,melissaramirez@example.org,Other,2020-10-13,Ukraine
317685,Jenna Perez,griffinalyssa@example.net,Other,2023-05-14,Uruguay
317871,Jennifer Mcdonald,ortizamy@example.com,Male,2025-03-06,Svalbard & Jan Mayen Islands
318048,Anita Estrada,annettecochran@example.com,Male,2021-09-04,Sao Tome and Principe
318369,Catherine Sanchez,xsantiago@example.com,Other,2023-10-22,Russian Federation
318766,Joseph Carter,juan09@example.org,Male,2022-01-11,Syrian Arab Republic
319260,Carlos Garcia,salazarpamela@example.com,Other,2023-09-21,New Caledonia
319287,Nathan Barnes,ssmith@example.com,Male,2020-11-23,Germany
319582,Kathleen Brown,brittney51@example.com,Female,2024-08-04,Angola
319619,Nancy Townsend,thompsonangela@example.com,Other,2024-09-23,Martinique
319937,Christopher May,tuckermelissa@example.com,Other,2022-03-19,Ecuador
320602,Karen Knapp,thomasjulie@example.org,Female,2023-06-16,Guatemala
320848,Kyle Lopez,ijohnson@example.org,Other,2022-06-08,Czech Republic
321991,Steve Norman,kkim@example.net,Male,2024-04-02,Timor-Leste
322130,Kristin Wilson,alexanderdaniel@example.org,Female,2023-10-12,French Southern Territories
322311,Ruben Tate,yewing@example.net,Male,2021-07-27,Dominica
322387,Jennifer Nelson,larryhaynes@example.net,Other,2025-01-25,Chile
322904,Zachary Smith,ibeck@example.com,Male,2023-10-08,Morocco
323006,Michelle Hoover,ryoung@example.com,Female,2020-08-30,Barbados
323209,Connie Smith,johnsonjesse@example.org,Female,2021-08-22,Saint Helena
323277,Barbara Edwards MD,kelly47@example.org,Female,2024-04-04,Chile
323282,Robert Mendoza,hgreen@example.org,Female,2023-07-30,Zambia
323678,Bryan Wagner,christopherwalker@example.net,Other,2025-07-13,Tuvalu
324318,Adam Hartman,tcook@example.org,Male,2025-06-24,Falkland Islands (Malvinas)
324626,Lisa Vang,gklein@example.org,Male,2021-04-02,Kiribati
324833,Emily Espinoza,vwhite@example.com,Other,2024-11-16,British Virgin Islands
325384,Jason French,hwilliams@example.net,Male,2023-05-04,Holy See (Vatican City State)
325448,Chelsea Gonzales,hwilson@example.org,Female,2023-05-10,Faroe Islands
326155,Kathryn Park,johnnavarro@example.net,Female,2024-02-15,Serbia
326482,Michael Smith,orodriguez@example.org,Female,2023-06-11,Angola
326611,Amy Vazquez,lsmith@example.net,Other,2024-07-29,Central African Republic
327126,Joshua Wilson,rodrigueznicholas@example.org,Other,2023-08-26,Gambia
327351,Omar Glover,talvarez@example.com,Male,2024-02-06,Colombia
328189,Diana Watson,scott17@example.org,Other,2025-07-03,Russian Federation
328245,Elizabeth Hoffman,jacksonryan@example.com,Male,2021-12-01,El Salvador
328328,Lori Moore,marshallcole@example.net,Female,2023-11-06,Tunisia
328602,Michelle Blake,fraziervictor@example.org,Male,2023-03-09,Turks and Caicos Islands
328964,Richard Pena,xsherman@example.net,Female,2022-10-25,Guam
329459,Gregory Cooper,christinawalker@example.net,Female,2023-07-08,Angola
329759,Courtney Lopez,carterregina@example.net,Other,2021-09-16,Puerto Rico
330485,Misty Escobar,farleyevelyn@example.net,Male,2025-07-14,Liechtenstein
330823,James Gordon,joseph84@example.net,Male,2022-10-01,Ethiopia
330907,Christian Ruiz,therrera@example.org,Female,2025-05-14,Saint Kitts and Nevis
332313,Tina Raymond,cweaver@example.net,Other,2023-10-08,Netherlands
332351,Steven Clark,emilymoore@example.org,Male,2020-10-06,Western Sahara
332722,Angela Malone,deleonjoshua@example.net,Female,2022-02-06,Malta
333014,Dana Rivas,kpatel@example.org,Other,2024-08-12,Iraq
333141,Matthew Dillon,cartermelissa@example.com,Female,2025-03-14,Yemen
333432,Maria Reid,owenssamantha@example.net,Other,2021-01-01,Vietnam
334008,Robert Munoz,ijordan@example.net,Other,2021-04-24,Saint Barthelemy
334173,Emily Manning,james15@example.com,Female,2023-10-14,France
334320,Kathleen Sparks,francobrian@example.net,Male,2021-04-01,Gabon
334402,Logan Short,dunnpatricia@example.org,Female,2024-10-06,Uganda
334427,Alex Wheeler,kyle25@example.net,Male,2024-05-29,Monaco
335073,John Johnson,ramireztoni@example.net,Female,2022-08-18,Gambia
335404,Dawn Smith,ywilliams@example.net,Female,2024-09-17,Israel
336057,Joe Harris,laurenstrickland@example.com,Female,2023-07-09,Malta
336261,Brittany Rasmussen,wcoleman@example.org,Other,2022-06-19,Ukraine
336666,Erin Prince,bjordan@example.net,Other,2020-12-17,Guyana
337141,Kirsten Hardin,ramosemily@example.org,Male,2020-09-18,North Macedonia
337369,Katie Brock,sherrycastillo@example.com,Female,2023-02-01,Zambia
338120,Autumn Cole,kelseysmith@example.org,Other,2021-09-12,Australia
338433,Ashlee White,rick55@example.com,Male,2024-01-18,Uruguay
338647,Kristy Bender,swansonbenjamin@example.com,Male,2025-03-27,Norway
338979,Kaitlin Raymond,davidfrank@example.org,Female,2021-08-29,Myanmar
340034,April Stanton,stevenskatherine@example.com,Female,2023-10-25,Guam
340392,Kathleen White,swoodard@example.com,Male,2022-10-31,Finland
341276,Jaclyn Perkins,travis43@example.org,Other,2021-11-24,United Arab Emirates
341651,Janet Newton,heidihuff@example.net,Other,2021-01-21,Bermuda
342328,Linda Wheeler,qalexander@example.net,Female,2021-06-16,Hong Kong
342816,Christie Lang,kimpatricia@example.org,Male,2021-05-28,Marshall Islands
344426,Kimberly Lee,edwardlowe@example.net,Male,2023-11-11,Grenada
345175,Laura Ramirez,jenniferwilliams@example.com,Male,2024-09-01,Martinique
346786,Doris Bernard,nancyjones@example.net,Other,2021-12-10,Iran
347026,Melissa Henderson,stephanie81@example.net,Other,2022-01-07,Namibia
347747,Rhonda Johnston,christianthompson@example.org,Male,2025-04-09,New Caledonia
347782,Justin Petty,qpena@example.com,Male,2021-03-10,Monaco
347932,Pam Jackson,robert83@example.net,Female,2025-02-10,Lao People's Democratic Republic
348473,Miranda Horn,phillipsbrooke@example.net,Female,2021-06-10,Guernsey
348548,Kyle Andrews,taylortoni@example.org,Female,2023-03-27,Senegal
349449,Roberto Franklin,dmoore@example.org,Other,2023-10-07,Switzerland
350051,Holly Hawkins,catherine83@example.com,Other,2021-10-08,Denmark
350113,Mrs. Joy Wright,rhaynes@example.com,Male,2022-11-23,Argentina
351869,Lauren Howard,ujones@example.com,Male,2024-01-01,Saint Helena
353304,Erin Khan,chad18@example.org,Male,2021-05-13,Korea
353885,Lauren Mendoza,kelly62@example.org,Other,2022-05-11,Senegal
353994,Jason Brown,andrewharris@example.net,Other,2021-02-16,Monaco
354086,Bobby Thomas,stewartruth@example.com,Other,2022-06-16,United States of America
354441,Anne Smith,tylerhernandez@example.net,Other,2023-11-12,Chile
354582,Christine Martinez,steventorres@example.org,Male,2025-01-05,United States Virgin Islands
354654,Rita Peterson,morrisonchristina@example.com,Male,2020-10-23,South Georgia and the South Sandwich Islands
355030,Charles Beck,trevor23@example.com,Other,2023-03-09,Timor-Leste
355038,Allison Holmes,emily08@example.com,Female,2023-10-04,Cyprus
355282,Dr. Carl Hardy,danielmorris@example.com,Other,2021-09-07,Nigeria
355973,Dana Davis,yolanda89@example.org,Other,2023-09-29,Gibraltar
356214,Veronica Leonard,efowler@example.org,Other,2023-08-27,Holy See (Vatican City State)
356422,Andrea Miller,kevin61@example.net,Male,2024-03-21,Guinea-Bissau
356709,Michael Miller,hailey11@example.org,Female,2025-01-10,Gabon
359049,Lisa Gillespie,medwards@example.com,Male,2021-10-11,Antigua and Barbuda
359172,Julie Powell,nicole58@example.com,Female,2023-07-12,Jordan
360288,Andrew Reese,lbuchanan@example.net,Male,2024-04-24,Georgia
360587,David Golden,gallaghervanessa@example.org,Other,2021-03-30,Iceland
360718,Kenneth Kim,jonathan91@example.com,Other,2023-07-05,Gabon
360992,David Nixon,caitlinbarnes@example.net,Male,2021-09-23,Singapore
361062,Brianna Johnson,joel61@example.org,Male,2022-04-18,United Kingdom
361251,Benjamin Harris,sarablack@example.net,Other,2021-10-05,Switzerland
361606,Michael Hull MD,kathryn98@example.com,Male,2023-06-18,Ecuador
361812,Nathan Morales,donnanixon@example.org,Male,2023-09-27,Cape Verde
361957,James Peterson,connie01@example.com,Male,2025-08-05,Netherlands Antilles
362327,Mr. Steven Reynolds,hilleric@example.net,Other,2020-12-07,Burkina Faso
362672,David Nelson,anthony71@example.org,Female,2024-12-21,Swaziland
362968,Sherry Barber,ysanchez@example.net,Male,2024-12-01,Morocco
363219,Brenda Craig,walshkyle@example.org,Male,2024-10-01,Montserrat
363295,Rebecca Kaufman,roymcknight@example.com,Male,2021-10-03,Martinique
363809,Jordan Murphy,jilldavid@example.org,Other,2021-02-05,Sierra Leone
364689,Donald Gutierrez,benjamin94@example.com,Other,2025-04-05,Nicaragua
365080,Justin Reynolds,tonirodriguez@example.com,Other,2023-10-15,Mozambique
365267,Erin Rollins,noneill@example.org,Female,2021-07-21,Holy See (Vatican City State)
365346,Daniel Thomas,kayla69@example.com,Female,2021-02-04,Cuba
365440,Kevin Hicks,earl48@example.net,Female,2022-05-15,Guam
365610,Michelle Morris,alanmills@example.com,Female,2024-11-29,Zambia
366213,Donna Liu,uproctor@example.net,Female,2020-10-28,Kenya
366393,Joanna Hayes,zortega@example.com,Other,2022-09-04,Honduras
367836,Jason Wilson,shaffertiffany@example.com,Female,2022-07-18,Anguilla
367897,Daniel Norris,tramos@example.com,Female,2020-11-25,Vanuatu
367916,Chad Larsen,mjones@example.net,Male,2023-06-12,Slovakia (Slovak Republic)
368481,Eric Blackburn,april79@example.org,Female,2024-03-16,Falkland Islands (Malvinas)
368970,Amanda Hines,bmorris@example.org,Other,2022-02-20,Kiribati
369148,Shelly Stafford DDS,durhamcarly@example.org,Other,2024-03-14,Honduras
369878,Jennifer Ortiz,michelle19@example.com,Other,2024-09-13,Denmark
371058,Samuel Sanchez,evansdan@example.com,Female,2022-05-02,Taiwan
371263,Jennifer Petty,steven75@example.com,Female,2024-05-28,Lebanon
371451,Joe Wagner,allisonberger@example.org,Other,2024-03-26,Congo
372102,John Edwards,lauramay@example.net,Male,2023-06-10,Afghanistan
372909,Allen Welch,afletcher@example.net,Other,2024-02-04,French Southern Territories
372918,Thomas Gilbert,amanda36@example.com,Female,2025-06-30,Hong Kong
373511,Elizabeth Lawson,knightreginald@example.org,Other,2023-11-08,Barbados
373717,Miguel Pham,catherinejohnson@example.net,Other,2022-04-09,Samoa
373771,Ashley Martin,sara93@example.com,Female,2020-09-06,Montserrat
374009,Mitchell Smith,klinekelly@example.org,Female,2025-06-11,Lebanon
374314,Rita White,lauren90@example.com,Other,2024-10-06,French Southern Territories
374841,Randy Patrick,christina26@example.org,Male,2025-08-07,Honduras
375096,Brian Lucas,lisa68@example.com,Female,2024-08-24,Panama
375495,Mary Orozco,christopherdiaz@example.net,Male,2021-10-07,Moldova
375753,Teresa Mathews,john78@example.com,Female,2025-08-21,Angola
375763,Mark Wilson,zfranklin@example.net,Other,2023-04-25,Niue
375873,Timothy Padilla,carrolljason@example.net,Other,2021-01-06,Bulgaria
375958,William Beasley,adunlap@example.org,Other,2023-02-18,Puerto Rico
375972,Alejandro Terry,jodi22@example.com,Other,2023-09-15,Seychelles
376274,David Meza,lesliemalone@example.com,Female,2021-08-14,Martinique
376383,Gabriel Miles,ruizrussell@example.net,Other,2022-12-20,Reunion
376817,Barbara Jones,brownjose@example.net,Female,2024-09-28,Montenegro
377170,Amanda King,johnsongarrett@example.com,Other,2023-07-16,Eritrea
377358,Danielle Vincent,danielcook@example.com,Other,2025-02-23,Haiti
379023,Brian Gibson,adam04@example.com,Male,2025-02-27,Sudan
379108,John Trujillo,lisa12@example.org,Male,2024-10-13,United States Minor Outlying Islands
380321,Cristian Morgan,sanderson@example.org,Male,2021-10-28,Heard Island and McDonald Islands
380436,Gregory Graham,smithrenee@example.org,Male,2021-04-18,Japan
380539,William Rodriguez,bbest@example.com,Female,2024-09-01,Congo
380793,Bobby Murray,mrobertson@example.net,Male,2023-08-16,Dominica
380830,Hannah Smith,kristadawson@example.net,Female,2021-04-06,El Salvador
380944,Jeffrey Jackson,ihuynh@example.com,Male,2023-02-23,Palau
381014,William Hayden,terry05@example.org,Male,2025-08-07,Djibouti
381841,Kristen Kline,ralphmeyer@example.com,Other,2020-10-20,Israel
381980,Darius Smith,sblankenship@example.org,Other,2025-07-10,Cocos (Keeling) Islands
382122,Brittany Martinez,andersonbrittany@example.net,Female,2022-12-28,French Southern Territories
382753,John Sanders,matthewmiller@example.net,Other,2020-09-03,Holy See (Vatican City State)
383161,Shane Rodriguez,rileymarcus@example.com,Other,2024-05-29,Kiribati
383679,David Middleton,taylorgregg@example.org,Male,2023-10-14,Chad
383843,Lisa Davis,kellie29@example.org,Other,2022-08-10,Trinidad and Tobago
384286,Maria Shepherd,john95@example.net,Female,2021-06-25,United Arab Emirates
384577,Robert Garner,lopezstephanie@example.net,Female,2022-11-25,Nepal
385574,Justin Manning,josephalexander@example.net,Male,2020-12-21,Dominica
385687,Joel Henson,qnichols@example.net,Male,2024-10-22,Jersey
385754,Gary Huang,francesmitchell@example.com,Other,2025-05-05,Falkland Islands (Malvinas)
386057,Carol Chang DVM,nathan58@example.org,Male,2022-04-19,Saint Kitts and Nevis
386059,Jacob Palmer,patriciarussell@example.net,Other,2023-10-30,Guyana
386321,Cheryl Stewart,pcraig@example.org,Female,2024-09-10,South Georgia and the South Sandwich Islands
386769,Christopher Flores,paul23@example.net,Female,2022-01-28,Belize
387398,Susan Walters,iarroyo@example.net,Other,2022-02-02,Moldova
389215,Bradley Carpenter,josephbrewer@example.com,Male,2021-12-25,Reunion
390142,Dominic Bruce,joshua37@example.com,Male,2020-10-23,Latvia
390684,Laura Wong,madelinejones@example.org,Female,2022-12-26,Palau
391750,Vincent Hernandez,charleswilkerson@example.org,Female,2021-06-17,British Indian Ocean Territory (Chagos Archipelago)
391874,Kathryn Kennedy,marcritter@example.net,Female,2024-04-23,Sao Tome and Principe
392110,Rachael Ortiz,suarezcrystal@example.net,Other,2023-11-11,Heard Island and McDonald Islands
392993,Mr. James Mcknight Jr.,stephanie70@example.com,Male,2024-05-04,Botswana
393196,James Hall,jonesgregory@example.net,Female,2024-07-04,Japan
393228,Mitchell Willis,ibarrasusan@example.org,Female,2024-10-31,Saudi Arabia
394762,Alex Adams,fdoyle@example.net,Female,2022-01-08,Saint Helena
395217,Amanda Barber,janetjohnson@example.org,Female,2021-11-06,Vanuatu
395290,Kristen Wright,james13@example.org,Male,2022-10-21,Honduras
395439,Tricia Medina,justindavis@example.org,Male,2022-03-17,Greenland
395473,Jasmin Hernandez,amy81@example.com,Other,2025-01-03,Uruguay
395548,Cory Houston,abecker@example.com,Female,2024-04-02,New Caledonia
395733,Timothy Watson,tbrooks@example.org,Other,2024-09-30,Korea
395873,Justin Simon,caldwellmark@example.net,Other,2025-02-26,Chile
396342,Kenneth Hancock,vflores@example.net,Male,2021-12-02,Saint Helena
396414,Jennifer Mcgrath,wroach@example.com,Other,2021-10-02,French Guiana
396629,Kimberly Lewis,michellehuerta@example.org,Female,2025-07-06,Cambodia
396645,Erica Jackson,anthony28@example.net,Female,2024-09-09,Canada
396725,Samantha Thompson,bradleysmith@example.net,Male,2021-09-17,Greenland
396872,Jeffery Ortega,sdavidson@example.com,Male,2024-10-23,Lao People's Democratic Republic
397856,Amber Ramos,tracyhernandez@example.com,Male,2023-01-04,Netherlands
398526,Jennifer Gates,shannonjames@example.org,Male,2025-08-28,Fiji
400082,Brian Woodard,bethany19@example.net,Female,2022-05-11,Holy See (Vatican City State)
400391,Cody Davis,wilsonmark@example.com,Female,2023-02-24,Niue
400632,Gary Cuevas,eric48@example.com,Male,2023-09-03,Togo
401102,Danny Holmes,dschmidt@example.org,Male,2023-12-01,Ethiopia
401213,Christine Torres,jean27@example.com,Other,2025-08-07,Singapore
401609,Christine Roberts,michaelking@example.net,Other,2025-03-17,United States Minor Outlying Islands
401662,Dr. Clinton Wood IV,julian77@example.net,Female,2024-05-12,Christmas Island
402111,Elizabeth Higgins,alexis50@example.org,Male,2023-07-22,Pitcairn Islands
402275,Marcus Rodriguez,nancysanders@example.com,Male,2023-11-28,Malawi
402433,Alexis Perez,troyhunt@example.net,Other,2025-05-28,Bouvet Island (Bouvetoya)
402639,Patrick Wilson,cstrong@example.com,Male,2022-11-21,Reunion
402682,Kelsey Garcia,rharris@example.com,Male,2022-05-22,French Southern Territories
403241,Patricia Davis,cookstacey@example.net,Other,2024-06-07,Liberia
403257,Sandra Reeves,duartecarolyn@example.com,Male,2022-01-22,Bahamas
403575,Lori Ramsey,victoriamoss@example.com,Male,2021-07-17,Cocos (Keeling) Islands
403922,Victoria Abbott,mchurch@example.org,Female,2021-09-03,Hong Kong
404255,Wayne Williams,rodriguezsarah@example.org,Female,2022-10-15,Bangladesh
404467,Anthony Smith,amy70@example.org,Female,2021-01-10,Qatar
404483,Cynthia Owen,howardmargaret@example.org,Male,2021-07-31,French Guiana
404568,Melinda King,elewis@example.net,Male,2024-07-08,Guyana
404612,Ricky Estrada,patricia93@example.com,Male,2020-12-02,Guinea
405151,Mr. Nicholas Santiago,reginaldespinoza@example.net,Female,2021-06-17,Colombia
405547,Stephanie Harris,usmith@example.net,Other,2021-08-01,Malaysia
406442,John Williamson,johnsonisaiah@example.com,Female,2021-02-24,Iran
408123,Regina Hartman,paulthompson@example.org,Other,2021-10-19,Jersey
409010,Amber Mcintyre,alishacallahan@example.org,Other,2023-06-19,Azerbaijan
409772,Patrick Johnson,ggordon@example.com,Female,2021-01-24,Bermuda
409945,Sherri Gomez,gary35@example.org,Other,2023-06-27,El Salvador
410038,Paul Davis,cgarcia@example.com,Female,2023-03-06,United States of America
410691,Lee Walker,moorefred@example.net,Male,2024-07-01,Ethiopia
411210,Robert Roberson,oharris@example.net,Female,2025-05-11,Saint Kitts and Nevis
411476,Timothy Cummings,xford@example.com,Male,2024-10-09,Namibia
411564,Diana Mahoney,xmarshall@example.com,Male,2021-04-12,Kenya
412641,Cynthia Gill,michael06@example.com,Male,2023-10-01,Svalbard & Jan Mayen Islands
413113,Krystal Perry,amychen@example.org,Other,2023-08-10,Cape Verde
413550,Michael Mata,jonathanbradshaw@example.com,Female,2021-01-08,Guam
413856,Miguel Perez,lopezchristopher@example.net,Female,2022-12-19,French Guiana
414792,Jennifer Greene,slewis@example.org,Male,2023-07-20,Jordan
415305,Tiffany Silva,scottmoody@example.net,Male,2024-03-13,Latvia
415646,Patricia Torres,william75@example.net,Other,2023-12-14,Panama
416139,Melissa Hansen,kevin44@example.net,Female,2021-06-09,Anguilla
416313,Pamela Cruz,cody89@example.org,Other,2022-10-03,Bolivia
416441,Rachael Brown,mary88@example.com,Female,2024-07-19,Mauritius
416566,Toni Barnett,diazmichelle@example.com,Other,2025-08-02,Egypt
416920,Kenneth Robinson,todd61@example.com,Male,2023-09-24,Yemen
417054,Patricia Harper,tammiemartinez@example.org,Other,2023-01-24,Portugal
417711,Janet Dominguez,eric64@example.org,Male,2023-08-27,Bermuda
418090,Donna Cook,treid@example.net,Male,2021-06-20,Czech Republic
418228,Heather Cameron,david26@example.com,Male,2022-05-09,Tuvalu
418479,Donald Smith,catherine37@example.com,Other,2024-02-21,Faroe Islands
418500,Lauren Key,carlhutchinson@example.com,Female,2022-02-09,Maldives
419438,Matthew Norris,jasmine91@example.net,Male,2021-02-25,British Virgin Islands
421248,Charles Hughes,waynehaley@example.com,Male,2025-02-23,Saint Barthelemy
421417,Michael Bailey,collierjocelyn@example.org,Male,2025-02-17,Zambia
421601,Michael Montgomery,fergusonemily@example.org,Female,2025-06-12,Andorra
421753,Alan Bennett,davisjacob@example.com,Male,2023-07-03,Moldova
421882,Jonathan Baker,rebeccadean@example.org,Other,2023-02-26,Mali
422149,Kevin Lee,brichardson@example.org,Other,2025-06-12,Saudi Arabia
422303,Brenda Morris,johndrake@example.com,Female,2020-12-12,Guinea-Bissau
422323,Nathaniel Jenkins,linda30@example.org,Male,2021-03-24,Albania
422381,Cristina Parker,gdaniel@example.net,Female,2024-01-25,Finland
422929,Allen Alexander,brittanymiranda@example.org,Female,2025-07-14,Benin
422981,Maria Cunningham,autumnfields@example.org,Female,2024-12-16,Djibouti
423292,Jeffrey Brown,gbailey@example.net,Other,2025-03-29,Seychelles
423555,Katie Gutierrez,tammywashington@example.com,Male,2023-03-05,Holy See (Vatican City State)
424645,Stacy Taylor,taustin@example.com,Male,2022-05-08,Moldova
424867,Chase Randolph,robinsonjeffery@example.net,Female,2025-01-03,San Marino
425075,Tamara Hodge,hobbsevelyn@example.org,Female,2020-10-26,Kyrgyz Republic
425154,Jessica Lee,tylercowan@example.com,Male,2025-03-21,Cuba
425303,Andrew Gonzalez,aaroncook@example.org,Male,2021-03-05,Brazil
425352,Robert Moss,frederickjames@example.org,Other,2023-04-29,Tonga
425568,Michele Gardner,donaldbarton@example.org,Male,2022-03-05,Tuvalu
425654,Jonathan Zimmerman,lisaharrington@example.org,Other,2022-12-12,Christmas Island
425670,John Marshall,olsondana@example.net,Female,2021-03-09,Rwanda
426382,Maureen Lopez,erica58@example.org,Female,2022-11-27,Burkina Faso
426588,Joel Davis,david79@example.org,Male,2024-01-30,Nigeria
428537,Michael Smith,ehansen@example.com,Female,2023-09-17,Croatia
428556,David Paul,lorettaallison@example.org,Female,2022-12-19,Guam
429797,Veronica Meyer,harriskelly@example.org,Female,2021-05-05,Japan
430277,Shannon Peterson,jshelton@example.com,Female,2023-08-19,Tokelau
430371,Charles Bird,benitezjimmy@example.net,Male,2024-10-25,Cocos (Keeling) Islands
430408,Jordan Harris,maydustin@example.com,Male,2023-07-16,Honduras
430451,Rodney Floyd,tracywheeler@example.net,Other,2023-06-16,Slovenia
430740,Michael Dodson,bmorgan@example.com,Other,2023-08-18,Palestinian Territory
431574,David Gibson,emartinez@example.com,Male,2024-11-06,Tonga
431969,Rebecca Pierce,nhenderson@example.com,Male,2023-10-31,Venezuela
431978,Joshua Miller,lucasandrew@example.com,Other,2022-01-01,Sri Lanka
432310,Kyle Wilson,thomasewing@example.net,Other,2024-01-22,Kenya
432808,Janet Carpenter,iperkins@example.net,Other,2020-10-19,Chile
433130,Miranda Black,diana23@example.com,Male,2025-05-24,Turkmenistan
434138,Robert Peterson,christopher02@example.org,Other,2024-08-31,Slovenia
434273,Frank Hamilton,kathy46@example.org,Other,2022-07-06,Kyrgyz Republic
434349,Lance Harris,shannonballard@example.net,Female,2024-08-19,Ecuador
434403,Michael Jordan,johnsonlisa@example.net,Other,2020-10-20,Zambia
434576,Alex Meyer,fwatkins@example.com,Female,2023-12-08,Saint Pierre and Miquelon
434787,Rebecca Carpenter,hilljoshua@example.com,Other,2021-03-26,Panama
438463,John Jensen,ubullock@example.org,Female,2025-05-14,Bahrain
438735,Douglas Phelps,samanthawest@example.com,Female,2024-07-13,France
439155,Kelly Wright,kimberlywells@example.com,Female,2025-03-20,Albania
439166,Joshua Schmidt,csmith@example.com,Male,2025-06-28,Malaysia
439758,Patrick Burns,cuevaschristine@example.com,Female,2023-03-10,Bosnia and Herzegovina
440039,Dillon Hill PhD,wvaldez@example.net,Male,2024-02-11,Kuwait
440230,Valerie Adams,lowecharles@example.net,Other,2024-11-18,Congo
440259,Jason Li,oclark@example.org,Male,2021-10-29,Uzbekistan
440373,Erin Farmer,khill@example.com,Other,2023-06-09,Isle of Man
440425,Travis Garrison,hhutchinson@example.net,Female,2021-12-19,Slovenia
440482,Ryan Smith,michaelrobinson@example.com,Other,2023-02-02,Gibraltar
440591,Taylor Johnson,chrislang@example.org,Other,2025-05-05,Niger
440666,Lori Cervantes,leonardjeffrey@example.net,Other,2022-11-20,Kenya
441252,Shannon Mason,jedwards@example.org,Female,2023-12-01,Tonga
441610,Cassidy Barton,pschwartz@example.net,Other,2024-12-23,Slovakia (Slovak Republic)
441631,Kimberly Cox,wangdustin@example.net,Male,2024-02-05,Montserrat
441769,Maria Torres,uhobbs@example.org,Female,2021-10-20,Bouvet Island (Bouvetoya)
442398,Frank Garcia,dawn47@example.com,Female,2021-11-06,Macao
442434,Wesley Sanchez,aprilmoore@example.org,Female,2024-04-30,Romania
442841,Evan Liu,melissa24@example.org,Female,2022-12-11,Namibia
444176,Karen Carlson,stevensheidi@example.com,Other,2025-02-18,Montserrat
444610,Karen Green MD,vthompson@example.org,Other,2025-06-28,Northern Mariana Islands
444779,Melvin Wise,davidsmith@example.org,Female,2020-12-18,Suriname
446001,Alexander Johnson,clarkmike@example.com,Male,2022-01-24,Afghanistan
446024,David Bonilla,daniel84@example.com,Female,2023-12-20,Russian Federation
446234,Robert Gonzalez,scottfisher@example.com,Female,2025-05-30,Egypt
446397,David Allison,danielparks@example.net,Male,2021-09-11,Nicaragua
447158,Jacob Bell,jamiecampbell@example.com,Female,2022-08-25,Belgium
447207,Michael Turner,kmoore@example.org,Male,2023-10-16,Singapore
447347,Christopher Page,trichmond@example.org,Other,2021-10-26,Egypt
447635,Kevin Ellis,hturner@example.net,Male,2022-10-05,Mexico
448195,Alexander Sullivan,ycarter@example.net,Other,2021-05-18,Denmark
448642,Tyler Hall,zcampos@example.com,Male,2024-04-30,Chad
448651,Gary Johnson,weavermark@example.net,Other,2022-02-09,Guam
449643,Kelli Kane,rrodriguez@example.org,Other,2022-04-11,Russian Federation
449678,Karen Bowman,sydney04@example.com,Male,2025-06-05,Grenada
450053,Justin Williams,ehines@example.com,Other,2023-12-03,Cameroon
450143,Gary Estrada,randymahoney@example.net,Male,2023-01-20,Honduras
450277,Christina Hanna,gcarter@example.com,Male,2021-03-22,Montserrat
450988,Joseph Barry,pamela42@example.net,Female,2024-01-17,Rwanda
451240,Matthew Tate,christiancampbell@example.org,Male,2023-12-10,Australia
451376,Cynthia Smith,susan32@example.com,Male,2021-12-05,Israel
451532,James Chase,terrywilliam@example.org,Female,2020-09-12,Niger
452255,Dennis Mitchell,jeffery61@example.org,Other,2021-04-22,Libyan Arab Jamahiriya
452675,Randall Parker,hansenjesse@example.com,Male,2021-02-10,Faroe Islands
453000,Brandon Brown,jessica32@example.net,Other,2022-05-26,Jamaica
454260,Katie Price,jason14@example.org,Female,2025-06-25,Bulgaria
454439,Stephanie Wang,zjackson@example.net,Other,2025-06-04,British Virgin Islands
454487,Kelli Rosales,fbrewer@example.org,Male,2022-10-09,Kiribati
454595,Thomas Holloway,padams@example.com,Other,2022-08-18,Dominican Republic
454748,William Jackson,parkercourtney@example.org,Female,2020-09-30,Eritrea
455391,Wesley Frazier PhD,fitzgeraldleah@example.com,Female,2024-05-07,Mozambique
456161,Kelly Atkinson,harrisdavid@example.com,Female,2025-02-15,Vanuatu
456422,Joseph Roy,afields@example.net,Other,2025-06-29,French Guiana
456456,Cody Wilson,lee52@example.net,Male,2021-10-08,Jamaica
456916,Raven Thomas,heather28@example.com,Female,2022-12-21,Andorra
457185,Timothy Lee,lambertteresa@example.org,Male,2021-01-18,Oman
457345,Derrick Holden,snyderjohnny@example.com,Male,2022-09-20,Congo
457500,Jose Thompson,zachary84@example.org,Other,2022-09-25,Cote d'Ivoire
457725,Jacqueline Acosta,taylorjimenez@example.com,Male,2025-03-18,French Southern Territories
457771,Joshua Harrell,perryjason@example.net,Female,2021-08-13,Western Sahara
458302,Isabella Bailey,davidpayne@example.org,Female,2022-04-29,Costa Rica
458556,Christopher Tucker,ymurphy@example.net,Other,2023-04-03,Western Sahara
458568,William Pineda,rthomas@example.org,Female,2023-08-23,Brunei Darussalam
459357,Dan Parker,hamiltondeborah@example.net,Female,2024-12-31,Haiti
459386,Nancy Hunter,paulagraves@example.org,Female,2023-08-07,Congo
460765,Paige Wolf,jlee@example.org,Other,2023-08-25,Greece
461164,Tanya Smith,johntaylor@example.com,Female,2023-01-12,Iceland
461443,Lacey Logan,seanreed@example.com,Female,2021-10-01,Kazakhstan
461737,Jessica George,veronica36@example.net,Other,2024-12-11,Gabon
462206,Henry Williams,aholt@example.com,Male,2023-11-10,Gabon
462925,Scott Peterson,kimberlytorres@example.net,Female,2020-11-06,Colombia
462940,Emily Lowe,ksmith@example.com,Other,2021-03-20,Mozambique
463847,Andrew Dixon,robinhardin@example.com,Other,2024-11-05,Mauritius
464062,Michael Flores,tolson@example.com,Male,2022-01-03,Gambia
464795,Julia Hayes,mpittman@example.com,Male,2023-12-01,Sudan
464888,Natalie Smith,brettgoodman@example.com,Female,2023-01-15,Slovakia (Slovak Republic)
464991,Mark Gregory,kathleenholloway@example.com,Other,2022-05-14,Portugal
465612,Robin Mitchell,martinezleslie@example.com,Female,2021-02-19,South Africa
465701,Stephen Roberts,pamela92@example.net,Female,2024-02-20,Burkina Faso
467976,Felicia Simmons,wgray@example.org,Male,2021-10-12,Colombia
468171,Jennifer Khan,lindsey28@example.org,Other,2024-06-10,Kyrgyz Republic
468597,Jennifer Fischer,hturner@example.net,Male,2023-10-31,Libyan Arab Jamahiriya
469406,Andrea Nielsen,johngrant@example.net,Female,2024-07-26,Honduras
470580,Eric Garcia,lewismathew@example.com,Other,2020-12-10,Morocco
470730,Kevin Frey,michelle57@example.com,Male,2025-02-09,Cuba
470767,Linda Walker,tylergraham@example.net,Male,2024-04-04,Costa Rica
471538,Douglas Delacruz,sonyameyer@example.com,Other,2023-12-23,Montserrat
472250,Crystal Garner,petersonveronica@example.com,Other,2021-08-10,Guinea-Bissau
472295,Adam Smith,achandler@example.org,Female,2022-01-02,United States Minor Outlying Islands
472735,Christy West,summersmichael@example.com,Female,2025-05-30,Germany
473230,William Strickland,dgoodman@example.org,Other,2023-09-29,Guinea
473615,Thomas Horton,wclark@example.org,Other,2024-03-04,Kenya
474371,Haley Lee,brewerstephanie@example.org,Female,2024-12-15,Costa Rica
474422,Jonathan Hicks,aaron61@example.org,Other,2022-08-14,Norway
474430,Claire Crawford,hpowers@example.com,Other,2021-10-16,Anguilla
474773,Robert Williams,reneemann@example.com,Other,2025-08-03,Reunion
474882,Melissa Chambers,bradfordkevin@example.net,Male,2022-10-16,Lao People's Democratic Republic
474968,David Jones,mbennett@example.com,Female,2024-11-03,Bahrain
475005,Melissa Carter,qjones@example.org,Male,2021-10-23,Austria
476057,Heather Holland,brandi10@example.com,Female,2021-05-21,Micronesia
476354,Paul Rodriguez,shane39@example.org,Female,2022-11-20,Guinea
477646,Rachel Owen,ybridges@example.com,Other,2021-05-09,Guadeloupe
477739,Janet Reed,tammymartin@example.net,Female,2021-12-27,Palestinian Territory
478475,Henry Logan,michaelabbott@example.org,Female,2022-10-30,Greece
478737,Daniel Matthews PhD,williamsrachel@example.org,Other,2021-08-17,Thailand
479222,Stephanie Webb,smithmark@example.org,Male,2023-08-15,Russian Federation
479314,Thomas Jones,ryan33@example.org,Other,2023-10-17,Cape Verde
479824,Sean Murray,sanchezrobin@example.org,Male,2023-10-26,Gibraltar
480118,Edward Mathis,cwilliams@example.net,Male,2022-01-10,Aruba
480283,Anne Massey,epetersen@example.org,Male,2025-07-16,Qatar
480486,Jennifer Reed,ujohnson@example.org,Female,2024-07-16,Wallis and Futuna
480880,Donald Best,wdominguez@example.com,Male,2024-10-29,Cayman Islands
481225,Todd Hale,ykidd@example.org,Other,2025-02-01,Denmark
481361,Julie Solis,miguelmills@example.org,Female,2021-10-11,Cuba
481490,Elizabeth Miller,rodriguezstephanie@example.net,Female,2025-03-17,Kyrgyz Republic
482145,Scott Kline,kimheather@example.org,Female,2021-09-27,Czech Republic
482302,Alexander King II,stephenhodge@example.org,Female,2024-11-17,Gabon
482522,Joshua Clarke,plee@example.net,Female,2022-06-01,Costa Rica
482784,Mark Davis,susanbrown@example.org,Female,2021-05-03,Lesotho
482798,Steven Mcneil,shenson@example.com,Other,2023-03-29,Wallis and Futuna
482889,Michael Williamson,framsey@example.com,Female,2022-05-02,Cambodia
483035,Daniel Turner,duarterichard@example.org,Other,2023-07-25,Cameroon
483206,Gary Miller,xmoss@example.org,Other,2022-04-07,Eritrea
483341,Raymond Fernandez,gloriawagner@example.org,Male,2024-11-15,Switzerland
484260,Hunter Crawford,bpearson@example.com,Male,2022-08-13,Bangladesh
484448,Cynthia Mcdonald MD,thomas43@example.com,Female,2022-08-26,Dominica
484974,Crystal Hunter,woodanthony@example.net,Female,2022-04-21,Congo
485232,Monica Chen,gordon32@example.net,Male,2024-01-12,North Macedonia
485454,Brandy Miles,kstewart@example.net,Male,2021-01-06,Libyan Arab Jamahiriya
485571,Beth Andrade MD,warrendenise@example.net,Male,2021-01-21,Tokelau
485979,Tammy Richardson,ijacobson@example.com,Other,2023-01-15,Belgium
486330,Nicole Fitzgerald,tamara63@example.net,Female,2021-04-20,Korea
487380,John Campbell,iward@example.net,Female,2023-12-20,Cameroon
487609,Emily Richardson,frederick34@example.org,Other,2024-11-16,Saint Pierre and Miquelon
487611,Don Chambers,powellthomas@example.com,Male,2022-11-11,Mayotte
488460,Amanda Collier,uhoover@example.org,Female,2021-09-05,India
489384,Juan Howard,ulawrence@example.net,Male,2024-07-25,Saint Helena
489782,Lauren Johnson,jeffrey39@example.org,Male,2021-10-12,Sao Tome and Principe
490042,Nancy Kelley,bcoleman@example.org,Female,2021-07-16,Wallis and Futuna
490377,Alexa Nunez,amanda57@example.net,Male,2022-02-03,Faroe Islands
490795,Megan Cunningham,carolynwilson@example.net,Male,2022-12-09,Bermuda
490982,Selena Jordan,kwalker@example.net,Female,2025-01-11,Hungary
491138,Debra Ford,bentleyjason@example.net,Female,2021-03-30,Peru
492294,Ethan Wiley,antoniojohnson@example.org,Male,2021-12-16,Holy See (Vatican City State)
492647,Juan Jordan,ksmith@example.net,Male,2024-06-05,Lithuania
492850,Mr. Michael Zuniga,coreyjackson@example.org,Other,2021-08-25,Heard Island and McDonald Islands
492972,Mark Walter,wshannon@example.net,Female,2023-08-21,Tanzania
493228,Jake Clarke,nrogers@example.net,Other,2023-10-28,United States Virgin Islands
493260,John Shepherd,xcampbell@example.com,Male,2024-05-12,Isle of Man
493427,Jenny Vang,ryangonzalez@example.net,Female,2023-10-11,Brunei Darussalam
493444,Matthew Jones,susanhill@example.org,Other,2022-08-21,Tajikistan
493505,Desiree Dalton,haynesdavid@example.org,Female,2024-12-21,Liechtenstein
494682,Stacey Young,ashley01@example.org,Female,2022-10-02,Iran
494750,Paul Nichols,dshort@example.org,Other,2021-02-09,Bolivia
495045,Morgan Johnson,shannoncarey@example.net,Male,2025-08-16,Vanuatu
495328,Penny Howard,colemanmelissa@example.org,Male,2021-01-20,Palau
495625,Melanie Soto,wkrause@example.org,Female,2024-12-08,Reunion
495761,Jennifer Stevens,ericcameron@example.com,Other,2023-04-01,Zambia
495834,Kristi Farmer,zachary39@example.com,Female,2024-03-08,Eritrea
495973,William Johnson,clarkjames@example.com,Male,2020-12-17,Cote d'Ivoire
496055,Jeffrey Sherman,vwood@example.org,Male,2022-06-19,Syrian Arab Republic
496420,Dawn Porter,ryan88@example.com,Other,2021-02-07,Lithuania
496421,Trevor Raymond,xweiss@example.com,Other,2023-04-12,Yemen
496876,Kim Hunter,lauren61@example.com,Female,2021-01-14,Holy See (Vatican City State)
497173,Michelle Medina,foxlinda@example.org,Male,2021-03-25,Mauritania
497342,Charles Davis,joshua58@example.com,Other,2020-09-07,Azerbaijan
497725,Edwin Ruiz,timothy05@example.org,Male,2023-08-05,Chile
498280,Peggy French,dawn74@example.com,Other,2021-12-25,Qatar
498549,Victoria Cruz,bmorton@example.org,Female,2021-08-05,Korea
498611,Kathy Murphy,peter48@example.net,Other,2022-12-10,Cocos (Keeling) Islands
499070,Joseph Perez,tjames@example.net,Other,2024-01-13,Jamaica
499169,Gerald Porter,hooperchristopher@example.net,Female,2025-02-22,Guinea
499254,Mr. Dylan Hensley,xanderson@example.net,Female,2025-08-19,Turks and Caicos Islands
499629,Joshua Williams,zholt@example.org,Male,2024-12-15,Fiji
500408,Allison Watson,crosbykimberly@example.net,Other,2020-11-07,Germany
502203,Sandra Bowman,sparksmarilyn@example.net,Female,2021-12-28,Congo
503943,Gilbert Williams,lindafletcher@example.com,Female,2022-03-19,South Georgia and the South Sandwich Islands
504025,Elizabeth Peck,garciapaul@example.net,Other,2023-09-23,Congo
504039,Melissa Gonzales,ukeith@example.org,Other,2023-10-02,Equatorial Guinea
504335,Kelly Banks,david29@example.com,Other,2021-03-20,Bangladesh
504389,Ashley Patton,moorechelsea@example.org,Other,2022-01-07,Belgium
504418,Michele Carpenter,ronalddavis@example.com,Other,2025-01-07,Nepal
504504,Kevin Kirby,jeremy04@example.org,Other,2023-02-26,Guam
504976,Alan Alexander,jose13@example.com,Other,2021-02-20,Antigua and Barbuda
505369,Toni Osborne,iweber@example.net,Male,2020-09-21,Turkmenistan
505517,Terri Schmitt,matthewthomas@example.com,Other,2025-06-24,Wallis and Futuna
505950,Julie Martinez,zmartinez@example.com,Female,2020-09-03,Nepal
506511,Cheyenne Weber,wwhite@example.com,Male,2024-02-29,Vietnam
507100,Juan Padilla,cherylfoster@example.com,Male,2021-08-25,Vietnam
508197,Carrie Valdez,brentanthony@example.net,Female,2025-04-26,Niger
508285,Phillip Kelly,charles28@example.com,Male,2022-06-19,Liberia
509345,John Lee,todd57@example.org,Other,2023-03-20,Portugal
510236,Mitchell Williams,jeffreycook@example.com,Female,2024-12-19,Brunei Darussalam
511135,Michelle Obrien,loganstephanie@example.org,Male,2024-04-13,Reunion
511235,Thomas Vaughan,matthew86@example.com,Female,2021-09-26,Indonesia
511490,Melanie Sullivan,butlerryan@example.net,Male,2024-09-16,Macao
511555,Joseph Campbell,autumn63@example.com,Other,2025-07-12,Niue
512653,Thomas Daugherty,rachelmcintosh@example.com,Male,2020-08-30,Ukraine
513830,Megan Terry,hollyhill@example.com,Male,2023-01-19,Latvia
515933,Brad Odom,mezadavid@example.com,Other,2024-02-10,Costa Rica
516083,Karen Powell,jasmine33@example.org,Other,2023-03-10,Panama
516419,Michelle Gomez,gjenkins@example.com,Male,2022-11-27,Ethiopia
517298,Laura Gallagher,brian75@example.org,Female,2025-01-17,Finland
517675,Francisco Castillo,zmcgee@example.com,Female,2024-11-04,Mauritius
517747,Michael Ramos,zachary56@example.org,Female,2025-08-14,Martinique
517820,Charles Brooks,danieljames@example.org,Other,2021-01-13,Tunisia
518225,William Hernandez,cglover@example.net,Male,2023-11-30,Moldova
518243,Ashley Dalton,dawsonlinda@example.org,Other,2025-04-24,United States Minor Outlying Islands
518263,Jessica Mitchell,jasonmccarthy@example.net,Other,2024-04-29,Cambodia
518315,Michael Kirk,roblesbarbara@example.net,Male,2023-11-22,Netherlands Antilles
518829,Katherine Harrison,espinozamichael@example.net,Other,2024-10-11,Haiti
520587,Antonio Petty,vshepherd@example.com,Other,2022-08-12,Sierra Leone
521127,Andrew Fields,susan21@example.org,Female,2025-01-21,Czech Republic
521407,Sarah Oliver,ellisgeorge@example.net,Male,2023-03-06,Norfolk Island
521594,Christian Lozano,kenneth98@example.org,Male,2023-11-22,Korea
521952,Stephanie Miller,iwells@example.net,Female,2021-01-16,Jordan
522945,Katie Ponce,zacharyramos@example.com,Female,2021-01-18,Heard Island and McDonald Islands
524356,Natalie James,john68@example.net,Female,2022-10-25,Denmark
524514,Steven Bowen,curryjames@example.net,Male,2025-05-03,Cyprus
524526,Alexandra Davis,carlos15@example.com,Male,2024-05-20,Belgium
525568,Brian Sanchez,urojas@example.com,Male,2022-02-01,Ghana
526207,Dennis Butler,andersontim@example.net,Male,2025-04-18,Trinidad and Tobago
526471,Betty Leonard,ashleybennett@example.com,Other,2022-02-12,Guadeloupe
527428,Kerri Munoz,njohnson@example.org,Male,2023-08-19,Nigeria
527634,Jordan Anderson,nancysimpson@example.com,Male,2025-08-29,Palestinian Territory
527813,Danny Carter,davismichael@example.net,Female,2024-02-22,Georgia
527932,Lauren Michael,johnathanfox@example.org,Female,2021-06-09,North Macedonia
527994,Melissa Boyd,moodychristina@example.com,Other,2022-10-30,Cote d'Ivoire
529032,John Higgins,chavezfelicia@example.net,Female,2020-09-04,Timor-Leste
529036,Denise Wood,kevin26@example.org,Other,2023-02-15,Israel
529194,Valerie Carter,arich@example.com,Other,2024-06-15,French Guiana
530102,Andrew Lopez,zhowe@example.org,Male,2023-06-16,Ecuador
530362,Deborah Hernandez,moorekelly@example.net,Other,2023-12-11,Mozambique
530737,Linda Morrow,rogersgregory@example.com,Female,2024-09-22,Saint Kitts and Nevis
531637,Mark Knox,nathanielhaynes@example.com,Other,2024-09-06,Oman
531751,Brenda Tate,jeffrey72@example.com,Other,2024-01-03,Uzbekistan
531775,Jeremiah Reyes,anitawagner@example.com,Other,2022-11-25,Bosnia and Herzegovina
531846,Sarah Cohen,halvarado@example.com,Female,2024-08-03,Lesotho
531909,Morgan Rios,crystalferguson@example.org,Male,2020-11-09,Eritrea
532081,Eric Lewis,vlambert@example.net,Female,2025-08-15,Russian Federation
532464,Amy Moore,davidchristopher@example.org,Female,2021-05-30,Indonesia
532511,Christopher Johnson,christina55@example.org,Other,2021-06-16,Norway
532874,Aaron Grant,seancampos@example.net,Male,2023-01-02,Japan
533115,Madeline Carter,allisondunn@example.net,Other,2025-08-15,Suriname
533140,Douglas Smith,emiller@example.net,Other,2023-06-03,Christmas Island
533513,Kristina Taylor,christy59@example.com,Male,2023-08-17,Egypt
533711,Angel Woods,umassey@example.com,Female,2021-02-20,Anguilla
534302,Melissa Taylor,dannypalmer@example.org,Male,2024-01-12,Moldova
534327,James Thomas,kimberlygreen@example.org,Other,2025-03-12,Trinidad and Tobago
534566,Jessica Nelson,thomasconnie@example.net,Other,2023-07-04,North Macedonia
534677,Rebecca Hughes,michaelbarnes@example.com,Female,2022-06-02,Congo
535154,Lindsay Vaughn,umorse@example.org,Male,2022-12-13,Congo
536013,Jacob Carr,michael21@example.com,Female,2024-11-12,French Polynesia
536331,Jessica Avila,brian14@example.com,Female,2021-11-18,Monaco
536491,Kim Spencer,johngardner@example.net,Male,2025-02-02,Colombia
536518,David Terry,fgonzalez@example.org,Male,2024-08-29,Mexico
536904,Benjamin Jones,sextonbarbara@example.com,Other,2023-11-02,Brunei Darussalam
537864,Zachary Walker,oherman@example.org,Male,2021-12-29,Vanuatu
538399,Chad Allen,cameron26@example.org,Other,2024-12-06,Belize
538637,Cindy Cox,lopezrichard@example.net,Male,2022-10-02,Aruba
539043,Rebecca Greer,zporter@example.org,Male,2021-07-20,Panama
539121,Amanda Phillips MD,jeffrey35@example.org,Female,2024-10-08,Myanmar
539648,Shelly Moore,taylor96@example.com,Female,2020-10-02,Thailand
540357,Jeanette Mendez,baileyjesse@example.net,Male,2022-07-29,Norway
540451,Tony Perez,millerdavid@example.net,Other,2023-03-13,Lao People's Democratic Republic
540679,Karen Cole,xwelch@example.com,Male,2022-10-06,Svalbard & Jan Mayen Islands
540747,Michael Miranda,brennanpaul@example.com,Male,2025-01-05,Vanuatu
541388,Scott Mcfarland,robinsonkevin@example.net,Female,2025-04-24,Kyrgyz Republic
541516,Cynthia Larson,benjaminboyle@example.org,Male,2022-11-18,Lebanon
541668,Jon Hunter,tsmith@example.org,Male,2024-03-24,Lesotho
541898,Yvonne Gonzalez,terri62@example.com,Male,2025-05-31,American Samoa
542600,Ashley Myers,marc76@example.org,Female,2022-10-23,Guyana
542734,Harold Fox,allisonrhodes@example.org,Male,2023-02-16,Guatemala
542789,Ashley Cunningham,callahanluis@example.com,Other,2025-04-12,French Southern Territories
542969,Andrew Gibbs,gonzalesjulie@example.org,Other,2022-09-30,Belize
543133,Nathaniel Frank,silvadaniel@example.com,Male,2024-09-08,Belize
543139,Aaron Lucero,gcalderon@example.org,Male,2021-04-16,Reunion
543690,Christopher Allen,larsonsarah@example.net,Other,2025-03-03,Costa Rica
543963,Bryan Reynolds,alexdiaz@example.com,Female,2023-08-16,Belize
544331,Sarah Keller,yanderson@example.net,Other,2021-04-27,Wallis and Futuna
544542,Erin Irwin,mpaul@example.com,Other,2021-10-10,Suriname
545133,Thomas Hernandez,gregoryferguson@example.com,Other,2025-06-28,Nicaragua
545553,Nicole Meza,christine76@example.org,Male,2024-08-27,Guernsey
546709,Dawn Palmer,jrodriguez@example.com,Female,2022-09-04,Cape Verde
546997,Kristen Bailey,david60@example.org,Other,2021-12-28,Bhutan
547042,Christina Lang,michelle20@example.org,Male,2021-08-01,Hong Kong
547167,Valerie Moran,joshua55@example.org,Other,2021-08-27,Brazil
547728,Jennifer Shannon,alexandrawebb@example.net,Female,2023-11-15,Paraguay
547931,Joseph Rice,phillip32@example.org,Other,2022-11-30,Botswana
548213,Deborah Morris,wilsonmichael@example.com,Female,2024-06-19,Ecuador
548310,Mr. Gregory Clark,blackbobby@example.org,Other,2023-05-13,Iran
548339,Wyatt Baxter,lfry@example.org,Female,2023-09-12,Honduras
548556,Taylor Butler,marypitts@example.net,Other,2023-06-23,Belarus
548848,Judith Preston,lgamble@example.net,Male,2022-08-02,Morocco
548929,Anthony Rasmussen,martinallison@example.net,Female,2024-05-02,Montenegro
548988,Kelsey Wells,wilsonlisa@example.net,Male,2021-02-17,Eritrea
549361,Natasha Smith,amandawashington@example.org,Female,2023-03-03,Gabon
549402,Lauren Kaufman,sarah41@example.net,Other,2020-09-09,Solomon Islands
549407,Jesus Jones,hlane@example.com,Male,2021-02-20,United States Minor Outlying Islands
549696,Glenn Reyes,paul48@example.org,Other,2022-01-27,Ethiopia
549769,Rachael Glenn,murraydaniel@example.org,Male,2021-10-22,Guadeloupe
550181,Brian Berry,maxwellwolfe@example.org,Female,2024-10-11,Argentina
550381,Peggy Ewing,olsenmichael@example.com,Female,2025-07-12,Mauritania
550721,Edward Edwards,wmeadows@example.net,Other,2023-02-12,Lao People's Democratic Republic
550937,Heather Henry,gonzalezcrystal@example.org,Male,2022-06-09,Sierra Leone
551643,David Lee,jonathan09@example.com,Other,2024-03-30,Niger
551645,Kari Adams,washingtonscott@example.net,Other,2025-08-09,Honduras
551716,Peggy Cook,jocelyncrawford@example.com,Male,2025-08-09,Ukraine
552191,Nathaniel Bauer,rebecca08@example.com,Female,2024-10-08,Italy
552419,Adrian Reyes,davidwilliams@example.net,Female,2025-03-21,South Africa
552766,Timothy Washington,jacqueline23@example.org,Male,2023-04-16,Greenland
553625,Thomas Lin,rickyguerrero@example.net,Other,2021-07-25,Gambia
553630,Alexander Davis PhD,darren57@example.org,Male,2024-02-04,Macao
554199,Erik Thompson,justinvasquez@example.com,Male,2024-07-14,France
554878,William Galvan,sdavis@example.com,Female,2022-03-11,Armenia
555022,Dillon Smith,craig58@example.com,Male,2025-03-19,Lebanon
555775,Jessica Castro,matthewvega@example.org,Other,2023-05-15,Canada
555973,Joshua Schwartz,angelasexton@example.com,Other,2022-01-21,Niue
556757,Anthony Aguilar DVM,velasquezdustin@example.org,Female,2023-07-19,Grenada
557039,Robert Hobbs,waltersderrick@example.net,Other,2022-03-25,Ghana
557084,Angela Johnson,audreybishop@example.net,Other,2025-01-14,Rwanda
557497,Wayne Turner,jackiemendez@example.com,Female,2024-04-01,Malawi
558040,Margaret Tran,patrick07@example.net,Other,2020-12-24,Isle of Man
558228,Laura Adams,connie23@example.com,Other,2021-08-25,Niue
558637,Kristin Lloyd,jenniferwilson@example.net,Male,2021-10-25,Germany
559733,Jessica Bruce,bakertamara@example.net,Male,2020-09-27,Taiwan
559920,James Jackson,nicholsjoseph@example.com,Female,2021-07-22,Montserrat
560028,Patrick Dorsey,edelacruz@example.net,Male,2021-08-14,Brazil
560431,Jason Nguyen,martinangela@example.com,Other,2022-06-06,Faroe Islands
560744,Nina Aguilar,nhall@example.net,Male,2021-05-07,Eritrea
561051,Tiffany Chapman,mooreamber@example.net,Other,2022-07-23,Georgia
563888,Ashley Park,crystalwong@example.net,Male,2020-11-25,Hong Kong
564344,Steven Strickland,hughesfrances@example.com,Male,2023-08-26,Austria
565210,Jill Ferguson,charles13@example.net,Male,2022-04-05,Nauru
565716,Brett Wilson,evanturner@example.net,Male,2022-12-11,Holy See (Vatican City State)
566807,Jocelyn Taylor,fjohnson@example.com,Female,2022-08-24,Montserrat
567128,Anthony Williams,brandonthompson@example.org,Female,2021-11-07,India
567482,Patrick Cruz,wilsonpeggy@example.net,Female,2022-02-13,Angola
568270,Christopher Jackson,xallen@example.com,Other,2024-06-05,Lesotho
568609,Scott Clarke,wrightstephen@example.org,Male,2022-11-07,Angola
569603,Tara Nelson,charlene53@example.net,Male,2023-09-06,Estonia
569801,Tammy Salazar,kimberly02@example.org,Female,2024-04-04,Portugal
569840,Kenneth Walker,nford@example.net,Other,2021-08-21,Eritrea
570006,Gary Smith III,norrissally@example.net,Other,2021-08-22,Slovakia (Slovak Republic)
570735,Kayla Owens,flynngina@example.org,Other,2021-03-26,Ecuador
570841,Monica Thomas,btaylor@example.com,Male,2022-02-04,Holy See (Vatican City State)
570898,Eric Johnson,timothy36@example.com,Female,2024-11-24,Czech Republic
571384,Anthony Lewis,sheilamurphy@example.org,Female,2022-05-29,Mali
571474,Timothy Marks,bowmantanner@example.org,Male,2023-11-25,Senegal
571598,Tyrone Jones,stephaniepotter@example.org,Male,2023-06-06,Grenada
571778,Laura Drake,patrick02@example.net,Male,2022-12-21,Somalia
571884,Rodney Walker,kylejordan@example.com,Other,2023-10-26,Senegal
572276,Linda Potter,christian48@example.com,Female,2025-07-18,Brazil
572546,Jennifer Drake,briannaforbes@example.net,Male,2022-10-03,Reunion
572916,Kelly Benitez,matthew02@example.org,Male,2023-11-26,Andorra
573943,Michelle Fuller,timothyduffy@example.org,Other,2022-09-09,Finland
574004,Lydia Wilson,jessicaweiss@example.com,Other,2024-12-01,British Virgin Islands
574528,Sandra Ramsey,suzanne80@example.com,Other,2020-09-15,Bosnia and Herzegovina
575661,Ryan Williams,hparker@example.net,Female,2021-12-11,Tonga
575780,Courtney Daugherty,richard92@example.org,Other,2022-06-17,Andorra
576170,Russell Mcconnell,xevans@example.com,Female,2023-05-08,United Kingdom
576363,Sean Barton,karajones@example.org,Male,2021-02-17,United States Virgin Islands
576633,Marcia Lee,montgomeryjoshua@example.net,Other,2024-10-05,Isle of Man
576957,Angel Baker,carpentermary@example.net,Female,2022-02-04,Congo
576994,Ryan Miller,mdavidson@example.org,Male,2020-09-19,Poland
577019,Carolyn Sanchez,patricia53@example.com,Female,2022-06-10,Croatia
577129,Sandra Kelly,christopher61@example.com,Other,2021-04-01,Mauritania
577204,Mr. Phillip Armstrong Jr.,gail45@example.com,Male,2025-03-15,Germany
577304,Karen Ruiz,andrewskelly@example.net,Other,2025-05-17,Tonga
578498,Elijah Morrison,marc68@example.com,Other,2023-03-18,Switzerland
580482,Eric Mcclain,swilliams@example.org,Male,2025-04-27,Uzbekistan
580689,Dr. Jordan Henry,pattersonnicholas@example.net,Female,2022-11-29,Isle of Man
581058,Grant Quinn,iyoung@example.com,Other,2023-04-14,Jordan
581158,Dennis Richardson,lauren28@example.org,Female,2022-01-28,Malawi
581396,Donald Perry,vwood@example.org,Female,2025-05-03,Swaziland
581810,Christopher Garcia,wooddan@example.net,Other,2022-06-07,Romania
581848,Gary Bennett,nicholas37@example.org,Male,2020-11-13,Lesotho
581940,Nancy Chapman,tthomas@example.com,Male,2022-05-27,Lebanon
581958,Jonathan Butler,angela17@example.net,Male,2024-02-18,Turkey
582244,Kristi Mendoza,rebecca00@example.net,Male,2021-10-13,Iran
582249,Alexander Jensen,nicole74@example.net,Other,2021-02-12,Spain
582561,Karen Henry,michellejackson@example.net,Male,2020-11-05,Saint Barthelemy
582814,Yvonne Gardner,yjacobs@example.net,Female,2020-10-17,Mauritius
583195,Jason Lawrence,jason21@example.com,Female,2022-01-14,Sudan
583882,Shannon Spence,kelly77@example.net,Female,2025-07-13,Angola
585188,David Sellers,kellygallegos@example.com,Other,2021-07-25,Tunisia
585437,Joseph Ramsey,susan55@example.com,Male,2023-03-10,British Virgin Islands
585989,Jeffrey Hall,smithmark@example.com,Other,2022-10-04,Panama
586047,Joseph Riley,michael02@example.com,Male,2024-12-20,Sao Tome and Principe
586212,Cindy Martin,natalie05@example.org,Male,2025-03-26,British Virgin Islands
586437,Anna Walker,robertsonrandy@example.net,Male,2023-07-25,Belarus
586585,Danielle Proctor,williamsellen@example.net,Female,2021-07-15,Trinidad and Tobago
586630,Steven Johnson,wcase@example.net,Female,2022-04-04,Svalbard & Jan Mayen Islands
586972,Michael Bishop,yatesnicole@example.org,Other,2021-05-11,Netherlands
586984,Cynthia Gilbert,glopez@example.net,Other,2024-08-14,Egypt
587807,Jessica Collins,leejohn@example.net,Male,2021-04-01,Guinea-Bissau
587995,Michael Osborne,grayjeremy@example.net,Other,2022-12-07,Bolivia
590360,Hannah Woods,theodorefrancis@example.org,Male,2023-07-30,Norfolk Island
591747,Heather Mills,tony56@example.net,Other,2023-05-11,Western Sahara
592043,Tracy Gonzales,valeriesanders@example.com,Male,2025-07-15,Croatia
592102,Michael Frey,joycesarah@example.com,Male,2022-02-17,Saint Helena
592173,Adrian Watson,desireegallegos@example.org,Other,2024-02-05,Algeria
592532,Heather David,jessesmith@example.net,Male,2024-07-20,Costa Rica
592808,Jill Jensen,wmontgomery@example.net,Other,2025-05-19,Philippines
593104,Adam Miller,hogandenise@example.net,Female,2021-06-16,Bulgaria
593738,Travis Neal,smithtaylor@example.org,Female,2022-02-28,Cameroon
593864,Victoria Chang,burchrachel@example.net,Male,2025-08-25,Mongolia
593889,Daniel Thompson,bethany36@example.org,Female,2021-12-10,Burundi
593938,Christopher Aguirre,tammyjackson@example.org,Other,2022-12-22,Costa Rica
594333,Jessica Williams,lnguyen@example.org,Female,2021-11-09,Chad
594688,Amy Nguyen,jonesmiranda@example.net,Male,2025-06-02,Niue
595068,Tina Donovan,ssuarez@example.com,Other,2021-04-01,Lithuania
595222,Jessica Green,csellers@example.com,Female,2024-05-12,Dominican Republic
596043,Oscar Barrera,jennifernelson@example.org,Female,2022-11-05,Saudi Arabia
596495,Norma Anderson,gregorynelson@example.com,Female,2021-04-29,Georgia
597153,Tami Holloway,delgadodiana@example.com,Other,2022-10-03,Iran
597190,Jennifer Pace,rbarnes@example.net,Other,2021-02-23,Serbia
597273,Jennifer Richards,benjamin00@example.net,Other,2022-08-08,Sri Lanka
597579,Carlos Cooper,petersmatthew@example.org,Male,2021-04-03,Togo
597710,Daniel Allen,bmacdonald@example.net,Male,2025-03-31,Timor-Leste
598157,Nathan Sanders,tallison@example.com,Other,2022-07-31,Martinique
598349,Michael Martinez,dwright@example.com,Other,2023-09-22,Samoa
599006,Dylan Gonzales,jordanwatson@example.net,Male,2022-11-09,Czech Republic
599678,Diana Jones,qwade@example.com,Female,2023-11-15,Heard Island and McDonald Islands
599975,Rachel Walsh,christopher49@example.net,Other,2021-12-22,Gambia
600254,Devin Mills,fmiller@example.net,Male,2022-10-25,Turkmenistan
600358,Thomas Ellis,ramirezbrandy@example.net,Male,2025-04-01,Zimbabwe
601316,Michael Gay,cheryl15@example.com,Other,2021-11-21,Cook Islands
602323,Jose Johnson,patrickchan@example.net,Male,2022-07-28,Liechtenstein
602602,Michael Hubbard,ortizmatthew@example.net,Other,2022-01-03,Saint Barthelemy
602625,Amanda Osborne,hernandezkevin@example.com,Other,2021-03-01,Turkey
603248,Lindsey Banks,garciarobert@example.net,Male,2024-04-17,Azerbaijan
603784,Jennifer Holmes,marissapoole@example.org,Female,2024-12-08,Nicaragua
604264,Steven Lewis,barbaradavis@example.net,Other,2022-07-24,Turkey
604385,Michael Martin,michael08@example.net,Female,2024-04-15,Saint Vincent and the Grenadines
605731,Brian Velazquez,zachary13@example.org,Male,2022-08-07,Fiji
605965,George Chavez,hernandezjulie@example.net,Female,2021-06-17,Angola
606301,Molly Phelps,christopherperry@example.com,Other,2023-07-20,Guyana
607382,Melinda Armstrong,nicholasjackson@example.com,Female,2023-08-01,Dominican Republic
607522,Kevin Clark,madeline60@example.net,Male,2024-06-14,Ukraine
607815,Wayne Rogers,ohernandez@example.org,Other,2021-12-19,Belgium
607831,Christine Dunn,maddoxvicki@example.org,Female,2023-07-03,Mexico
608587,Amanda Gilmore,brittanywilliams@example.com,Female,2021-06-25,Afghanistan
609676,Mr. Kyle Orr,nharris@example.org,Female,2021-09-22,Slovakia (Slovak Republic)
610469,Brooke Thomas,millerjason@example.com,Female,2023-01-30,Guernsey
610929,John Chan,christopher51@example.com,Female,2021-08-08,Italy
611177,Arthur Baker,mgonzalez@example.com,Other,2023-01-13,Iran
611583,Belinda Lee,nbrown@example.net,Male,2024-04-20,Comoros
611665,Daniel Boyer,allenkimberly@example.com,Other,2020-09-11,Mali
612522,Steven Copeland,greenerichard@example.net,Female,2022-08-30,Pitcairn Islands
613228,John Crawford,vfrey@example.net,Male,2024-06-25,Mauritius
614114,Brian Whitaker,maldonadodonald@example.net,Other,2025-05-29,Equatorial Guinea
614142,Christina Cooper,stacey84@example.org,Female,2021-12-31,Oman
614224,Brooke Smith,garciabrian@example.com,Other,2022-03-07,Korea
614790,Kristy Walsh,erodriguez@example.org,Female,2021-08-10,British Virgin Islands
614987,Jill Rodriguez,reyesalbert@example.net,Other,2022-03-06,Australia
615087,Kellie Davis,ygonzales@example.org,Other,2021-01-08,Poland
615653,Robert Brown,lpittman@example.com,Female,2023-02-06,Turkmenistan
616002,Karen Barrett,jenniferestes@example.com,Male,2023-09-28,Mexico
616087,Peter Phillips,carlamorris@example.com,Female,2023-10-16,Russian Federation
616442,Thomas Nguyen,cbailey@example.com,Female,2025-01-25,San Marino
617313,Melissa White,ryan77@example.net,Female,2024-03-10,Croatia
617897,Susan Carpenter,travisharris@example.org,Female,2022-11-03,China
617977,Sandra Eaton,susanho@example.org,Female,2020-10-26,Antigua and Barbuda
619282,Jeff Davis,rogervasquez@example.net,Male,2022-06-28,Japan
619356,Kathy Harrison,wfox@example.com,Male,2022-02-15,Guinea
619802,Mr. David Barnett Jr.,smithkimberly@example.com,Male,2024-07-03,Trinidad and Tobago
620265,Troy Merritt,qreyes@example.com,Male,2022-03-14,Singapore
620282,Laura Young,walkerchristine@example.org,Male,2025-04-28,Somalia
620353,Justin Flores,sarahho@example.net,Other,2021-12-04,Bangladesh
620442,Tony Dawson,zmorton@example.org,Male,2021-08-27,Iran
621480,Kristin Sutton,chenchristopher@example.org,Male,2022-09-02,Niue
621719,Steven Edwards,amandamills@example.com,Male,2025-03-02,Guatemala
622345,Ronald Morris,amyjohnson@example.com,Female,2024-12-19,Jersey
623068,Anthony Black,greenbrian@example.net,Other,2025-07-22,Saudi Arabia
623201,Marc Taylor,tammycruz@example.net,Other,2022-10-04,Grenada
623769,Edgar Berry,espinozamichelle@example.org,Female,2025-08-12,Morocco
623879,Larry Walters,shannonhebert@example.net,Male,2023-08-30,Finland
624000,Stephanie Smith,shannonstrong@example.org,Female,2024-05-19,Ireland
624204,Eric Adkins,simsariel@example.net,Female,2025-03-24,Singapore
624266,Cameron Rodgers,dmiller@example.net,Female,2023-03-08,Cayman Islands
624397,Megan Rodriguez,pcrosby@example.org,Female,2023-07-01,Puerto Rico
624868,Angela Walker,christopherwalker@example.org,Male,2021-04-27,Sweden
624972,Patrick Perry,charleneturner@example.net,Female,2021-06-06,Bhutan
625057,Michael Steele,jessica43@example.org,Male,2021-05-05,Palestinian Territory
625359,Darius Garza,martinrebecca@example.com,Female,2025-06-23,Cook Islands
625675,Cynthia Contreras,james50@example.net,Female,2021-05-22,Saint Vincent and the Grenadines
626929,Curtis Kerr,brownjoann@example.net,Male,2021-05-17,Montserrat
627030,Linda Mendez,bridgetparker@example.com,Female,2024-09-10,Myanmar
628028,Desiree Bradford,yhenderson@example.org,Other,2024-08-07,Ukraine
628404,Tiffany Nelson,brownmegan@example.org,Female,2022-09-20,Taiwan
628938,Jodi Kane,emily58@example.net,Other,2023-08-21,Argentina
629157,Thomas Palmer,eduncan@example.com,Other,2023-10-07,Tunisia
629207,Barbara Hall,gtorres@example.org,Other,2022-06-08,Antigua and Barbuda
629217,Wayne Leonard,zwilliams@example.com,Male,2023-06-08,United Arab Emirates
629936,Alexander Henderson,rgonzalez@example.org,Male,2025-04-03,Guadeloupe
629965,Amber Mitchell,reedmelissa@example.net,Male,2022-07-16,Taiwan
630182,Christina Palmer,aguilarjacob@example.org,Male,2025-05-13,Cote d'Ivoire
630554,Danielle Herrera,bobby58@example.net,Male,2022-10-02,Malawi
630574,Dr. Jennifer Hawkins,wardnichole@example.com,Male,2023-02-13,Saint Lucia
631109,Joseph Brown,ericgallegos@example.net,Other,2021-05-23,Norway
631117,Joel Roberts,peckfrank@example.com,Male,2021-09-01,Eritrea
631367,Alexander Hendricks,reedmaria@example.org,Female,2024-12-27,Netherlands
631571,Lisa Reynolds,sarahenglish@example.org,Male,2024-01-20,North Macedonia
633881,Traci Clark,kayla24@example.com,Male,2023-05-27,Uzbekistan
634358,Jerry Jackson,carlosporter@example.org,Other,2022-07-03,Kuwait
634521,Bradley Galvan,deniseingram@example.com,Other,2022-09-20,Bolivia
635336,Megan Atkins,shawn06@example.net,Other,2020-09-09,Samoa
636055,Mary Turner,hailey08@example.org,Male,2024-04-25,Afghanistan
637226,Tiffany Hunt,kellyjackson@example.org,Other,2023-07-14,Djibouti
637425,Austin Harper,samantha67@example.com,Female,2023-07-12,Western Sahara
637515,Brian Jones,antoniopadilla@example.com,Male,2021-07-07,Liberia
637534,Laura James,timdelacruz@example.net,Other,2022-01-23,Cameroon
638030,Allen Taylor,william36@example.com,Other,2023-07-01,British Indian Ocean Territory (Chagos Archipelago)
638179,Steven Leach,pateltoni@example.org,Male,2020-11-12,Senegal
638330,Christopher Sims,kimlee@example.com,Male,2020-12-07,Niue
638778,Kristina Payne,tanner47@example.net,Female,2023-10-10,Algeria
638890,Jamie Nelson,lambrittany@example.net,Female,2025-06-07,Swaziland
639187,Kathryn Grant,melody13@example.net,Male,2022-03-17,Brazil
639215,James Sanchez,gordonantonio@example.com,Male,2024-11-04,Benin
639348,Patricia Morgan,robert91@example.com,Female,2023-01-29,India
639667,Dr. Mark Wagner,imartinez@example.com,Other,2025-06-25,Guyana
640026,David Young,johncolon@example.net,Other,2021-04-25,Kyrgyz Republic
641424,Anthony Colon,julie30@example.net,Other,2021-11-13,Suriname
641783,Michael Mclean,stacy96@example.net,Other,2020-11-14,Iran
641788,Matthew Mason,simpsonmary@example.net,Male,2022-04-06,Vanuatu
641946,Charles Fisher,phillipgreen@example.com,Female,2021-03-28,Argentina
642223,Michael Campbell,richard60@example.com,Male,2023-06-05,Benin
644574,Shawn Burns,erica28@example.com,Male,2024-12-15,Solomon Islands
644788,Joshua Gallegos,betharnold@example.org,Female,2023-12-28,Congo
645093,William Lee,mark90@example.com,Other,2020-09-29,New Caledonia
645443,Diana Hughes,theresa27@example.com,Other,2022-05-24,Serbia
645734,Charlene Mcconnell,xdaniel@example.com,Female,2021-03-01,Chad
646265,Katie Schmitt,thompsonsteven@example.org,Other,2023-12-01,Botswana
646623,Ashley Compton,natasha52@example.com,Other,2022-10-03,Sudan
647032,Brandon Jones,thomas48@example.org,Male,2021-06-01,Luxembourg
647429,Anna Williams,ppineda@example.org,Female,2024-09-02,Solomon Islands
647511,Brent Richards,rosariosandra@example.com,Female,2024-07-02,Ukraine
647655,Allison Blair,tammy47@example.org,Other,2023-07-04,Cyprus
647733,Bailey Clark,lindagentry@example.com,Female,2023-11-12,Bolivia
647849,Jennifer Scott,cglenn@example.com,Other,2024-10-09,Botswana
648448,John Harmon,matthew79@example.com,Female,2021-12-10,Libyan Arab Jamahiriya
651062,Diane Carroll,jonesgregory@example.net,Male,2021-09-17,Ecuador
651079,Darryl May,erinsmith@example.com,Other,2023-10-17,Bulgaria
651101,Brian Goodwin,iconway@example.com,Female,2023-11-25,French Polynesia
651418,Mario Roth,ehernandez@example.org,Other,2022-03-27,Macao
651819,Brianna Hicks,carlthomas@example.com,Other,2022-10-12,Georgia
652852,John Rivera,kathryncarter@example.com,Other,2024-10-12,Slovakia (Slovak Republic)
653918,Brenda Beltran,keith67@example.org,Other,2022-07-07,Saint Kitts and Nevis
654021,Kyle Johnson,taylorkaren@example.com,Other,2025-04-05,Haiti
654406,Stephanie Grant,osmith@example.net,Female,2025-05-03,Saint Pierre and Miquelon
654904,Tony Hoffman,samantha81@example.com,Female,2022-01-04,Belgium
655057,Lindsay George,wilcoxyvette@example.org,Male,2025-08-17,Myanmar
655150,Dr. Phillip Melton,simmonstaylor@example.org,Male,2022-08-18,Fiji
655214,Denise Delgado,mwilson@example.net,Male,2023-03-06,Bangladesh
655530,Mark Hill,jbrown@example.com,Male,2022-09-04,Georgia
655541,Christopher Clements,rosariolinda@example.org,Other,2021-10-24,Guernsey
656700,John Ramirez,erinlee@example.net,Other,2020-09-29,Benin
656990,Rhonda Cantu,campbellteresa@example.net,Male,2020-11-29,Christmas Island
657461,Jennifer Strickland,awells@example.org,Female,2023-11-11,Montenegro
657687,Julie Travis,wilsontravis@example.net,Male,2025-03-21,Indonesia
658107,Gary Gray,jonathan07@example.net,Male,2022-01-25,Burundi
658590,Charles Acosta,johnsondavid@example.com,Female,2025-08-24,Georgia
658629,Dr. Brittany Mullins,olivia60@example.com,Other,2022-02-27,Niger
659658,Cynthia Jackson,nichole63@example.net,Female,2020-09-22,Turkey
659954,Cynthia Hernandez,andersonstephanie@example.net,Male,2020-09-29,Uzbekistan
660812,Tyrone Wolf,villabrandy@example.com,Female,2022-05-25,Mauritius
661030,Kristen Reeves,joseph80@example.org,Male,2024-06-13,Cambodia
661484,Samantha Reynolds,coxjuan@example.net,Female,2022-03-24,Netherlands
662427,Ashley Hall,pbuck@example.org,Other,2022-11-30,New Caledonia
662540,Brenda Perry,youngkaren@example.com,Other,2020-11-14,Luxembourg
662651,Jackie Brandt,toddamy@example.org,Female,2024-02-07,Denmark
662722,Brianna Chang,harrisalexa@example.net,Other,2025-02-21,French Polynesia
663067,Kyle Smith,holmesjeffery@example.net,Male,2023-11-12,Togo
663961,Tracy Fernandez,michellesantos@example.org,Other,2025-05-15,Slovakia (Slovak Republic)
664018,Courtney Wood,nancy28@example.org,Other,2020-12-22,Nigeria
664704,Daniel Bailey,james39@example.org,Male,2021-10-07,Mayotte
664791,Michael Castillo,marcus72@example.com,Other,2024-07-18,Papua New Guinea
665019,George Kramer,marcustorres@example.net,Female,2023-02-15,Seychelles
665180,Julie Madden,dgilbert@example.com,Other,2020-09-27,Madagascar
665307,Angela Winters,brandy77@example.org,Male,2020-11-10,Angola
665584,Shawn Wade,kirbykristina@example.net,Female,2024-06-28,El Salvador
666187,Megan Sanders,teresarobertson@example.net,Other,2023-09-01,British Indian Ocean Territory (Chagos Archipelago)
666745,Keith Thomas,ljenkins@example.com,Other,2022-10-06,Finland
666774,William Rose,wwilliams@example.com,Male,2022-09-22,Trinidad and Tobago
666833,Dustin Graham,kevin10@example.net,Male,2021-02-17,Kuwait
666874,Samantha Taylor,ndavis@example.net,Other,2023-01-04,Sri Lanka
667255,Rhonda Baker,kellydennis@example.net,Female,2023-10-31,Chile
667466,Daniel Gonzalez,david25@example.net,Male,2024-04-12,Marshall Islands
667706,Glenda Schmidt,tbarnett@example.org,Male,2024-03-04,Taiwan
668867,Darius Gomez,cynthiacoleman@example.com,Male,2021-05-19,Congo
669353,Rita Pace,grossnorma@example.net,Other,2024-03-19,Andorra
669541,Robert Hughes,vicki56@example.com,Male,2023-02-12,Haiti
669620,Jeremy Estrada,adamhuff@example.net,Female,2021-01-04,Kiribati
669805,Scott Vance,matthewarnold@example.com,Male,2021-06-22,Suriname
669874,Joseph Jensen,elliottandrew@example.net,Male,2023-05-12,South Georgia and the South Sandwich Islands
669973,Clarence Howe,lowerytara@example.net,Female,2025-05-10,Cocos (Keeling) Islands
670952,Alex Dawson,xpeters@example.net,Other,2021-12-17,Bermuda
671086,Linda Cooke,stephaniegray@example.org,Other,2021-11-06,British Virgin Islands
671365,Catherine Poole,jcarpenter@example.com,Other,2024-10-17,Cook Islands
671457,Lauren Ramirez,ryan60@example.com,Other,2021-06-27,Angola
671632,Sherry Evans,denise88@example.com,Male,2024-09-11,Sri Lanka
671728,Kenneth Gray,spencerbrenda@example.net,Female,2023-12-30,Tajikistan
673074,Brett Nichols,holly85@example.com,Male,2023-10-21,Brazil
673292,Anna Gutierrez,jperez@example.com,Male,2022-02-07,Israel
673565,Whitney Weiss,jjohnson@example.com,Male,2022-05-25,Lithuania
673931,Nathaniel Leach,hsmith@example.com,Male,2022-07-06,Japan
674071,Rebecca Guerra,hayesangela@example.com,Female,2023-08-28,Philippines
674427,Michael Adams,vgarcia@example.org,Other,2024-07-20,Senegal
674584,Alexandra Hernandez,ahodges@example.org,Other,2024-12-29,Holy See (Vatican City State)
675675,Alyssa Solis,ymoody@example.com,Other,2025-06-23,Turks and Caicos Islands
676439,Melissa Brooks,duranjared@example.com,Other,2021-01-02,Malawi
676861,Christopher Morton MD,michaelhammond@example.com,Male,2024-08-10,Pakistan
677423,Tracy Riggs,denisevillarreal@example.com,Other,2025-06-24,Timor-Leste
677738,Veronica Salinas,lucas16@example.com,Other,2024-04-08,Jordan
678036,Jonathan Weber,vanessamartinez@example.com,Female,2024-03-28,Puerto Rico
678862,Danielle Brown,brendahester@example.com,Other,2024-07-28,Burkina Faso
679381,Rhonda Mcbride,chernandez@example.com,Male,2022-07-20,Mozambique
679577,Dr. Robert Palmer,matthew60@example.org,Male,2025-02-22,British Virgin Islands
681084,Patricia Hale,njackson@example.net,Male,2022-06-11,Fiji
681454,Karen Berry,destinyjohnson@example.net,Other,2025-04-06,United States Minor Outlying Islands
681561,Cynthia Young,terri13@example.net,Other,2022-09-23,Somalia
681683,Jason Osborne,randymills@example.com,Male,2023-01-31,Burundi
681762,Pamela Owens,nstout@example.com,Other,2025-04-12,Eritrea
682157,Barbara Caldwell,lyonsjessica@example.com,Other,2024-05-20,Serbia
682313,Christine Snow,miranda73@example.org,Other,2023-04-28,Tajikistan
682765,Donna Ramos,loretta99@example.net,Female,2021-05-23,Panama
683306,Jason Thomas,grahammatthew@example.com,Female,2024-05-05,Tonga
684016,Jonathan Graham,chenjeffery@example.org,Female,2022-10-26,Swaziland
684149,Justin Sawyer,matthewlane@example.org,Female,2024-01-10,Lithuania
684236,Joseph Moore,dwright@example.net,Male,2024-08-08,Ecuador
685300,Chris Price,debra36@example.com,Female,2023-07-20,Madagascar
685667,Justin Roberts,lhunt@example.org,Male,2022-05-02,Guinea
685871,Scott Simmons,durhamreginald@example.com,Female,2022-07-14,Gibraltar
685907,Timothy Sparks,fedwards@example.org,Other,2023-03-17,Slovenia
686362,David Little,mbaker@example.org,Female,2024-09-23,British Virgin Islands
686477,Julia Baker,igoodwin@example.org,Male,2020-11-02,Japan
686673,Teresa Watson,ksimon@example.com,Female,2022-01-30,Cook Islands
687243,Patrick Higgins,austin80@example.com,Male,2023-04-14,Mauritania
687401,Shirley Barker,sherryrobinson@example.com,Female,2025-07-20,Fiji
687746,Julie Taylor,matthewtucker@example.com,Female,2021-03-20,Holy See (Vatican City State)
688442,Jessica Mejia,aguilarjohn@example.com,Male,2024-03-15,Yemen
688478,Ronald Ross,morgancarson@example.com,Male,2024-11-10,Czech Republic
688631,David Gallagher,marilynmejia@example.net,Other,2024-07-29,Martinique
688716,Arthur Fuller,mmartinez@example.net,Female,2024-03-24,Cuba
689343,David Russell,sherimendoza@example.com,Other,2025-02-08,Guyana
690165,Mr. Austin Dunn,mlarsen@example.com,Female,2021-12-27,Lao People's Democratic Republic
690673,Randall Graham,parsonsthomas@example.org,Male,2025-05-28,Eritrea
691421,Scott Robinson,yvonne15@example.net,Female,2024-10-24,San Marino
691640,Robert Norman,williamssusan@example.com,Female,2022-01-02,Indonesia
692041,Chris Gordon,ggill@example.org,Male,2022-05-21,Costa Rica
692570,Robert Pugh,brookevazquez@example.org,Male,2024-07-19,Belize
692643,Krystal Gill,cynthiahouse@example.org,Other,2025-06-05,Lithuania
694252,Thomas Arroyo,stephaniejohnson@example.net,Female,2021-12-03,Nicaragua
694480,Richard Keller,jphillips@example.org,Male,2024-02-07,Tanzania
695113,James Webster,simpsonstephanie@example.net,Female,2021-10-03,Papua New Guinea
695313,Laura Bailey,evelyn98@example.com,Other,2020-10-30,Mauritania
695993,Marcia Brown,brandi93@example.net,Male,2024-09-14,India
696017,Larry Reeves,ohernandez@example.org,Other,2025-07-04,Northern Mariana Islands
696068,Jonathan Singleton,tcobb@example.com,Female,2025-06-23,Uganda
696677,Kelsey Olsen,westwilliam@example.com,Male,2021-08-30,Macao
696915,Jessica Kim,carlawheeler@example.org,Male,2021-02-23,Korea
697078,Tammy Haas,ralph54@example.com,Other,2021-05-25,Mexico
697727,Jose Martinez,kristina42@example.com,Other,2023-05-14,Canada
697930,Melissa Smith,floreskevin@example.org,Female,2022-05-24,Uzbekistan
698174,Mr. John Phillips,morrisantonio@example.com,Female,2023-10-09,Thailand
698180,Destiny Yu,nwilliams@example.net,Female,2020-12-31,Bulgaria
698806,Tracy Fisher,tamara85@example.com,Male,2022-04-16,Italy
699361,Becky Sanchez,pennyjones@example.com,Female,2020-09-28,New Caledonia
699460,Angela Walker,dsawyer@example.net,Other,2021-05-19,Monaco
699979,Courtney Evans,ericallen@example.org,Male,2021-12-13,Niue
699982,Lisa Ortega,andrewhoffman@example.org,Other,2021-04-30,Cocos (Keeling) Islands
700277,Crystal Blackburn,tpatton@example.net,Other,2023-06-02,Botswana
700490,Melissa Ray,anthonygordon@example.org,Male,2021-12-01,Liechtenstein
700529,Kimberly Watson,shannon33@example.com,Female,2024-12-07,Burundi
701295,Mathew Hernandez,madeline86@example.org,Male,2021-12-19,San Marino
701351,Heather Lopez,michaelhall@example.com,Other,2023-06-02,Peru
701581,Yolanda Horn,scottsmith@example.com,Other,2023-02-13,Mexico
701824,Kathleen Brown,antonio63@example.com,Female,2024-10-20,Czech Republic
702618,Mr. Terry Wright,jromero@example.net,Other,2022-11-15,Hungary
702929,Jason Gregory,brandon56@example.com,Female,2021-01-05,Ukraine
703831,David Ramsey,ronaldvaldez@example.com,Other,2021-02-25,Malta
704194,Todd Combs,wheelerricky@example.com,Male,2021-05-08,Turkmenistan
704771,Bethany Rivera,kristen29@example.org,Other,2021-08-25,Chile
704879,Elizabeth Smith,woodjeremy@example.com,Other,2024-08-22,North Macedonia
705852,John Hernandez,kevin87@example.net,Male,2022-11-18,Botswana
706042,Brandy Sutton,staceypatrick@example.net,Male,2022-01-21,United Kingdom
706508,Glenn Koch,tjacobson@example.org,Male,2021-03-03,Timor-Leste
706551,Justin Watts,martinezsheri@example.com,Female,2023-03-30,Uganda
706628,Dawn Sanchez,boylejohn@example.com,Female,2024-07-12,El Salvador
708129,James Stewart,daniellesanders@example.com,Male,2025-02-17,Turkmenistan
709554,Erin Gonzalez,nguyenkimberly@example.com,Male,2024-06-12,Papua New Guinea
709754,Olivia Thomas,pauladunn@example.com,Female,2020-10-20,Timor-Leste
709802,Robert White,melissagregory@example.net,Female,2022-04-11,Togo
710617,Ashley Lamb,garyosborn@example.org,Male,2024-11-14,Guyana
710864,Paul Orr,maurice60@example.net,Male,2024-03-05,Lao People's Democratic Republic
711389,Stacy Rodriguez,williamray@example.com,Male,2023-09-05,Bhutan
711452,Carrie Martin,curtis37@example.org,Female,2024-04-15,Korea
711480,Jeffrey Ball,katieflores@example.net,Other,2022-05-01,El Salvador
712601,Sherry Wilson,debra53@example.org,Male,2022-08-25,Vanuatu
712667,Jasmine Price,josephholloway@example.com,Female,2025-08-11,Sao Tome and Principe
713174,Cody Mccall,justin93@example.com,Female,2024-06-02,Djibouti
713186,Samantha Hudson,erin98@example.com,Female,2021-01-20,Czech Republic
714078,Arthur Best,ashley78@example.org,Female,2022-06-22,Chad
714801,William Ford,zvargas@example.org,Other,2021-09-06,Marshall Islands
715171,Christopher Olsen,rhodeskarina@example.org,Male,2021-01-29,Papua New Guinea
715370,William Melton,lindaking@example.net,Other,2023-01-26,Madagascar
715439,Misty Matthews,huffmanmichael@example.net,Female,2025-05-15,Northern Mariana Islands
715730,Samantha Solomon,madisonroach@example.com,Female,2023-12-19,Afghanistan
716483,Jacob Miller,kimnelson@example.net,Female,2025-02-18,Korea
716898,Catherine Trujillo,williamssamantha@example.org,Female,2025-03-21,Guadeloupe
717182,Jennifer Carter,michael33@example.net,Female,2023-02-22,Gibraltar
717193,Kevin Rodriguez,benjaminbright@example.net,Female,2023-03-19,Zimbabwe
718024,Pamela Rowe,kurtjackson@example.org,Male,2020-09-19,Luxembourg
718368,Thomas Harper,jason82@example.org,Other,2024-05-09,Germany
719066,Shelby James,toddbailey@example.net,Other,2021-01-22,Guam
719812,Frank Jackson,bsmall@example.net,Other,2020-11-24,Peru
719956,Amber Washington,taylor45@example.net,Female,2023-01-19,Tunisia
720006,Travis Maddox,daniellepayne@example.org,Male,2022-10-04,Saint Pierre and Miquelon
720095,Holly Snyder,uschmidt@example.com,Female,2022-01-27,Kazakhstan
720294,Katherine Bailey,hernandezmark@example.net,Other,2022-02-19,Saint Kitts and Nevis
720356,Richard Jones,courtneyharrison@example.net,Other,2023-06-08,Austria
721501,Larry King,zgonzales@example.net,Male,2022-11-05,Saint Lucia
722621,Craig Ayala,william76@example.org,Female,2021-07-06,Norfolk Island
722722,Catherine Ellis,nstewart@example.org,Female,2025-02-21,Congo
722946,Anthony Jimenez,ajones@example.net,Male,2025-04-24,Saint Helena
723340,Alexis Lewis,brookeerickson@example.net,Female,2022-06-22,Aruba
723659,Connor Flynn,tammy92@example.com,Female,2022-05-20,Ethiopia
723756,Donald Williams,thompsonseth@example.com,Other,2020-11-21,Costa Rica
724853,David Myers,joseph98@example.net,Male,2023-09-20,Moldova
725317,Zachary Meyers,maria76@example.org,Other,2020-11-04,Central African Republic
725417,Christina Davies,adamschase@example.net,Male,2024-07-13,Myanmar
725896,Michael Sullivan,lfry@example.org,Male,2022-05-01,Micronesia
725941,Tonya Ferguson,douglas85@example.com,Other,2024-06-27,Turkey
726947,Luis Jones,davenportian@example.org,Other,2022-03-15,Belize
727040,Brandi Newton,ohall@example.org,Other,2020-10-28,United States of America
727935,Meghan Lopez,traceyyoung@example.com,Other,2024-10-30,Mongolia
728723,Meghan Cook,cathywright@example.net,Female,2023-12-13,Saint Vincent and the Grenadines
729125,Jessica Walker,kvelasquez@example.org,Other,2023-03-19,Central African Republic
729133,John Taylor,lisapowers@example.net,Male,2023-08-26,Cameroon
729172,Kathryn Martin,powellsamuel@example.org,Male,2021-06-29,Oman
729635,William Torres,jamesabbott@example.net,Male,2022-01-11,Puerto Rico
729725,Wesley Brown,xaustin@example.com,Female,2022-05-19,Argentina
729794,Mitchell Benson,andreathornton@example.com,Male,2022-08-17,Holy See (Vatican City State)
730009,Michael Powers,yhouse@example.com,Female,2024-08-31,Bulgaria
731233,Rebecca Bowen,melissahendrix@example.com,Male,2024-08-06,Guadeloupe
731550,Cassandra Rodriguez,gravespedro@example.org,Other,2023-05-21,Belarus
731588,Tina Park,kfarley@example.org,Male,2025-04-16,Isle of Man
731676,Mr. Shawn Chavez,elizabethnoble@example.org,Female,2024-08-19,Papua New Guinea
733119,Cynthia Bird,skinnerjamie@example.net,Female,2021-05-03,Spain
733240,David Mason,bthomas@example.net,Other,2023-02-05,Bahrain
733555,Connie Norman,rguzman@example.com,Male,2021-09-15,Peru
733910,Evan Gregory,toddfrancisco@example.org,Other,2025-08-01,Montserrat
734063,Clifford Diaz,kellybrewer@example.com,Other,2022-05-01,Guatemala
735394,Ronald Pierce DDS,daniel85@example.org,Male,2023-12-18,Czech Republic
735499,Aaron Lopez,ihanna@example.com,Other,2024-01-30,French Polynesia
737314,Susan Soto,martinjohnathan@example.net,Other,2024-11-01,Uzbekistan
737333,Dana Bond,zgarcia@example.com,Male,2022-07-08,Oman
737389,Samantha Nelson,whitegary@example.com,Other,2022-09-29,Iceland
737693,Theodore Steele,brittany96@example.org,Other,2020-11-08,Taiwan
737703,John Sanchez,smithchristopher@example.com,Male,2022-06-28,South Georgia and the South Sandwich Islands
738030,Robert Mcbride,schultzmatthew@example.net,Female,2024-07-27,Kazakhstan
738131,Samuel Mccormick,gary31@example.org,Female,2024-05-26,Cuba
738332,Paul Allen,fhernandez@example.org,Male,2023-12-30,Korea
738549,Eric Hoffman,wmendoza@example.com,Other,2022-07-12,Lesotho
738560,Chad Ellison,kevin29@example.org,Male,2020-09-17,Lesotho
738602,Nicole Vega,alecdominguez@example.net,Male,2023-09-13,Zimbabwe
738861,Christopher Campbell,uanderson@example.net,Male,2024-01-28,Cyprus
739442,Alexandra French,hboyd@example.org,Other,2023-12-03,Bouvet Island (Bouvetoya)
739963,Jamie Lopez,mfleming@example.net,Other,2023-03-19,Maldives
740231,Mary Smith,cdavis@example.org,Other,2025-05-13,Saint Pierre and Miquelon
740342,Brian Johnson,eking@example.org,Female,2025-01-17,Bosnia and Herzegovina
741458,Heather Mccormick,terrygregory@example.com,Female,2023-04-24,Monaco
741701,Nicole Lee,kimberlykelly@example.org,Male,2024-05-27,Iran
741768,Robin Joyce,delgadoshelly@example.org,Other,2023-05-29,Latvia
742995,Lisa Bird,amandataylor@example.org,Other,2021-06-08,Kenya
743028,Charles Benitez,david05@example.org,Male,2023-07-30,Madagascar
743281,Thomas Murphy,kimberlydixon@example.com,Other,2025-04-22,Holy See (Vatican City State)
743559,Gary Harrington,vmoss@example.com,Other,2021-10-26,Congo
743599,Nicole Baird,benjaminkim@example.com,Other,2024-06-15,Switzerland
744810,Rachel Sims,ucampos@example.org,Male,2022-10-19,Reunion
745285,Mr. Jordan Willis,brownsamantha@example.org,Female,2021-03-07,Congo
745491,Katherine Tapia,towen@example.net,Male,2023-01-22,Fiji
745507,Yvonne Riggs,fgutierrez@example.org,Male,2024-11-02,Hong Kong
745575,Derek Curtis,marklopez@example.com,Other,2022-10-25,Malaysia
746399,Connor Cook,georgekatherine@example.org,Female,2023-03-22,Mayotte
747145,Leah Brown,melissahampton@example.com,Female,2024-01-01,Zambia
747238,Craig Nunez,james60@example.org,Male,2025-06-05,Vietnam
747302,Kelly Campbell,sarahguerra@example.net,Male,2021-02-09,Guernsey
747416,Antonio Cabrera,stephanie99@example.com,Other,2022-02-11,Algeria
747669,Barbara Armstrong,davischristy@example.org,Other,2021-07-01,Solomon Islands
747936,Caleb Frost,wandathomas@example.net,Other,2022-10-28,Guadeloupe
748163,Jeffrey Thompson,amy85@example.org,Female,2023-02-28,Myanmar
748374,Richard Moore,christy38@example.com,Female,2023-03-24,United States of America
748488,Carolyn Williams,ftorres@example.org,Other,2023-05-20,Moldova
748977,Darlene Turner,amandawalton@example.org,Other,2021-03-17,Jordan
749134,William Garrison,hubbardkevin@example.org,Male,2020-09-23,Greece
749333,Rachel Peck,bowmandavid@example.net,Other,2020-11-16,Niue
749897,Spencer Ward,kkaufman@example.net,Other,2020-11-13,Micronesia
749981,Elizabeth Alexander,harriskaren@example.org,Other,2025-01-15,Grenada
750666,Courtney Bryant,desiree39@example.net,Other,2021-03-21,Nauru
750869,Andrew Hall,lauren73@example.org,Other,2023-08-20,Mongolia
752589,Ashley Cross,kennethanderson@example.org,Male,2022-11-01,Holy See (Vatican City State)
753049,Thomas Silva,alyssa26@example.com,Female,2024-05-22,Cuba
753244,Jennifer Browning,zacharyhouston@example.com,Male,2023-08-08,Antarctica (the territory South of 60 deg S)
753506,Nichole Barry,herrerawilliam@example.com,Male,2025-05-31,French Guiana
753666,Amanda Jones,hclark@example.org,Other,2021-09-30,Swaziland
753802,Jacqueline Cruz,stewartbrenda@example.org,Female,2024-10-31,Colombia
754359,Anthony Pineda,april28@example.org,Other,2022-07-10,Austria
754615,April Huerta,sandersen@example.org,Other,2025-05-10,Hungary
755104,Becky Andersen,vmoran@example.net,Male,2023-05-30,Niger
755198,Michael Jefferson,rebeccaskinner@example.org,Female,2023-09-26,Turkey
755340,Kevin Hansen,savannahsoto@example.net,Female,2024-05-20,Slovenia
755392,Jo Lowery,andres03@example.com,Other,2024-10-03,Bulgaria
755648,Alan Coleman,zmorrow@example.org,Female,2025-04-23,Georgia
755850,Shawn Reid,martincourtney@example.com,Female,2024-10-17,Monaco
755853,Lisa Short,benjaminrios@example.net,Other,2025-04-08,Estonia
755948,Phillip Powers,alexanderaguilar@example.org,Other,2021-10-12,Micronesia
755968,April Lee,priceamber@example.org,Female,2023-04-24,Korea
756749,Kenneth Coleman,yfletcher@example.net,Male,2024-03-15,Argentina
757713,Sheryl Payne,kimberlypalmer@example.net,Female,2024-08-23,Kyrgyz Republic
758961,Deborah Harper,phillip98@example.org,Female,2024-09-20,Cameroon
759012,Jennifer Day,lwhite@example.net,Female,2021-03-05,Lesotho
759460,Christine Peterson,cameron10@example.org,Other,2024-11-18,Martinique
760528,Gabriel Wright,richardsjennifer@example.net,Other,2023-11-04,Ukraine
760660,Gregory Yang,autumn52@example.org,Female,2024-08-05,United States Minor Outlying Islands
760970,Shannon Hunt,jasonreed@example.net,Male,2025-07-05,Burundi
761889,Jennifer Cherry,jonathan46@example.org,Female,2025-08-16,Somalia
762487,Mrs. Catherine Henderson,elizabeth20@example.com,Female,2024-03-17,Kuwait
762660,Michelle Lyons,taylorbeverly@example.net,Other,2021-08-14,Indonesia
763320,Samuel Garcia,sgonzalez@example.com,Male,2023-01-10,Iran
763330,Anita Phelps,gkramer@example.net,Female,2024-11-19,Uzbekistan
763595,Shelly Robinson,woodsmichelle@example.com,Other,2024-07-29,United States Minor Outlying Islands
763747,Adrian Lawson,robertstanley@example.com,Other,2021-01-24,Myanmar
764034,Brian Santos,toddsara@example.net,Female,2022-02-05,Aruba
764401,Jeremy Mclaughlin,hilltonya@example.net,Male,2023-08-20,Nicaragua
764683,Alexandra Williams,ksmith@example.net,Male,2022-04-26,Mauritania
765144,Michael Woodward,osalazar@example.net,Other,2021-07-15,Bosnia and Herzegovina
765430,Natasha Harris,barnesdavid@example.org,Male,2023-05-27,Saint Kitts and Nevis
765554,Miguel Singleton,carlsonmichael@example.org,Female,2025-04-14,Chad
766233,Randy Welch,brittany14@example.org,Female,2023-07-08,Israel
766876,Laura Leblanc,davidharmon@example.org,Female,2025-01-27,Gabon
767153,Brian Fox,lgriffin@example.org,Female,2022-07-19,Taiwan
767490,Olivia Walker,watsonjustin@example.net,Male,2023-02-28,Austria
767515,Adam Anderson,cynthia38@example.com,Male,2021-09-23,Palestinian Territory
768021,Kristen Davis,glennjoseph@example.com,Female,2020-09-30,Hungary
768784,Crystal Rojas,dfaulkner@example.org,Male,2020-10-26,Syrian Arab Republic
768894,Amanda Rosales,valentineheather@example.net,Other,2023-10-31,Wallis and Futuna
768934,Linda Jackson,fishermaria@example.net,Male,2023-09-13,Moldova
768992,Regina Kennedy,ljones@example.org,Female,2024-09-15,Uzbekistan
769671,Shannon Haas,harrisonamy@example.net,Other,2020-09-09,Syrian Arab Republic
769929,Gwendolyn Ramirez,gforbes@example.com,Other,2022-04-10,Falkland Islands (Malvinas)
770062,Wendy Payne,elaine14@example.org,Female,2025-03-14,Saint Barthelemy
770239,Michael Bond,alexandra95@example.org,Female,2021-09-14,Ukraine
770508,Louis Mitchell,cowanmichael@example.com,Female,2023-03-12,Guinea
770588,Angela Lewis,riveradonald@example.com,Female,2022-01-26,Lebanon
770946,Bethany Christian,cynthia63@example.net,Other,2020-12-18,El Salvador
771148,Donna Chen,riosryan@example.org,Other,2021-05-18,Luxembourg
771474,Adam Chen,loriward@example.com,Other,2025-03-23,Trinidad and Tobago
771615,Robert Mcguire,michele22@example.org,Female,2025-04-02,Ukraine
771999,Theresa King,jennifer45@example.com,Male,2024-02-23,Taiwan
772223,Crystal Wright,lroberts@example.net,Female,2025-03-10,Uzbekistan
772677,Robert Kim,wilsoncharles@example.net,Male,2024-06-08,Haiti
772959,Laurie Galvan,felicia01@example.com,Other,2021-06-29,Austria
772989,Kathleen Castro,lopezthomas@example.com,Other,2022-10-06,Mayotte
773601,David Hill,andrea20@example.com,Other,2023-06-05,Heard Island and McDonald Islands
776198,George Hall,xsmith@example.com,Female,2022-12-23,Italy
776626,Warren Lewis,kylechung@example.com,Other,2022-03-26,Andorra
776744,Claire Gutierrez,mitchellstephen@example.org,Other,2023-01-20,Saint Lucia
777479,Carol Taylor,nadams@example.com,Male,2024-09-01,Macao
777986,Lauren Cook,virginia04@example.com,Female,2021-07-23,Cuba
778074,Sean Lee,mturner@example.net,Female,2024-02-11,Cambodia
778149,Randy Boyer,ashleyprice@example.com,Female,2023-03-31,Paraguay
778659,Kristina Harris,diazamanda@example.org,Male,2023-04-05,Albania
778951,Candace Jones,whitney36@example.net,Female,2024-08-07,Liberia
779085,Paige Huang,cartershelby@example.org,Female,2025-03-11,Ukraine
780192,Timothy Howell,francojason@example.org,Male,2022-03-27,Spain
780450,Scott Glover,baileyjoanna@example.net,Other,2023-09-11,Ukraine
780681,Christopher Mitchell,wilsonmary@example.org,Male,2023-03-02,Lao People's Democratic Republic
781007,Jimmy Cooper,charles43@example.org,Female,2022-10-05,South Africa
781601,Charles Stone,samantha37@example.net,Male,2022-11-10,Libyan Arab Jamahiriya
781988,Michael Valencia,glennelizabeth@example.net,Other,2024-06-07,Ecuador
782140,Brad Rose,janice80@example.net,Male,2023-10-20,British Indian Ocean Territory (Chagos Archipelago)
782510,Theodore Glenn,daviddavis@example.com,Female,2025-06-08,Nauru
782906,Rebecca Cross,ywilson@example.org,Other,2022-12-19,Niger
784417,Catherine Chung,nicole00@example.org,Other,2020-09-17,Antarctica (the territory South of 60 deg S)
784787,Victoria Yu,marisahawkins@example.net,Male,2024-02-08,South Georgia and the South Sandwich Islands
785577,Mary Mercado,mcdanielkelly@example.net,Female,2021-11-02,New Caledonia
785886,Thomas Byrd,turnerrodney@example.org,Female,2023-10-19,Wallis and Futuna
786533,Kaitlyn Williams,davidmarshall@example.net,Other,2021-09-01,Korea
786555,Raymond Martinez,richardkirby@example.com,Male,2024-09-21,Turkey
786723,Melinda Johnson,gonzalesmegan@example.org,Female,2024-05-03,Samoa
786811,Douglas Moreno,goodmanrebecca@example.net,Other,2024-09-25,Botswana
787115,Larry Pitts,heatherwhite@example.com,Other,2024-11-28,United Arab Emirates
787204,Melissa Hatfield,graybrian@example.net,Other,2022-08-19,Zambia
787261,Cassandra Bush,randy48@example.org,Other,2022-04-24,Burkina Faso
787432,Jessica Green MD,peter38@example.org,Other,2020-12-13,Heard Island and McDonald Islands
787533,Tara Morgan,debrasmith@example.org,Other,2025-03-03,Tanzania
787599,Christine Boyd,martinbeverly@example.com,Other,2025-02-20,Senegal
787884,Alice Mathis,jodychapman@example.org,Female,2020-09-19,Jersey
787966,Valerie Ross,gentrymichaela@example.net,Other,2022-11-29,Ecuador
788031,Ryan Munoz,campbellwyatt@example.net,Female,2022-02-12,San Marino
788191,Dennis Shepherd,emilyflores@example.net,Female,2022-12-15,Pitcairn Islands
788199,Kimberly Miller,littledebbie@example.org,Other,2021-06-29,Swaziland
788446,Courtney Beard,qrodriguez@example.net,Male,2022-04-08,Bahamas
788499,Kimberly Mcdonald,tjohnson@example.net,Other,2021-06-17,Afghanistan
788523,Pamela Sanchez,csalazar@example.net,Female,2021-05-30,Anguilla
789001,Amy Shields,contrerasjoshua@example.org,Other,2024-08-03,Guinea
789060,Lauren Carter,wendyzamora@example.org,Female,2024-05-31,Bulgaria
789525,Mr. Justin Fernandez Jr.,qgarcia@example.net,Female,2024-08-02,Burundi
789607,Zachary Goodman,nicolereed@example.com,Male,2024-07-10,Cambodia
790364,Courtney Nunez,zmiller@example.com,Male,2021-10-14,Equatorial Guinea
790472,Victoria Gonzalez,daniel95@example.org,Other,2022-08-29,El Salvador
790633,Kenneth Jenkins,calebmay@example.org,Male,2021-02-19,Venezuela
790723,Jeremy Schmidt,istevenson@example.com,Male,2025-07-28,Tanzania
791732,Maria Mills,stephen38@example.com,Female,2021-11-18,Heard Island and McDonald Islands
791834,Jordan Cole,watsonlauren@example.net,Female,2024-03-03,Tajikistan
792076,Stephen Huff,roachrobert@example.net,Male,2022-11-19,Norfolk Island
792385,Shawn Randolph,joshuafields@example.com,Other,2021-02-13,Fiji
792555,Pamela Smith,wardrobert@example.net,Female,2020-09-03,Montenegro
793088,Bryan Hardy,dana42@example.org,Male,2020-11-20,El Salvador
793152,Stacey Dawson,hallkimberly@example.com,Female,2022-02-16,Isle of Man
795419,John Murphy,woodsjennifer@example.org,Other,2024-01-27,Cape Verde
795594,Francisco Oconnor MD,shawpeter@example.com,Male,2021-11-20,Mayotte
796582,Mitchell Campbell,lfleming@example.net,Female,2023-07-22,Solomon Islands
796794,Jennifer Dixon,peggy12@example.com,Female,2023-06-23,Gambia
797595,Jeremy Kirk,randy31@example.org,Male,2021-01-26,Comoros
797884,Jennifer Harris,zreese@example.net,Female,2023-08-05,Indonesia
797921,Jason Hall,desiree08@example.org,Male,2020-09-18,Chad
798087,Dawn Lowe,dshah@example.net,Other,2023-08-22,Ukraine
798354,Stephanie Thomas,glenn13@example.com,Other,2024-08-04,Malta
798533,Ann Merritt,linda04@example.net,Male,2021-02-21,Mozambique
798812,Jason Francis,samuellane@example.org,Other,2022-12-12,Colombia
799554,Kevin Kane,cgonzalez@example.net,Other,2021-09-10,Falkland Islands (Malvinas)
799586,Chad Hernandez Jr.,wmercado@example.net,Female,2024-08-27,Taiwan
800070,Todd Wiley,dschneider@example.org,Other,2025-04-14,Iraq
800329,Peggy Snyder,mccluremark@example.com,Female,2023-08-25,Zambia
800567,Robert Collier,xmoore@example.net,Female,2021-08-01,South Georgia and the South Sandwich Islands
800695,Mario Smith,stevenreynolds@example.org,Male,2021-12-06,Trinidad and Tobago
800855,Richard Fitzgerald,maxwellmatthew@example.org,Other,2023-09-25,Seychelles
801262,Lori Johnson,mdavenport@example.net,Other,2022-04-17,Latvia
802670,Peter Evans,rpeterson@example.org,Male,2021-06-02,Sri Lanka
803718,Shawn Barber DDS,cmanning@example.org,Other,2021-05-05,Christmas Island
803860,Kevin Ruiz,hernandezchad@example.org,Male,2023-12-09,Tonga
803957,Donald Alvarez,rmarquez@example.org,Female,2023-09-29,Jersey
804325,Sonya Anderson,harrisloretta@example.net,Other,2021-01-06,Cocos (Keeling) Islands
804373,Nicholas Romero,mallen@example.org,Other,2024-03-12,Slovakia (Slovak Republic)
804437,Tiffany White,wonglogan@example.net,Other,2023-02-28,India
804576,Jason Taylor Jr.,bscott@example.org,Male,2021-04-25,Latvia
804794,Brittney Richards,rosariocharles@example.org,Female,2023-05-09,Slovenia
804969,Jessica Prince,lindalee@example.net,Female,2025-07-24,Svalbard & Jan Mayen Islands
805397,Albert Alvarez Jr.,michaeljimenez@example.org,Female,2025-05-15,Guam
805589,Mr. Travis Mckenzie,taylordavid@example.net,Other,2021-12-31,Finland
805706,Tyler Trujillo,vdecker@example.com,Female,2025-08-30,Congo
806044,Tiffany Johnson,allisonmaldonado@example.com,Female,2022-02-04,Jersey
806136,Justin Morgan,chelsey72@example.com,Female,2025-01-30,Bahrain
806845,Derek Castro,flynneric@example.org,Female,2021-07-05,Chad
807116,Krystal Butler,angela34@example.com,Other,2025-07-07,Nicaragua
807796,Sarah Harper,lauren12@example.org,Other,2023-05-07,Greece
808100,Rebecca Murphy,wrightrobert@example.com,Female,2020-10-12,Sao Tome and Principe
808552,Neil Carrillo,austinsarah@example.org,Other,2025-05-24,Seychelles
809457,Katherine Todd,adam60@example.com,Male,2022-03-04,Vietnam
810614,Bruce Glass,ashleycarey@example.com,Male,2024-08-27,Sri Lanka
810700,Christina Black,joannerobinson@example.org,Other,2021-01-06,United States of America
811905,Katie Padilla,lozanorodney@example.net,Other,2020-11-23,Saint Pierre and Miquelon
812561,Luke Stewart,laurentodd@example.org,Male,2025-08-26,Malaysia
813038,David Gomez,murphyjared@example.com,Male,2024-10-03,Palestinian Territory
813716,Sarah Bond,emily12@example.org,Female,2021-03-31,Equatorial Guinea
813854,Walter Salas,taylorbrian@example.net,Male,2024-07-29,Swaziland
813974,Sarah Hunter,michaelrichards@example.net,Other,2023-03-12,Christmas Island
814468,Ryan Perry,sextonjames@example.net,Male,2022-08-02,Malta
816937,Autumn Campbell,william15@example.org,Other,2021-01-20,Burkina Faso
816968,Joshua Hatfield,williamsnicole@example.org,Male,2022-05-03,Heard Island and McDonald Islands
817044,Kenneth Jacobson,owilliamson@example.net,Male,2022-01-02,Jamaica
817212,Sarah Evans,rtaylor@example.org,Female,2023-07-26,Cameroon
817229,Kevin Morris,susanshah@example.org,Other,2024-11-24,Faroe Islands
817328,Joshua Lang,mark07@example.net,Female,2024-11-18,Indonesia
817409,Travis Hall,qatkins@example.com,Female,2024-08-14,Argentina
817533,Keith Harvey,onelson@example.net,Male,2025-03-26,Tajikistan
817687,Nancy Williams,justin79@example.com,Other,2022-02-17,Lithuania
817779,Sara Mills,kramerrachel@example.org,Female,2022-07-15,French Polynesia
818111,Cole Page,samuel16@example.net,Male,2020-09-10,Norway
818474,Jerry Wilson,lewispamela@example.com,Other,2021-10-12,Turkmenistan
819223,Ronald Foster,bensoncarmen@example.net,Other,2024-12-05,Mauritania
819444,William Schultz,clarktanya@example.net,Female,2022-12-21,Argentina
819561,Brandi Macias,sking@example.org,Other,2021-06-23,Mongolia
819591,Darrell Fox,andreamaldonado@example.net,Male,2024-09-27,Hong Kong
819790,Shari Norman,gregorylawson@example.net,Female,2024-11-08,Namibia
819924,Lisa Young,rpitts@example.net,Female,2020-09-12,Indonesia
820320,Jessica Sampson,michelleromero@example.org,Male,2023-01-09,Ethiopia
820332,Ryan Brown,alexiswells@example.org,Other,2023-02-28,Djibouti
820407,William Mcdowell,ystevenson@example.com,Male,2024-05-06,Greece
820818,Paul Lloyd,michael31@example.org,Male,2022-11-19,Mongolia
820852,Russell Lindsey,vfrancis@example.com,Male,2025-07-26,Tonga
820865,Kevin Ward,carlmurphy@example.net,Female,2023-10-04,New Zealand
821804,Oscar Gay,castroheather@example.org,Male,2020-10-12,Wallis and Futuna
821869,Daniel Newman,zwong@example.net,Other,2025-06-28,Jamaica
822161,Charles Cameron,emily79@example.net,Other,2024-06-14,Moldova
822268,George Oneal,kevinwilliams@example.org,Female,2024-07-03,Guinea-Bissau
822269,Raymond Johnson,zsmith@example.org,Female,2023-06-30,Monaco
822521,Brandy Huerta,alyssa75@example.com,Other,2021-07-19,Egypt
823819,Donna Gonzales,jonathanbooth@example.net,Female,2022-03-24,Cuba
823948,William Carter,kathleenmadden@example.org,Other,2023-06-01,Holy See (Vatican City State)
824072,Erin Miller,martinanthony@example.net,Male,2022-08-18,Macao
824720,Clifford Brewer,cheryl04@example.com,Other,2021-03-09,Denmark
827242,Brittany Poole DDS,smithbrittany@example.com,Other,2021-12-09,Chile
829561,Shaun Roberts,kathleen15@example.org,Male,2021-05-07,Poland
830031,Heather Chan,erin34@example.com,Male,2024-06-10,Papua New Guinea
830478,Cheryl Young,kmitchell@example.org,Other,2024-07-25,British Indian Ocean Territory (Chagos Archipelago)
830771,Jonathan Whitehead,vweber@example.net,Male,2025-07-31,Anguilla
831052,Jacob Davis,ipotter@example.net,Female,2023-04-13,Saint Martin
831083,Brandon Conway,lclark@example.com,Male,2021-07-26,Israel
831127,Debra Gonzalez,maria92@example.org,Male,2021-06-14,United Arab Emirates
831199,Stacey Anderson,angelamorrison@example.org,Female,2021-02-05,Kuwait
832727,John King,justinsanders@example.com,Male,2023-10-31,Burundi
833104,Dr. Benjamin Sanchez,rose91@example.net,Male,2024-01-15,Israel
833159,Veronica Rodriguez,ejoseph@example.net,Other,2020-09-26,Nicaragua
833866,Madeline Roberson,laurie51@example.com,Male,2024-07-11,Maldives
834034,Deborah Hicks,crogers@example.com,Female,2023-03-08,Dominican Republic
834087,Belinda Spears,jasminewoods@example.org,Other,2023-10-26,Cambodia
834378,Cory Bean,ellen67@example.com,Female,2023-04-28,Estonia
834546,Sara Scott,fharrison@example.net,Male,2020-09-06,Lebanon
835418,Jeffrey Terry,katherine88@example.com,Other,2021-03-12,Romania
837306,Victor White,michaelrodriguez@example.net,Female,2025-07-21,Norway
837322,John Mcintyre,hannah26@example.com,Female,2022-07-08,Bouvet Island (Bouvetoya)
837479,Micheal Webster,michael68@example.org,Other,2022-01-03,Mayotte
838212,Andres Le,cmiller@example.com,Female,2025-06-21,Hungary
838335,Mr. Ethan Velazquez,nguyengeorge@example.com,Female,2024-04-02,Monaco
838447,Amanda Kelly,brownjustin@example.net,Other,2024-02-12,Pakistan
838645,Rachel Gonzalez,mitchell71@example.org,Other,2022-01-24,Chile
839025,Ronald Jordan,rwarner@example.net,Other,2021-05-18,Burkina Faso
840472,Travis Costa,alexander69@example.net,Other,2022-07-18,Peru
840877,Cindy Pierce,hugheslori@example.org,Other,2023-03-24,Anguilla
841045,Donald Brandt,xsanders@example.org,Female,2023-07-21,Wallis and Futuna
841323,William Harris,chuang@example.com,Female,2025-03-11,Madagascar
841431,Alexander Rodriguez,morgananderson@example.com,Other,2022-01-13,Malta
841685,Joseph Thompson,gharrison@example.net,Male,2023-03-10,Cocos (Keeling) Islands
842361,Shelley Hill,fmedina@example.com,Male,2025-03-25,Singapore
842411,Tonya Smith,kyle22@example.net,Other,2022-08-15,Finland
842444,Lauren Graham,pprince@example.org,Male,2023-07-08,Rwanda
842486,Shelia Yates,crystal95@example.net,Female,2020-11-20,Cape Verde
842532,Kevin Gordon,carolynlong@example.net,Male,2022-02-05,Dominica
843236,Patricia Ward,thomasdaniel@example.com,Other,2022-04-14,Holy See (Vatican City State)
843245,Richard Jones,stephanie17@example.com,Male,2023-06-20,Kuwait
843317,Travis Gonzalez,joseph00@example.com,Other,2022-12-08,Georgia
843696,Daniel Cardenas,knightwilliam@example.net,Other,2023-02-22,Lesotho
844161,Miguel Herrera,mccoyjesse@example.org,Female,2025-05-13,Venezuela
844373,Amy Martin,annetteadams@example.org,Male,2024-02-25,Nauru
844388,Sally Hatfield,joshua77@example.net,Other,2022-06-27,Belgium
845596,Maria Jones,jeremy71@example.org,Female,2021-08-10,Iceland
845724,Amy Love,spencer17@example.com,Other,2022-08-27,Denmark
846470,Patricia Mason,samuelcarney@example.com,Male,2023-12-24,Lithuania
846601,Christopher Jones,colleen65@example.com,Male,2022-11-04,Jamaica
847119,Sharon Freeman,valerie00@example.net,Other,2023-06-25,Seychelles
847150,Kimberly Vasquez,dorothy85@example.net,Male,2023-02-23,Luxembourg
847453,Renee George,ricky83@example.org,Male,2023-10-13,Faroe Islands
847718,Emily Hunt,veronica97@example.net,Other,2021-04-07,Djibouti
848553,John Reed,valenciaanthony@example.org,Female,2021-06-04,Portugal
848708,Lindsay Lewis,gutierrezbrenda@example.com,Other,2022-11-10,Bahrain
849865,Derrick Kemp,hsanders@example.net,Female,2025-02-27,Turkey
849916,David Schroeder,scott47@example.org,Other,2025-04-18,Denmark
850981,Nicholas Shannon,fischerjoshua@example.net,Female,2021-10-04,Norway
851027,Dylan Jones,william71@example.com,Female,2022-08-01,Timor-Leste
851039,Mike Fox,hurstdavid@example.com,Female,2025-04-30,Bahamas
851515,Albert Anderson,markwelch@example.org,Other,2023-05-24,Nigeria
851652,Jacqueline Webb,kellyjonathan@example.com,Female,2025-01-24,China
851899,Steven Powell,nicholassanders@example.org,Male,2021-08-22,Greece
853460,Carlos Watson,dfuentes@example.net,Female,2024-03-16,Zimbabwe
853751,Christie Adams,rspencer@example.org,Male,2022-08-01,Gabon
853889,William Berry,davidcooke@example.org,Female,2022-04-12,Heard Island and McDonald Islands
854926,Dr. Barbara Christensen,fnewton@example.org,Other,2022-11-30,Guam
855363,Stephanie Booth,nwalker@example.org,Male,2024-04-26,Croatia
855648,Rebecca Vincent,xfrank@example.org,Male,2025-01-28,Malawi
856369,Tonya Hardin,kshea@example.net,Male,2023-03-12,Romania
856672,Brian Mason,olsendeborah@example.org,Female,2024-08-01,Lithuania
857382,Tyler Smith,andrea82@example.net,Male,2025-05-26,Romania
858202,Erin Tucker,kennethmcgee@example.net,Male,2024-03-10,Djibouti
858213,Jerry Bender,melissa53@example.com,Other,2024-11-15,Christmas Island
858444,Ronald Williams,robertwoods@example.com,Male,2021-04-02,Eritrea
858604,Dustin Joyce,brownjennifer@example.net,Male,2024-06-14,Slovenia
859166,Kristine Jackson,amy06@example.com,Other,2024-11-24,Kuwait
859464,Dalton Garcia,william68@example.org,Female,2021-08-02,Brazil
860224,Katie Spence,jeffwilliams@example.net,Female,2025-06-05,Timor-Leste
860299,Kenneth Hardin,bmata@example.net,Male,2024-06-28,Korea
860386,Daniel Taylor,scottmaurice@example.net,Other,2023-03-04,Burundi
860848,Brittany Wilson,mcclainbrandon@example.org,Female,2024-11-21,Heard Island and McDonald Islands
860886,Ellen Singh,jeremywelch@example.com,Female,2022-10-04,Lao People's Democratic Republic
861093,Aaron Garcia,wthomas@example.com,Male,2022-05-07,Christmas Island
861572,Amanda Hansen,spencer06@example.net,Other,2025-01-24,Equatorial Guinea
861755,Anita Nixon,bryanlambert@example.net,Female,2021-03-02,Spain
862574,Angela Stevens DDS,sharon43@example.com,Male,2024-10-27,United States Virgin Islands
863122,Logan Gonzalez,veronica62@example.net,Female,2021-04-20,Lithuania
863194,Jerome Anderson,xcamacho@example.net,Male,2021-06-25,Austria
863331,Monica Hicks MD,andrewyoung@example.org,Female,2022-10-19,Iceland
863566,John Jackson,ehamilton@example.com,Other,2022-08-17,Poland
864130,Ronnie Smith,dillonalicia@example.net,Female,2022-01-11,Afghanistan
864983,Luis Williams,matthewcamacho@example.net,Male,2022-08-08,Holy See (Vatican City State)
865288,Kevin Hess,kristina69@example.net,Male,2022-08-10,Djibouti
865723,Joshua Lin,lindacook@example.org,Male,2022-05-09,China
865933,Michelle Gates,jeffreyyoung@example.com,Male,2022-10-02,Norfolk Island
866281,Angela Vasquez,mary71@example.org,Female,2024-01-12,Morocco
866298,Gabriela Bruce,landrews@example.org,Male,2021-03-11,Greenland
866895,Timothy Thomas,lewisdesiree@example.org,Other,2021-11-04,Singapore
867197,Elizabeth Ramirez,janedavis@example.org,Other,2023-02-20,Guinea
868195,Maurice Spencer,ashleymacdonald@example.org,Female,2025-08-05,Sierra Leone
868415,Stacey Macias,andrea11@example.com,Male,2023-08-09,Hong Kong
868874,Barbara Villarreal,dsmith@example.net,Female,2023-04-08,Fiji
869830,Lisa Stone,garzatammy@example.com,Male,2024-05-14,Liberia
870387,Jason Johnson,carla50@example.net,Other,2023-12-09,Costa Rica
871177,Vincent Novak,carolyn14@example.org,Female,2023-08-08,Korea
871757,Marie Russell,bellkevin@example.net,Female,2025-06-26,Uruguay
871806,Heidi Martinez,fcolon@example.net,Other,2022-09-20,French Southern Territories
872279,Matthew Brown,iibarra@example.org,Male,2020-11-04,Gambia
872650,Wesley Hess,lsmith@example.org,Male,2021-03-28,South Africa
872696,Christina Benjamin,stephaniedavis@example.com,Female,2024-04-15,Marshall Islands
872860,Ashley Hernandez,lowerebecca@example.com,Male,2023-02-08,Brunei Darussalam
873428,Elizabeth Daniels,carlcollins@example.com,Female,2024-08-16,Jamaica
874088,Jennifer Day,jackmclaughlin@example.com,Other,2022-06-13,Pitcairn Islands
875178,Jesse Dominguez,steve04@example.org,Female,2024-07-23,Aruba
875714,Austin Perez,kelli92@example.com,Male,2024-08-23,Andorra
875770,Robert Ramirez,burtonlatoya@example.com,Other,2024-11-17,Russian Federation
875903,Teresa Mooney,mitchellshaw@example.com,Other,2022-03-07,Holy See (Vatican City State)
875965,Tricia Owens,chrisnguyen@example.org,Other,2023-04-22,Australia
876245,Scott Jensen,peter06@example.net,Male,2021-09-22,Gabon
876715,Lauren Gibbs,william61@example.org,Other,2024-02-01,Colombia
877033,Jessica Kline,weaverkristina@example.com,Male,2023-12-25,Spain
877452,Cody Thomas,xthornton@example.net,Other,2021-01-24,Fiji
877639,Jonathan Morton,aweaver@example.com,Other,2023-07-17,Paraguay
877678,Bryce Ortiz,hmarks@example.net,Other,2022-06-04,Panama
877866,Michael Johnson,ncarpenter@example.com,Male,2024-10-25,Ghana
877950,Joseph Burke,zachary16@example.org,Other,2025-03-18,San Marino
878216,Terri Taylor,iroberts@example.net,Male,2022-02-15,Equatorial Guinea
878547,Lisa Warren,dgraham@example.com,Male,2021-03-07,Saint Pierre and Miquelon
879191,Michael Holmes,briansimon@example.org,Female,2024-01-19,Algeria
879918,Jeremy Anthony,lori71@example.net,Male,2022-03-01,Kuwait
880247,Katrina Daniel,hnguyen@example.com,Male,2024-07-23,China
882024,Gary Mercer,katelyn01@example.com,Male,2022-09-17,Netherlands
882724,Alisha Collins,drandolph@example.com,Female,2022-08-28,Thailand
882777,Sharon Salazar,kenneth97@example.com,Male,2021-06-28,Brazil
883076,Zachary Daniels,jenniferbond@example.net,Female,2022-10-16,Wallis and Futuna
883488,Erin Rubio,russellnicholas@example.com,Female,2024-05-21,Ghana
884016,Crystal Robertson,williamsjason@example.com,Male,2023-09-23,Wallis and Futuna
884599,Lindsey Brown,julie95@example.net,Female,2020-09-23,Turkmenistan
885139,Travis Reid,alexcarter@example.org,Male,2024-01-26,Netherlands Antilles
885293,Chad Williams,diane67@example.com,Male,2020-12-22,Zimbabwe
885922,Brenda Williams,millerdouglas@example.com,Male,2022-01-21,Zambia
887803,Danielle Haas,hmorris@example.com,Male,2021-12-13,Tajikistan
888125,Barry Miller,nicole41@example.net,Female,2021-11-01,Japan
888425,Daniel Campos,heather51@example.com,Female,2023-06-27,Korea
888602,Robert Gray,randallliu@example.net,Other,2021-07-03,Jordan
889295,Maria Smith,james94@example.net,Other,2023-10-30,Faroe Islands
889770,Johnny Keller,millerkenneth@example.org,Other,2021-03-24,Nepal
889844,Joseph Riggs,burgessleonard@example.org,Female,2024-01-06,Faroe Islands
890332,Angel Powell,tmurphy@example.net,Other,2025-06-24,Tonga
890397,Brian Sanders,nicholaspage@example.net,Male,2025-05-30,Puerto Rico
890523,Tina Murphy,pamela22@example.net,Male,2023-03-19,Estonia
891174,Ms. Summer Thomas MD,jlynch@example.net,Male,2023-03-13,Nigeria
891314,Jose Evans,dballard@example.com,Male,2020-11-23,Gambia
891476,Michael Perez,hbauer@example.org,Male,2025-03-14,Bosnia and Herzegovina
891636,Jason Morris,danielperry@example.org,Other,2025-03-04,Congo
892222,Robert Hanna,kevincunningham@example.com,Female,2023-10-29,French Guiana
892927,Kathryn Wilson,wattslaurie@example.org,Male,2022-10-02,Kazakhstan
893312,Karen Harris,mcoleman@example.net,Female,2021-08-06,Trinidad and Tobago
893937,Jason Dorsey,kevinrobertson@example.net,Male,2021-06-08,Ireland
894162,Scott Sanders,jacobgarcia@example.com,Other,2023-05-06,Montserrat
894488,Brandon Roach,nicole64@example.com,Female,2023-02-06,Turks and Caicos Islands
894491,Thomas Taylor,wperry@example.org,Female,2025-02-13,Central African Republic
894492,Bryan Hart,powelllinda@example.net,Male,2021-06-16,China
895349,Gary Henry,ifisher@example.com,Other,2022-01-08,Dominican Republic
895678,Robert Nelson,johncarr@example.com,Other,2024-11-02,Nigeria
895756,Bryce Griffin,hannatiffany@example.net,Other,2021-07-17,Mauritania
895958,Crystal Johnson,ethanortiz@example.net,Other,2024-05-09,Portugal
896693,Chelsea Walker,fgarcia@example.org,Other,2024-11-06,British Indian Ocean Territory (Chagos Archipelago)
896810,Shawn Dougherty,sarahflores@example.com,Other,2024-04-16,Benin
896925,Loretta Roberts,slambert@example.com,Other,2022-08-01,Comoros
896989,Timothy Mccullough,sarahjones@example.net,Other,2024-08-05,Vietnam
897007,Greg Owens,douglas62@example.org,Other,2023-06-17,Sudan
897071,Robert Ward,amanda33@example.com,Other,2022-03-24,Ecuador
897510,Teresa Jones MD,aarongreen@example.net,Male,2023-03-21,Guam
897514,Paula Figueroa,usmith@example.org,Female,2024-10-27,Solomon Islands
898173,Michelle Molina,vgrant@example.com,Female,2020-09-21,Slovakia (Slovak Republic)
898498,Cheryl Kennedy,robintrevino@example.com,Other,2022-09-12,Eritrea
898809,Angela Morgan,taylorwendy@example.net,Other,2020-10-20,Christmas Island
898861,James Chan,josephmeza@example.net,Male,2025-01-16,Netherlands
900138,Miguel Koch,candace95@example.org,Other,2021-02-14,Sao Tome and Principe
900270,Oscar Ramirez,ytorres@example.net,Male,2022-07-22,Bangladesh
900503,Scott Cabrera,stephensmichael@example.org,Male,2021-10-22,Cambodia
900573,Jessica Garcia,wwright@example.net,Male,2021-05-30,Gambia
900850,Rebecca Hughes,delgadostephanie@example.org,Male,2023-06-23,Latvia
901322,Adam Ellis,olivia77@example.net,Other,2024-11-25,Barbados
901996,David Chen,kathleen47@example.org,Female,2025-07-15,Cocos (Keeling) Islands
902217,Diana Lambert,rachel42@example.net,Other,2025-08-05,Bhutan
903506,Robert Hobbs,michael87@example.com,Other,2025-02-02,Norfolk Island
903584,Paul Wade,longcarrie@example.com,Female,2025-05-02,Myanmar
903968,Jonathan Lucas,johndavis@example.net,Other,2024-07-15,Kiribati
904656,Marc Buck MD,nsandoval@example.com,Male,2022-02-20,Maldives
904765,Chris Ramsey,wshaw@example.org,Female,2022-08-06,Costa Rica
905033,James Rice,nathaniel23@example.com,Other,2022-01-09,Italy
905428,Felicia Morton,kimberlybrown@example.net,Female,2021-04-15,Guinea
905442,Nathan Gilbert,edwin63@example.net,Other,2025-02-18,Uzbekistan
906685,Robert Spencer,yward@example.com,Female,2024-01-19,Nicaragua
906962,Mark Mcintyre,reginald85@example.org,Other,2025-05-24,Bermuda
907557,Robert Peterson,alicia97@example.com,Other,2025-01-19,Lithuania
907679,Andrew Byrd,ashley17@example.org,Other,2025-06-23,Burkina Faso
907751,Samuel Roberts,patriciahaas@example.com,Other,2023-10-23,Monaco
908365,Susan Lee,amberhancock@example.net,Male,2024-12-04,Falkland Islands (Malvinas)
908838,Noah Lopez,moralesbrenda@example.net,Other,2024-01-28,Sweden
909709,Daniel Mcgrath,shannonlong@example.org,Other,2025-06-10,Svalbard & Jan Mayen Islands
909826,Zachary Mendez,amberpowell@example.com,Female,2024-03-27,Iceland
910041,Tammy Mason,jenniferwilliams@example.net,Male,2025-08-30,Jordan
910512,Christopher Miller,jasonrobinson@example.net,Other,2025-03-20,Iraq
911047,Frederick Cohen,ejones@example.net,Other,2022-02-26,Palau
911309,Andrew White,sergiowade@example.org,Other,2021-08-24,China
912081,Christina Hill,millercathy@example.com,Female,2022-11-27,Madagascar
912137,Jason Powell,brooksanthony@example.org,Female,2022-11-10,Wallis and Futuna
912240,Charles Cochran,bonniemyers@example.net,Other,2021-11-19,Nicaragua
912456,Joseph Powers,john38@example.net,Male,2025-05-12,Solomon Islands
912568,Kenneth Valenzuela,ashaw@example.net,Other,2022-11-23,Slovakia (Slovak Republic)
912670,Christopher Jackson,vegagregory@example.net,Male,2022-10-04,Saint Kitts and Nevis
913061,Bernard Ortega,brian98@example.org,Female,2021-10-27,Myanmar
913141,Barbara Richardson,jillrobinson@example.org,Female,2023-12-22,Bolivia
913725,Alexis Chapman,cevans@example.net,Other,2021-04-15,Cote d'Ivoire
914301,Kevin Valdez,dylan38@example.com,Female,2024-06-04,Serbia
914479,Heather Aguilar,joseph83@example.com,Other,2021-11-30,Madagascar
914483,Ronald Williams,valerieberry@example.net,Female,2023-11-01,Philippines
914560,Jordan Stewart,ucaldwell@example.net,Female,2020-11-27,Guam
914843,David Jones,acostafernando@example.org,Male,2022-07-15,Northern Mariana Islands
915229,Derek Winters,carlosrodriguez@example.net,Other,2022-05-13,Liechtenstein
916665,Tyler Hill,samanthamorgan@example.com,Male,2025-07-04,Faroe Islands
917918,Emily Salazar,jensenrandy@example.org,Female,2025-04-01,Chile
918205,John Butler,samantha58@example.net,Male,2023-01-05,Saint Vincent and the Grenadines
919759,Gary Dudley,joseph69@example.com,Female,2021-03-17,Korea
920353,Charles Smith,rhardin@example.org,Female,2024-04-12,Algeria
920674,Steven Phillips,rebecca41@example.org,Other,2025-01-21,Turkey
923097,Anthony Lee,dawnkelley@example.org,Female,2025-04-28,Azerbaijan
923628,Karen Callahan,matthewgibson@example.org,Other,2025-03-31,Turks and Caicos Islands
924385,James Sloan,maria22@example.com,Female,2023-08-01,Norway
925393,Bonnie Miller,wilsonjoel@example.com,Other,2021-07-26,Niger
925455,Paul Nash,ryanmunoz@example.net,Female,2021-03-31,Gibraltar
925494,Maria Stark,hollysingleton@example.net,Other,2024-01-17,Ecuador
925575,Tyler Durham MD,skinnerbrenda@example.com,Other,2021-03-25,San Marino
925792,Melissa Walker,villanuevarebecca@example.net,Female,2022-11-29,Sierra Leone
927453,Danielle Wilson,ohenderson@example.org,Other,2020-12-17,Sao Tome and Principe
927901,Mark Melton,david13@example.org,Female,2021-03-26,Liechtenstein
928216,Molly Mclean,scottmahoney@example.org,Male,2022-01-02,Somalia
928546,David Braun,aholmes@example.org,Female,2024-11-22,Croatia
928556,Andrew Whitaker,danabennett@example.net,Other,2023-01-27,Cameroon
929311,Joshua Jackson,mwillis@example.org,Other,2024-04-16,Faroe Islands
929549,Linda Valenzuela PhD,chenamy@example.net,Other,2024-08-30,Egypt
929729,Teresa Smith,wrightlaura@example.net,Female,2024-12-23,Mayotte
929910,Tracy Rodriguez,sanderscindy@example.com,Female,2025-05-24,Kiribati
930880,David Norman,uallen@example.org,Other,2025-05-08,Cook Islands
931472,Shane Henderson,rbuckley@example.org,Other,2021-06-27,Turkey
931623,Timothy Tucker,fpark@example.org,Male,2023-10-15,Bahamas
932178,Michael Johnson,jessica71@example.net,Female,2022-07-24,Togo
933308,Edward Larson,emeadows@example.com,Other,2021-05-08,New Zealand
933361,Katherine Spears,andrew64@example.org,Female,2025-07-29,Cyprus
933460,Drew Gonzalez,patricia95@example.net,Other,2023-06-08,Jersey
933557,Jennifer Watkins,shawn14@example.org,Male,2022-08-02,Bahrain
933788,Paul Williams,joshua92@example.com,Female,2022-04-15,San Marino
934371,Scott Munoz,brittneyfox@example.net,Male,2023-03-20,Libyan Arab Jamahiriya
935833,Rhonda Watson,adamroth@example.com,Male,2023-03-26,Cocos (Keeling) Islands
936027,Matthew Woods,tiffany28@example.com,Other,2024-11-14,Gibraltar
936174,Heidi Scott,marcusnoble@example.com,Female,2024-03-28,Heard Island and McDonald Islands
936313,Linda Townsend,xboyd@example.org,Female,2020-10-02,Latvia
936553,Sherri Wood,benjaminbrittany@example.org,Male,2022-03-14,Saint Kitts and Nevis
936826,Jamie House,lauren18@example.org,Male,2023-09-02,Marshall Islands
937655,David Ferguson,johnsonpatrick@example.org,Male,2025-03-22,British Indian Ocean Territory (Chagos Archipelago)
937972,Adam Taylor,angela07@example.net,Female,2025-04-13,Hungary
938680,Shannon George,sarahhowe@example.net,Female,2020-10-31,Afghanistan
938823,Robert Scott,pmoore@example.com,Male,2024-06-14,Jersey
939290,Alexander Garcia,millsbrandon@example.net,Female,2023-07-02,United States Virgin Islands
939430,Kristen Ward,finleykatherine@example.net,Other,2024-07-13,Myanmar
939739,Lisa Hall,hking@example.com,Male,2023-08-01,New Zealand
940083,Robert Walton,hannahgriffin@example.net,Other,2022-06-12,Zimbabwe
940279,Robin Gomez,alexwilliams@example.net,Female,2020-10-08,Mali
940529,Tanya Munoz,onealjulie@example.net,Female,2020-11-04,Barbados
941417,Kristin Pena,ojohnson@example.org,Male,2024-11-07,Gabon
942025,Pamela Matthews,james11@example.com,Male,2022-08-06,Botswana
942135,Daniel Vargas,wgomez@example.com,Male,2023-02-15,Greece
942182,Charlene Bartlett,kjohnston@example.org,Male,2025-05-18,Turks and Caicos Islands
942633,Brandon Downs Jr.,aclark@example.net,Other,2022-11-01,Angola
943028,Annette Ruiz,uburke@example.org,Female,2023-08-10,Slovenia
943638,Collin Haynes,cgreen@example.org,Other,2024-12-07,French Southern Territories
943689,Christopher Wells,christopherdavidson@example.net,Female,2023-02-01,Rwanda
944157,Tammy Morales,megan49@example.net,Other,2025-02-21,Nauru
944655,Angela Hernandez,dwatson@example.org,Male,2023-03-05,Saint Pierre and Miquelon
944663,Thomas Miller,cwells@example.org,Female,2021-11-13,Netherlands Antilles
945246,Michael Lyons,rubenrios@example.com,Male,2025-06-03,Botswana
945380,Amy Williams,adrian43@example.net,Other,2022-02-12,Mexico
945686,Christopher Brown,frodriguez@example.org,Female,2021-02-01,Cape Verde
946403,Jordan Olson,paul68@example.com,Male,2023-03-03,Togo
947393,Ann Tran DDS,jamieschmidt@example.org,Male,2024-11-08,Qatar
948515,Ashley Johnson,haynesmonica@example.com,Female,2021-01-10,Korea
948647,Renee Lamb,williamsdavid@example.com,Female,2021-05-14,Saudi Arabia
952136,Kenneth Griffin,ewingkevin@example.org,Female,2021-04-11,Turkey
953586,Travis Donaldson,sandovaljohn@example.net,Other,2020-09-15,Iceland
953867,Christine Edwards,emilyramos@example.net,Male,2022-10-27,Saudi Arabia
953888,Lisa Jones,hnoble@example.org,Female,2022-07-19,Montenegro
953975,Gabrielle Pierce,znash@example.com,Female,2021-05-29,Kazakhstan
954537,Savannah Williams,brownsarah@example.com,Other,2024-11-27,Ireland
954835,Tyler Rose,vferrell@example.net,Female,2021-11-25,Kiribati
954882,Jesse Kim,gthomas@example.org,Female,2022-12-26,South Georgia and the South Sandwich Islands
955155,Mark Baker,bestdanny@example.org,Female,2023-04-09,Gibraltar
955321,Benjamin Terry Jr.,marie26@example.org,Male,2021-06-20,Puerto Rico
957827,Elizabeth Perez,nmartinez@example.org,Male,2023-12-20,Saint Pierre and Miquelon
957984,Philip Richards,alejandro27@example.net,Male,2024-05-02,Gabon
958282,Danielle Williams,rduarte@example.com,Male,2024-10-20,Mozambique
958797,Douglas Hoover,tiffany63@example.org,Female,2025-06-12,Comoros
958800,Susan Salazar,ftravis@example.com,Female,2022-01-20,Panama
959020,Sarah Miller,stephaniewhite@example.com,Male,2022-10-29,Turkey
960187,Jennifer Noble,dhaynes@example.org,Other,2023-07-07,Cook Islands
960409,Michelle Stephens,ccarter@example.org,Male,2024-07-21,Tonga
960735,Anita Bryant,hannamolly@example.com,Male,2022-06-08,Cameroon
960865,Jason Nicholson,aviladenise@example.org,Male,2023-11-01,Papua New Guinea
961024,Kelly Oconnor,gibbsmatthew@example.com,Female,2023-02-17,Zimbabwe
961367,James Parrish,awilliamson@example.net,Other,2023-05-20,Anguilla
961677,Terry Fischer,hardypaul@example.com,Female,2023-09-05,Lao People's Democratic Republic
961684,Heather Valenzuela,kchavez@example.net,Male,2025-07-20,Bahamas
961761,Donald Thompson,atapia@example.com,Other,2024-11-28,Uruguay
961877,Joe Summers,cooperjennifer@example.org,Other,2021-06-06,Tuvalu
962111,Jeremy Norris,hmayo@example.net,Male,2023-06-08,Qatar
963132,Mark Jacobs,nathan40@example.org,Other,2021-02-06,Albania
963327,Megan Hall,zfarmer@example.org,Other,2021-03-03,British Virgin Islands
963507,Rebecca Robertson,hunderwood@example.com,Female,2023-01-20,Moldova
963740,Charles Bell,alexanderadam@example.com,Male,2020-11-21,Jersey
964280,Amanda Patterson,emma29@example.com,Male,2023-07-22,Saudi Arabia
965406,Heidi Guerrero,brian40@example.com,Male,2021-10-15,Ethiopia
965596,Jordan Caldwell,ureilly@example.com,Other,2021-06-20,Saint Lucia
965935,Kathy Allen,rcampbell@example.net,Male,2020-12-15,Mozambique
965955,Hannah Lambert,robertyang@example.org,Male,2024-05-02,Zambia
966457,Kristina Burgess,marcus47@example.org,Female,2023-03-02,Kiribati
966930,Michelle Lewis,vtaylor@example.com,Female,2024-11-01,Suriname
967357,Jessica Wells,kyle06@example.com,Other,2022-08-01,Sri Lanka
967604,Stephanie Nguyen,gloria10@example.org,Female,2022-02-04,Maldives
967737,Michael Jennings,bnelson@example.net,Male,2022-06-02,Qatar
968114,Timothy Flores DDS,wzuniga@example.net,Other,2023-06-20,Saudi Arabia
968316,Peter Valencia,robert81@example.com,Male,2020-09-27,Marshall Islands
968505,Reginald Brown,ricky26@example.net,Other,2021-11-21,Ecuador
968722,Angela Wagner,joyzimmerman@example.net,Male,2020-11-21,Ghana
969721,Mark Bright,nfreeman@example.org,Other,2023-12-20,United States Virgin Islands
970674,Dorothy Johnson,jonathan25@example.com,Female,2022-01-17,Algeria
972187,Raymond Harmon,richteresa@example.net,Other,2025-04-14,Heard Island and McDonald Islands
973539,John Love,latoyarosales@example.org,Male,2024-12-19,Estonia
974584,John Malone,jillianblake@example.com,Other,2022-05-24,Heard Island and McDonald Islands
974929,Robert Flores,alexisrichardson@example.org,Other,2023-05-12,Albania
975154,James Wiggins,wscott@example.org,Female,2024-05-13,United States Minor Outlying Islands
975372,Angela Bennett,rschultz@example.org,Male,2024-05-27,Bahamas
975490,Ronald Cruz,dreyes@example.net,Other,2022-09-05,Swaziland
976340,Thomas Christian,robert10@example.net,Female,2022-11-29,Swaziland
976909,Shannon Rodriguez,courtneydeleon@example.net,Male,2020-10-06,Samoa
977023,Shawn Howard,cassandra87@example.net,Female,2022-12-09,Sweden
977030,Jessica Ortiz,juanthomas@example.net,Male,2022-12-12,Iraq
977081,Danny Sloan,vharris@example.net,Other,2022-02-09,Guinea
977121,Jason Reeves,angela61@example.com,Female,2022-02-03,Indonesia
977460,Alex Arroyo,iashley@example.org,Female,2025-01-01,Indonesia
977965,Christina Stevens,santanawilliam@example.org,Other,2023-01-29,Benin
978474,Claire Mccormick,simmonsjeanette@example.org,Female,2021-06-30,Kazakhstan
978916,Ms. Felicia Rodriguez,gcarrillo@example.org,Female,2024-02-14,Tonga
980264,Michelle Brown,jameskelly@example.net,Female,2020-09-13,Christmas Island
980336,Carol Espinoza,brian92@example.net,Other,2021-04-03,Korea
980484,Rebecca Mcmahon,laurenfischer@example.com,Other,2024-10-07,Togo
980521,Justin Lee,schultzjeremy@example.org,Female,2021-01-24,Taiwan
980798,Amber Patel,xavier95@example.net,Other,2022-10-01,Madagascar
980956,Austin Becker,fieldskristen@example.org,Female,2023-09-04,Argentina
981086,Ashley Sims,gabriellagoodwin@example.org,Female,2024-03-29,Eritrea
981141,Christopher Chang,rhonda17@example.com,Other,2024-11-24,Bolivia
981438,Kevin Adams,sean04@example.com,Male,2020-08-31,Saint Barthelemy
981489,James Evans DDS,david34@example.org,Other,2023-03-03,South Africa
981707,Douglas Nielsen,jesse68@example.com,Other,2025-08-07,Bulgaria
982337,Cheryl Lyons,swarner@example.net,Other,2021-12-25,Tonga
982561,Brittany King,santosmichael@example.com,Other,2020-10-27,Andorra
982675,Courtney Velasquez,shawbrittany@example.org,Other,2025-06-30,Mauritania
983009,Troy Lindsey,cindy11@example.com,Other,2020-11-14,United Kingdom
983103,Alan Soto,larry12@example.net,Other,2021-06-07,Reunion
983242,Michael Martin PhD,johnpatel@example.org,Female,2022-09-13,Serbia
984360,Brittany Murphy,lallen@example.org,Female,2025-08-19,Nauru
984748,Haley Walsh,edward67@example.net,Female,2025-06-25,Cote d'Ivoire
985047,Matthew Valdez,cpope@example.net,Other,2022-11-18,Nepal
985196,Danielle Carter,wbennett@example.com,Female,2020-09-02,Trinidad and Tobago
985236,Angela Brown,bobbygates@example.org,Male,2024-03-16,Mali
985438,Jason Hodge,sheila98@example.org,Male,2021-01-13,Seychelles
985488,Kristin Castro,fdavis@example.net,Other,2025-08-12,Guinea-Bissau
985694,Tyler Joseph,deniserogers@example.net,Female,2022-09-12,Central African Republic
985956,Paula Arias,robertcosta@example.org,Male,2022-12-06,Bangladesh
986056,Sherri Matthews,johnsonpaul@example.com,Male,2021-05-05,Switzerland
986692,Garrett Benjamin,chapmanveronica@example.com,Female,2021-01-09,Papua New Guinea
986706,Brandi Lozano,stevenrichards@example.net,Male,2023-08-09,Guyana
987489,Emily Wood,christopher70@example.org,Other,2025-04-24,Cuba
987585,Justin Miller,richardalicia@example.org,Male,2024-09-24,Tanzania
987706,Vincent Holland,uking@example.org,Female,2022-06-10,Jordan
988073,Kelly Barnes,danielle94@example.org,Other,2022-07-20,Mexico
988754,Debra Morgan,wmurphy@example.org,Female,2024-08-29,Svalbard & Jan Mayen Islands
988755,Angela Moore,rachel44@example.org,Other,2020-11-02,United Kingdom
988837,Michael Johnson,veronicadavid@example.net,Male,2023-08-15,Ireland
989556,Rachel Brown,derek41@example.org,Female,2022-03-09,Paraguay
990602,Michael Bennett,owensbrandi@example.com,Male,2023-02-02,Finland
990914,Tracy Short,hendersonsamuel@example.com,Other,2023-07-29,Portugal
992222,Stephanie Ramirez,dbarton@example.net,Other,2021-05-05,Italy
992334,William Martinez,nwhite@example.net,Female,2022-08-12,Bhutan
992359,Donna Ramos,reyessteven@example.org,Female,2022-02-06,United States of America
992786,Michael Cardenas,pnunez@example.net,Female,2024-04-18,Swaziland
993472,Alyssa Lowe,judithmoore@example.com,Female,2021-11-22,Somalia
993536,Jerry Kirby,scott70@example.com,Male,2022-06-26,Czech Republic
993591,Catherine Smith,salazarkevin@example.net,Other,2020-12-24,Antarctica (the territory South of 60 deg S)
994022,Shari Jordan,thompsonbenjamin@example.net,Other,2023-09-26,Anguilla
994205,Steven Anderson,longdaniel@example.net,Male,2022-07-15,Belarus
994479,Denise Dillon,armstrongapril@example.net,Male,2025-01-17,Saint Vincent and the Grenadines
994484,Frank Zamora,phanna@example.com,Male,2021-11-09,Papua New Guinea
994847,Sophia Ford,nicholas19@example.com,Other,2022-01-22,Cameroon
994938,Joseph Harper,brianna94@example.org,Other,2023-08-05,Spain
994970,Linda Rodriguez,griffinshannon@example.com,Male,2021-03-16,Ethiopia
995028,Danny Patterson,bryanramirez@example.net,Other,2022-03-22,Morocco
997237,Nicholas Bryant III,wilsonelizabeth@example.com,Female,2023-04-21,Burundi
997325,Timothy Allen,randy52@example.com,Male,2025-08-08,Ghana
998729,Felicia Young,teresa31@example.org,Other,2022-03-31,El Salvador
999072,Jonathan Day,gjones@example.org,Female,2022-05-31,Germany
999135,Dylan Williams,leah95@example.org,Male,2024-06-26,Paraguay
999148,Kristen Leonard,bullockjoan@example.net,Other,2020-12-14,Western Sahara
999415,Carolyn Petersen,bgreen@example.org,Female,2021-09-06,Monaco
999538,Rachel James,buckleykaren@example.org,Other,2021-02-12,Armenia
1000073,David Conner,qclark@example.com,Female,2022-06-11,Cape Verde
1000193,Kristy Young,vasquezkylie@example.com,Other,2022-09-13,Nepal
1000787,Donald Brown,bsharp@example.net,Other,2024-07-10,Saint Barthelemy
1001435,Jamie Patterson,tiffany92@example.org,Male,2020-09-01,Timor-Leste
1002133,Aaron Johnson,schultztodd@example.org,Male,2023-01-30,Myanmar
1002804,Eric Waller,robert73@example.net,Other,2021-11-20,Northern Mariana Islands
1002979,Amanda Wyatt,merrittpatrick@example.net,Male,2021-06-15,Korea
1003104,Zachary Randall,lcamacho@example.com,Female,2020-09-21,Macao
1003316,Sarah Tran,mariathomas@example.com,Other,2023-08-21,Sweden
1003394,Thomas White,leonjoseph@example.com,Female,2024-05-30,Portugal
1003651,Angela Johnson,frice@example.net,Male,2022-12-14,Papua New Guinea
1003959,Scott Yang,owright@example.com,Other,2021-08-02,French Southern Territories
1004043,Olivia Hernandez,chadaustin@example.org,Female,2020-10-29,India
1004376,Manuel Trevino,elijah65@example.org,Other,2023-11-02,Lithuania
1004640,Pamela Vaughan,lrice@example.com,Male,2021-12-31,Philippines
1005693,Amanda Salazar DDS,adamwilson@example.org,Male,2023-03-10,Cook Islands
1005747,Nicholas Cordova,zli@example.com,Female,2024-09-14,Israel
1006054,Sierra Nelson,ewebb@example.com,Male,2022-10-05,Bahamas
1006454,Aaron Tanner,cynthia59@example.org,Other,2024-09-06,Vietnam
1006862,Kaylee Michael,thomas26@example.net,Male,2021-08-14,Falkland Islands (Malvinas)
1007707,Caitlin Sandoval,vincentjennifer@example.net,Male,2020-12-05,Gibraltar
1007754,Kathy Garcia DDS,pmyers@example.org,Female,2022-06-11,Peru
1007871,Debra Michael,richard51@example.org,Other,2023-02-13,Guinea
1007950,Mr. William Gonzalez,wnguyen@example.com,Male,2023-02-23,Malta
1008806,Matthew Bradford,kevin23@example.net,Male,2023-12-03,Swaziland
1008972,Cindy Horton,nrodriguez@example.com,Male,2022-03-21,Moldova
1009321,Bruce Thompson,johnoneal@example.com,Female,2024-05-02,French Southern Territories
1009370,Ronnie Perez,rmendez@example.net,Other,2022-10-06,Ethiopia
1009930,Sean Knapp,chadhowell@example.net,Male,2024-10-07,Vanuatu
1009952,Joel Durham,careytheresa@example.org,Female,2022-04-28,Uruguay
1010377,Jim Pittman,joseph67@example.org,Other,2024-05-01,Heard Island and McDonald Islands
1010410,Stephen Golden,david12@example.com,Male,2021-07-16,Japan
1010539,Sara Lee,danielperry@example.com,Male,2022-11-06,Libyan Arab Jamahiriya
1010589,Francisco Wheeler,reyeskathleen@example.com,Other,2023-09-26,Belize
1010772,Rachel Frost,tracyjoseph@example.net,Other,2021-11-08,Djibouti
1010828,Michael Castillo,misty13@example.net,Female,2025-02-02,Slovenia
1011217,Tanya Jackson,kevin07@example.net,Other,2021-06-02,Aruba
1012226,Cesar Hughes,staffordwilliam@example.org,Male,2022-12-22,Belarus
1012385,Melissa Jenkins,caroline01@example.net,Female,2020-09-15,Korea
1012686,Eric Kemp,richardlozano@example.com,Other,2022-09-16,Netherlands Antilles
1012747,Donna Saunders,cruzjamie@example.org,Female,2024-01-26,Tuvalu
1013129,Roy Rogers,aknight@example.net,Other,2025-03-09,India
1013590,David Jefferson,cantrelljustin@example.com,Female,2023-01-15,Finland
1014400,Anthony Brown,bbaker@example.com,Female,2022-07-30,Nepal
1014528,Laura Jones,ortizeric@example.com,Female,2022-04-10,United Kingdom
1014606,Amber Mueller,erin61@example.net,Male,2021-07-03,Philippines
1014799,Matthew Lee,melanienoble@example.net,Other,2022-04-25,Dominica
1014814,Patricia Santos,gdavis@example.com,Other,2024-12-31,Reunion
1015142,Harold Dawson,bgross@example.org,Male,2024-07-23,Peru
1015688,William Bradford,sarahhill@example.org,Male,2022-03-13,Macao
1016520,Sharon Hurley,michelle62@example.com,Male,2021-11-19,Morocco
1016726,Gary Hill,nvaldez@example.net,Male,2023-04-17,Indonesia
1016868,Jeffrey Pope,robertrobinson@example.com,Female,2024-08-17,Croatia
1017087,Chelsea Robinson,jeancook@example.com,Male,2020-09-24,Tonga
1017225,Alan Jones,loriclark@example.org,Other,2022-06-07,Bosnia and Herzegovina
1017465,Vickie Hoffman,smithgarrett@example.net,Male,2020-10-18,Tanzania
1017917,John Thornton,atodd@example.com,Other,2022-04-18,Kyrgyz Republic
1017926,Morgan Smith,nelsonandrea@example.net,Male,2023-06-21,United Kingdom
1018199,Patrick Moreno,ortizrobert@example.net,Female,2023-06-23,Finland
1019350,Whitney Hanson,gregoryosborne@example.com,Other,2025-05-19,Guatemala
1019371,Michele Bailey,scott33@example.org,Other,2021-11-14,Saint Kitts and Nevis
1020384,Samantha Everett,danieldavis@example.net,Male,2022-08-07,Namibia
1020520,Kaylee Whitehead,crystal48@example.com,Male,2024-09-02,Armenia
1021398,Caitlin Woods,kgreen@example.net,Other,2024-09-13,Saint Kitts and Nevis
1021783,Kevin Bird,iwilson@example.org,Female,2024-12-10,Malawi
1021991,Patricia Smith,norrisdiane@example.org,Male,2022-12-27,Gambia
1022642,Philip Koch,craigthomas@example.net,Other,2024-03-21,Peru
1023030,Cesar Montes,qclark@example.com,Male,2021-02-13,Belgium
1025576,Caroline Wilson,tchang@example.org,Other,2021-06-22,French Southern Territories
1025721,Brendan Mckinney,richardsonangela@example.net,Other,2021-01-23,Nigeria
1025951,Kristen Hernandez DDS,shelbygonzalez@example.org,Other,2022-09-24,Heard Island and McDonald Islands
1026774,Michelle Jefferson,ldecker@example.com,Male,2024-02-27,Saint Vincent and the Grenadines
1028741,Carmen Coleman,richardsmitchell@example.net,Female,2021-05-29,Isle of Man
1029325,Crystal May,alexandraanderson@example.org,Male,2025-06-21,Jordan
1031470,Sharon Williams,nathanielfitzgerald@example.com,Other,2021-02-19,Czech Republic
1031711,Craig Ruiz,jacqueline26@example.net,Female,2022-10-18,Lao People's Democratic Republic
1031724,Kevin Patterson,reillyregina@example.com,Female,2021-11-16,Antigua and Barbuda
1033337,Frank Palmer,vhanson@example.net,Other,2023-04-01,Austria
1035376,Kyle Day,william26@example.net,Other,2022-07-14,Peru
1035453,Kimberly Smith,kevinpineda@example.org,Male,2023-11-19,Slovakia (Slovak Republic)
1036487,Steven Branch,ngomez@example.net,Other,2024-02-29,Myanmar
1036495,David Rogers,kristinruiz@example.org,Male,2022-02-10,Christmas Island
1037347,Anthony Johnson,nparks@example.net,Male,2021-06-14,Jordan
1037830,Mary Rivera,finleycolleen@example.com,Other,2022-09-28,Togo
1038163,Krista Townsend MD,thays@example.net,Other,2021-02-14,Kyrgyz Republic
1038391,Jesus Castillo,kristinasavage@example.org,Male,2022-10-19,Sudan
1039250,Ronald Odonnell,ygreen@example.net,Other,2021-03-20,Ireland
1039708,Laura Miles,michael55@example.org,Male,2022-10-21,Colombia
1039741,Melissa Lawrence,jonathan52@example.net,Female,2023-04-26,Uzbekistan
1040452,Craig Gallegos,joeldouglas@example.net,Other,2024-05-21,French Guiana
1040586,Bobby Vaughn,jmartinez@example.com,Other,2020-11-14,Greece
1040665,Jeffery Lane,donaldpollard@example.com,Male,2022-05-28,Norway
1040900,Nicole Brown,jackgonzalez@example.net,Female,2024-02-17,San Marino
1040966,Eric Ray,kyle27@example.com,Male,2022-12-14,Falkland Islands (Malvinas)
1041025,John Young,smithalexis@example.net,Male,2022-04-28,Estonia
1041423,Patrick Frazier,ograham@example.net,Female,2022-03-12,Andorra
1041626,Peter Dean,perryharry@example.net,Female,2022-05-13,Solomon Islands
1041777,Glenn Sheppard,dustin91@example.com,Male,2022-03-11,Guinea-Bissau
1043199,Ashley Aguilar,moyeraaron@example.net,Female,2022-01-12,Albania
1043570,Dominique Mcclain,pittmanjames@example.net,Female,2023-06-03,Bangladesh
1043603,Alexis Harrington,kathleen04@example.net,Male,2025-04-05,Wallis and Futuna
1043757,Tanya Miller,ymartin@example.com,Female,2023-06-27,Malaysia
1044116,Andrew Mcgrath,daniellesandoval@example.net,Female,2022-02-11,Cocos (Keeling) Islands
1044801,Garrett Humphrey IV,nancyyu@example.net,Male,2025-01-22,Seychelles
1045167,Ricardo Sanders,ucohen@example.org,Female,2021-04-27,Bulgaria
1045667,Keith Owen,riveracatherine@example.org,Female,2021-04-13,Guyana
1046450,Kristen Villegas,rbrown@example.com,Female,2024-05-23,Bosnia and Herzegovina
1046523,Erin Ross,christopherthompson@example.org,Male,2023-04-25,Anguilla
1047986,Joshua Sanchez,jonestimothy@example.com,Female,2024-05-11,Nauru
1048050,Jimmy Miller,wmartin@example.com,Other,2023-07-15,Barbados
1048708,Katherine Douglas,theresawright@example.com,Male,2020-09-23,Georgia
1049367,Rachel Cook,conwaykristen@example.org,Female,2022-04-28,Comoros
1049597,Rebecca Freeman,stephaniefranklin@example.net,Male,2021-08-10,Lesotho
1050205,Sara Wheeler,thomassteven@example.net,Other,2023-11-10,Ghana
1050545,Mary Freeman,monicakemp@example.org,Male,2024-01-29,Swaziland
1050643,April Horn,briansellers@example.org,Male,2023-05-04,Puerto Rico
1050905,Shelley Ferguson,wsmith@example.net,Female,2021-11-18,Japan
1051377,Kimberly Gardner,zacharymoss@example.com,Male,2021-11-21,Mexico
1051460,Jessica Copeland,isaac20@example.net,Other,2024-11-19,Solomon Islands
1051499,Kelly Morse,dennisarnold@example.net,Other,2022-05-12,Lesotho
1051911,Nichole Jones,christopherthompson@example.org,Male,2020-11-16,Mauritius
1052748,Jessica Thompson,alexander27@example.com,Female,2023-02-22,British Virgin Islands
1053294,Tammy Allen,alec25@example.com,Male,2021-10-08,Guatemala
1053389,Luis Fisher,colleen95@example.com,Male,2023-03-03,Comoros
1053554,Jonathan Lee,rogersmichelle@example.com,Other,2024-12-07,Saint Helena
1053671,Michael Ward,travisbutler@example.org,Male,2024-02-09,Papua New Guinea
1054545,Jenna Leonard,djackson@example.net,Female,2021-12-03,Slovakia (Slovak Republic)
1055089,Toni Nunez,ccoleman@example.org,Male,2024-06-05,Western Sahara
1055170,Andrew Miller,danielsmith@example.net,Female,2021-11-10,Sweden
1055787,Kent Cooper,josephjones@example.net,Other,2024-04-25,Brunei Darussalam
1056662,Kelsey Harper,tammyyoung@example.com,Other,2022-08-07,Nigeria
1056779,Edwin Caldwell,nguyenbrian@example.net,Male,2022-04-25,Slovakia (Slovak Republic)
1056783,Jennifer Smith,burnssamantha@example.com,Female,2022-12-12,Syrian Arab Republic
1058023,Phyllis Mckenzie,jessica30@example.org,Male,2021-09-27,Palau
1058514,Michael Barber,ple@example.com,Other,2020-12-17,Mozambique
1058929,Andrew Cruz,ericwaters@example.com,Female,2020-11-30,Philippines
1059065,Joshua Brown,brandonschroeder@example.net,Other,2020-12-19,Jersey
1059802,Joe Davis,michellelewis@example.net,Female,2022-07-26,Holy See (Vatican City State)
1059829,Kaylee Reilly,brownjeremy@example.org,Male,2022-06-21,Anguilla
1060140,Christina Richards,haleywebb@example.org,Other,2024-12-02,Zimbabwe
1060153,Christine Berry,yhunter@example.org,Female,2023-10-06,Guadeloupe
1060330,Hayden Smith,zpalmer@example.com,Female,2024-11-16,Jersey
1060647,Christopher Morales,robertsterri@example.com,Other,2023-12-08,Bahrain
1061406,Kristen Carter,maloneamy@example.net,Male,2021-05-16,Solomon Islands
1062800,Dennis Johnson,tcarpenter@example.net,Other,2025-01-07,Mongolia
1062981,Trevor Hernandez,ryantyler@example.org,Other,2021-01-08,Armenia
1063347,Jeffrey Davis,gloverashley@example.net,Male,2023-07-31,South Africa
1063521,Tonya Goodman,uwilson@example.com,Other,2024-01-13,Macao
1063544,Mr. Richard Rodriguez,michael39@example.net,Female,2022-07-27,Myanmar
1063746,Victor Murphy,hreyes@example.org,Male,2021-02-12,Lesotho
1064948,Steven Hill,jeremy41@example.com,Female,2024-12-31,Tanzania
1065227,Brittany Smith,iancardenas@example.com,Female,2024-08-06,Austria
1065347,Laura Warren,gbrown@example.net,Other,2021-10-03,Czech Republic
1066289,Lori Marsh,brownscott@example.org,Male,2022-03-26,Burkina Faso
1066302,Stephen Allen,jesse09@example.net,Other,2021-11-23,Argentina
1066782,Jacob Palmer,barbarasims@example.com,Other,2025-07-22,Israel
1066929,Lisa Mendoza,robertsmith@example.net,Other,2021-06-04,Cuba
1067305,Juan Ramos,travis66@example.com,Male,2024-09-17,Russian Federation
1067323,Michelle Ross,jeffreygreene@example.org,Male,2021-07-13,Zambia
1067906,Shannon Kline,asnyder@example.net,Other,2025-03-17,France
1070255,Stacey Herman,bbrewer@example.org,Female,2022-05-01,Suriname
1070373,Gregory Stafford,judithgentry@example.org,Other,2024-10-25,Nepal
1070884,Jimmy Weber,jenniferparsons@example.net,Other,2025-01-10,Libyan Arab Jamahiriya
1071160,Jodi Watkins,jamesdavis@example.net,Female,2023-06-30,Iceland
1071750,Patrick Mclaughlin,tracy55@example.com,Male,2022-03-16,Philippines
1073035,Nichole Hanson,claudiabrown@example.org,Male,2023-05-25,Lithuania
1073931,John Rivera,markfoster@example.net,Other,2021-02-09,Ethiopia
1074038,Jacob Jackson,jortega@example.com,Male,2025-07-10,Chile
1074719,Michael Turner,thompsoncassandra@example.org,Other,2021-02-13,Haiti
1074758,Robert Hardy DDS,padillabrianna@example.net,Other,2021-09-13,Azerbaijan
1074883,Stephanie Robbins,rjohnson@example.org,Other,2025-08-25,Bolivia
1075383,Jeremy Yates,turnertonya@example.net,Male,2025-05-08,Panama
1076241,Tammy Jones,jtaylor@example.net,Male,2023-02-26,Jordan
1076941,Robin Ruiz,donna63@example.net,Female,2024-04-21,Jordan
1077112,Ashley Proctor,shelleyperez@example.com,Other,2024-07-25,Latvia
1077613,Tristan Wade,kbrown@example.com,Male,2020-11-09,Mayotte
1077924,Steven Olson,vnewman@example.org,Female,2021-12-28,Zimbabwe
1078108,Jennifer Mccullough DDS,gibsonmaria@example.net,Female,2024-11-09,Tuvalu
1078421,Alexa Herman,westdawn@example.com,Female,2022-07-23,Belize
1078701,Amanda Lee,zking@example.net,Female,2021-09-14,Yemen
1079220,Donna Potter,rrivera@example.com,Other,2024-08-23,Jersey
1079330,Natasha Harvey,hwheeler@example.net,Other,2024-03-02,Morocco
1079604,Benjamin Singh,sanchezeddie@example.net,Other,2025-05-09,Botswana
1082111,Samantha Walker,hannahmyers@example.net,Female,2022-10-15,Bahamas
1082221,Mary Johnson,kingkendra@example.net,Other,2024-04-28,Antarctica (the territory South of 60 deg S)
1082301,Karen Rodriguez,george19@example.org,Male,2025-06-07,Norfolk Island
1082661,Ashley Arnold,davenportkimberly@example.com,Male,2024-07-11,Guernsey
1083704,Kayla Guerra,ggarcia@example.net,Female,2022-08-25,Vanuatu
1084006,Michael Avery,corychambers@example.net,Female,2022-10-17,United States of America
1084165,Brandon Pierce,millerjonathan@example.com,Other,2025-04-19,Moldova
1084750,Lauren Hudson,wnelson@example.com,Female,2023-09-23,Kiribati
1085285,Tamara Mcdaniel,martinezrandy@example.org,Other,2023-05-08,Palestinian Territory
1085293,Lauren Greene,mathew43@example.net,Other,2021-09-28,Tajikistan
1085407,Johnathan Miller,daniel52@example.net,Female,2022-12-28,Congo
1087137,Amber Wong,sotodanny@example.org,Male,2020-11-08,Maldives
1087511,Nicholas Edwards,thoffman@example.net,Other,2023-05-05,Switzerland
1088038,Eric Alexander,christineowens@example.org,Other,2022-09-23,Libyan Arab Jamahiriya
1088063,Heidi Burke,susan68@example.com,Male,2024-04-10,Malawi
1088331,Mark Pollard,contrerasabigail@example.net,Male,2023-07-31,Botswana
1088780,Eric Diaz,aaronlopez@example.org,Male,2024-09-23,Azerbaijan
1088961,Joshua Mullins,fsmith@example.com,Other,2022-10-08,Bangladesh
1089934,Troy Melendez,collinsbrittany@example.net,Other,2020-09-30,Luxembourg
1090012,Barry Lewis,austinhall@example.org,Male,2022-04-04,Sao Tome and Principe
1090265,Lynn Morrow,paulrandall@example.com,Male,2024-11-20,Cook Islands
1090912,Matthew Duran,fcardenas@example.org,Male,2023-11-15,Czech Republic
1091183,Deborah Nelson,elizabeth88@example.net,Other,2022-03-23,Antarctica (the territory South of 60 deg S)
1092095,Christopher Moreno,bookerallison@example.net,Other,2025-01-27,Togo
1092813,Rebecca Johnson DVM,christopher10@example.net,Male,2020-09-06,Afghanistan
1093085,Jennifer Mclaughlin,ygomez@example.com,Other,2021-12-13,Haiti
1093794,Mitchell White,jchen@example.org,Other,2022-11-22,Marshall Islands
1094990,Kimberly Grant,xsmith@example.org,Female,2021-05-26,Falkland Islands (Malvinas)
1095238,Nicholas Morgan PhD,jacobsaustin@example.com,Male,2020-11-05,Korea
1095303,Marissa Irwin,michael07@example.org,Male,2025-08-20,Holy See (Vatican City State)
1095564,Eric Hall,cevans@example.net,Male,2024-02-18,Qatar
1095831,Stephanie Roy,jessicadorsey@example.org,Other,2022-09-15,Mozambique
1096042,Dawn Woods,mmoore@example.com,Female,2025-08-16,Montserrat
1097001,Daniel Hernandez,samuel11@example.com,Other,2022-01-02,France
1097251,Cheryl Dickson,smithmelissa@example.org,Male,2022-10-05,Saint Lucia
1097401,Thomas Hill,sherrimiller@example.com,Female,2021-07-17,Honduras
1097754,Amy White,virginiataylor@example.net,Male,2021-05-16,Monaco
1097863,Heidi Johnson,charles78@example.net,Male,2025-02-01,Bangladesh
1099916,Monique Grant,ismith@example.org,Male,2021-11-08,United States Virgin Islands
1100517,Thomas Stephens,lauren34@example.com,Male,2025-02-12,Korea
1101042,Mark White,snyderrobyn@example.com,Other,2023-01-17,Vanuatu
1101190,Travis Klein,ewilliamson@example.com,Other,2023-01-23,Palau
1102634,Jessica Davis,christian98@example.net,Other,2023-05-09,Ecuador
1102651,Diane Powers,osbornecraig@example.net,Female,2020-09-20,Wallis and Futuna
1102747,Charles Smith,raymondjones@example.com,Male,2025-07-08,Christmas Island
1103099,Kathryn Morales,jessica42@example.com,Male,2021-09-14,Eritrea
1103242,Melinda Ingram,alexanderhector@example.com,Other,2023-05-08,Palau
1103374,Angela Webb,dixonelizabeth@example.net,Male,2023-03-17,Gabon
1103865,Kyle Robinson,dakotacrawford@example.com,Other,2024-08-07,Zimbabwe
1104711,Stanley Simon,eric72@example.org,Male,2024-04-14,Norfolk Island
1104845,William Vega,eric64@example.org,Male,2023-08-18,Martinique
1105729,Philip Sanchez,swilliams@example.net,Other,2024-02-03,Egypt
1105880,Carol Barber,travis36@example.org,Male,2022-03-11,British Indian Ocean Territory (Chagos Archipelago)
1106077,Terry Bush,amandathompson@example.com,Male,2021-03-10,Libyan Arab Jamahiriya
1106377,Mariah Nunez,joseph69@example.net,Female,2024-12-12,Argentina
1106400,Kevin Burton,slee@example.com,Other,2023-04-01,Barbados
1106514,Ivan Dominguez,richard14@example.com,Male,2024-08-07,Fiji
1106662,Robert Davidson,johnsdaniel@example.net,Other,2024-06-28,Saint Kitts and Nevis
1107005,Lawrence Carpenter,taylorrandall@example.com,Other,2021-10-20,Saint Lucia
1107614,Nicole Fisher,tferguson@example.com,Female,2023-11-29,Jersey
1107947,Nicholas Vincent,gmitchell@example.net,Male,2024-01-02,New Zealand
1108084,Jeffrey Short,loganoneal@example.com,Male,2023-12-06,Solomon Islands
1108167,Emily Riggs,larrydavis@example.org,Female,2024-10-07,Ethiopia
1108631,Autumn Myers,john62@example.net,Male,2023-03-04,Macao
1109112,Steven Mcclure,stephaniemoreno@example.com,Female,2024-12-11,Lebanon
1109224,Ashley Hernandez,randyhorton@example.org,Other,2024-05-06,Kazakhstan
1110367,Susan Fox,hjordan@example.net,Female,2021-08-16,Grenada
1110432,Jose Nichols,colonamy@example.com,Male,2021-01-08,Iraq
1111442,Diana Rose,jennifer21@example.com,Male,2023-01-20,Moldova
1111730,Hannah White,leslie77@example.org,Female,2025-01-11,Bahrain
1112428,Adam Novak,briandawson@example.com,Male,2021-10-18,Chile
1112616,Roger Schultz,christina02@example.org,Male,2022-04-22,Libyan Arab Jamahiriya
1112993,Timothy King,michael68@example.net,Other,2022-03-29,Cayman Islands
1113434,Jose Glover,flowersbrooke@example.net,Female,2025-06-05,Finland
1113733,Anthony Velazquez,marcushickman@example.com,Male,2023-10-29,Saint Barthelemy
1114623,John Hall,jtorres@example.net,Male,2022-03-09,India
1115029,Jonathan Chaney,michaelshah@example.net,Female,2022-02-06,Dominica
1115137,Jessica Mahoney,umyers@example.com,Male,2023-05-18,Saint Barthelemy
1115231,Lance Cook,donna53@example.net,Male,2020-09-25,Denmark
1115533,Dennis Gomez,kelly07@example.com,Male,2022-01-14,Luxembourg
1115895,Kelli Valencia,watkinsjennifer@example.org,Female,2024-09-19,Christmas Island
1116313,Dawn Harrison,awilliams@example.net,Other,2025-07-12,Martinique
1116694,James Hall,knightbrandi@example.net,Male,2023-11-11,Armenia
1117192,Ethan Robinson,benitezsteven@example.org,Male,2024-05-18,Vanuatu
1117264,Alexander Reid,fellis@example.net,Other,2024-11-01,Israel
1117895,Diana Caldwell PhD,colleen52@example.com,Other,2020-09-30,British Virgin Islands
1118205,Steven Schultz,harrisonmichael@example.net,Male,2022-10-20,Zambia
1118238,Ernest Proctor,ryan45@example.net,Other,2022-05-27,Tuvalu
1118774,Glenn Clark,tonya57@example.net,Other,2025-01-08,Turks and Caicos Islands
1118803,Crystal Cummings,brianmartin@example.com,Female,2024-11-18,Guatemala
1118833,Zachary Brown,stevenwells@example.com,Female,2020-12-02,Afghanistan
1119202,April Cervantes,danny51@example.org,Other,2025-01-09,Christmas Island
1119413,Joseph Parker,jasminerice@example.org,Other,2021-11-26,Tunisia
1120513,James Beltran,gerald86@example.org,Other,2024-07-21,Pitcairn Islands
1120706,Monica Quinn,lmorales@example.net,Male,2021-12-04,Uganda
1121095,Steven Moore,sean79@example.com,Male,2025-08-06,Jamaica
1122337,Tom Briggs,rmcdonald@example.net,Male,2022-04-07,Montserrat
1122682,Stacey Warren,peggythomas@example.org,Female,2024-06-28,French Southern Territories
1122998,Corey Perry,steindouglas@example.com,Other,2023-04-28,Guinea
1123016,Mary Brown,hughesdavid@example.net,Other,2024-05-06,New Caledonia
1125195,Brian Reid,derekwhite@example.com,Other,2023-03-12,Namibia
1125249,Jason Ali,qfox@example.org,Female,2024-07-21,Korea
1125532,Jennifer Mayer,harveydenise@example.net,Female,2023-11-02,Kyrgyz Republic
1126663,Jennifer Stevens,tara20@example.net,Male,2023-05-04,Belgium
1126841,David Gilbert,mdiaz@example.org,Female,2023-05-16,Congo
1127535,Paul Henderson,bcochran@example.org,Other,2025-01-06,Angola
1127803,Jacqueline Marquez,wwilkinson@example.com,Other,2021-05-26,Bouvet Island (Bouvetoya)
1128138,Patrick Leonard,katrina79@example.net,Male,2022-05-19,Uzbekistan
1128539,Thomas Vargas,archercrystal@example.org,Female,2025-05-14,Belgium
1128595,Lisa Cummings,amiller@example.org,Female,2025-04-28,Switzerland
1128746,Martin Mayer,bailey29@example.org,Other,2023-11-04,Sierra Leone
1128865,Mr. John Dunn,michaelkelly@example.net,Female,2024-06-29,Bouvet Island (Bouvetoya)
1129165,Michael Rocha,solomonangela@example.org,Female,2024-10-10,Aruba
1129930,Jennifer Yates,carolinejones@example.com,Male,2021-09-08,Argentina
1130485,Wesley Cruz,weavermonica@example.org,Male,2022-10-27,Bahamas
1130546,Curtis Wyatt,bryanjessica@example.com,Other,2024-09-25,Cook Islands
1130954,Stephanie Lozano,qlong@example.org,Male,2023-06-02,Afghanistan
1131375,Billy Taylor,jaywarren@example.net,Female,2024-12-10,Slovakia (Slovak Republic)
1131453,Mr. Kenneth Kent,adam40@example.net,Male,2024-04-18,Bahamas
1131720,Alison Campbell,zacharyking@example.org,Other,2022-03-07,India
1131796,Jamie Torres,ebarber@example.com,Female,2020-08-31,New Caledonia
1132054,Brian Gibson,smithkyle@example.org,Female,2025-03-10,Andorra
1132064,Larry Patterson,mary96@example.com,Other,2024-03-04,Guinea-Bissau
1132092,Matthew Miller,christopher52@example.org,Male,2022-08-26,Dominican Republic
1132668,Amanda Harris,jonathansmith@example.org,Other,2025-07-21,Ecuador
1134114,Angela Krause,kwebster@example.com,Male,2021-01-03,Iceland
1134157,Jonathan Gonzales,antoniohudson@example.org,Female,2023-07-26,Congo
1134207,Timothy Jackson,brandongonzales@example.net,Female,2022-07-29,Cape Verde
1134273,Lisa Williams,lewisamanda@example.com,Other,2023-01-18,Guadeloupe
1134561,Jesus Jackson,brandonmolina@example.com,Male,2025-07-25,Comoros
1135123,Allison Rush,phelpslisa@example.org,Female,2022-11-02,Slovenia
1135987,Jared Hughes,youngluis@example.net,Other,2025-02-19,Tonga
1136782,Nathaniel Mann,ronaldharris@example.com,Other,2022-12-24,French Southern Territories
1136984,Sandra Ashley,uanderson@example.net,Other,2023-06-20,Djibouti
1137000,Wendy Henderson,gregorygreene@example.net,Male,2024-10-17,Cape Verde
1137215,Heidi Shelton,chelseayoung@example.net,Other,2023-09-28,Monaco
1137647,Nicolas Kane,hlarson@example.com,Male,2023-06-16,Japan
1138440,Jared Randall,dsanchez@example.net,Female,2022-12-24,Canada
1139131,Cristian Jefferson,danielleburton@example.com,Other,2021-01-14,Burkina Faso
1139512,Heather Christian,jamiecastro@example.org,Male,2021-03-27,Croatia
1139550,Raymond Singleton,vriley@example.org,Female,2023-12-06,Belize
1139809,Julie King,carmenlivingston@example.com,Male,2022-11-30,United Arab Emirates
1139875,Robert Meyers,deborahrice@example.net,Female,2024-09-13,Guernsey
1139985,Sherry Copeland,sharonsmith@example.com,Female,2021-10-16,Guinea-Bissau
1140520,Grace Jenkins,michelleharrison@example.com,Other,2020-09-17,Namibia
1140640,Jackie Burton,robert23@example.org,Male,2021-12-18,Northern Mariana Islands
1140969,April Williams,barbara23@example.com,Female,2023-11-18,Burkina Faso
1141021,Amber Miller,jeremyacevedo@example.org,Male,2023-01-15,Kazakhstan
1141187,Alexis Powell,williamblanchard@example.net,Male,2022-02-11,Cyprus
1141188,Sarah Lewis,tammie63@example.org,Male,2025-07-20,Sierra Leone
1141262,Ariana Sullivan,zdavis@example.org,Male,2022-09-26,Ethiopia
1141629,Lori Skinner,emily28@example.org,Male,2024-04-24,Ukraine
1141665,Carrie Byrd,nicolesmith@example.net,Male,2025-05-23,Saint Vincent and the Grenadines
1143327,Anthony Young,yjackson@example.org,Female,2023-07-15,United States of America
1143503,Diana Mcmahon,davidhuber@example.com,Other,2023-06-30,Saint Barthelemy
1143736,Stephanie James,michaelmartinez@example.com,Female,2023-01-04,Albania
1144907,Ashley Swanson,sotowilliam@example.net,Female,2024-12-15,Russian Federation
1145917,April Mitchell,freemanlaura@example.net,Female,2022-03-22,El Salvador
1147230,Kelly Austin,tamaraholland@example.org,Male,2022-06-11,Iraq
1147829,Ethan Taylor,igraves@example.com,Female,2022-12-13,Dominica
1147963,Matthew Carlson,debrascott@example.org,Male,2023-04-17,Brunei Darussalam
1148401,Evelyn Parsons,iwilson@example.com,Female,2024-07-15,Korea
1148599,Connie Kent,mmcdonald@example.org,Female,2024-08-20,Jersey
1148736,Samantha Johnson,martinezmaria@example.net,Female,2021-12-30,North Macedonia
1149078,Brian Perez,jblack@example.org,Other,2022-07-04,Andorra
1150278,Sean Henry,justin91@example.org,Male,2021-12-06,Swaziland
1150445,Ryan Browning,clopez@example.org,Female,2024-11-21,Moldova
1151026,Joseph Douglas,anna05@example.org,Male,2022-04-02,South Africa
1151065,April Davis,monica37@example.org,Other,2023-08-25,Antigua and Barbuda
1151855,Timothy Chambers,ashleywhite@example.com,Male,2025-06-02,Suriname
1151915,Samuel Turner,griffitherin@example.org,Male,2022-09-11,Ghana
1152518,Amber Phelps,zford@example.net,Other,2023-05-06,New Zealand
1152772,Kimberly Kelly,donna22@example.com,Male,2023-08-28,Panama
1154160,Donald Monroe,mary37@example.com,Female,2021-11-17,Israel
1156010,Kristen Flores DVM,michaelwilliams@example.com,Female,2025-08-21,Northern Mariana Islands
1156274,Travis Farrell,ethomas@example.com,Female,2024-07-28,Malawi
1156884,Jake Allison,brandon62@example.net,Other,2021-12-25,Nicaragua
1157174,Matthew Fitzpatrick,thomascharles@example.org,Other,2022-02-19,Namibia
1157833,Jared Long,michelle73@example.org,Other,2022-06-21,Spain
1159407,Nicholas Smith,pereznicole@example.net,Female,2024-04-10,Suriname
1159776,Paula Anderson,jonesmichael@example.net,Male,2025-03-17,Reunion
1159821,Amy Wallace,jasmine49@example.com,Female,2021-01-28,Algeria
1160390,Deborah Weber,santoskeith@example.org,Male,2023-01-15,Pitcairn Islands
1161102,Edward Wright,shahchristine@example.org,Male,2022-03-08,Lithuania
1161117,Jose Stokes,katherinehicks@example.com,Male,2022-03-28,Russian Federation
1161681,Chelsea Garcia,elizabethgross@example.net,Female,2021-10-18,Gibraltar
1161849,Tanya Walls,gmorris@example.com,Male,2024-08-29,Azerbaijan
1162443,Billy Bell,cjones@example.net,Female,2021-07-20,Egypt
1162446,Nicole Buck,qsmith@example.net,Other,2020-10-16,Sweden
1162844,Brooke Gonzalez,norrisshelly@example.com,Male,2024-09-12,Saint Lucia
1162858,Mark Foley,lindabradshaw@example.org,Other,2023-08-21,Samoa
1163141,Scott Collins,mccoypatricia@example.com,Other,2024-09-28,Ukraine
1164596,Tom Williams,malonejohn@example.com,Other,2022-12-04,Kenya
1164657,Tabitha Holt,adamsjennifer@example.org,Male,2024-01-11,New Zealand
1164900,Jamie Cochran,carrie92@example.com,Female,2025-07-25,Morocco
1164944,Kelsey Fernandez,andreahawkins@example.com,Other,2024-04-07,Jordan
1165042,Stephanie Spencer,robertdouglas@example.org,Female,2022-12-30,Libyan Arab Jamahiriya
1165217,Justin Moreno,wjordan@example.net,Female,2022-03-20,Guadeloupe
1165373,Donna Bullock,apearson@example.org,Other,2020-09-07,Palau
1165522,Kristy King,bushtravis@example.com,Female,2021-04-17,Trinidad and Tobago
1166347,Jennifer Beck,zdavis@example.org,Female,2025-04-17,United Kingdom
1166936,Erik Hill,jennifergaines@example.net,Male,2021-05-14,Zimbabwe
1167073,Diane White,parkerantonio@example.com,Female,2023-12-26,Tajikistan
1167169,Cheryl Stephens,erobinson@example.com,Other,2023-08-13,Marshall Islands
1167196,Dakota George,james72@example.org,Female,2020-11-03,Japan
1167461,Billy Hampton,wareryan@example.net,Female,2020-09-14,Mongolia
1167528,Jennifer Mcguire,gjohnston@example.org,Other,2022-10-17,Turkey
1167581,Joshua Evans,dianelong@example.org,Female,2021-04-09,Malawi
1168133,Vincent Padilla,uwalker@example.net,Male,2024-05-04,Mongolia
1168134,Olivia Wilson,dmoore@example.net,Male,2020-11-30,Sierra Leone
1168233,Leah Francis,mthomas@example.net,Female,2021-07-08,Andorra
1168429,David Cordova,suttonamy@example.org,Male,2021-12-27,Tonga
1169752,James Wright,olowe@example.com,Male,2024-04-20,Djibouti
1170636,Nicholas Cooke,stephenwarner@example.com,Male,2021-05-07,Czech Republic
1171233,Tracey Williams,ericksonnicholas@example.com,Male,2021-09-07,Bermuda
1171497,Kevin Carter,ginasmith@example.org,Male,2022-05-09,Mozambique
1172442,Alexander Bonilla,vbond@example.net,Male,2023-07-07,Saint Martin
1172499,Heather Kelly,grosstoni@example.net,Female,2022-11-14,Montserrat
1172675,Ashley Silva,thompsonbrian@example.org,Male,2020-12-26,New Caledonia
1173303,Dr. Alex Clark,vbridges@example.net,Male,2021-12-15,Turkey
1173473,Charles Evans,lawrence98@example.org,Male,2023-09-17,Malaysia
1173578,Shannon Beasley,tdunlap@example.org,Other,2023-09-18,Georgia
1173609,George Bowers,kenneth92@example.com,Other,2024-11-16,New Zealand
1174451,Anna Davis,fwilliams@example.org,Male,2023-06-11,Solomon Islands
1175933,Jennifer Shepherd,zferguson@example.net,Other,2022-11-17,French Polynesia
1176217,Dustin Weaver,shensley@example.com,Female,2023-09-28,Liechtenstein
1176234,Amber Ross,ubennett@example.org,Female,2025-04-25,Lithuania
1176630,Alexander Hoffman,nathantaylor@example.com,Male,2023-07-06,Barbados
1177080,Monica Flores,myerschristine@example.net,Female,2020-11-07,Eritrea
1177123,Jennifer Mercer,melissadavis@example.net,Female,2025-03-04,United States of America
1177138,Douglas Lopez,shawjill@example.org,Male,2023-12-05,Gambia
1179204,Ana Harris,william13@example.net,Other,2022-06-03,Bahamas
1180098,Tara Martinez,epeters@example.org,Female,2025-04-30,Liechtenstein
1180156,David Holmes,kevin12@example.net,Other,2023-03-21,Pitcairn Islands
1180185,Rebekah Ramirez,garzamatthew@example.net,Other,2022-05-17,Liechtenstein
1181454,Robert Young,jamesfarmer@example.org,Female,2024-10-12,Cocos (Keeling) Islands
1182140,Linda Ali,harriskristin@example.net,Female,2022-05-27,China
1182184,Stephanie Anderson,bethanydillon@example.org,Male,2021-04-17,Kyrgyz Republic
1182470,Joseph Ford,jwatkins@example.net,Other,2023-12-05,Slovakia (Slovak Republic)
1182599,Thomas Rubio,shannongriffith@example.com,Male,2021-12-16,Niger
1182620,Christopher Guerra,mark62@example.org,Female,2025-06-08,Israel
1183206,James Tucker DVM,garciakellie@example.com,Other,2021-06-03,Guam
1183270,Michael Diaz,bmartinez@example.net,Other,2021-11-30,North Macedonia
1183519,Gabriel Dyer,cbernard@example.org,Male,2021-01-05,Albania
1184142,Jasmine Webb,makaylaallen@example.com,Female,2023-03-07,Portugal
1184341,Jason Hayes,christine38@example.net,Male,2024-02-12,Saudi Arabia
1184488,Jamie Moss,frankkathy@example.com,Male,2021-09-18,Canada
1185500,Jordan Davis,iwalsh@example.com,Female,2022-02-06,Trinidad and Tobago
1185981,Danny Carlson,jacob08@example.com,Male,2022-07-02,Aruba
1186315,Michelle Wallace,coopermichelle@example.org,Other,2024-07-25,Marshall Islands
1186729,Sherry Coleman,butlermatthew@example.net,Female,2020-12-25,Egypt
1186987,Jessica Reynolds,kaufmancarlos@example.com,Male,2024-03-10,Bolivia
1187190,Dr. Randall Osborne,ievans@example.com,Other,2025-03-29,Egypt
1187477,Jessica Middleton,robert66@example.org,Female,2020-08-31,Samoa
1188083,Shirley Mitchell,nicole53@example.org,Other,2024-11-20,Sweden
1188897,Melissa Dawson,frazierderek@example.com,Male,2021-01-04,Fiji
1189075,Isaac Blake,ucisneros@example.org,Female,2022-08-25,Sudan
1189698,Monique Castro,tsparks@example.org,Male,2021-11-17,France
1190685,Michael Berry,sean44@example.org,Other,2021-07-23,Suriname
1190741,Daniel Fernandez,cynthia01@example.net,Female,2023-09-06,Congo
1190918,Susan Wall,hernandezmark@example.com,Male,2024-04-07,Libyan Arab Jamahiriya
1191552,Phillip Rogers,ccoleman@example.com,Female,2024-09-21,Thailand
1191666,Tammy Leach,tracyjohnson@example.com,Male,2023-12-11,Saudi Arabia
1193386,Wendy Smith,rebecca34@example.com,Female,2024-06-09,Solomon Islands
1193560,Jonathan Huynh,osimmons@example.com,Female,2025-01-26,Suriname
1194021,Jeffrey Cantu,kwarner@example.com,Other,2021-02-07,Equatorial Guinea
1194053,Jeffrey Bennett DVM,steven77@example.com,Other,2025-02-18,United Kingdom
1194662,Michelle Gordon,amy22@example.net,Female,2021-12-28,Bouvet Island (Bouvetoya)
1195600,Michael Ho,youngmichael@example.org,Female,2022-04-16,Germany
1195691,James Hartman,patriciaford@example.com,Male,2023-11-06,Uzbekistan
1196136,Cheryl Ayala,wwood@example.org,Other,2022-11-11,Guernsey
1196141,Edwin Velez,ashleypreston@example.com,Female,2021-03-26,Myanmar
1196506,Robert Hunt,schmittmaria@example.org,Male,2025-04-22,China
1196618,Stacy Mullins,michelletaylor@example.com,Male,2024-05-28,Germany
1196812,Christopher Hayes,ysharp@example.com,Female,2022-08-28,Barbados
1196879,Brent Wright,larsenlauren@example.com,Male,2025-03-21,Cayman Islands
1198445,John Green,amandalee@example.com,Female,2021-04-07,French Guiana
1198521,Gregory Wyatt,whitneyanna@example.com,Male,2024-04-21,Honduras
1198602,Michael Skinner,jacqueline94@example.org,Female,2020-08-31,Ethiopia
1199004,Kim Berger,bondedward@example.org,Female,2024-03-27,Brazil
1199311,Kevin Esparza,peterjones@example.net,Other,2023-08-27,Saint Helena
1199688,Nicholas Shaw,millercody@example.com,Male,2024-03-29,Comoros
1200006,James Howard,thomasdunn@example.net,Male,2022-10-24,Senegal
1200156,Darren Gomez,sgreen@example.net,Female,2023-08-05,Faroe Islands
1200534,Angela Lewis,lorrainegonzalez@example.com,Other,2023-03-13,Iraq
1200871,Amanda Jones,reedglenda@example.com,Other,2021-03-25,Lao People's Democratic Republic
1200917,Christine Poole,wilsongerald@example.com,Other,2023-01-16,Guyana
1201400,Rita Jones,fwoodward@example.net,Male,2023-04-07,Argentina
1201438,Sherry Roberts,wendyhenderson@example.net,Male,2022-11-17,Bulgaria
1202370,Sarah Rogers,kimberly48@example.net,Female,2023-10-01,Cambodia
1203083,Bryan Roman,james58@example.net,Female,2021-12-09,Mauritania
1205291,George Perez,pearsonmichael@example.com,Female,2025-04-01,Cocos (Keeling) Islands
1206395,Molly Cohen,youngcharles@example.com,Other,2021-03-20,Eritrea
1206474,Margaret Taylor,nicolemartin@example.net,Male,2023-07-02,Israel
1206750,Heather Brown,timothyharris@example.org,Male,2022-08-27,Malta
1207619,Cameron Kirk,robin02@example.net,Male,2022-11-04,Kenya
1207808,Robert Woods,johnsonjeffrey@example.com,Other,2023-01-15,Gambia
1207895,Anthony Johnson,smithsarah@example.net,Female,2023-07-02,Pitcairn Islands
1208063,Susan Williams,lauradavis@example.net,Male,2020-12-23,Mongolia
1209351,Michael Miller,yharrison@example.com,Male,2024-06-17,Montserrat
1209459,Connor Martin,belinda46@example.org,Female,2022-07-01,Cambodia
1209644,Martha Solis,jade86@example.org,Female,2021-01-22,Guatemala
1209718,Jonathan Mcdonald,boothrichard@example.org,Other,2025-01-09,Turks and Caicos Islands
1210055,Bruce Sanchez,sarahfox@example.org,Female,2022-03-08,Russian Federation
1210820,Stephen Caldwell,osnow@example.net,Male,2023-07-22,United Arab Emirates
1211216,Nicole Green,pdiaz@example.net,Other,2020-09-08,Saint Martin
1212043,Alyssa Butler,harrisrobert@example.net,Other,2025-05-17,Hong Kong
1212849,Lauren Powell,ljones@example.org,Other,2023-08-20,Moldova
1213984,Alyssa Anderson,rsanchez@example.org,Other,2023-07-04,Dominican Republic
1214246,Tammy Sanchez,gabriella39@example.org,Male,2025-02-27,Gibraltar
1214353,Kimberly Anderson,tammy64@example.com,Female,2025-01-05,Croatia
1214377,Jennifer Dean,jacquelinemorris@example.com,Male,2021-04-28,Ecuador
1214749,Matthew Patterson,wlopez@example.net,Female,2022-06-28,Gibraltar
1214882,Kim Love,andrewhines@example.net,Male,2025-01-19,Mali
1215073,David Williamson,diana67@example.com,Female,2022-08-21,Korea
1216218,Reginald Houston,cameronlarson@example.net,Other,2025-06-08,Cocos (Keeling) Islands
1216356,Bryan Tanner,bbean@example.com,Male,2021-05-03,Botswana
1216497,Douglas Nelson,nicholas87@example.com,Other,2021-12-18,Comoros
1217019,Nicole Wood,allenallen@example.com,Male,2024-02-26,Seychelles
1217569,Tim Perez,boylekathleen@example.org,Female,2023-06-21,Micronesia
1217611,Janice Gallegos,davidbaker@example.com,Other,2023-06-10,Namibia
1218305,Richard Miller,thomasdonna@example.com,Female,2024-08-24,Macao
1218497,Ryan Garcia,julie08@example.com,Other,2021-02-06,Anguilla
1218583,Elizabeth Baldwin,gordonshannon@example.com,Male,2021-09-13,Heard Island and McDonald Islands
1218780,Debra Schneider,fherrera@example.com,Female,2021-10-09,Papua New Guinea
1219768,Parker King,albert40@example.org,Male,2024-01-21,Saint Martin
1219904,Michael Gutierrez,paulgonzalez@example.net,Other,2023-09-26,Pakistan
1221257,Robert Smith,cruzkristin@example.org,Other,2022-03-18,Timor-Leste
1221323,Christopher Vance,todd99@example.org,Other,2022-02-16,Israel
1222180,Adam Flores,robertsampson@example.net,Other,2021-07-22,France
1222306,Dennis Copeland,proth@example.org,Female,2021-07-14,Western Sahara
1222323,Michael Johnson,michaelkirby@example.org,Other,2022-03-20,Jordan
1222425,Aaron Frost,lscott@example.org,Male,2023-12-18,Wallis and Futuna
1222447,Maria Gonzalez,smithsarah@example.org,Female,2022-04-01,Libyan Arab Jamahiriya
1222711,Anthony Jacobson,acarroll@example.org,Female,2023-02-23,Nigeria
1223358,Crystal Clark,vbrown@example.com,Male,2024-09-30,Pitcairn Islands
1223432,Krista George,sbaker@example.net,Other,2024-05-20,Mauritius
1223824,Michael Coleman,bellkelly@example.org,Male,2024-01-06,Philippines
1224560,Samuel Thompson,sarah43@example.net,Other,2022-12-31,Italy
1225444,Julia French,theresagriffin@example.net,Female,2022-08-07,Mayotte
1226469,Matthew Fletcher,melissa14@example.net,Male,2023-01-15,Namibia
1226723,Erin Spencer,nealphillip@example.com,Male,2025-02-10,Australia
1226749,Joshua Hudson,lambertmichael@example.com,Female,2023-11-02,Saudi Arabia
1227236,Daniel Kim,vrogers@example.net,Male,2021-03-04,Guam
1227479,David Morris,msmith@example.net,Female,2024-01-02,Swaziland
1227522,Jennifer Snow,icole@example.org,Female,2021-07-02,Albania
1227881,James Collins,montoyaroy@example.org,Female,2023-06-03,Fiji
1228294,Alicia Sullivan,robert90@example.net,Female,2024-12-20,Puerto Rico
1230777,David Olson,fpetersen@example.com,Female,2022-10-29,Morocco
1231290,Shaun Hunter,rogersmegan@example.com,Male,2021-03-27,Namibia
1232265,Keith Burns,jorge05@example.com,Other,2025-08-16,Belgium
1232296,Taylor Gomez,joannerowe@example.net,Other,2022-03-30,Colombia
1232487,Nathaniel Shepherd,dorothy64@example.com,Male,2020-10-26,Finland
1233079,Keith Garcia,ericpowers@example.com,Female,2021-07-19,Bhutan
1233560,Riley Robinson,josephgarcia@example.com,Other,2024-12-14,New Caledonia
1234194,Nathaniel Williamson,louis50@example.net,Other,2024-03-24,Montenegro
1234327,Carlos Turner,spencer46@example.com,Male,2025-03-23,Saint Helena
1234589,Raymond Singleton,smithamanda@example.com,Other,2025-08-04,Saint Helena
1235142,Katherine Murphy,valvarez@example.net,Female,2024-06-05,Czech Republic
1235842,Warren Roberts,eharrison@example.com,Other,2025-06-28,Tajikistan
1235994,Tamara Davis,susanwu@example.net,Other,2024-02-29,Rwanda
1236023,Nathaniel Butler,fowlerhayley@example.net,Female,2021-09-08,Lithuania
1236062,Derrick Rice,turnerrobert@example.net,Female,2022-12-05,Monaco
1236160,Mark Martinez,walkerdale@example.net,Female,2022-11-23,Mozambique
1236233,William Johnson,yharper@example.com,Male,2022-01-06,Guyana
1236777,Marc Mckee,stacy04@example.com,Other,2023-10-27,Barbados
1236881,Jason Richardson,heatherhernandez@example.com,Female,2022-11-24,Azerbaijan
1237705,Jonathan Parker,christina63@example.org,Male,2024-02-07,Barbados
1238200,Seth Owens,jordanperez@example.org,Female,2020-12-05,United Kingdom
1238866,Kyle Cooper,taylorbuck@example.org,Other,2025-02-17,Gambia
1238867,Marcus Richardson,johnevans@example.org,Other,2024-03-07,Bangladesh
1239148,Jeffrey Harrison,tyler45@example.com,Other,2021-02-13,Philippines
1241479,Bradley Harrison,dbowen@example.com,Female,2022-05-07,Luxembourg
1242351,Randy Nelson,keithtracy@example.net,Other,2021-02-24,Ethiopia
1243039,Mary Bentley,hannah45@example.com,Other,2024-03-01,Bermuda
1243443,Nancy Scott,smcintosh@example.net,Other,2021-09-21,Netherlands
1243628,William Lyons,rwilliams@example.com,Other,2022-08-10,French Southern Territories
1243967,Craig Clark,jflores@example.org,Other,2023-12-26,Holy See (Vatican City State)
1244949,Krista Reyes,ortizlisa@example.com,Male,2021-02-17,North Macedonia
1245160,Mitchell Blackburn,angelaharris@example.com,Female,2023-02-10,Indonesia
1246804,Luke Lopez,suzanneramirez@example.com,Other,2023-08-21,Uruguay
1247862,Willie Griffin,kaylajames@example.net,Female,2023-03-05,Chile
1248412,Amanda Davis,laurahoffman@example.net,Male,2023-08-24,Slovenia
1248530,Michael Huff,dvillarreal@example.com,Female,2023-08-13,Ecuador
1249012,Theresa Holland,uevans@example.net,Other,2022-05-13,Cyprus
1249057,William Reese,william13@example.org,Male,2023-02-06,Turkey
1249278,Patrick Terrell,hhester@example.org,Female,2023-08-28,Yemen
1249535,Colin Moore,pattonmark@example.org,Male,2025-07-24,Spain
1249629,John Jackson,xsantiago@example.com,Other,2024-05-13,Saint Helena
1249687,Brandon Garcia DVM,gdavis@example.com,Male,2024-01-24,Swaziland
1249823,Erika Smith,ijohnson@example.org,Male,2025-08-04,Bhutan
1250215,Brenda Scott,sharonflores@example.com,Female,2022-09-04,Guyana
1250216,Kristen Lynch,susan86@example.org,Female,2023-05-03,Montenegro
1250687,Crystal Perez,pjohnson@example.com,Other,2022-05-01,Qatar
1250844,Michael Hines,emclean@example.org,Other,2022-06-29,Belarus
1251481,Casey Murphy,robinsonjoshua@example.com,Other,2023-02-10,Cote d'Ivoire
1251789,Andrea Gonzalez,berrylinda@example.com,Male,2021-03-22,Israel
1251924,Charles Rich,tiffany27@example.org,Male,2023-06-19,French Polynesia
1252158,Michelle Clark,rbrown@example.com,Other,2021-10-18,Tajikistan
1252691,David Cook,jacobguerrero@example.net,Male,2025-04-28,Tokelau
1253565,Erica Williams,ortizerica@example.com,Female,2025-08-05,Heard Island and McDonald Islands
1253713,Ethan Pierce,allison55@example.org,Male,2022-06-24,United States Minor Outlying Islands
1254649,Spencer Garcia,pmiranda@example.org,Male,2024-03-19,Benin
1255137,Barbara Diaz,shawnwatts@example.net,Female,2024-02-19,Georgia
1255231,Lisa Solomon,ruizkenneth@example.net,Other,2024-01-22,Kazakhstan
1256260,Breanna Davis,matthewmckay@example.com,Other,2023-03-05,Comoros
1256359,Allison Barnes,matthewgutierrez@example.net,Female,2022-11-24,Turks and Caicos Islands
1256742,Brandon Fisher,calhounrobert@example.net,Female,2021-09-21,Pakistan
1256865,Michelle Bradley,gibsonwilliam@example.net,Female,2022-03-15,Turks and Caicos Islands
1257210,Vincent Gonzalez,egrant@example.com,Female,2024-03-25,Grenada
1257314,Melanie Wood,bmcdonald@example.com,Female,2023-07-02,Myanmar
1257488,Jillian Allen,smithkevin@example.org,Male,2022-11-27,Ecuador
1257984,Cindy Colon,kjackson@example.com,Male,2024-10-27,Yemen
1258840,Renee Chase,woodskurt@example.com,Female,2024-04-03,Poland
1259120,Noah Garcia,obuchanan@example.com,Male,2023-11-22,Russian Federation
1259271,Jesse Robinson,jennifergarcia@example.net,Female,2025-06-01,Micronesia
1260155,Ryan Lewis,bcrane@example.org,Male,2022-04-24,Philippines
1261350,Kristen Atkinson,romerovirginia@example.net,Other,2022-05-12,Algeria
1261453,Frank Villanueva,dukewilliam@example.net,Female,2021-10-26,Tonga
1261744,Jasmine Brooks,dgreen@example.org,Male,2021-03-26,Saudi Arabia
1261792,Dawn Hess,zzimmerman@example.com,Male,2020-12-19,Egypt
1262220,Kelly Johns,williamrosales@example.org,Male,2022-12-07,Slovakia (Slovak Republic)
1263144,Kevin Booker MD,emueller@example.net,Other,2021-05-20,Luxembourg
1263243,Matthew Brown,ismith@example.org,Female,2024-10-12,Latvia
1263788,Jacob Ford,beckaaron@example.org,Female,2023-04-18,El Salvador
1264513,Ashley Hubbard,castropaula@example.net,Female,2022-07-01,Israel
1265503,Preston James,nadams@example.net,Other,2022-08-22,Cayman Islands
1265560,Sergio Warren,gary14@example.com,Other,2024-05-07,South Georgia and the South Sandwich Islands
1266172,Heather Gonzalez,jillsmith@example.org,Male,2021-12-26,Israel
1266701,Ms. Sylvia Flynn DVM,gary97@example.net,Male,2024-08-14,Chad
1267282,Melinda Bennett,josephmiller@example.net,Male,2021-03-06,Ecuador
1267598,Angela Alvarez,psteele@example.net,Other,2021-12-03,Djibouti
1267965,Michael Long,laurenjones@example.net,Male,2022-01-04,Iran
1268025,James Burke,pguzman@example.org,Male,2025-06-12,Martinique
1268039,Eric Bennett,hallroberto@example.com,Female,2022-05-21,Saint Martin
1268937,Heidi Williamson,yford@example.org,Female,2023-06-28,Nicaragua
1269065,Joseph Simon,kflores@example.net,Male,2024-08-23,Kyrgyz Republic
1269437,Luis Holt,marklambert@example.net,Male,2024-07-27,Solomon Islands
1269506,Christopher Rodgers,pwhite@example.net,Other,2023-10-09,Turkmenistan
1269526,Chelsea Salas,hardyandrea@example.org,Male,2022-03-16,American Samoa
1270000,David Wong,jackie59@example.net,Male,2024-10-19,Somalia
1270198,Cynthia Campbell,markpage@example.org,Other,2022-09-23,Mauritius
1270958,Joan Conner,amanda11@example.org,Female,2022-09-05,Paraguay
1271176,Nancy Hendrix,jeffreyperez@example.com,Male,2022-03-16,Peru
1271295,Jonathan Richmond,juliestephens@example.org,Female,2023-01-23,Congo
1272515,Taylor Cummings,tferguson@example.com,Other,2021-02-04,Hong Kong
1272775,Megan Williamson,lisamccann@example.com,Female,2022-02-02,Tunisia
1273062,Haley Barton,luke33@example.org,Male,2021-03-28,Netherlands
1273080,Susan Allen,alleneugene@example.net,Other,2021-01-17,Luxembourg
1273950,Stanley Wright,cody45@example.net,Male,2020-11-10,Chile
1274113,Kelly Navarro,christianjennings@example.com,Male,2021-01-04,Senegal
1274311,Victoria Stewart,csmith@example.net,Male,2023-07-15,Luxembourg
1274418,Lindsey Jones,jimenezcharles@example.net,Female,2022-10-15,Sierra Leone
1274477,Jill Johnston,dwhite@example.com,Male,2023-12-28,Portugal
1274631,Laura Huerta,daniel51@example.com,Male,2021-10-19,Chad
1275334,Joseph Poole,martinezmarissa@example.com,Female,2024-10-18,Sao Tome and Principe
1275841,Sarah Gutierrez,jackson65@example.net,Female,2024-09-20,Lesotho
1276168,Terry Erickson,carla71@example.com,Other,2023-02-10,Niger
1276255,Tammy Jenkins,barrontiffany@example.net,Male,2020-11-12,Antarctica (the territory South of 60 deg S)
1276899,Colleen Barnett,gonzalezjonathan@example.net,Female,2022-05-07,Grenada
1277117,Aaron Baker,justinmack@example.org,Male,2023-01-03,Portugal
1277326,Brian House,wilsonricardo@example.org,Female,2025-02-02,Cayman Islands
1277470,Nathan Cruz,melissa65@example.org,Other,2021-02-05,Martinique
1278095,Brandy Pearson,michaelrobles@example.org,Male,2021-05-09,United Kingdom
1278165,Robert Davila,jason56@example.net,Male,2021-07-11,Italy
1278437,Tiffany Rodriguez,jessepotter@example.net,Male,2025-08-09,Comoros
1279041,William Hardin,wvalenzuela@example.net,Female,2024-12-27,Bermuda
1279094,Samantha Smith,johncantu@example.net,Other,2023-04-03,Gabon
1279292,Jeremy Hernandez,rwilson@example.net,Male,2021-05-05,Georgia
1279683,Danielle Hughes,juliaarnold@example.com,Male,2023-05-31,Bosnia and Herzegovina
1279723,Cynthia Aguirre,nancy49@example.com,Other,2021-04-17,Colombia
1280097,Joshua Dixon,robertwilliams@example.net,Female,2022-09-10,Kiribati
1280246,Dawn Ward,bgates@example.net,Male,2022-10-16,Sweden
1280516,Harold Martinez,williamschristopher@example.net,Male,2022-07-06,Belarus
1281675,Anthony Perry,susanharrison@example.org,Other,2021-04-23,Nigeria
1281779,Kristie Hoover,anthony95@example.com,Other,2021-02-24,Saint Lucia
1281924,Paul Cunningham,lopezjessica@example.org,Other,2023-08-03,Hungary
1282229,Shannon Anderson,christinagolden@example.org,Female,2024-07-24,Qatar
1282470,Gregory Williams,nicolegarcia@example.com,Other,2022-05-13,Czech Republic
1282559,Andrea Williams,wandaweber@example.net,Other,2023-09-14,Luxembourg
1284361,Denise Holland,gutierrezjennifer@example.org,Other,2020-09-29,Sri Lanka
1284866,David Hernandez PhD,etanner@example.com,Other,2023-12-12,Egypt
1285330,Robert Williams,lruiz@example.org,Female,2023-04-23,Somalia
1285829,Benjamin Scott,jeffreyhowell@example.net,Male,2023-12-06,Solomon Islands
1285967,Juan Thomas,danielbryan@example.org,Other,2023-04-25,Puerto Rico
1286015,Jennifer Moore,bradfordheather@example.org,Female,2025-04-13,Qatar
1286346,Glenda Higgins,rachel32@example.com,Other,2020-09-17,Kazakhstan
1286355,Caitlin Brown,rcruz@example.org,Female,2023-10-22,Luxembourg
1286677,Joshua Morales,vsherman@example.com,Other,2023-05-19,Mauritania
1286734,George Walsh,christina67@example.net,Male,2025-03-19,Malta
1286816,Mr. Charles Harvey DDS,haley81@example.com,Female,2025-05-31,Guinea-Bissau
1287006,Caleb Copeland,christopher44@example.org,Other,2024-10-03,Burundi
1287167,Logan Fox,ojackson@example.com,Other,2025-01-27,Jersey
1287202,Sandra Summers,ggonzalez@example.com,Other,2024-08-05,Albania
1287539,Kathleen Reid,ethanmartinez@example.net,Female,2025-01-09,New Caledonia
1287693,Antonio Smith,wriley@example.net,Female,2022-05-04,Venezuela
1287994,Cody Watkins,chenry@example.org,Male,2024-11-20,Myanmar
1288988,Jonathan Everett,elizabethscott@example.org,Other,2023-03-27,Somalia
1289288,Christopher Harrington,richard09@example.com,Other,2021-05-18,French Polynesia
1289382,John Vazquez,brandy75@example.org,Male,2023-04-11,Croatia
1289861,Carrie Taylor,iharris@example.com,Female,2021-04-29,Israel
1290026,Denise Fuller,christian61@example.net,Female,2024-09-02,Tanzania
1290256,Melissa Freeman,xperry@example.com,Female,2024-02-06,Liberia
1290286,Jennifer Kerr,clee@example.net,Female,2022-05-19,Sudan
1290677,Nicholas Rivera,traceycarlson@example.com,Male,2024-01-20,El Salvador
1290708,Stephanie James,graybenjamin@example.com,Female,2020-12-08,Palau
1291115,John Jarvis,danielle39@example.net,Other,2024-06-13,Seychelles
1291735,Jean Combs,lindseyadams@example.org,Other,2021-08-29,Bhutan
1291753,Sherry Wallace,hwalker@example.com,Female,2025-03-03,United Arab Emirates
1293169,Tracy Martin,yconley@example.org,Female,2024-09-28,Guadeloupe
1293320,Kristen Berry,burgesskevin@example.net,Female,2023-03-27,Sierra Leone
1294049,Anthony Lewis,michaelthomas@example.org,Female,2025-08-15,North Macedonia
1294544,Michele Barrett,ecervantes@example.org,Other,2020-11-04,Belize
1295191,Randy Lewis,gabrielle85@example.com,Male,2023-11-18,Tanzania
1295949,Steven Hughes,debbie19@example.net,Male,2025-03-05,Kazakhstan
1297131,Randy Davis,melissabailey@example.org,Male,2022-02-11,Faroe Islands
1297169,William Beck,lisakoch@example.net,Male,2021-09-06,Senegal
1297244,Wesley Fuller,gutierrezkevin@example.net,Male,2023-12-02,Andorra
1297423,Kevin Erickson,nicolas87@example.net,Other,2020-11-08,Papua New Guinea
1297656,Mrs. Kathryn Moore,xstephens@example.net,Male,2024-03-21,Finland
1298936,Stephanie Fox,heatherthomas@example.org,Other,2025-01-29,Croatia
1299015,Amanda Sampson DVM,jordan43@example.net,Female,2024-06-02,Bahrain
1299198,Catherine Castillo,waltervega@example.org,Male,2020-12-09,Bermuda
1299341,Mary Floyd,nathanielaustin@example.org,Other,2023-07-02,Bosnia and Herzegovina
1299386,Elizabeth Burton,james38@example.org,Female,2023-12-14,British Virgin Islands
1300192,Chad Walter,yrivers@example.net,Other,2022-08-12,Niger
1301561,Elizabeth Harris,maynardmatthew@example.com,Female,2022-07-21,Falkland Islands (Malvinas)
1301973,Matthew Webb,bwallace@example.com,Other,2021-07-27,Bahamas
1302235,Danielle Robinson,smithelizabeth@example.net,Other,2021-03-17,Puerto Rico
1302378,Emily Anderson,schmidttracy@example.com,Other,2022-10-03,Wallis and Futuna
1302537,Jean Schultz,kenneth57@example.net,Male,2022-12-06,San Marino
1302605,Joanne Harrison,amanda96@example.com,Female,2022-02-11,Norfolk Island
1302727,Jay Roberts,dale47@example.net,Male,2023-09-13,Jersey
1303064,Molly Martinez,alexandermartinez@example.com,Other,2022-10-13,Ireland
1303143,Justin Greene,kimberly04@example.com,Other,2024-06-13,Cayman Islands
1303308,Jessica Madden,sarah35@example.net,Female,2023-08-15,Armenia
1303454,Joseph Mack,jamesmarsh@example.com,Male,2024-03-21,Ukraine
1303478,John Fuentes,fmartin@example.org,Female,2020-10-30,American Samoa
1303583,David Anderson,ronaldfisher@example.com,Female,2022-02-22,Cameroon
1303935,Meghan Clark,ruth21@example.org,Female,2023-11-12,Saint Pierre and Miquelon
1304053,Steven Buckley,ethomas@example.org,Female,2021-02-24,Yemen
1304097,Tiffany Foley,karen80@example.net,Female,2023-08-23,Bouvet Island (Bouvetoya)
1304125,Linda Beltran,diamondcummings@example.org,Other,2023-11-18,Guam
1304628,Theresa Smith,phillipsaustin@example.org,Female,2021-03-29,Puerto Rico
1305174,Victoria Bullock,julie42@example.org,Other,2021-02-22,Holy See (Vatican City State)
1306649,Diane Rose,ofoster@example.com,Male,2024-03-25,Comoros
1306873,Ronald Sims,fischersarah@example.net,Male,2024-06-28,Lithuania
1307070,Donna Murphy,bradley50@example.org,Male,2022-12-18,Argentina
1307280,Shannon Cooper,weaverdevin@example.com,Other,2022-05-04,Armenia
1308305,Ricardo Warren,marialee@example.org,Female,2024-04-26,Holy See (Vatican City State)
1308504,Brian Smith,fkennedy@example.net,Male,2021-08-05,Taiwan
1308642,Andrew Robinson,michael26@example.net,Male,2022-08-30,Gabon
1308983,Kayla Kidd,jamie03@example.org,Other,2024-04-03,Armenia
1309567,Jessica Krause,astephens@example.com,Male,2022-05-09,Albania
1309859,Catherine Burton,cdavis@example.org,Other,2025-03-01,Portugal
1309980,Vincent Richardson,joyce28@example.com,Other,2023-05-06,Niue
1311514,Karla Harrington,rachel58@example.org,Male,2024-03-27,Ireland
1312384,Ronald Hubbard,ulopez@example.com,Male,2021-11-20,Tunisia
1313065,Jennifer Rios,okirk@example.com,Male,2020-12-14,Afghanistan
1313432,Ashley Stevens,larsenkelly@example.net,Other,2025-02-28,Somalia
1314509,Alicia Johnson,rosepitts@example.org,Other,2025-03-01,Brunei Darussalam
1314753,Maureen Gonzalez,rayala@example.org,Other,2025-05-03,Kiribati
1314991,Brent Gonzalez,johnbuchanan@example.com,Female,2021-01-05,Ukraine
1315118,Judith Thomas,deborah67@example.org,Male,2021-07-31,Afghanistan
1315535,Gary Pittman,andreellis@example.net,Male,2023-03-12,Germany
1315552,Matthew Cox,karenross@example.com,Female,2023-12-17,Mayotte
1316122,Jimmy Ewing,lhiggins@example.net,Female,2025-03-29,Cape Verde
1316746,Maria Houston,xmunoz@example.net,Female,2024-11-22,Belize
1316776,Michelle Leon,dfloyd@example.org,Female,2023-08-06,Saint Martin
1316839,Lisa Lee,jessicareyes@example.net,Male,2021-11-10,Guyana
1316917,Sergio Deleon,boltonrobin@example.net,Other,2020-12-22,Albania
1317950,Rebecca Reynolds,xgreen@example.net,Other,2025-01-20,Turkey
1318021,Jennifer Mejia,zdaniels@example.org,Male,2022-02-01,Madagascar
1318474,Christine Jones,zcole@example.org,Other,2024-05-20,Norfolk Island
1318513,Shannon Wilson,freemanjames@example.org,Male,2021-10-20,Jamaica
1318797,Cindy Espinoza,lewiscindy@example.net,Female,2021-01-08,Saint Pierre and Miquelon
1320244,Jennifer Lane,morrisonmeagan@example.net,Other,2025-04-12,Andorra
1320461,Carolyn Estes,xwright@example.net,Female,2021-02-03,France
1320937,Wayne Olson,barbara29@example.com,Other,2021-12-25,United Kingdom
1321390,Sheena Smith,vazquezkenneth@example.org,Female,2024-10-05,Luxembourg
1321601,Nicholas Love,hensleyjennifer@example.com,Female,2021-10-20,Hungary
1322708,Rebecca Patterson DDS,landrade@example.com,Male,2022-07-30,Kyrgyz Republic
1323540,Kimberly Olson,ynelson@example.net,Female,2020-09-03,Jamaica
1324039,Victoria Johnson,lindseypatton@example.com,Other,2022-04-10,Romania
1324144,Jennifer French DVM,hollandrichard@example.org,Female,2024-11-26,Cuba
1324150,John Scott,billybradley@example.com,Other,2021-10-04,Fiji
1324209,Carol Harrison,roygarcia@example.org,Male,2025-07-19,Timor-Leste
1324363,Gordon Lawson,shelbycollins@example.com,Female,2021-04-21,Belgium
1324484,Cheyenne Watson,sandra04@example.net,Female,2025-01-19,Puerto Rico
1324764,David Hernandez,russell56@example.org,Other,2022-03-26,Latvia
1324787,Mark Reyes,srichardson@example.org,Male,2024-11-08,Belize
1325536,Kyle Fields,bensontracy@example.com,Female,2022-06-13,Western Sahara
1326135,Robert Jackson,sue87@example.org,Female,2025-08-21,France
1326406,Amy Palmer,brenda04@example.org,Female,2021-10-29,Swaziland
1326850,Louis Shaw,rogersullivan@example.com,Other,2025-03-08,British Virgin Islands
1327413,John Graham,dbeck@example.com,Male,2024-05-15,Tajikistan
1327953,David Wilson,ccampbell@example.org,Female,2023-05-14,Tunisia
1328372,Kimberly Cruz,jamesalvarado@example.org,Female,2024-02-22,Afghanistan
1328533,Connor Ray,brenda65@example.com,Other,2020-10-14,Indonesia
1328541,Shane Chapman,xflores@example.net,Male,2023-08-21,Kiribati
1328579,Michael Boone,alexandramacdonald@example.com,Other,2023-02-02,Italy
1328612,Susan West,maryjackson@example.net,Female,2023-05-17,Honduras
1329447,Patty Schmitt,eric27@example.org,Female,2021-01-30,Lebanon
1329523,Justin Arias,russellblake@example.com,Female,2022-07-04,Sweden
1330717,Patricia Jones,patricia42@example.com,Other,2024-12-08,Gambia
1331373,Christina Herman,tlewis@example.com,Female,2024-11-08,Eritrea
1331695,Meredith Peterson,floydjohn@example.com,Other,2025-05-03,Iceland
1332028,Russell Mahoney,gallowaybonnie@example.net,Male,2024-05-18,Sudan
1332284,Jason Fernandez,bonillahunter@example.org,Male,2025-05-31,Cook Islands
1332312,Luis Kirby,xfrazier@example.org,Male,2023-12-07,Angola
1333476,Anna Luna,gabrielle56@example.org,Female,2023-05-29,Bulgaria
1333505,Alexander Sullivan,ryan96@example.net,Female,2022-01-14,Colombia
1333507,Joyce Benitez,laura59@example.org,Other,2021-04-05,Italy
1333511,Meghan Thompson,john47@example.com,Male,2023-10-22,Russian Federation
1333881,Amy Sanchez,jennifer13@example.org,Female,2023-09-04,Equatorial Guinea
1334287,Justin Baker,fitzgeraldpatrick@example.com,Male,2023-11-29,Germany
1334776,Jason Morton,swansonstephanie@example.net,Female,2022-08-30,British Virgin Islands
1335275,John Thomas,hayneskyle@example.net,Male,2020-09-16,Tanzania
1336528,Jeanette Williams,hpowers@example.net,Other,2021-06-05,Bahamas
1336637,William Fleming,richardlivingston@example.net,Male,2021-10-07,Solomon Islands
1337139,Jaclyn Berry,cpotter@example.net,Male,2024-02-02,Monaco
1337301,James King,elizabethyates@example.org,Other,2020-12-19,Azerbaijan
1337314,Nathan Joseph,cynthia04@example.net,Other,2023-09-04,Burundi
1337791,Anne Rodriguez,tfoster@example.com,Other,2021-01-11,Bosnia and Herzegovina
1338277,Kylie Lewis,ronald50@example.com,Other,2020-12-01,Guadeloupe
1338437,Jason Reyes,deborah07@example.org,Other,2021-12-31,Armenia
1338521,Anita Stewart,sbrown@example.net,Male,2024-04-18,Timor-Leste
1338720,William Martinez,erika32@example.org,Other,2025-05-09,Solomon Islands
1339018,Andrew Smith,myerstammy@example.org,Male,2021-06-28,Norfolk Island
1339047,Steven Robles,michaelsullivan@example.com,Male,2023-08-16,Lesotho
1340178,Timothy Ortiz,phamdebra@example.com,Female,2021-10-23,Slovenia
1340732,Susan Cruz,mooretimothy@example.net,Male,2023-11-19,Hungary
1341713,Kurt Robbins,jeremyharrison@example.org,Female,2023-03-07,France
1341966,Marcus Ortega,charlesortega@example.org,Male,2021-12-06,Morocco
1342477,Dalton Frazier,davissamantha@example.net,Female,2022-03-11,Pakistan
1342701,Justin Flowers,michaelchen@example.net,Female,2021-05-16,Bahrain
1342803,Heidi Hill,qpetersen@example.com,Female,2022-12-30,Congo
1342880,Craig Reid,johnsonjamie@example.org,Other,2023-01-19,Philippines
1342918,Angela Anthony,tuckerjennifer@example.org,Male,2022-03-03,Jordan
1343065,Mary Hall,mwang@example.com,Male,2024-12-12,Vietnam
1343317,Terry Fisher,rcraig@example.com,Male,2020-09-14,Puerto Rico
1343673,Julia Greer,rpearson@example.net,Male,2020-12-21,Australia
1343992,Sarah Johns,olove@example.com,Male,2024-12-26,Japan
1344037,Brandon Glover,smithgabrielle@example.net,Male,2025-02-06,Grenada
1344468,Madison Greene,jordanbradley@example.com,Female,2022-08-03,Cyprus
1344764,Dawn Cooper,smithmary@example.net,Other,2020-12-02,Malta
1344873,Thomas Mendoza,downsbrittany@example.com,Female,2024-06-05,Equatorial Guinea
1345370,Natasha Buchanan,udecker@example.net,Female,2023-05-10,Bulgaria
1345636,Kelli Daniels,summersgary@example.org,Other,2022-09-02,Fiji
1345666,Jeffery Wood,kristy54@example.org,Other,2025-07-10,British Indian Ocean Territory (Chagos Archipelago)
1345712,Joseph Wright,phines@example.net,Male,2023-10-06,Uzbekistan
1345888,Nicholas Combs,sarahbutler@example.com,Female,2023-08-08,Greenland
1345912,Angela Diaz,william89@example.com,Male,2022-10-18,Ecuador
1346251,Jose Ramos,amber22@example.org,Female,2024-03-22,Ecuador
1346256,Cynthia Russell,kneal@example.com,Female,2021-09-08,Comoros
1346663,Jon Robinson,jwebb@example.com,Male,2025-02-25,Georgia
1346720,Jennifer Stewart,michael80@example.com,Female,2021-09-08,Bermuda
1346735,John Brooks,elewis@example.org,Female,2023-08-05,Pitcairn Islands
1347195,Courtney Saunders,wlynch@example.net,Female,2022-01-27,Norway
1348064,Jennifer Sharp,raymondcastro@example.org,Other,2022-04-16,Argentina
1348872,Patrick Jones,derek84@example.net,Other,2025-05-23,Yemen
1349514,Mark Espinoza,keith70@example.net,Female,2020-11-02,France
1349927,Monica Stanton,bonnie81@example.com,Male,2022-07-18,Dominica
1350215,Duane Nixon,tiffany26@example.net,Female,2022-10-27,North Macedonia
1350242,Jennifer Smith,nicholejones@example.net,Other,2024-04-09,Angola
1350349,Edwin Solis,anthonywatkins@example.com,Other,2021-02-12,Saint Helena
1351287,David Spencer,wnelson@example.com,Female,2020-11-22,Hungary
1351523,Daniel Duran,ninamoody@example.com,Male,2024-09-11,Denmark
1351798,Destiny Lopez,cameron97@example.net,Male,2020-10-29,Tajikistan
1352502,Andrea Spencer,fisherevan@example.com,Female,2024-11-02,Timor-Leste
1352797,Amy Hamilton,ruthmiller@example.com,Other,2021-10-04,Palau
1352907,Chad Odom,lisamann@example.org,Male,2020-11-02,Gibraltar
1353007,Michael Hodge,glambert@example.org,Female,2025-04-24,Nepal
1353409,Cynthia Perry,kingdeborah@example.com,Other,2025-08-30,Cyprus
1353657,Catherine Johnson,pbenjamin@example.com,Female,2023-08-28,Trinidad and Tobago
1354151,Linda Moore,dwagner@example.net,Other,2020-09-19,Turkmenistan
1354433,Becky Marquez,wesleymccann@example.net,Female,2024-04-15,Liechtenstein
1354504,Tony Brooks,stevenlewis@example.com,Other,2024-11-11,Benin
1355172,Cody Carr,cindyyoung@example.net,Male,2024-08-20,Saint Barthelemy
1356772,Meagan Ball,david50@example.net,Other,2022-05-27,Tajikistan
1357556,Shannon Gomez,alvarezkaren@example.org,Other,2022-05-15,Denmark
1357814,Rachel Lopez,willistraci@example.com,Female,2023-01-04,Pitcairn Islands
1358205,Nancy Poole,clarknicholas@example.org,Other,2023-06-07,Mexico
1358584,Rebecca Jones,orobinson@example.org,Other,2023-07-22,Brazil
1358651,Phillip Rodriguez MD,zli@example.org,Male,2020-10-17,Haiti
1359971,Amy Turner,fletcherthomas@example.net,Female,2025-07-11,United Arab Emirates
1360080,Lawrence Black,rebecca05@example.net,Female,2025-07-02,Papua New Guinea
1360280,Victoria Mcguire,blairjustin@example.com,Male,2021-05-08,Hungary
1360359,Joe Smith,rossphilip@example.org,Female,2024-07-05,Tanzania
1361199,Samantha Johnson,alvarezwilliam@example.com,Other,2024-10-22,Gabon
1361661,Suzanne Wilson,johnsonashley@example.org,Female,2023-07-27,Philippines
1362392,Makayla Wilson MD,davidbaker@example.org,Other,2023-09-16,Solomon Islands
1362430,Jennifer Murray,jordanjohnson@example.com,Male,2021-05-01,Paraguay
1362513,Chelsea Kirk,rubiolauren@example.net,Male,2023-01-14,Guinea
1362686,Mark Thomas,pmooney@example.net,Other,2024-10-25,Latvia
1362724,Jennifer Rodriguez,leeedwin@example.com,Other,2024-08-21,Vietnam
1362761,Alexandra Shaw,hardyjesse@example.net,Other,2021-07-15,Paraguay
1362831,Brandi Dunlap,deleoncarla@example.net,Male,2024-12-03,Japan
1363051,Ashley Campbell,clarkandrew@example.org,Female,2025-04-18,Vietnam
1363149,Katherine Reynolds,lisa44@example.org,Female,2022-03-31,Iceland
1363247,Destiny Taylor,jeffrey60@example.com,Other,2021-03-24,Congo
1365561,Dana Gilbert,padams@example.org,Female,2021-12-09,United States Virgin Islands
1366039,Timothy Smith,brenda85@example.org,Female,2024-11-24,Puerto Rico
1366042,Kristin Miller,jasontorres@example.org,Other,2022-04-18,Kenya
1366957,Paul Douglas,michaellewis@example.net,Female,2021-07-09,Pitcairn Islands
1367088,Ronald Arnold,herrerafrancisco@example.com,Male,2021-10-01,Saint Pierre and Miquelon
1367587,Jillian Duncan,xowens@example.net,Male,2024-02-18,Yemen
1367851,Alexis Hamilton,robertharris@example.net,Male,2025-05-02,Macao
1368721,Howard Holden,dhenderson@example.net,Male,2023-03-03,Kazakhstan
1368958,Brandon George,helen02@example.net,Male,2021-02-21,Burkina Faso
1369256,Thomas Murray,nicoledonovan@example.com,Female,2024-10-09,Cameroon
1370247,Michael Zamora,hmckee@example.org,Female,2023-02-27,Guinea-Bissau
1370569,Benjamin Olsen,judy71@example.org,Other,2024-12-09,Australia
1370974,Michael Smith,campbellroy@example.org,Male,2021-02-21,Serbia
1371213,Michael Thomas,robert31@example.com,Other,2021-08-25,Grenada
1372765,Brian Ramos,ricardobeltran@example.com,Other,2021-04-08,Philippines
1373954,Daniel Shaffer,amanda13@example.com,Male,2022-11-25,Belize
1374275,Henry Anderson,acardenas@example.com,Other,2022-09-28,British Indian Ocean Territory (Chagos Archipelago)
1375211,Melissa Flores,john36@example.com,Male,2021-05-13,Liberia
1375328,Lisa Guerrero,jenniferwilson@example.com,Female,2022-10-01,Comoros
1375400,Kerry Ramirez,valeriegonzalez@example.com,Other,2021-04-15,Guernsey
1375463,Kevin Smith,elizabeth51@example.net,Other,2021-04-25,Peru
1376580,Frank Grant,josephmeyer@example.net,Male,2021-08-16,Puerto Rico
1376812,Lisa Griffin,gonzalezann@example.com,Male,2023-05-26,Philippines
1376954,Joshua Lopez,bmiller@example.net,Female,2021-03-07,Nepal
1377135,Samantha Adams,holtlisa@example.net,Male,2024-07-25,Cook Islands
1377862,Jason Lozano,adammiller@example.com,Female,2021-05-05,Japan
1378262,Catherine Olson,serranotara@example.com,Other,2021-08-16,Cocos (Keeling) Islands
1378439,Gregory Miller,burnettnathan@example.com,Female,2022-07-03,Saint Martin
1379750,Christopher Hickman,bryan49@example.com,Female,2023-11-27,Dominican Republic
1379838,Kayla Barron,nchambers@example.org,Female,2021-04-06,Holy See (Vatican City State)
1380112,Todd Hodges,wjohnson@example.net,Female,2024-12-31,Sierra Leone
1380197,Catherine Martinez,scasey@example.org,Male,2024-03-12,Guernsey
1380443,Daniel Powell Jr.,christophermullen@example.com,Other,2021-02-04,Bouvet Island (Bouvetoya)
1380486,Gina Gomez,nicholassummers@example.com,Female,2024-04-09,Mauritania
1381190,Ariel Strong,zhowell@example.org,Other,2021-02-17,Luxembourg
1381529,Sarah Woods,icervantes@example.net,Other,2022-05-02,United States Minor Outlying Islands
1381774,Andrew Garner,charles72@example.com,Female,2024-05-05,Montserrat
1382019,Angela Wagner,creyes@example.net,Male,2022-08-01,Isle of Man
1382217,Rebecca Morales,tammydecker@example.net,Female,2021-05-27,Guinea
1382275,Courtney Herring,davenportdonna@example.org,Female,2021-09-13,Turks and Caicos Islands
1382518,Edward Jones,jared58@example.com,Other,2023-07-11,Gabon
1383216,Chad Berry,sgonzalez@example.org,Male,2025-01-06,Western Sahara
1383417,Sean Johnson,gloria24@example.com,Male,2023-10-01,Peru
1383513,Alexander Peterson,yflores@example.com,Female,2023-10-29,Dominican Republic
1383908,Jeffrey Gibson,thomas40@example.net,Other,2025-07-09,Somalia
1384296,Jaime Huffman,ymorales@example.com,Other,2023-12-31,Niue
1385232,Michael May,danielle09@example.net,Female,2024-09-06,Seychelles
1385522,Kristin Roberts MD,lucerodouglas@example.org,Male,2025-06-30,Saint Martin
1386355,Jane Vasquez,ncolon@example.net,Male,2023-02-14,Zimbabwe
1386636,Samantha Terry,anthony22@example.com,Male,2022-09-29,Cook Islands
1386823,William Bray,deanbrian@example.net,Female,2025-07-28,Congo
1386879,Jenna Jenkins,michaelcarlson@example.org,Female,2024-05-03,American Samoa
1387010,Jamie Baxter,perkinstyler@example.com,Other,2022-08-22,Bhutan
1387019,Kyle Snyder,catherine17@example.com,Other,2023-10-09,Romania
1387607,Amy Evans,patriciastephens@example.com,Other,2024-03-04,Croatia
1387703,Erin Berger,erin98@example.com,Other,2021-06-05,El Salvador
1387914,Danielle Weber,pgonzales@example.com,Female,2021-12-25,Montenegro
1388142,Joel Stuart,qmartin@example.org,Male,2021-02-17,Estonia
1388406,Frederick Moore,heathbobby@example.net,Male,2025-04-25,Indonesia
1389208,Julie Cook,samantha05@example.net,Female,2022-03-12,Poland
1389284,Andres Kent,cynthia02@example.org,Female,2024-02-29,Qatar
1389310,Phillip Wood,allison17@example.com,Male,2020-11-02,British Indian Ocean Territory (Chagos Archipelago)
1389857,Jordan Roberts,mitchelllonnie@example.org,Other,2023-03-08,Saint Vincent and the Grenadines
1390545,Deborah Patrick,jason72@example.org,Other,2021-04-27,Marshall Islands
1391230,Kathleen Goodwin,brianalexander@example.org,Female,2022-12-14,China
1393042,Jennifer Gomez,heatherstephens@example.com,Other,2023-02-19,Martinique
1393134,Renee Powell,susan25@example.org,Female,2024-05-26,Algeria
1393652,Susan Marshall,jwood@example.org,Male,2025-03-30,Cambodia
1394314,Alexander Johnson,lowejeffrey@example.net,Male,2021-08-09,Kenya
1394612,Suzanne Brown,jamesscott@example.org,Other,2025-08-05,Australia
1394639,James Smith,tromero@example.org,Other,2024-08-30,Tonga
1394901,Amanda Sullivan,patrick64@example.net,Male,2022-03-02,British Virgin Islands
1395755,Christopher Adams,terrence29@example.org,Female,2022-12-13,Pakistan
1396239,Kylie Santos,zshields@example.net,Female,2023-06-04,Pitcairn Islands
1396268,Jessica Dudley,andradegabriel@example.net,Female,2020-12-29,Portugal
1396407,Jennifer Alexander,ronald37@example.com,Other,2023-01-27,Denmark
1396528,Jessica Watson,jamiemayer@example.com,Male,2023-03-28,Guam
1396823,Ryan White,shannonburns@example.com,Female,2022-11-04,Congo
1396862,Jason Moore,sdavis@example.net,Male,2022-07-19,Moldova
1396901,Joshua Griffin,bonniewood@example.org,Other,2021-10-31,Trinidad and Tobago
1396907,Peter Ortega,gregory60@example.com,Female,2021-02-20,Finland
1397155,Meghan Jones,laceyhall@example.org,Female,2021-08-06,Barbados
1397519,Brian Owens,susanburch@example.net,Other,2020-12-06,Argentina
1397893,Jennifer Sanchez,fparker@example.net,Female,2023-02-14,Yemen
1398177,Rachel Young,justin39@example.org,Female,2021-10-23,Montenegro
1398284,Thomas Rice,wrightcassandra@example.org,Female,2023-06-21,Falkland Islands (Malvinas)
1399278,Justin Miranda,cbautista@example.com,Male,2025-06-28,Algeria
1399465,Daniel Dunn,blozano@example.org,Male,2023-04-21,Nauru
1399575,Jeffrey Schultz,qyoung@example.com,Male,2024-07-23,Suriname
1399607,Amber Lane,jessicabishop@example.net,Male,2023-08-04,Australia
1400048,Courtney French,robbinschelsea@example.net,Male,2023-06-11,Cambodia
1400100,Tina Pearson,martinrobert@example.com,Other,2021-08-03,Bosnia and Herzegovina
1400597,Brittany Dominguez,raymond37@example.org,Other,2021-03-19,Mayotte
1400610,Russell Mullen,tiffanymartin@example.com,Other,2023-03-07,New Caledonia
1401096,Richard Richardson,thomasjulia@example.net,Male,2023-09-16,Austria
1401784,Anthony Bennett,christopher66@example.com,Male,2022-03-16,Serbia
1401908,John Stevens,valerie96@example.org,Male,2024-06-10,Sierra Leone
1401992,Nancy Meyer,crystalblair@example.com,Female,2021-12-05,Malawi
1402248,David Reed,greenkara@example.org,Male,2023-10-17,United States of America
1402395,Denise Sanchez,john36@example.org,Other,2023-03-09,Faroe Islands
1402666,Megan Brown,howellchristopher@example.com,Other,2021-08-08,Macao
1403172,Brittany Mathews,dnavarro@example.com,Female,2021-08-20,Botswana
1405060,Amanda Morrison,phillipbrennan@example.org,Other,2021-01-12,Comoros
1405293,Gabriella Moreno,xmcconnell@example.net,Other,2024-05-10,United Kingdom
1405324,Stacy Garcia,pearsonamanda@example.net,Male,2022-04-15,Costa Rica
1405730,Cindy Stewart,andrea26@example.com,Male,2024-05-10,Faroe Islands
1406207,Kyle Gonzalez,linda83@example.com,Male,2023-12-01,Trinidad and Tobago
1406209,Joseph Williams,kenneth12@example.com,Other,2024-12-13,Saint Barthelemy
1406385,Natalie Nguyen,schwartzdonna@example.net,Male,2021-01-07,Holy See (Vatican City State)
1407361,Haley Wagner,fcarrillo@example.org,Male,2023-11-16,French Polynesia
1407435,Jacob Fleming,halebruce@example.net,Female,2022-12-21,Cameroon
1408007,Edward Sexton,eharding@example.org,Male,2023-11-11,Rwanda
1408094,Jennifer Moran,sarah17@example.net,Female,2022-04-15,Bolivia
1408205,Chelsea King,richardmorgan@example.com,Female,2021-12-06,Sao Tome and Principe
1408415,Rachel Cooper,ingramteresa@example.com,Male,2024-04-15,Brazil
1408628,Zachary Abbott,clarkmaurice@example.org,Other,2023-12-03,Benin
1408897,Blake Cline,brownhayden@example.org,Male,2025-07-19,Western Sahara
1408921,Margaret Mendoza,xfoster@example.com,Male,2023-04-30,Greenland
1409069,Natasha Reyes,coxjeremy@example.net,Other,2025-03-22,Venezuela
1409142,Patricia Patel,wpeterson@example.com,Female,2023-04-07,Andorra
1409216,Michelle Rojas,josephlopez@example.com,Female,2024-11-15,Fiji
1410229,Sierra Richardson,kylecannon@example.net,Other,2024-05-16,Hong Kong
1410424,Robert Hines,scottmartin@example.com,Other,2024-10-08,Djibouti
1411531,Derek Moore,rjones@example.com,Male,2021-04-16,Spain
1411677,Mrs. Lisa Miller,colonstephen@example.org,Other,2020-09-02,Jordan
1411945,John Hester,lauren27@example.net,Female,2023-05-09,British Virgin Islands
1412621,Tina Martinez,kellyashley@example.net,Female,2022-07-25,Czech Republic
1413070,Mary Brock,ygarner@example.com,Other,2024-01-14,Israel
1413095,Ronald Fisher,tiffanyjohnson@example.com,Other,2022-08-11,Lao People's Democratic Republic
1413116,Amanda Perez,ilyons@example.org,Other,2022-11-30,Marshall Islands
1413475,Nicole Hood,patricia91@example.com,Female,2023-06-23,Comoros
1413499,Bryan Wilson,barryeric@example.net,Male,2025-08-13,Luxembourg
1413764,Zachary Henry,shawnjones@example.com,Female,2021-03-14,Bangladesh
1415606,Dana Arnold,hernandezdakota@example.net,Male,2021-05-18,Cyprus
1415659,Ernest Gordon,shannon42@example.com,Male,2021-11-22,Guinea
1415992,Gregory Taylor,millerronald@example.com,Other,2021-08-29,Bangladesh
1417059,Robert Reynolds,melaniepotter@example.net,Other,2021-02-11,Norfolk Island
1417575,Aaron Campbell,tonyamiller@example.org,Other,2021-02-17,Romania
1417584,James Ramos,burkerobert@example.com,Other,2021-06-11,Portugal
1418063,Michael Wilson,justinvalencia@example.net,Other,2025-05-11,Zimbabwe
1418118,Eric Andersen,calvin80@example.org,Male,2024-01-23,Burundi
1418968,Gary Bautista,autumnblake@example.com,Other,2020-10-24,Macao
1419014,Susan Levine,erobertson@example.org,Male,2020-10-28,Guadeloupe
1419099,Sarah Weiss,shannonmoore@example.org,Other,2021-02-03,Congo
1419672,Lisa Jackson,williamfry@example.com,Other,2024-01-05,Moldova
1420222,Charles Mckee,victoriacervantes@example.com,Female,2025-08-18,Saudi Arabia
1420722,Donna Davis,susan26@example.org,Female,2020-10-28,Falkland Islands (Malvinas)
1421124,Debbie Lloyd,thomasamy@example.org,Other,2024-10-26,Nauru
1421922,Stacey Hunter,gritter@example.org,Other,2021-04-06,Tuvalu
1422312,Amanda Moore,holly68@example.com,Male,2022-09-29,Bolivia
1422824,James Peck,justin41@example.net,Female,2024-12-26,Western Sahara
1423027,Douglas Young,willie48@example.net,Female,2021-11-24,Korea
1423471,Christopher Lynn,jessicawoods@example.net,Other,2020-10-20,Djibouti
1423698,Michael Bond,hannah73@example.com,Female,2021-09-25,Kenya
1424285,Troy Hart,johnsonjason@example.org,Male,2024-12-10,Czech Republic
1424575,Mr. Rickey Black MD,kaitlin19@example.org,Female,2023-12-11,Israel
1424691,Frank Howard III,jennifersingh@example.org,Female,2023-10-10,Timor-Leste
1425690,Abigail Wallace,andreajohnson@example.org,Other,2025-07-29,Burundi
1427826,Deanna Payne,tyler00@example.net,Other,2025-08-23,Liberia
1428048,Angela Gilbert,hendersonjennifer@example.com,Male,2023-05-10,Sweden
1428762,Christopher Smith,laurenherrera@example.org,Male,2024-05-15,Djibouti
1429332,Sarah Foster,laneraymond@example.net,Male,2021-06-01,French Southern Territories
1430475,Monica Morgan,jenna07@example.org,Female,2021-09-25,Grenada
1430977,Michael Ferguson,jennifer99@example.net,Other,2020-12-16,Tuvalu
1431212,Nicholas Hensley,colejordan@example.com,Male,2022-11-17,Norway
1431449,Shawna Oconnor,leslie44@example.org,Other,2025-05-23,Zambia
1431537,Eric Baker,millerbrian@example.net,Other,2025-02-05,Tokelau
1432218,Rebekah Porter,anthony08@example.org,Other,2021-03-17,Namibia
1432385,Jimmy Weaver,stephanie18@example.net,Other,2025-03-30,Guinea-Bissau
1432823,Natalie Donovan,sarahthomas@example.net,Female,2023-12-06,Saint Vincent and the Grenadines
1434023,Angela Soto,duncanbilly@example.net,Male,2025-07-08,Tunisia
1434028,Wesley Allen,danasellers@example.net,Male,2022-10-10,South Africa
1434311,Joanna Ortiz,vanceeric@example.net,Female,2025-04-10,Poland
1434662,Jonathon Lopez,andersonsarah@example.org,Male,2023-02-13,Lebanon
1435997,Jonathan Bradley,kmorgan@example.org,Female,2024-04-25,Central African Republic
1436210,Shawn Williams,raymondlawrence@example.com,Female,2022-12-20,Palestinian Territory
1436881,Derek Weber,ginabrady@example.net,Female,2024-12-20,Dominica
1436930,Derrick Mclean,emilyhowell@example.org,Male,2024-06-21,Faroe Islands
1437357,Andrew Contreras,kaitlindiaz@example.org,Male,2023-05-12,Andorra
1437501,Molly Francis,robertwalter@example.org,Other,2022-07-19,Saint Barthelemy
1437724,Lisa Payne,andrew06@example.org,Male,2024-07-18,Central African Republic
1438161,Jesse Herrera,deborah27@example.com,Male,2024-10-09,Isle of Man
1438349,Jennifer Vazquez,millersamuel@example.org,Male,2022-04-29,Indonesia
1438505,Marie Howard,patricia71@example.org,Male,2024-01-31,Pitcairn Islands
1438976,Kelly Bishop,iroberson@example.org,Female,2022-06-01,Saint Lucia
1439327,Hannah Wood,pdonovan@example.net,Male,2021-09-13,Nauru
1439332,John Hunter,james42@example.net,Other,2021-12-23,Israel
1439490,Cassandra Roberson,kjackson@example.org,Female,2021-06-16,Lithuania
1440000,Sean Walker,michael23@example.org,Other,2024-10-02,Azerbaijan
1440014,Brady Thomas,andersonandrea@example.com,Other,2021-03-28,Saint Vincent and the Grenadines
1440094,Jeremy Turner,rodgerstommy@example.net,Other,2022-09-26,Taiwan
1441252,Fred Melendez,dmcintosh@example.org,Female,2023-06-25,Latvia
1441722,Aaron Smith,cmendez@example.org,Male,2021-10-08,Malta
1442330,Geoffrey Carter,tvargas@example.com,Male,2021-03-17,Niue
1442764,Lori Gross,wallacecharles@example.com,Female,2023-01-31,Solomon Islands
1443220,Sarah Stephenson,jeffrey22@example.org,Other,2021-06-11,Timor-Leste
1443608,Angela Barnes,brian76@example.org,Other,2021-05-30,Svalbard & Jan Mayen Islands
1444405,Allison Richard,angela08@example.net,Female,2022-06-24,Afghanistan
1444546,James Morgan,nelsonshelly@example.com,Female,2025-02-16,Northern Mariana Islands
1444580,Jill Perkins,cherylevans@example.org,Female,2020-09-01,Korea
1446239,William Kim,jimenezjames@example.com,Male,2023-08-31,Sri Lanka
1446749,Melissa Harrison,ryanshields@example.com,Male,2023-10-21,Ecuador
1446999,Carlos Ford,farmersherry@example.com,Other,2021-12-30,Canada
1447240,Wayne Palmer,ijacobs@example.net,Male,2021-02-01,Svalbard & Jan Mayen Islands
1447462,Dr. Ryan Lowe II,thomas67@example.net,Male,2024-03-06,Yemen
1447863,Jean Mullen,christopher53@example.com,Male,2022-11-19,Mongolia
1447886,Dustin Warren,whiteeric@example.com,Male,2021-08-27,North Macedonia
1448012,Casey Gordon,kaitlynhughes@example.com,Male,2020-11-18,India
1448652,Matthew Howell,john95@example.org,Other,2024-10-18,Uganda
1448979,Katherine Gaines,bayala@example.net,Female,2023-07-30,Maldives
1449679,Kevin Pierce,brendaford@example.com,Male,2020-11-22,Angola
1449743,Allen Clark,jessicamorris@example.net,Other,2022-08-22,Thailand
1450263,Cynthia Flynn,hernandezchelsea@example.org,Other,2025-04-14,Greenland
1451303,Joe Williams,quinnheidi@example.com,Other,2021-03-15,New Caledonia
1451306,Travis Williams,bsmith@example.net,Other,2025-01-15,Turks and Caicos Islands
1451399,Benjamin Coleman,peterssarah@example.org,Male,2022-07-14,Gibraltar
1451421,Elizabeth Mitchell,ryan26@example.net,Female,2021-07-02,China
1451876,Maxwell Beck,etucker@example.org,Male,2024-06-16,Uzbekistan
1454652,Donald Rivera,leejames@example.net,Other,2021-03-17,American Samoa
1454916,Linda Jackson,paul87@example.org,Female,2022-06-06,Morocco
1455217,Dr. Christine Morgan,weissvickie@example.com,Male,2025-08-30,Nigeria
1455882,Breanna Grant,anne20@example.org,Male,2020-10-23,Holy See (Vatican City State)
1456137,Carrie Frye,benjaminmccarthy@example.org,Male,2021-02-09,Belize
1456561,Adam Maynard,jconrad@example.com,Female,2022-10-31,Isle of Man
1456706,Sarah Jefferson,john66@example.org,Male,2025-03-24,Singapore
1456751,Philip Torres,bradley32@example.org,Other,2024-01-26,Sao Tome and Principe
1457078,Wyatt Thomas,pachecoann@example.org,Male,2023-11-02,Mozambique
1457435,Jennifer Adams,rebeccaclay@example.org,Male,2021-11-12,Paraguay
1457447,David Rosales Jr.,sabrina14@example.net,Male,2020-09-07,Cocos (Keeling) Islands
1458090,Jonathan Flores,owenalfred@example.org,Male,2023-02-17,Bhutan
1458409,Veronica Vaughan,salazarjessica@example.net,Female,2022-06-15,Kyrgyz Republic
1458849,Jason Harmon,nicole06@example.net,Female,2021-12-24,Puerto Rico
1459226,Jeffrey Atkinson,johnsonkyle@example.org,Other,2024-03-08,Estonia
1460064,Denise Griffin,imason@example.com,Female,2020-12-08,Lithuania
1460535,Philip Taylor,vaughanmatthew@example.com,Female,2020-11-15,Guernsey
1461082,Jennifer Johnson,tnguyen@example.com,Male,2024-06-30,Myanmar
1461354,Andrew Rodriguez,howelltanya@example.com,Female,2021-11-13,Serbia
1462018,Amanda Smith,larry22@example.net,Female,2022-02-02,Suriname
1463577,John Johnson,rhondaross@example.com,Other,2025-07-24,Yemen
1464626,Michele Hooper,mclaughlinjennifer@example.com,Female,2024-10-04,Wallis and Futuna
1464734,Daniel Smith,alan69@example.net,Other,2024-04-07,Turkmenistan
1464775,Susan Eaton,rperry@example.org,Male,2023-10-19,Tunisia
1465181,Kevin Shaw,jessicaglenn@example.net,Male,2024-09-21,Mozambique
1465387,Jeffrey Sellers,elliottcrystal@example.net,Other,2023-12-29,Micronesia
1465716,Antonio Jones,levibailey@example.net,Other,2022-09-20,Malawi
1466144,Helen Webb,alex09@example.org,Other,2025-02-13,Fiji
1466418,Victoria Becker,tracy07@example.com,Other,2021-08-04,United Kingdom
1466603,Cynthia Ramos,wmason@example.com,Other,2021-02-16,Nicaragua
1467097,Cassandra Rodriguez,leebrian@example.com,Other,2021-12-22,Jersey
1467335,Tammy Mcclain,isaaccochran@example.com,Female,2024-09-12,Kazakhstan
1467846,Justin Flores,ryantrevino@example.com,Female,2020-09-29,Poland
1468174,Sarah Jones,jeremy83@example.net,Male,2021-08-06,Cyprus
1468269,Alexis Green,daviswendy@example.com,Female,2022-10-23,Madagascar
1468661,Kevin Robertson,greenfernando@example.com,Other,2025-08-12,Tanzania
1468839,Linda Harris,stephanie24@example.net,Other,2023-11-10,Saint Helena
1469350,Paul Vasquez,gbrown@example.com,Male,2024-01-20,Thailand
1469560,Shelly Douglas,christina18@example.org,Male,2024-02-06,Puerto Rico
1470091,Hailey Murray,whitestanley@example.com,Female,2024-01-04,United Arab Emirates
1470798,Andrea Scott,mendozalogan@example.org,Male,2022-05-16,Gabon
1471295,Jeffrey Perez,kdavis@example.com,Other,2020-12-30,Northern Mariana Islands
1471377,Christian Jones,amanda18@example.net,Male,2024-09-03,Guinea
1471628,Melissa Norman,ericvillanueva@example.org,Female,2023-02-02,Brazil
1472118,Jennifer Peters,stephen50@example.org,Other,2022-05-01,Mayotte
1472242,Ian Anderson,gwilliams@example.net,Other,2022-01-28,Jamaica
1473041,Nicholas Bishop,sabrina40@example.org,Other,2020-09-02,Mexico
1474167,Lori Patel,vwade@example.org,Other,2021-03-20,Slovakia (Slovak Republic)
1474705,Denise Taylor,daviskatherine@example.org,Male,2020-10-20,Montserrat
1474841,Edward Rosales,ogrant@example.org,Female,2021-09-21,Guinea
1474960,Carlos Ward,megan39@example.org,Other,2025-08-20,Montenegro
1475753,Maria Flores,baileyjeffrey@example.com,Male,2024-03-02,Tunisia
1475807,Benjamin Herrera DDS,luis32@example.com,Other,2022-01-25,Faroe Islands
1477114,Megan Tran,yhernandez@example.org,Female,2021-01-05,Wallis and Futuna
1477380,Aaron Fernandez,elizabethortega@example.com,Other,2022-03-09,Pakistan
1477709,Miguel Dunlap,ronnietran@example.net,Male,2023-05-14,Bouvet Island (Bouvetoya)
1478440,Curtis Lee,emily80@example.org,Other,2022-09-05,Isle of Man
1478859,Greg Odonnell,sethrodriguez@example.org,Male,2025-08-15,United States of America
1478860,Marie Harris,brenda75@example.com,Male,2021-09-17,Guernsey
1478902,Kyle Ferrell,vnelson@example.com,Female,2024-06-04,Malawi
1479200,Bradley Cannon,andrewgriffin@example.net,Other,2021-09-10,Suriname
1479362,Marcus Barton,fjohnson@example.org,Female,2024-09-10,Yemen
1479430,John Heath,crivera@example.net,Other,2023-09-14,Croatia
1479735,Colleen Thompson,lsimpson@example.net,Male,2024-09-24,Swaziland
1480299,Seth Williams,joelclark@example.org,Male,2024-01-27,Saint Lucia
1480316,Nathan Booker,wpatrick@example.com,Male,2024-06-05,Burundi
1481487,Ryan Riley,johnhobbs@example.org,Female,2022-12-05,Sierra Leone
1481837,George Garrett,holmesjohn@example.org,Male,2023-09-26,Thailand
1482050,Alexander Reynolds,maria22@example.net,Female,2024-09-21,Slovenia
1483674,Cheryl Fisher,margaretkennedy@example.com,Other,2020-12-13,Benin
1483900,Jared Marquez,haneywilliam@example.org,Male,2021-12-05,Jersey
1484120,Deanna Pearson,mhill@example.com,Other,2021-11-06,Tuvalu
1484452,Carrie Young,rjohnson@example.com,Other,2024-02-03,South Georgia and the South Sandwich Islands
1484716,Donald Lewis,ruthcrawford@example.org,Male,2024-03-16,Turkmenistan
1486174,Erik Schwartz,matthew61@example.com,Male,2022-08-13,Tonga
1486931,Roberta Mcclure,shannonmcintyre@example.com,Other,2025-03-29,Martinique
1487225,Angela Lee,ethanfitzpatrick@example.org,Female,2025-04-14,Cayman Islands
1488325,Sherry Anderson,petersmith@example.net,Female,2023-10-24,Tuvalu
1488561,Lindsey Hobbs,zjames@example.com,Other,2024-04-18,Germany
1488658,Robert Howell,sabrina83@example.org,Female,2024-06-13,Trinidad and Tobago
1488742,Nathan Peters,gmitchell@example.com,Other,2022-06-13,Central African Republic
1489685,Duane Wright,rogernelson@example.net,Other,2021-07-10,Sierra Leone
1490069,Craig Reynolds,escobarcody@example.org,Male,2022-12-09,Portugal
1490304,William Montgomery,erik02@example.net,Male,2022-03-28,Sri Lanka
1490423,Michael Ashley,christianbender@example.com,Other,2021-01-09,Germany
1490754,Jacob Mcbride,sonia83@example.org,Other,2023-08-25,Bulgaria
1491043,Kimberly Smith,emmaboyd@example.org,Male,2023-04-23,Belize
1491224,Joseph Walker,stephanieday@example.net,Male,2023-03-14,Bulgaria
1491765,Ronald Rodriguez,kmercer@example.org,Other,2025-01-19,Marshall Islands
1492147,Joshua Pierce,melinda58@example.com,Other,2022-01-06,Ghana
1492761,John Smith,josephanderson@example.com,Other,2021-04-06,Turkey
1492869,Mr. Christopher Nguyen,santanabrooke@example.org,Other,2023-06-04,Sri Lanka
1493067,Samantha Lucas,john36@example.org,Male,2025-07-12,Guyana
1493131,Donald Hall,michellewarren@example.org,Male,2022-07-26,Armenia
1494116,Tami Flynn,angela48@example.org,Male,2022-01-23,Haiti
1494136,Michael Castillo,crystalmartinez@example.org,Male,2024-10-23,Faroe Islands
1494292,Leon George,xkelly@example.com,Male,2023-01-07,Cuba
1494964,Charles Ford,kduncan@example.org,Other,2023-12-26,Holy See (Vatican City State)
1495262,Aaron Harrington,brettjames@example.com,Male,2022-09-23,Cameroon
1495679,Felicia Lopez,udunn@example.net,Other,2023-02-01,Iran
1496398,Andrea Koch,williamsdennis@example.org,Other,2024-08-30,Wallis and Futuna
1497437,Kara Richardson,garnermichael@example.com,Female,2022-01-01,Liechtenstein
1497603,Christine Robertson,tparks@example.net,Female,2024-11-23,Mexico
1497617,Michael Burns,wendyreeves@example.org,Male,2023-10-06,Saint Lucia
1497639,Kathy Stewart,lcuevas@example.net,Other,2023-11-27,Suriname
1497764,Anthony Martinez,alice90@example.org,Female,2022-03-05,Burundi
1498047,Stephanie Black,michele35@example.net,Female,2021-01-08,Reunion
1498597,Gregory Ray,nday@example.com,Female,2023-12-31,Mongolia
1498861,Jeffery Wiley,wilcoxangela@example.net,Other,2021-11-02,Kuwait
1499096,Charles Franklin,zcollins@example.com,Male,2022-12-01,United Arab Emirates
1499370,Stephen Jones,summerssara@example.org,Female,2022-05-19,Western Sahara
1499456,John Smith,pwilliamson@example.com,Other,2025-06-30,Rwanda
1499470,Shirley Rose,tammyjohnson@example.com,Male,2022-01-03,Dominica
1499476,Madison Harris,wyattpamela@example.com,Female,2025-08-27,Somalia
1499824,Victoria Mccall,heidi03@example.net,Other,2024-05-08,Portugal
1500461,Adam Leonard,iterry@example.org,Male,2023-04-14,Kenya
1500906,Lawrence Bryant,hbarajas@example.net,Male,2024-04-08,Vanuatu
1501765,Matthew Gentry,zacharybartlett@example.org,Male,2022-06-19,Hungary
1502134,Gregory Moore,audrey40@example.com,Male,2025-07-05,Netherlands Antilles
1502415,Christopher Patel,vincentarthur@example.com,Female,2022-07-28,Latvia
1502660,Amy Thompson,millereric@example.org,Female,2022-07-07,Aruba
1502986,Michele Lucero,ohines@example.org,Other,2023-07-10,El Salvador
1503045,Gregory Lewis,alexawalker@example.com,Female,2023-06-29,Turkey
1503301,Mary Bailey,garrettortiz@example.net,Female,2021-01-13,Suriname
1504921,Natasha Hobbs,joseph33@example.org,Female,2024-05-12,Qatar
1505056,Daniel Holmes,brianatownsend@example.org,Male,2022-10-18,Lao People's Democratic Republic
1505238,Edward Herrera,ronald48@example.com,Male,2024-09-04,Tokelau
1505368,Cassandra Williams,amygrant@example.org,Male,2021-12-21,Georgia
1505469,Ryan Gates,jennifer08@example.org,Other,2023-12-09,Turkey
1505671,Edward Gonzalez,iramirez@example.com,Male,2022-02-27,Egypt
1506192,Laura Nguyen,jason28@example.com,Female,2022-10-01,Australia
1506197,Megan Cunningham,lodom@example.net,Other,2021-11-27,Australia
1506492,Miss Lisa Brown,tannerrodriguez@example.org,Other,2024-07-03,Montserrat
1506653,Phillip Brennan,qortega@example.org,Other,2020-11-10,Angola
1507670,Rebecca Torres,lorijones@example.com,Female,2023-08-23,Bahrain
1508037,Joseph West,brittany18@example.com,Male,2022-06-20,Cocos (Keeling) Islands
1508243,Nicholas Schroeder,timothy68@example.com,Other,2023-10-18,United States Minor Outlying Islands
1508619,Carl Russell,andersonkimberly@example.com,Female,2020-08-31,Norway
1508670,Michelle Paul,blong@example.net,Other,2022-10-13,Portugal
1508894,Mark Walker,brownsarah@example.net,Male,2020-11-22,Benin
1509028,Daniel Gomez,candace61@example.com,Other,2020-10-20,Peru
1509773,Shelley Anderson,thomasstanley@example.com,Other,2021-06-21,Kiribati
1510341,Jeremy Moore,michael12@example.com,Other,2025-03-08,El Salvador
1510407,Michael Fuentes,lisa48@example.com,Male,2024-09-24,Korea
1510408,Caitlyn Blackburn,davidsalazar@example.com,Male,2025-01-29,Turks and Caicos Islands
1510479,Julie Molina,ggutierrez@example.org,Other,2020-10-18,Tanzania
1510612,Scott Tyler,brenda43@example.org,Other,2025-06-30,Falkland Islands (Malvinas)
1510921,Brianna Davis,alisonkerr@example.org,Male,2021-08-15,Myanmar
1510940,Jill Wong,brianowens@example.net,Other,2023-06-07,Malawi
1511461,Amber Simon,zrobinson@example.com,Male,2021-08-06,Senegal
1511795,Annette Griffin,pwhite@example.org,Male,2020-10-31,Northern Mariana Islands
1512014,Thomas Miller,johnstonhannah@example.com,Male,2022-06-23,Kiribati
1512931,Kevin Gomez,barbara33@example.net,Female,2023-04-05,Honduras
1513619,Jonathan Smith,williamadams@example.net,Male,2020-10-28,Pitcairn Islands
1513708,Melinda Page,edonovan@example.org,Other,2020-09-14,Macao
1514000,Dennis Khan,brownjustin@example.org,Female,2021-03-07,Congo
1514096,Lindsay Brown,tlopez@example.net,Other,2021-02-06,Puerto Rico
1514101,Melanie Bates,salazarjeffrey@example.org,Male,2020-10-01,Western Sahara
1514366,Alfred Cooper,duranmichele@example.com,Female,2025-05-15,Antarctica (the territory South of 60 deg S)
1514670,Richard Miller,kenneth67@example.org,Female,2022-11-29,Portugal
1514775,Todd Bell,fdaugherty@example.com,Other,2022-01-01,Ghana
1515761,Alexandra Torres,barkerkelly@example.com,Male,2022-07-02,Oman
1516096,Alan Murphy DVM,pattersonrichard@example.net,Other,2020-10-05,Poland
1516132,Jonathan Moses,wduncan@example.org,Female,2022-06-01,Guatemala
1516608,Candice Harris,armstrongstephanie@example.org,Other,2024-04-08,Syrian Arab Republic
1516657,Joseph Vasquez,yboone@example.com,Female,2021-02-01,Guinea-Bissau
1517326,Lynn Aguirre,crystal47@example.org,Other,2024-12-19,Panama
1517627,Lori Banks,jeffreyhuff@example.com,Male,2022-05-29,Libyan Arab Jamahiriya
1517687,Paul Perez,carriecohen@example.org,Female,2023-09-18,Saint Lucia
1517740,Donald Buchanan,pwilliamson@example.com,Other,2023-03-10,Papua New Guinea
1518006,Laura Duncan,ssanders@example.org,Male,2025-01-23,Gambia
1518031,Jeffery Carter,georgelynn@example.net,Female,2024-09-05,Burkina Faso
1518293,Ashley Johnson,michael58@example.com,Other,2024-12-09,Samoa
1519039,Mark Lynn,crawfordjames@example.net,Other,2022-03-18,United Arab Emirates
1519285,Harry Lewis,lmitchell@example.com,Female,2025-01-23,Madagascar
1519490,Shawna Johnson,uevans@example.org,Other,2023-06-05,Philippines
1519554,Jennifer Huang,april90@example.com,Female,2021-09-19,Thailand
1519670,Julie Morgan,jeancampbell@example.net,Female,2022-01-23,Norfolk Island
1519976,Xavier Marks,dcarr@example.org,Male,2024-12-10,Albania
1520161,Debbie Bernard,nbaldwin@example.com,Female,2023-06-08,Mongolia
1520999,Jasmine Greene,jimmy88@example.net,Female,2024-02-15,Israel
1521432,Johnny Hart,austinmatthews@example.org,Female,2025-08-14,Saint Kitts and Nevis
1521475,Samuel Ward,bennettkevin@example.org,Female,2020-08-30,India
1521691,Sandra Harris,nalvarez@example.org,Other,2022-08-14,Solomon Islands
1521968,Thomas Long,itaylor@example.com,Other,2023-09-09,Korea
1522041,Connie Hill,ramirezbrandon@example.net,Other,2023-01-06,Moldova
1522102,Kimberly Barrett,jonevans@example.net,Female,2023-10-26,Uruguay
1522145,Jon Ewing,danielmills@example.org,Other,2021-03-19,New Zealand
1522523,Maria Clark,richard00@example.net,Other,2023-04-27,Palau
1522908,Jason Curtis,ashleysamantha@example.com,Male,2020-11-23,France
1523347,Judy Gregory PhD,garnerchristopher@example.net,Other,2022-04-22,Bolivia
1524471,Jennifer Knight,sandra94@example.net,Other,2024-07-30,Antigua and Barbuda
1524594,Amy Jacobs,fhull@example.net,Other,2022-07-08,Palestinian Territory
1524613,Steven English,timothygarrett@example.com,Female,2024-12-30,Saudi Arabia
1525006,Larry Frost,joseph98@example.com,Other,2023-01-09,Falkland Islands (Malvinas)
1525418,Rebecca Morton,michelevargas@example.org,Male,2025-03-02,Jamaica
1526920,Gregory Lamb,zcunningham@example.net,Male,2024-01-31,Romania
1527165,Steven Gray,jonespaul@example.org,Male,2024-10-19,Switzerland
1527351,Daniel Zavala,kbush@example.net,Male,2022-03-27,Cocos (Keeling) Islands
1527504,John Chan,brownerik@example.org,Female,2021-10-18,Saint Lucia
1527639,Ricky Newman,dsmith@example.org,Female,2021-07-14,Luxembourg
1528344,Carrie Rodriguez,dgraves@example.net,Other,2024-04-16,Palestinian Territory
1528446,Haley Williams,tuckernicole@example.net,Other,2021-01-15,Seychelles
1528645,Daniel Schultz,william43@example.com,Male,2021-08-19,Papua New Guinea
1528732,Rebecca White,sherri54@example.org,Other,2025-06-08,Serbia
1529142,Taylor Scott,ksalas@example.org,Other,2025-03-04,Ireland
1529246,Thomas Adams,parkeralvarez@example.net,Female,2023-03-15,Finland
1529327,Emily Foster,contrerasjohnny@example.com,Other,2021-04-13,Burundi
1529819,Donna Mcbride,kyle89@example.org,Other,2020-11-25,Qatar
1529934,Bailey Hunter,danielsrodney@example.net,Other,2021-08-06,Pitcairn Islands
1530284,Michael Ford,matthew72@example.com,Other,2021-08-30,Azerbaijan
1530511,Ms. Michelle Harris,walter99@example.net,Female,2023-09-20,Guatemala
1530824,Stephanie Johnston,noahmccoy@example.org,Female,2021-04-29,South Georgia and the South Sandwich Islands
1531020,Terry Reeves,jgoodwin@example.net,Male,2021-02-24,Switzerland
1531708,James Romero,davismatthew@example.com,Other,2025-06-18,Netherlands
1531769,Ricky Lopez,rjohnson@example.net,Female,2022-08-26,Martinique
1532222,Pamela Webster,suzanne90@example.net,Male,2023-01-07,Romania
1532671,Tiffany Ochoa,madelinecochran@example.com,Female,2021-06-12,Iraq
1533557,Ryan Smith,hayeskim@example.org,Female,2023-08-15,Burundi
1534112,Heidi Herrera,wtate@example.net,Other,2025-03-06,Marshall Islands
1534397,Alexander Gomez,dortiz@example.com,Male,2021-11-25,Tanzania
1534779,Anne Franklin,brittanymiller@example.net,Other,2025-01-03,Palau
1534987,Christina King,ruthsimpson@example.net,Female,2022-05-22,Burkina Faso
1536516,Ann Schwartz,emilystewart@example.org,Female,2024-04-06,Reunion
1537079,Karen Woods,zharris@example.com,Male,2022-11-24,New Zealand
1537501,Amanda Ramos,mchambers@example.org,Female,2023-09-03,Sudan
1537553,Joseph Santos,maryyang@example.org,Male,2022-12-08,Japan
1537848,Micheal Keller,rachelluna@example.com,Male,2022-03-09,Malaysia
1537965,Allison Wells,jenniferbradley@example.com,Male,2022-07-10,Portugal
1538888,Andrew Lopez,charles14@example.org,Male,2022-04-28,Mozambique
1538947,Kathryn Graham,charlesdorsey@example.com,Female,2022-04-11,Palestinian Territory
1539319,Morgan Cox,jackson81@example.net,Male,2024-08-16,Gambia
1539987,Harold Ramos,martintonya@example.org,Other,2021-01-20,El Salvador
1540797,Katie Odom MD,alicia01@example.org,Male,2025-01-31,Thailand
1540907,Jennifer Jensen,samuel13@example.com,Other,2024-08-03,Syrian Arab Republic
1541008,William Graham,randyfranklin@example.com,Female,2025-07-04,Colombia
1541833,Craig Crawford,jeremyblack@example.com,Male,2023-10-23,Ethiopia
1541903,Dan Stewart Jr.,stephanie14@example.com,Male,2021-09-05,Chad
1543438,Caitlin Walker,howardpham@example.com,Other,2024-02-26,Botswana
1543476,Edward Roberts,gary63@example.org,Male,2024-10-10,Angola
1543559,John Davis,riverajasmine@example.net,Male,2023-04-14,Croatia
1543562,Carrie Lewis,carlgiles@example.org,Male,2021-05-07,Comoros
1543632,Seth Kim,simmonssandy@example.com,Female,2022-03-03,Gabon
1543701,Amanda Montgomery,swalker@example.org,Male,2020-09-15,Mexico
1544074,Meagan Torres,nichole47@example.org,Other,2022-10-23,Macao
1544221,Laura Burnett,fcharles@example.net,Other,2021-09-03,Albania
1544545,Rhonda Pearson,james62@example.net,Male,2021-04-11,Saint Kitts and Nevis
1545286,Jennifer Williams,tabithahansen@example.com,Other,2020-10-05,Jordan
1546227,Rhonda White,jeffreypark@example.com,Other,2022-02-14,Jamaica
1546731,Kenneth Watson,phillip28@example.net,Other,2022-12-23,Myanmar
1547009,Joan Garza,gerald95@example.org,Other,2023-11-17,Bulgaria
1547072,John Williamson,marymonroe@example.net,Male,2021-02-14,Canada
1547284,Tracey Barajas DDS,daniel78@example.net,Other,2021-10-01,Iraq
1547669,Paul Parker,brenda08@example.net,Other,2021-02-09,Thailand
1548302,Garrett Cooper,nlopez@example.com,Female,2021-12-13,Bahrain
1548647,Tammy Spencer,nelsonjoseph@example.net,Other,2023-07-06,Falkland Islands (Malvinas)
1548840,Erica Reyes,rwood@example.com,Male,2022-01-23,Nicaragua
1548889,Tiffany Thomas,trancameron@example.org,Male,2021-02-04,Turkmenistan
1549684,Linda Burch,nmurray@example.net,Female,2025-06-02,Malaysia
1549908,Pam Pierce,brianortiz@example.net,Female,2022-08-25,Solomon Islands
1550653,Dale Pugh,zvance@example.org,Other,2023-10-09,Moldova
1550725,Christopher Coleman,charles02@example.com,Male,2022-04-29,Reunion
1550753,Heather Clark,jamesrusso@example.com,Female,2020-09-14,Bahrain
1551728,Mary Golden,amontes@example.net,Male,2023-05-31,Kuwait
1551744,Karen Bass,ashleycole@example.com,Other,2023-06-11,Guernsey
1552528,Ariana Huynh,cruzbarbara@example.net,Other,2025-01-15,Guernsey
1552614,Kimberly Cardenas,mvazquez@example.com,Other,2023-06-12,Romania
1552626,Andrew Snyder,smithzachary@example.org,Male,2024-01-18,Grenada
1552665,Jessica Bennett,williammoore@example.net,Female,2022-07-08,Saint Vincent and the Grenadines
1553017,Lisa Henderson,llawrence@example.com,Male,2025-06-03,Angola
1553348,Nathan Leach,powellcristian@example.org,Female,2021-08-09,Aruba
1553686,Sharon Ware,agomez@example.net,Male,2022-09-29,Turkmenistan
1553777,Alan Adams,bryan05@example.org,Male,2022-05-12,Cuba
1553860,Judith Ross,michelle71@example.org,Male,2023-04-21,Niger
1554837,Mark Levy,ojacobs@example.com,Female,2021-10-29,Bouvet Island (Bouvetoya)
1555007,Cindy Carter,vallen@example.com,Male,2022-05-16,Belgium
1555160,Kaitlin Velez,gshort@example.net,Female,2023-08-12,New Zealand
1555167,Antonio Morales,amyshepherd@example.org,Other,2025-07-21,Brunei Darussalam
1555489,Laura Macias,alec63@example.com,Male,2023-10-30,Mauritius
1555738,Cole Howard,ljackson@example.org,Male,2023-12-10,Hong Kong
1555871,Sarah Solis,patriciajones@example.com,Other,2025-08-09,Croatia
1557210,Donna Henderson,howard86@example.org,Male,2020-09-12,Zimbabwe
1557228,Scott Schmidt,stephanietucker@example.net,Female,2025-06-19,New Zealand
1557412,David Hughes,crystalhernandez@example.org,Female,2020-09-14,Chad
1558677,Brenda Sanchez,wwillis@example.org,Female,2025-02-13,Cape Verde
1558775,Patricia Collins,marksphilip@example.org,Male,2022-03-05,Samoa
1558977,Tabitha Anderson,oflowers@example.net,Other,2025-06-29,Netherlands
1559159,Kenneth Oliver,morgancoffey@example.net,Female,2022-04-01,Tajikistan
1559233,Alexis Pittman,jrodriguez@example.org,Male,2022-11-12,Madagascar
1559323,Stacey Flores,vmyers@example.net,Other,2022-11-05,Cocos (Keeling) Islands
1559396,Brittany Ballard,angelascott@example.org,Other,2022-12-06,Equatorial Guinea
1559842,Jacob White,joseph24@example.com,Female,2024-06-27,United States of America
1560440,Suzanne Carter,evanmendez@example.org,Other,2023-07-20,Switzerland
1561348,Johnny Wilson,kathleenburns@example.com,Female,2024-02-13,Mongolia
1561818,Alexandra Moore,john40@example.com,Other,2021-01-21,Mexico
1562680,William Rowe,qhull@example.net,Other,2022-05-17,Papua New Guinea
1562984,Paul White,gshaw@example.net,Male,2021-05-01,Costa Rica
1563163,Mark Rosales,teresa73@example.net,Male,2025-07-25,Montenegro
1563271,Amy Knight,nsantos@example.org,Female,2020-11-28,Bouvet Island (Bouvetoya)
1564293,Mrs. Kathryn Sims,krystalgarcia@example.org,Male,2025-08-26,Congo
1564388,Cynthia Watson,alexandragregory@example.net,Other,2022-07-27,Philippines
1564543,Laura Bonilla,nguyendaniel@example.net,Other,2021-01-05,Aruba
1564643,Angela Stewart,allenjennifer@example.com,Female,2022-10-28,El Salvador
1565057,Joanna Schneider,victoriacraig@example.net,Female,2022-06-03,Togo
1565065,Jessica Turner,mariahsanford@example.com,Other,2023-10-23,Zambia
1566065,James Dunn,pamela43@example.org,Female,2024-08-17,Norfolk Island
1566902,Christopher Clark,logan39@example.org,Female,2021-03-29,Christmas Island
1567996,John Chapman,michaelchapman@example.org,Male,2024-12-08,Uzbekistan
1568570,Jonathon Rivera,ryangonzalez@example.net,Other,2023-04-07,Canada
1569234,Kimberly Hill,vowens@example.net,Other,2022-11-08,Hungary
1569713,Samuel Cochran,julia14@example.com,Male,2022-02-06,Guinea
1569921,Robert Paul,emartin@example.com,Other,2024-01-08,Canada
1570037,Courtney Turner,vincentcatherine@example.org,Male,2023-09-11,Monaco
1570167,David Benton,vanessafrank@example.net,Male,2023-08-27,Namibia
1570356,Michelle Taylor,loribaldwin@example.com,Male,2021-02-16,Guadeloupe
1570448,Patricia Smith,vhaynes@example.com,Other,2022-09-09,Fiji
1571529,Ashley Phillips,scott05@example.com,Other,2022-04-25,Ireland
1571764,Lori Fleming,michelleburns@example.net,Female,2022-04-10,Madagascar
1571990,Christopher Long,alexandra43@example.com,Male,2024-05-18,Greece
1572640,Thomas Dickerson,nicolestevens@example.com,Female,2024-09-18,Egypt
1572866,Natasha Rush,wkelley@example.net,Male,2022-05-23,Montenegro
1573589,Diana Velasquez,davidturner@example.org,Female,2023-10-29,British Virgin Islands
1573864,William Donovan,aaronguzman@example.com,Female,2021-12-03,Cayman Islands
1574242,Mary Turner,justinsoto@example.com,Female,2024-02-05,Libyan Arab Jamahiriya
1574328,Richard Stevens,hjefferson@example.net,Female,2020-10-26,Czech Republic
1574530,Angelica Green,bautistadouglas@example.com,Other,2023-11-10,Bosnia and Herzegovina
1574730,Renee Wilson,ablack@example.com,Female,2023-02-18,Guatemala
1575121,Austin Osborne,wruiz@example.org,Other,2023-12-01,Guinea
1575172,Mary Weaver,michele15@example.org,Other,2025-08-02,Central African Republic
1575203,Erin Sutton,esanchez@example.org,Female,2024-08-08,Guinea-Bissau
1576458,Cheryl Howell,kaitlyngross@example.org,Male,2025-08-09,South Africa
1576679,Curtis Young,simmonstravis@example.org,Male,2024-02-24,Maldives
1576740,Laura Martin,calvindominguez@example.com,Male,2023-11-15,New Zealand
1577998,Valerie Wood DVM,ashleywade@example.org,Other,2022-07-25,Jordan
1578161,Steven Adams,marquezjared@example.net,Other,2025-04-13,Tuvalu
1579092,Christina Freeman,jwilkins@example.org,Female,2024-12-01,Australia
1579383,Samantha Mann,katelyn15@example.org,Female,2024-04-22,Martinique
1579431,Christina Huang,marc18@example.net,Female,2021-09-29,Sao Tome and Principe
1580854,Justin Soto,stanleylisa@example.com,Female,2025-08-15,Belarus
1581601,Alexis Graham,amy01@example.org,Other,2025-01-16,Philippines
1581844,Dylan Wright,vgutierrez@example.org,Male,2023-08-13,Austria
1582459,Danielle Cox,sandra86@example.net,Female,2023-11-29,Korea
1582491,Michelle Cardenas,ashley16@example.net,Male,2024-06-14,Bulgaria
1582517,Victor Chavez MD,leecasey@example.net,Other,2022-01-27,Kazakhstan
1583212,Samantha Mendoza,umartin@example.com,Female,2025-07-21,Togo
1583539,Keith Sullivan,anna87@example.com,Other,2025-03-10,Norfolk Island
1583559,Karen Davidson,clementsthomas@example.net,Other,2023-06-24,Korea
1583613,Jamie Fitzgerald,jstevenson@example.net,Male,2024-10-13,Saint Vincent and the Grenadines
1584208,Stephen Lopez,jennifer51@example.net,Other,2023-08-16,Vanuatu
1584845,Melanie Bell,gouldcarol@example.net,Male,2021-08-06,Guam
1585014,Robert Robinson,tina82@example.com,Other,2021-03-17,Denmark
1585648,Jeremy Daniels,hufftina@example.net,Male,2025-04-26,Uruguay
1585930,Renee Strickland,dwalker@example.org,Male,2024-02-03,Mozambique
1586387,James Torres,jeremyknight@example.com,Female,2021-03-05,Georgia
1586796,Ryan Foster,dgonzalez@example.com,Female,2022-10-25,Kiribati
1587098,Rose Holland,ugonzales@example.net,Female,2021-09-15,Niger
1588240,Robert Wells,johnsonaaron@example.com,Female,2022-03-29,Palau
1588632,Danny Bailey,scharles@example.org,Female,2023-01-07,Honduras
1588741,Mary Dalton,robert23@example.com,Other,2025-04-03,Mauritania
1589098,Trevor Sutton,edwinfernandez@example.com,Other,2024-05-25,Iraq
1589218,Shawn Kelley,sandra40@example.net,Male,2023-11-18,Peru
1589544,Nicole Thomas,wadetamara@example.org,Male,2023-12-04,Senegal
1589715,James Roy,bradley07@example.org,Other,2022-09-16,Saint Lucia
1590189,Christopher Williams,janicediaz@example.com,Other,2021-12-16,Spain
1590260,Angela Cortez,carlosrogers@example.org,Male,2022-06-01,Armenia
1590374,Susan Stout,janice98@example.com,Female,2024-06-12,Kyrgyz Republic
1590562,Peggy Taylor,vaughncathy@example.org,Female,2023-02-06,Gibraltar
1591441,William Dennis,steinjeffery@example.net,Female,2022-07-02,Central African Republic
1591451,Caroline Smith,franciscoedwards@example.org,Male,2022-12-07,Philippines
1592211,Brenda Perkins,zpage@example.com,Male,2023-02-11,United States Virgin Islands
1592281,Jennifer Burton,savannahsalas@example.org,Female,2021-04-25,Indonesia
1592472,David Martin,james30@example.net,Male,2021-03-26,Hungary
1592630,Chad Cunningham,brian65@example.net,Other,2023-12-12,Portugal
1592793,Kristen Harris,justin58@example.net,Male,2024-06-02,Mayotte
1593171,Brenda Webb,hcox@example.net,Male,2022-03-21,Lesotho
1593319,Richard Conrad,zbyrd@example.org,Other,2024-03-01,Slovenia
1593458,Rodney Rich,jorge44@example.org,Other,2020-12-17,New Caledonia
1593747,Donna Lewis,ekennedy@example.com,Other,2020-09-24,Australia
1594091,Trevor Powers,morrisstephanie@example.com,Female,2025-01-31,Argentina
1594383,Sean Brown,harrisjerry@example.org,Male,2025-06-08,Guam
1594945,Jacqueline Gilbert,nancypratt@example.com,Male,2021-04-07,Angola
1595707,Yvette Thomas,xsantiago@example.net,Other,2021-11-12,Portugal
1596235,Jennifer Larsen,knelson@example.org,Female,2023-03-18,Liechtenstein
1596324,Emily Robinson,annarnold@example.com,Male,2024-04-04,Guinea-Bissau
1596856,Molly Nichols,whiteryan@example.net,Female,2024-03-10,Tajikistan
1596992,Nicole Parsons,mendezterri@example.net,Male,2023-07-02,Kyrgyz Republic
1597171,Charles Mccormick,catherinemendez@example.org,Male,2021-12-17,Seychelles
1597663,Justin Howard,hendersontroy@example.net,Female,2024-07-01,Brunei Darussalam
1597833,Peter Prince,austinandrew@example.com,Other,2025-01-14,Monaco
1598209,Trevor Maxwell,potterjavier@example.com,Female,2024-01-04,Guatemala
1598324,James Berry,pmelton@example.org,Female,2024-06-25,Algeria
1598333,Heidi Palmer,dcollins@example.org,Female,2022-03-01,Ecuador
1598348,Michele White,simpsonjohn@example.com,Male,2021-12-29,Tokelau
1598524,Destiny Williams,cmoore@example.net,Other,2020-09-06,Jordan
1598548,Ruth Turner,kevin92@example.com,Male,2023-05-13,Oman
1598742,Jordan Alvarado,michelle08@example.net,Male,2021-02-25,Sweden
1600076,Aaron Stewart,murraywhitney@example.org,Other,2025-01-12,Mayotte
1600566,Robert Martinez,meagankennedy@example.com,Other,2024-09-20,Guam
1600605,Bryan Johnston,riddlekathryn@example.org,Other,2021-01-30,Martinique
1601345,Jacob Glover,mendozamatthew@example.com,Other,2021-03-06,Ukraine
1602264,Matthew Villanueva,fcox@example.net,Other,2023-06-19,Russian Federation
1602685,Jacob Griffin,jessica00@example.org,Other,2023-06-24,Belarus
1602943,Joshua Ramirez,kathleen93@example.net,Male,2022-04-23,Ghana
1602985,Patrick Johnson,upatterson@example.org,Male,2024-05-30,Kenya
1603089,Natalie Benson,marccoleman@example.org,Female,2024-04-02,Northern Mariana Islands
1603198,Lindsay Cortez,shawnlopez@example.net,Other,2021-04-10,Bouvet Island (Bouvetoya)
1603904,Edward Hardy,qballard@example.net,Male,2021-07-13,Hong Kong
1604886,Douglas Thomas,ortizrobert@example.com,Other,2024-06-07,Christmas Island
1605038,Devin Pierce,lindsayrichard@example.net,Other,2022-06-14,Chile
1605397,Aaron Herman,sarawalton@example.com,Female,2022-07-25,Chile
1605636,Ashley Patterson,larrydavis@example.org,Other,2020-11-01,Uzbekistan
1606066,Brenda Browning,joshua36@example.net,Female,2025-08-26,Portugal
1607593,Randy Brown,mbrooks@example.net,Female,2025-06-13,Brazil
1607629,Katie Reed,fmcgee@example.net,Other,2022-08-17,Greenland
1608116,Rebecca Sanchez DDS,susanbell@example.org,Female,2025-07-18,French Guiana
1608303,Destiny Long DVM,jasonlozano@example.com,Male,2025-01-30,Costa Rica
1608690,Jonathan Montgomery,sanchezjeffery@example.org,Female,2020-10-12,Cote d'Ivoire
1608732,Tanner Murray,karen90@example.net,Other,2021-03-08,Morocco
1608737,John Coleman,nboyer@example.net,Female,2021-06-27,Rwanda
1609083,David Hines,ibeck@example.org,Other,2021-03-30,Bangladesh
1609650,Mrs. Courtney Ingram,ubean@example.com,Female,2022-12-18,Hong Kong
1610253,Katherine Taylor,briancarpenter@example.net,Male,2021-03-21,Saint Pierre and Miquelon
1610333,Janet Mcdonald,lisablack@example.com,Other,2024-07-10,Colombia
1610531,Chris Johnston,jonathan97@example.com,Other,2022-03-08,Finland
1611308,Ann Henry,gshaw@example.com,Other,2022-07-07,Saudi Arabia
1612015,Peter Nicholson,gbates@example.net,Female,2020-09-29,Netherlands Antilles
1612472,Michael Vasquez,emmajensen@example.org,Other,2020-09-23,Costa Rica
1612999,Lisa Hamilton,lwood@example.org,Female,2025-01-22,Serbia
1613989,Michelle Thomas,dturner@example.org,Other,2021-05-07,Norway
1614422,Bonnie Smith,daniel70@example.org,Female,2023-11-10,Mongolia
1614752,Jeffrey Poole,salazarsarah@example.org,Female,2023-02-17,Bolivia
1615230,Larry Walker,robertjames@example.net,Female,2024-03-09,Reunion
1615324,David Gonzalez,jdrake@example.org,Other,2025-07-22,Chad
1616721,Stefanie King,wolfefaith@example.net,Male,2021-08-28,French Guiana
1616978,Nicole Tyler,mcook@example.com,Other,2021-04-04,Togo
1617693,Jeremy Delgado,samantha80@example.com,Female,2023-12-08,French Guiana
1617733,Rachel Hoover,jennifer19@example.net,Female,2025-05-30,Ghana
1618192,Eduardo West,matthewgonzalez@example.net,Female,2023-05-07,Philippines
1618303,Dr. Zachary Strickland,atkinssarah@example.org,Male,2024-10-28,Singapore
1618602,Suzanne Pierce,guzmancarl@example.org,Female,2023-11-07,Greece
1618817,Donna Montes,martinezsean@example.net,Female,2025-03-29,Slovakia (Slovak Republic)
1620468,Derek Brooks,troypaul@example.com,Female,2025-03-29,Yemen
1620679,Scott Romero,gvasquez@example.org,Other,2021-01-25,Nepal
1620811,Jeffrey Chapman,jjones@example.com,Male,2024-01-21,Australia
1621304,Jessica Peterson,thomasmarcus@example.net,Other,2020-12-28,United States Minor Outlying Islands
1621506,Robert Jackson,lperkins@example.net,Female,2021-12-25,Sao Tome and Principe
1621922,Kenneth Gilmore,sjohnson@example.com,Other,2024-12-24,Poland
1621935,Chris Ward,lisahernandez@example.org,Other,2024-11-23,Botswana
1623184,Hannah Gibson,zimmermanwilliam@example.com,Other,2023-11-11,Lithuania
1623528,Phillip Bryant,andrew18@example.com,Female,2025-06-19,Qatar
1624461,Jay Lane,nlawson@example.com,Female,2025-05-16,Cameroon
1624504,Steven James,glenn06@example.net,Other,2023-09-28,Bolivia
1624956,Samantha Allen,mallen@example.org,Other,2022-04-09,Bhutan
1625263,Danielle Horton,dthornton@example.net,Other,2024-06-18,Georgia
1625274,Frederick Taylor,nathan77@example.com,Other,2023-11-02,British Indian Ocean Territory (Chagos Archipelago)
1625360,James Rivers,kendragarcia@example.org,Other,2021-09-27,Malawi
1625445,Ashley Roberts,mccoytara@example.org,Male,2022-07-01,Bahrain
1625471,Jeffrey Mitchell,cruzkathy@example.com,Other,2023-05-03,Sudan
1625698,Jessica Martinez,smartinez@example.com,Male,2023-01-24,Christmas Island
1625902,Jennifer Marquez,pclark@example.net,Male,2023-12-03,Monaco
1627298,Kelly West,sarah66@example.org,Other,2020-10-29,Maldives
1627495,Robert Green,dgarcia@example.com,Other,2024-03-27,Croatia
1627755,Steven Meyer,johnyates@example.net,Female,2025-06-09,Canada
1628170,Jacob Lane,vallen@example.org,Male,2025-04-20,Guadeloupe
1628350,Kelly Watts,sandra22@example.net,Other,2022-04-27,Trinidad and Tobago
1628364,Kaylee Phillips,parkerjenna@example.org,Other,2024-03-22,Qatar
1629064,Chad Montgomery,reedsabrina@example.net,Female,2024-01-01,Sierra Leone
1629361,Laura Shaw,katherine07@example.net,Male,2022-08-05,Korea
1629646,Michael Clark,mpaul@example.com,Female,2025-04-18,Georgia
1630348,Leonard Anderson,zjackson@example.com,Other,2024-12-17,Seychelles
1631254,Albert Bowers,wheelerrichard@example.org,Other,2021-05-04,Turks and Caicos Islands
1631803,Joshua Alvarez,christopher27@example.org,Other,2020-10-03,Malta
1633547,James Young,lisafernandez@example.net,Female,2022-05-24,Montenegro
1633885,Valerie Smith,aaron60@example.net,Male,2022-05-05,Ghana
1635591,Gregory Alexander,patrick48@example.net,Other,2021-12-14,Nepal
1636205,Lee Swanson,smithlauren@example.com,Female,2023-09-30,French Southern Territories
1636251,Victor Harris,osbornsarah@example.org,Female,2024-09-21,Norfolk Island
1636277,Natalie Warner,woodrobert@example.net,Other,2023-07-11,San Marino
1636577,Mariah Moore,cheryl85@example.org,Other,2024-09-12,Gabon
1636974,Kendra Bailey,watkinshannah@example.com,Male,2023-12-17,Egypt
1637849,Jonathan Hart,christopherramirez@example.net,Female,2021-06-21,Canada
1637896,Philip Mclaughlin,cday@example.com,Other,2023-03-10,Gambia
1638123,Chelsey Morrison,dschmidt@example.com,Male,2021-05-27,Saint Pierre and Miquelon
1638251,Stephanie Mccoy,ymartinez@example.net,Female,2023-03-07,Antarctica (the territory South of 60 deg S)
1638400,Nathan Williams,ukelly@example.net,Other,2023-06-09,Honduras
1638769,Scott Garrison,wjones@example.org,Female,2024-10-06,Nicaragua
1638784,Jacob Freeman,kathryncarrillo@example.net,Female,2022-10-31,Gambia
1638864,Duane Hartman,fbray@example.org,Other,2023-07-13,Luxembourg
1639194,Alfred Jones,johncabrera@example.com,Female,2021-08-17,Guernsey
1639596,Christina Davis,bobby97@example.com,Female,2024-04-17,Moldova
1639856,April Gonzalez,gkramer@example.com,Other,2022-08-10,Somalia
1640049,Hunter Wyatt,klinejeanne@example.org,Male,2022-06-13,Comoros
1641512,Matthew Pitts,nathancross@example.net,Other,2023-01-02,Russian Federation
1642302,Dr. Caroline Mclaughlin,kyle24@example.net,Female,2022-02-06,Trinidad and Tobago
1643202,Gabriel Miller,ashley45@example.org,Female,2023-02-23,Antigua and Barbuda
1643563,Dawn Nguyen,hwilson@example.com,Other,2021-02-14,Mongolia
1643648,Raymond White,thomas24@example.com,Other,2020-10-03,Haiti
1644443,Joe Perez,irichardson@example.net,Male,2023-11-28,Hungary
1645079,Charles Evans,brandicruz@example.net,Other,2021-03-17,Mauritius
1645542,Jack Graves,penamatthew@example.com,Female,2023-04-02,Senegal
1645824,Heather Carter,bharvey@example.com,Other,2023-07-21,Gambia
1645983,Eric Miller,waltonbrenda@example.net,Female,2023-01-06,Seychelles
1647669,Timothy Brown,stephenhayes@example.org,Male,2025-04-06,Ethiopia
1648014,Jacob Barrera,danielmckay@example.net,Male,2022-01-20,Togo
1648246,Christopher Carlson,russellgary@example.net,Female,2023-10-25,Macao
1648673,Bryan Townsend,pattydawson@example.com,Female,2025-06-19,Norfolk Island
1648680,Heather Espinoza,ugutierrez@example.net,Other,2023-02-14,Macao
1649166,Brenda Bradley,james38@example.com,Female,2025-07-03,Holy See (Vatican City State)
1649216,Paula Miller,aaronsanchez@example.net,Other,2024-04-14,Guinea-Bissau
1649220,Sandra Hodge,riverawhitney@example.com,Female,2021-02-02,United States Minor Outlying Islands
1649762,Mark Watson,hbeltran@example.net,Female,2022-02-19,Macao
1649937,John Dominguez,nrowland@example.org,Other,2023-09-18,Saudi Arabia
1650136,Aaron Brooks,corystevens@example.org,Male,2022-07-18,Saint Kitts and Nevis
1650336,Joseph Noble,pcastillo@example.com,Female,2022-09-05,Bangladesh
1650420,Daniel Mclaughlin,lguerrero@example.com,Male,2023-08-22,Lithuania
1650785,Derek Miller,ravenroach@example.net,Male,2021-05-19,Georgia
1650799,Austin Lopez,pfernandez@example.com,Male,2022-07-09,Bouvet Island (Bouvetoya)
1651319,Austin Bailey,kelleysara@example.com,Other,2020-12-31,Singapore
1653032,Jacob Roberts,bassalicia@example.org,Female,2024-01-30,Congo
1653091,Heather Miller MD,nhill@example.net,Female,2021-05-14,Antigua and Barbuda
1653171,Larry Hawkins,shawna29@example.com,Male,2022-04-02,Netherlands Antilles
1653408,Tammy Hall,paula02@example.com,Male,2025-07-09,Madagascar
1653544,Nicole Griffin,franklinlawrence@example.com,Female,2024-04-21,Guernsey
1653603,David Lee,barnettmelinda@example.org,Other,2023-10-08,Iceland
1653865,Diana Horton,bernardwhite@example.com,Female,2020-09-06,French Polynesia
1653906,Jordan Evans,nweaver@example.org,Female,2024-11-06,Hong Kong
1654024,Darren Johnson,david55@example.net,Male,2023-08-05,Saint Vincent and the Grenadines
1654479,Sabrina Wright,stephenbautista@example.net,Other,2020-10-13,Haiti
1654935,Tara House,vweber@example.org,Other,2021-11-28,Tunisia
1655576,Carrie Turner,hmonroe@example.org,Female,2022-04-17,Thailand
1655925,Karen Odom,james67@example.com,Male,2023-07-25,Tajikistan
1656668,Patricia Medina,cjohnson@example.org,Female,2023-01-13,Jordan
1657658,Catherine Perez,gutierrezkevin@example.org,Other,2025-02-24,Costa Rica
1658327,Devin Smith,esims@example.com,Male,2020-12-28,Vietnam
1658409,Frank Williamson,michael33@example.org,Other,2021-09-25,Zambia
1658681,Michael Smith,michaelgoodwin@example.com,Other,2023-01-19,Puerto Rico
1658928,Caitlin Weaver DVM,nbutler@example.com,Female,2023-03-05,Qatar
1659690,Stephen Sandoval,pamela16@example.org,Female,2020-11-26,Burundi
1659816,Rachel Beasley,romerojeffrey@example.org,Female,2024-02-18,Ecuador
1660375,Joseph Gomez,shannon66@example.com,Other,2021-02-24,Gibraltar
1660547,Thomas Larson,warias@example.com,Female,2023-02-18,Togo
1660884,Michael Dominguez,susansanchez@example.org,Female,2022-05-29,Micronesia
1661071,James Mercer,brian81@example.org,Other,2025-07-05,Netherlands
1661381,Melissa Wise,mburns@example.net,Male,2024-01-19,France
1661852,Maria Webb,kzimmerman@example.org,Female,2024-05-21,United States Virgin Islands
1662448,Jennifer Freeman,amanda17@example.org,Female,2023-11-24,Philippines
1662832,Sara Soto,brownjessica@example.com,Female,2024-05-21,Cote d'Ivoire
1662965,Brandy Thomas,briannanguyen@example.net,Female,2024-10-01,Hungary
1663412,Rachel Foster,sthomas@example.net,Male,2021-11-12,Tuvalu
1663524,Aaron King,gcole@example.org,Male,2025-03-14,Nauru
1663716,Cameron Kemp,vanessa82@example.org,Female,2025-05-01,Nigeria
1663807,David Walker,nmartinez@example.org,Female,2024-09-24,Slovenia
1663920,Michelle Sherman,caldwelljulie@example.net,Other,2023-10-11,Marshall Islands
1664224,Lori Jackson,scollins@example.com,Female,2023-01-29,Oman
1665130,Sarah Shaw,jeffrey75@example.net,Male,2024-05-25,French Southern Territories
1665197,Tony Russell,kathystout@example.net,Female,2025-02-15,United States of America
1665204,Virginia Smith,jeffrey04@example.net,Male,2023-06-01,Tuvalu
1667514,Marie Phillips,hartjoel@example.com,Male,2023-03-28,Bahrain
1668473,Shannon Leach,sallybailey@example.org,Female,2025-04-17,Vietnam
1668715,Alexis Williamson,wilkersonkristin@example.com,Male,2022-07-03,Malaysia
1668737,Norma Ortiz,loganchavez@example.net,Female,2021-09-26,Zambia
1669667,Ronald Hall,robinsonanna@example.net,Other,2020-11-29,Jordan
1670116,Michelle Mccarthy,jennifer84@example.org,Other,2023-01-08,Cayman Islands
1670548,Christina Smith,terrifoster@example.org,Other,2024-01-11,Algeria
1670600,Lorraine Adams,mferguson@example.org,Other,2022-11-26,Belize
1670677,Dwayne Hansen,kdurham@example.org,Other,2023-10-22,Chad
1670809,Ricky Wiley,jpayne@example.com,Male,2025-08-28,Tajikistan
1671251,Laurie Smith,kathleenford@example.com,Other,2024-09-14,Iraq
1671325,John Jones,qbennett@example.com,Male,2020-09-10,Mexico
1671682,Brett Clark,jonathanjohnston@example.org,Male,2022-05-18,Svalbard & Jan Mayen Islands
1671754,Jeremy Hill,rpetersen@example.org,Male,2023-07-02,Lebanon
1672807,Ryan Crawford,janicegallegos@example.net,Male,2022-05-11,United Arab Emirates
1673825,Colin Gonzalez,justin48@example.net,Male,2021-07-16,Tanzania
1673927,David Jefferson,rsmith@example.com,Male,2024-06-26,Saint Pierre and Miquelon
1674276,Matthew Rios,victoria29@example.org,Other,2023-05-09,Nicaragua
1674323,Lori Garza,deanna83@example.net,Male,2022-01-27,Mozambique
1674867,Jonathon Schultz,qweaver@example.org,Female,2025-04-07,Tuvalu
1674971,Sierra King,petersjason@example.net,Female,2025-03-02,Mayotte
1675237,Dennis Ellis,tdiaz@example.org,Female,2022-03-14,China
1675306,Michael Mahoney,wallertanya@example.com,Other,2025-06-03,Armenia
1676025,Mark Morris,jorgesmith@example.com,Other,2025-05-03,North Macedonia
1677021,Lisa Schultz,oscargreen@example.net,Other,2022-01-09,Honduras
1677129,Joseph Wilson,richardsoneric@example.net,Female,2025-03-02,Holy See (Vatican City State)
1677326,John Ross,brianperry@example.org,Female,2022-02-14,Svalbard & Jan Mayen Islands
1679085,Nancy Park,patricia40@example.net,Female,2024-07-13,Bermuda
1679531,Kevin James,zgonzalez@example.com,Male,2022-08-03,Rwanda
1680064,Marco Walker,jonmiles@example.com,Female,2023-07-26,Heard Island and McDonald Islands
1680118,Cheryl Mccormick,mary05@example.com,Other,2020-09-20,Nepal
1680153,Lori Bowman,wilsondennis@example.org,Other,2025-07-11,Iceland
1680273,Barbara Harper,barbermichael@example.org,Female,2023-10-21,Australia
1680894,Christina Hester,chelsea34@example.org,Male,2022-06-12,Bangladesh
1681332,Megan Park,susan43@example.org,Female,2021-08-24,South Africa
1681615,Kimberly Hayes,michael01@example.net,Female,2021-05-28,Zambia
1682053,Christina Mack,christopherhart@example.org,Male,2024-07-14,Azerbaijan
1682151,Amanda Cervantes,mccartybeth@example.com,Female,2022-11-23,Greenland
1683350,Victoria Hudson,shurst@example.net,Other,2023-10-30,Lao People's Democratic Republic
1683906,Edward Brown Jr.,swansonjoseph@example.org,Male,2024-06-07,Comoros
1683953,Jessica Harris,dallen@example.org,Male,2025-06-29,Ukraine
1684029,Christopher Bowen,charles86@example.net,Male,2024-05-06,Samoa
1684288,Joseph White,mcbridechristopher@example.org,Male,2025-04-22,Chad
1684298,Jenna Lang,matthew01@example.org,Other,2024-04-14,France
1684573,Sheri Mathis,harveydavid@example.com,Male,2023-12-19,France
1684747,Andrew Perez,lhall@example.com,Other,2025-08-15,Saudi Arabia
1684800,Stephen Martin,melissajohnson@example.net,Other,2020-12-23,Zimbabwe
1685043,Katie Mcgee,raymondangela@example.net,Other,2024-04-20,Colombia
1685629,Valerie Rodriguez,russellkaren@example.net,Male,2021-12-04,Saint Kitts and Nevis
1685792,Joshua Guzman,john81@example.com,Female,2021-01-02,Ghana
1685834,Taylor Hawkins,ybrown@example.com,Other,2021-05-18,Nicaragua
1686051,Theresa Wagner,deborahhardy@example.org,Other,2024-11-15,Saint Kitts and Nevis
1686090,Kimberly Thompson,traceyjohnson@example.org,Male,2023-03-07,Estonia
1686094,Tara Walker,dclay@example.com,Male,2022-02-19,Fiji
1686552,Sherry Roberts,abaker@example.com,Other,2022-11-07,Australia
1687529,Joshua Roman,michael04@example.com,Other,2022-12-29,Korea
1687714,Stephanie Cross,cball@example.net,Male,2022-10-14,Mauritania
1687847,Lori Cooper,matthew25@example.net,Female,2025-01-23,Azerbaijan
1688006,Michael Reed,cynthia20@example.net,Male,2025-05-13,Fiji
1688123,Timothy Nelson,williamsamber@example.net,Male,2023-07-05,Turkey
1689584,Jordan Hill,linda81@example.net,Male,2021-06-25,Liberia
1689623,Corey Thompson,cduffy@example.org,Other,2025-01-05,Thailand
1690107,Tyler Taylor,tylermendez@example.org,Other,2020-12-15,Poland
1690170,Derek Stafford,lporter@example.com,Other,2020-12-14,Malaysia
1690269,David Decker,henrycarr@example.org,Female,2020-12-26,Falkland Islands (Malvinas)
1692244,Jesse Ruiz,weeksnicole@example.org,Male,2021-06-21,Kiribati
1692343,Robert Richardson,robert62@example.net,Female,2024-05-09,Libyan Arab Jamahiriya
1692922,Alexandra Barnett,ztorres@example.org,Other,2023-07-20,Qatar
1692932,Christina Thornton,moranlaura@example.net,Female,2024-03-21,South Africa
1693322,Brittney Turner,omercado@example.com,Other,2023-03-17,Palestinian Territory
1694278,Veronica Marshall,jenniferrusso@example.com,Male,2023-02-04,Slovakia (Slovak Republic)
1694734,Seth Tran,fwalker@example.net,Other,2022-10-02,American Samoa
1695374,Sara Robertson,murphykaren@example.org,Male,2022-06-12,Liechtenstein
1696273,Robert Bray,melvin21@example.net,Male,2025-03-31,Australia
1696624,Michael Nelson,aaronhamilton@example.com,Male,2024-07-25,Congo
1696709,Laura Brown,howelldonald@example.com,Other,2024-05-12,Cocos (Keeling) Islands
1696813,Virginia Brown,cathyrice@example.net,Male,2023-08-29,Finland
1696814,Nicholas Evans,taylorsuzanne@example.net,Male,2023-10-03,Mayotte
1698007,Nancy White,peterswilliam@example.net,Male,2024-08-18,Ecuador
1698054,Nicholas Harris,michael73@example.org,Other,2020-11-07,Mali
1698113,Clifford Walker,richardsondouglas@example.org,Other,2024-06-19,Saudi Arabia
1698519,Dustin Cruz,travis29@example.org,Other,2020-12-29,Pitcairn Islands
1698571,Marc Hernandez,banksheather@example.com,Male,2021-10-03,Australia
1698614,Jackson Rodriguez,woodsderek@example.net,Other,2023-10-19,Cook Islands
1699498,Abigail Decker,melanie40@example.org,Male,2020-10-13,Ethiopia
1699556,Christina Harris,jacksonjonathan@example.org,Male,2023-08-16,Nigeria
1700016,Matthew Spencer,bradleyanthony@example.net,Other,2024-04-27,Bermuda
1700377,Nicole Smith,brandon21@example.net,Other,2023-10-10,Saint Barthelemy
1700459,Jennifer Owen,lisa87@example.net,Male,2025-01-18,Nauru
1701312,Autumn Foley,dkeller@example.org,Other,2020-12-03,Uruguay
1701646,Hannah Robinson,skim@example.net,Other,2022-01-02,Jamaica
1702011,Brittney Rodriguez,kristaschmidt@example.net,Other,2024-11-20,French Polynesia
1702346,Francisco Patterson,timothy28@example.com,Female,2023-11-18,Micronesia
1702356,Anna Johnson,joel15@example.net,Male,2023-08-18,Ecuador
1702746,Anna Meza,alexanderalex@example.net,Female,2021-06-27,Tokelau
1703641,Mackenzie Gordon,larrymoreno@example.com,Female,2023-11-16,Portugal
1705055,Michael Gilbert,chunter@example.org,Female,2022-03-23,Isle of Man
1705461,James Miller,tmitchell@example.org,Other,2024-09-15,Bhutan
1705663,Traci Black,ipham@example.net,Female,2021-02-22,Bolivia
1706299,Patrick Davidson,howardcharles@example.com,Female,2024-01-14,Equatorial Guinea
1707438,Teresa Lewis,gjohnson@example.com,Male,2021-12-27,Palau
1707608,Robert Larson,muelleraaron@example.com,Female,2021-08-29,Iraq
1707954,Ashley Barker,anthonydavis@example.net,Female,2022-03-11,Micronesia
1708235,Michelle Lyons,xwheeler@example.org,Male,2024-11-19,Niger
1708377,Sean Gray,mariewood@example.org,Male,2021-06-30,Tonga
1708607,Gabriel Obrien,james63@example.net,Other,2022-02-27,Cote d'Ivoire
1708840,Susan Smith,cheryl99@example.com,Other,2021-06-13,Burundi
1709051,Hannah Wood,sandraclark@example.net,Other,2024-01-12,Venezuela
1709199,Matthew Abbott,michaelunderwood@example.org,Other,2021-04-05,Qatar
1709664,Deborah Gonzalez,wanda08@example.net,Female,2023-03-20,Brunei Darussalam
1711982,Terry Williams,katiefarmer@example.org,Male,2023-06-15,Heard Island and McDonald Islands
1713557,Elizabeth Camacho,brownmichael@example.com,Other,2021-12-24,Isle of Man
1713673,Mark Martin,woodwilliam@example.com,Male,2021-12-13,Guatemala
1714063,Michaela Guzman,samantha07@example.org,Female,2023-12-05,Heard Island and McDonald Islands
1715217,Darlene Crawford,romanjeffrey@example.net,Other,2023-06-02,French Southern Territories
1715913,Donald Gallagher,allen19@example.net,Male,2024-05-27,Chad
1716179,Elizabeth Ray,bmanning@example.com,Other,2020-10-09,Guinea-Bissau
1716334,Yvonne Moore,zhoward@example.org,Male,2022-09-12,Marshall Islands
1716515,Michael Brown,clayton37@example.org,Other,2021-05-18,Venezuela
1716527,Randy Harper,jmcgee@example.org,Other,2024-02-16,Norway
1718902,Karen Miller,jdiaz@example.org,Female,2024-12-25,Georgia
1718985,Mike Soto,fsmith@example.com,Other,2024-03-11,United Kingdom
1719355,Charles Simpson,andersonmarissa@example.com,Other,2022-01-12,Burkina Faso
1720325,Wendy Bright,philipwilliams@example.com,Male,2022-06-26,Hungary
1721561,Jesse Hart,johnstontara@example.com,Female,2025-01-13,Isle of Man
1721688,John Levine,seanberger@example.com,Other,2022-11-02,Barbados
1721719,Shane Cantu,robert32@example.com,Other,2023-02-02,Guyana
1724266,Justin Pugh,jjacobs@example.com,Female,2021-08-08,Fiji
1724542,Jessica White DDS,benitezcourtney@example.org,Male,2023-11-20,Fiji
1725464,Jacob Chavez,mariabryant@example.net,Female,2024-10-15,Trinidad and Tobago
1725550,Monica Villa,heather41@example.org,Other,2024-08-27,Egypt
1726012,Samantha Johnson,catherinebanks@example.org,Other,2024-05-25,Singapore
1726048,Shawn Hensley,thompsonadam@example.com,Male,2021-10-03,Saint Pierre and Miquelon
1726121,Jennifer Hanson,mackmaria@example.org,Female,2023-05-21,Palau
1726992,Michael Alvarado,nicholas92@example.net,Male,2021-06-20,United Arab Emirates
1727191,Lisa Sullivan,nunezjohn@example.net,Male,2023-03-01,United States of America
1727218,Diana Cameron,lreynolds@example.org,Female,2021-10-08,Hungary
1727341,Marc Byrd,chapmantroy@example.net,Other,2024-02-17,Malta
1727365,Amanda Walls PhD,erobles@example.org,Other,2022-08-24,Madagascar
1727569,Mr. James Patrick,rebeccajones@example.net,Female,2023-03-29,Netherlands Antilles
1727631,Becky Jackson,ugreen@example.org,Female,2022-11-14,Panama
1728324,Valerie Spencer,ujohnson@example.org,Male,2021-09-16,Western Sahara
1728441,Cole Jones,huffmargaret@example.com,Other,2022-12-28,Saint Martin
1728683,Lisa Cain,davisjessica@example.org,Female,2023-02-22,Afghanistan
1728684,Rachel Collins,davidwalters@example.org,Other,2022-12-27,Chile
1728746,Steven Thomas,rhouse@example.com,Other,2024-05-02,Suriname
1729040,Matthew Gray,xwolfe@example.com,Other,2025-04-27,Brunei Darussalam
1729995,Ashley Lee,jodyhall@example.com,Female,2024-09-17,Canada
1730002,Justin Bennett,michaelhunt@example.com,Other,2025-08-22,Western Sahara
1730044,Jane Alexander,timothy96@example.com,Male,2023-11-08,Comoros
1730196,Michael Martin,waterswilliam@example.org,Female,2020-11-23,Mauritius
1730313,Manuel Maynard,josephwalker@example.net,Female,2024-03-14,Denmark
1731350,James Long,lambstacy@example.com,Male,2021-12-05,Nauru
1731777,Carolyn Rojas,wendysmith@example.com,Other,2023-04-26,Saint Helena
1732084,Robert Reed,michaelswanson@example.com,Male,2022-08-15,Seychelles
1733551,Michael Jones,andersenmason@example.com,Male,2023-04-29,Pitcairn Islands
1733958,Mark Joyce,roachariana@example.org,Male,2020-12-25,Guinea
1733984,Kenneth Hill,crawfordstephen@example.org,Other,2022-05-30,Dominica
1734614,Leonard Schneider,patrickponce@example.net,Female,2021-04-26,Austria
1734909,Jose Hayes,kenneth36@example.net,Other,2024-09-29,Pitcairn Islands
1735076,Cathy Bates,ymayer@example.com,Other,2021-09-06,El Salvador
1735743,Scott Melendez,scott69@example.org,Female,2022-03-12,Guam
1735920,Lawrence Henderson,dherrera@example.net,Female,2022-08-05,Solomon Islands
1736193,Mary Calderon,kimberly39@example.net,Male,2022-01-06,Congo
1736817,Raymond Martin DDS,pearsonjohn@example.net,Other,2020-12-20,Faroe Islands
1736906,Christopher Camacho,william00@example.net,Other,2024-11-04,Guatemala
1736946,Matthew Tucker,sullivannicholas@example.net,Other,2024-03-09,Oman
1737209,Kevin Potter,joshua02@example.net,Male,2020-10-19,Hong Kong
1737328,Misty Freeman,pblake@example.net,Male,2024-08-03,Ethiopia
1737384,Chad Ruiz,franklinjennifer@example.org,Other,2020-12-27,Malta
1737594,Craig Richardson DVM,austinmcmahon@example.com,Other,2022-09-26,Kuwait
1739202,Fernando Christensen,guerrajimmy@example.org,Other,2023-02-03,Togo
1739260,Tyler Carter,rrichardson@example.org,Female,2021-09-10,Lebanon
1739380,Johnny Bennett,mariajohnson@example.net,Other,2022-10-29,Bermuda
1739792,Olivia Mills,larry94@example.net,Female,2020-09-03,Suriname
1739823,Rachel Jackson,stevenanderson@example.net,Other,2023-01-11,New Zealand
1740053,Aaron Crane,sawyerjeff@example.com,Other,2021-06-13,Korea
1740065,Faith Brown,flemingshannon@example.org,Female,2022-08-30,Bouvet Island (Bouvetoya)
1740161,William Monroe,holmeskristin@example.com,Other,2024-10-02,Montenegro
1740421,Amanda Schmidt,dawsonashley@example.net,Female,2022-03-07,Montenegro
1740651,Kendra Gardner,rallen@example.net,Female,2024-08-09,El Salvador
1741045,Kristin Harris,jamesmichelle@example.org,Other,2024-06-16,Benin
1741103,Blake Murphy,edwardlopez@example.com,Female,2021-07-05,Swaziland
1741212,Joshua Joseph,hmolina@example.net,Female,2023-01-19,Egypt
1741423,Joshua Brennan,ywalker@example.com,Male,2025-06-04,Uganda
1741482,Julie Rivera,xyoder@example.com,Female,2021-07-20,Macao
1741541,Vanessa Hernandez,tiffanysmith@example.net,Other,2023-02-26,Comoros
1741560,Connie Gay,kevin59@example.com,Other,2023-12-23,Pakistan
1742821,Linda Wallace PhD,johnmay@example.com,Female,2025-06-09,Finland
1744545,Samantha Salazar,brianna60@example.org,Other,2021-06-16,Bahrain
1744615,Christina Hernandez,gregoryrhodes@example.com,Male,2020-09-11,Kiribati
1745129,Mr. Austin Nunez,jacobwalter@example.org,Female,2022-06-11,Mauritania
1745316,Scott Foster,casey07@example.net,Male,2021-08-14,Solomon Islands
1745823,Kelli Thomas,thomas48@example.net,Male,2022-10-10,Papua New Guinea
1745847,Jillian Sims,markgordon@example.org,Female,2020-11-11,Marshall Islands
1745893,Samuel Decker,thomaselizabeth@example.com,Other,2021-10-20,Anguilla
1745933,Arthur Mendoza,piercemelanie@example.net,Other,2025-06-14,Slovenia
1746018,Bobby Marsh,robinsonsarah@example.com,Male,2021-11-03,Nepal
1746224,Tiffany Riggs,patricia44@example.net,Male,2021-05-15,Uganda
1746294,Jessica Hughes,dfoley@example.net,Other,2022-07-11,Iceland
1747331,Tyler Barnes,gperez@example.net,Other,2023-01-01,Seychelles
1747931,Tanya Carlson,russelllang@example.com,Female,2024-02-07,Gabon
1748001,Russell Jones,allenlaurie@example.com,Other,2021-05-11,Japan
1748781,George Walker,edwardskatherine@example.net,Other,2024-02-04,Luxembourg
1748822,Patricia Serrano,jacob34@example.com,Female,2022-05-24,Lesotho
1750264,Sherry Jones,vthomas@example.net,Male,2023-12-05,French Southern Territories
1750383,Joseph Glover,martinlogan@example.com,Female,2024-10-15,Burkina Faso
1750546,Jessica Munoz,thompsonanita@example.com,Female,2024-05-01,Palestinian Territory
1750683,Kyle Williams,ashleyprice@example.org,Female,2022-03-14,Kiribati
1751022,Joseph Henson,changashley@example.net,Male,2024-12-22,Greenland
1751863,Kayla Patton,joelramos@example.org,Female,2020-09-26,Anguilla
1752367,Michael Moore,kmoore@example.org,Female,2023-11-28,Cape Verde
1752638,Elizabeth Ibarra,hernandezlatoya@example.com,Female,2024-08-11,Egypt
1752673,Brandon Martinez,candice35@example.net,Female,2022-05-17,El Salvador
1752759,Jessica Franklin,michelle94@example.com,Male,2025-01-29,Finland
1752920,April Graves,jessicaward@example.net,Male,2020-12-11,Morocco
1753107,Mitchell Brooks,katelyn54@example.org,Male,2020-11-09,United States Minor Outlying Islands
1753203,Elizabeth Todd,susangarcia@example.org,Male,2023-02-21,Italy
1753432,Jennifer Johnson,pburke@example.com,Male,2022-12-04,Netherlands
1754322,Steven Lin,dunderwood@example.com,Other,2024-01-29,Slovakia (Slovak Republic)
1755301,Patricia Reeves,richard67@example.com,Female,2022-12-14,Estonia
1755328,Emily Baldwin,apriljones@example.com,Female,2021-10-28,Saint Kitts and Nevis
1755385,Jennifer Sheppard,crystal28@example.org,Female,2022-08-13,Micronesia
1756016,Robert James,douglas05@example.net,Female,2024-09-08,Canada
1756095,Charles Harvey,dmoses@example.org,Female,2022-02-25,Macao
1756488,Anthony Hernandez,rwhite@example.net,Other,2021-05-29,Switzerland
1756567,Janet Obrien,suzanne60@example.com,Female,2020-12-20,Nicaragua
1757170,Brittany Brown,lindseyamy@example.com,Other,2022-10-17,Gambia
1757267,Brendan Jackson,brownpatrick@example.net,Female,2020-12-19,Spain
1757573,Gabriella Baker,sherryadkins@example.com,Other,2025-03-13,Timor-Leste
1758021,Mark Warren,rogersmatthew@example.net,Male,2024-08-22,Saint Lucia
1758312,Crystal Kim,mccormickchristopher@example.net,Male,2023-06-24,Gabon
1758508,Eduardo Roberts,mccartyjoshua@example.net,Female,2024-09-16,French Guiana
1758835,Tyler Stewart,iharrison@example.org,Female,2025-02-07,United Arab Emirates
1759598,Jeffrey Martin,qwebb@example.org,Female,2021-04-13,Chile
1759743,Zachary Brown,travis93@example.org,Male,2020-11-02,Peru
1760012,Angela Taylor,jimmymaxwell@example.net,Female,2023-07-08,Ireland
1760373,Anna Alvarado,aaroncortez@example.net,Male,2022-09-17,Syrian Arab Republic
1761664,Thomas Flores,amber59@example.net,Female,2022-02-12,Nauru
1761688,Stacy Cox,gcampbell@example.org,Male,2021-11-12,India
1761828,Kendra Medina,richardsonbrandon@example.org,Other,2021-02-18,France
1761877,Michael Johnson,oroberts@example.org,Male,2023-01-19,Lesotho
1761987,Jason Hardin,jacobanthony@example.net,Male,2024-06-11,Ireland
1762634,Sue Martinez,raymondjames@example.com,Male,2024-09-07,Kazakhstan
1763170,Kevin Garcia,shawngarcia@example.org,Female,2020-10-28,Timor-Leste
1763300,Wanda Chapman,pcole@example.org,Other,2020-10-03,Seychelles
1763506,Dana Hernandez,yball@example.com,Other,2022-02-07,Ecuador
1763594,Ms. Michelle Cox,kelly05@example.net,Male,2022-03-11,Cape Verde
1765083,Julia Browning,suzanne29@example.org,Other,2024-06-01,Iraq
1765306,Cory Gallagher,odomshawn@example.com,Other,2024-08-08,Tunisia
1765657,Lisa Richardson,tmathis@example.net,Male,2022-01-02,Dominica
1765766,Victoria Gonzales,williamgoodman@example.com,Other,2024-03-03,Congo
1766144,Tracy Boyd,sthomas@example.net,Male,2021-06-22,Peru
1766193,Ryan Grant,patriciaprice@example.org,Other,2022-11-28,Guernsey
1766532,Samantha Stout,cynthiaadams@example.com,Female,2023-10-28,Guam
1767103,Thomas Howard,danaellis@example.net,Male,2024-05-20,Tajikistan
1767240,Catherine Sims,robert54@example.org,Female,2025-08-27,Philippines
1767414,Stacey Davis,joneskarina@example.net,Female,2023-05-02,Saint Helena
1768182,Jimmy Barnes,bonillakristina@example.net,Other,2022-07-27,Palestinian Territory
1769071,Mr. Oscar Taylor,paul05@example.net,Male,2023-06-28,Antigua and Barbuda
1769627,Dr. Victoria White,taylorshari@example.net,Male,2020-12-22,Heard Island and McDonald Islands
1771026,Brian Carroll,guzmandaniel@example.net,Female,2023-09-20,Lithuania
1771157,Ann Allen,smithdesiree@example.com,Other,2024-10-02,Israel
1771262,Ashley Harper,greenandrew@example.net,Female,2020-09-15,Belize
1771662,Sara Gordon,hansendenise@example.com,Male,2020-09-05,Bhutan
1771831,Michael Wilson,jhoover@example.org,Male,2022-05-28,Cote d'Ivoire
1772165,Brandon Rivas,ubradshaw@example.com,Male,2022-03-24,Honduras
1772532,Philip Smith,uadams@example.com,Female,2024-12-15,Aruba
1772600,Robert Church,jessica39@example.org,Female,2020-09-05,French Polynesia
1772639,Cody Stewart,savannah19@example.com,Other,2021-07-09,Tonga
1773492,Jonathan Malone,kmorgan@example.net,Male,2020-11-29,Mongolia
1773747,Kimberly Best,tara79@example.net,Other,2020-10-15,Lesotho
1774530,Reginald Ali,stephenbailey@example.org,Other,2021-01-17,El Salvador
1775206,James Johnson,mcclainlinda@example.org,Female,2025-08-07,United Arab Emirates
1775287,Marie Rodriguez,banderson@example.net,Other,2024-04-11,Greenland
1775593,Spencer Trevino,jim84@example.net,Male,2020-09-27,Tunisia
1775743,Shawn Fuller,hollybuchanan@example.org,Female,2023-05-11,Costa Rica
1775967,Jennifer Gonzalez,warrenchristopher@example.net,Other,2024-10-06,New Zealand
1776017,Joshua Hart,thoward@example.net,Other,2022-01-18,Monaco
1776044,Kenneth Li,tking@example.com,Male,2021-07-22,Cameroon
1776179,Eric Taylor,amanda05@example.net,Male,2023-05-13,Barbados
1776862,Laura Taylor,werickson@example.net,Female,2022-08-09,Swaziland
1777468,David Galloway,collinseric@example.com,Other,2025-06-13,Congo
1777886,Brandon Monroe,jonathanpitts@example.com,Female,2021-05-28,Denmark
1778064,Tim Diaz,novakcaitlyn@example.net,Other,2025-06-15,United Kingdom
1778486,Michael Jones,vmyers@example.net,Female,2022-03-20,Ukraine
1778610,Timothy Huang,eringray@example.org,Female,2020-10-17,Thailand
1778763,Garrett Strickland,richard11@example.org,Female,2022-01-08,Guinea-Bissau
1778965,Dr. Stephanie Brown,lynn76@example.net,Female,2025-06-23,French Guiana
1779097,Shelly Lang,sheltonkevin@example.org,Other,2021-12-21,Kenya
1779356,Patricia Montgomery,jeffrey51@example.com,Male,2021-06-23,United States of America
1779755,Christopher Brown,lucasorozco@example.com,Female,2021-04-20,Bhutan
1781906,Cody Harris,ambermason@example.net,Male,2024-12-19,Guyana
1781944,Sara Arnold,jamesmarshall@example.net,Other,2024-07-26,Cayman Islands
1781958,Vanessa Burgess,jasongilbert@example.com,Male,2024-07-16,British Virgin Islands
1782541,Andrew Nunez Jr.,gravesmia@example.com,Female,2022-12-21,Djibouti
1782569,Madison Thornton,bhuerta@example.org,Other,2024-06-16,Guatemala
1782703,Jason Hernandez,caleb14@example.org,Other,2022-05-05,Chad
1782932,Scott Davis,peterpineda@example.org,Male,2025-01-01,Georgia
1783245,Madison Garcia,roberto52@example.com,Female,2024-02-16,United States of America
1783288,John Adams,eward@example.com,Male,2021-09-07,Latvia
1783418,Michael Sanders,lcraig@example.org,Female,2021-02-13,French Polynesia
1783772,Michelle Carrillo,christy92@example.org,Other,2024-11-05,Nepal
1783803,Angela Obrien,xwhite@example.net,Female,2022-03-16,Libyan Arab Jamahiriya
1783910,Paul Buchanan,mendezjeffrey@example.net,Male,2023-11-18,Bosnia and Herzegovina
1784967,Michael Porter,ericstafford@example.org,Female,2022-04-14,Afghanistan
1784990,James Stephenson,romanmichael@example.net,Female,2022-12-21,Cayman Islands
1785083,Ian Lewis,baileycontreras@example.org,Male,2021-04-04,Nepal
1785193,Judy Bradford,michael80@example.com,Male,2024-01-17,Saint Lucia
1785937,Scott Burke,matthewgarcia@example.net,Other,2021-07-15,Panama
1786070,Lisa Johnson,robertowens@example.com,Male,2023-09-23,Namibia
1786370,Dorothy Espinoza,edwardbray@example.com,Female,2025-01-23,Uganda
1786555,Seth Hardy,connie98@example.org,Female,2023-06-17,Niue
1786611,Andrea Hill,creed@example.org,Other,2021-01-24,Zimbabwe
1786960,Amanda Tran,jacqueline94@example.org,Male,2024-09-15,Bosnia and Herzegovina
1787426,Jessica Curtis,dawnmorales@example.net,Other,2023-10-01,United States Minor Outlying Islands
1787564,Kevin Wright,jasmine44@example.org,Other,2021-01-06,Grenada
1788259,Edwin Lara,kristie06@example.com,Female,2025-04-14,French Guiana
1788312,Teresa Munoz,robertskristine@example.org,Female,2024-10-07,Hong Kong
1788803,Mr. Chris Lawson,huangmichael@example.com,Other,2025-06-17,Congo
1788839,Vincent Smith,rickwoodard@example.com,Other,2025-02-02,Lithuania
1789924,Ana Porter,velazquezjennifer@example.net,Male,2025-07-12,Bangladesh
1790338,Taylor Simpson MD,joseph67@example.net,Female,2024-07-07,United States Virgin Islands
1790853,Janet Hawkins MD,william10@example.org,Male,2023-10-21,Italy
1790861,Robert Garcia MD,zmendoza@example.org,Other,2024-11-29,French Southern Territories
1791098,Craig Taylor,terrimartinez@example.org,Female,2022-04-21,Namibia
1791704,Cristina Stephenson,carla70@example.net,Female,2022-06-15,Syrian Arab Republic
1792851,Scott Martin,rachel77@example.net,Other,2024-03-15,Moldova
1793665,Sean Lyons,cardenasjeanne@example.net,Female,2024-08-06,British Virgin Islands
1793971,Natalie Shea,osherman@example.com,Male,2023-05-02,Thailand
1794093,Craig Johnson,christinemartinez@example.org,Other,2024-03-19,Syrian Arab Republic
1795402,Kerri Johnson,aadkins@example.com,Other,2021-09-22,Djibouti
1795418,Kyle Mason,briggsjohn@example.net,Other,2023-03-03,Jordan
1795437,John Robles,lwelch@example.org,Other,2022-07-14,Mozambique
1795897,Melissa Lee,ihamilton@example.org,Female,2022-01-31,Macao
1795960,Tricia George,vanessa25@example.org,Other,2024-06-16,Bahrain
1796088,Nicholas Franklin,tommysmith@example.org,Other,2021-05-31,South Africa
1796277,Dr. Connie Ballard,melissacasey@example.net,Other,2024-09-09,Nepal
1796405,Tristan Mitchell,johnmcdowell@example.net,Other,2023-01-13,Cayman Islands
1796792,Nathan Powell,tara82@example.org,Male,2023-04-04,Mongolia
1796953,Brittany Dyer,ijones@example.com,Male,2022-04-14,Netherlands Antilles
1797079,Erin Robinson,rdavis@example.com,Male,2022-12-26,New Caledonia
1797471,Tiffany Lopez,mroberts@example.net,Male,2024-08-13,Chile
1797507,Erin Carter,jodimorton@example.org,Male,2023-08-09,Netherlands Antilles
1797773,Kristina Sandoval,osborngary@example.org,Female,2023-08-31,Heard Island and McDonald Islands
1797986,Lauren Barnes,bennettjennifer@example.com,Other,2021-11-20,Suriname
1798214,John Murray,richardmarshall@example.org,Female,2022-03-08,Philippines
1798265,Michael Day,suttongina@example.org,Male,2022-06-14,Trinidad and Tobago
1799604,Phillip Hancock,gsalas@example.org,Other,2024-08-22,Madagascar
1799994,Victor Matthews,haleandrea@example.com,Other,2023-04-27,Sudan
1800257,Randy Mcdowell,james27@example.org,Other,2023-02-07,British Virgin Islands
1800262,Mario Montoya,marklane@example.com,Other,2022-11-10,Faroe Islands
1800454,Stacey Walker,jennifer74@example.org,Male,2021-12-17,Bolivia
1801094,James Lynn,oconnormelissa@example.org,Other,2022-03-19,Iran
1801959,Dustin Rasmussen,timothymartin@example.org,Male,2020-11-11,Seychelles
1802069,Emily Johns,elawrence@example.org,Male,2024-07-20,Comoros
1802335,Stanley Caldwell,catherineturner@example.net,Female,2024-05-30,Reunion
1802385,Maria Decker,stephaniebarnes@example.com,Other,2024-07-02,Madagascar
1802506,Seth Waters,imorrison@example.org,Male,2020-10-10,Palestinian Territory
1802999,Justin Alexander Jr.,patriciaevans@example.com,Other,2024-11-18,Sierra Leone
1803135,Taylor Miller,lori24@example.com,Female,2023-06-10,Venezuela
1803176,Patricia Tucker,modonnell@example.net,Other,2025-04-20,Jamaica
1803616,Andrea Foster,epetty@example.org,Other,2022-07-21,Cameroon
1803664,Jimmy Goodman,plynch@example.net,Male,2022-12-20,Peru
1804401,Debra Campbell,robinsonrenee@example.com,Female,2022-11-29,Kenya
1804481,Catherine Fowler,jenniferbrown@example.com,Other,2022-08-15,Saint Martin
1804867,Michael Armstrong,cantrellharold@example.org,Male,2024-03-15,France
1804965,Cynthia Hubbard,ryan36@example.org,Other,2020-11-09,Pitcairn Islands
1805205,Christopher Kelly,davisroberto@example.com,Male,2023-01-23,Slovenia
1805332,Betty Callahan,williamsdaniel@example.org,Other,2023-11-02,Seychelles
1805890,Linda Butler,ronnie80@example.com,Female,2022-04-17,Cambodia
1806129,Mr. Robert Morton DDS,colonjames@example.com,Other,2022-06-20,Qatar
1806573,Martin Parrish,rmack@example.com,Other,2025-03-01,Belarus
1806903,John Medina,valencianicole@example.net,Male,2021-09-17,United States Virgin Islands
1806975,Alexander Contreras,mariadavis@example.com,Other,2023-04-08,Ghana
1807172,Gail Miller,harrissheila@example.net,Female,2022-10-27,Cote d'Ivoire
1807412,Alex Rogers,aprilwright@example.org,Male,2024-04-29,Mexico
1807903,Carlos Quinn,wendy36@example.org,Other,2024-03-15,Kyrgyz Republic
1808147,Cheryl Strong,tlopez@example.net,Female,2021-02-02,Sierra Leone
1808184,Christine Krause,mercedesmiles@example.com,Male,2023-01-15,Luxembourg
1808543,Jennifer Friedman,bowenryan@example.net,Female,2024-03-23,Gabon
1808767,Derrick Garcia,cory68@example.net,Male,2021-08-17,Tunisia
1808830,Samantha Bates,hcarlson@example.net,Male,2021-02-07,Saint Kitts and Nevis
1809152,Amber Lynn,patriciahenderson@example.org,Male,2022-09-13,Algeria
1809217,Kristin Alvarez,pcollins@example.com,Female,2021-09-26,Slovakia (Slovak Republic)
1809628,Elizabeth Mendoza,alexander17@example.org,Female,2023-06-13,Sao Tome and Principe
1810520,Christine Wilson,shermanjason@example.com,Other,2023-02-01,Zambia
1810533,David Velazquez,janet06@example.com,Male,2021-02-27,Sudan
1810670,Carolyn Moore,xhansen@example.com,Male,2020-11-02,Montenegro
1810965,Tracey Smith,chasebryan@example.com,Other,2021-09-08,Mali
1811071,Joshua Matthews,angelica66@example.com,Male,2021-06-15,Romania
1811363,Ms. Crystal Benitez,alexiscook@example.com,Other,2025-04-05,Turks and Caicos Islands
1811633,Teresa Johnson,chad17@example.com,Male,2025-03-02,Heard Island and McDonald Islands
1811777,Natalie Bailey,timothythomas@example.com,Male,2023-06-22,Greece
1812529,Ronald Fowler,campbellkaren@example.com,Male,2021-05-17,Guinea-Bissau
1812674,Kimberly Johnson,stewartjill@example.org,Female,2020-12-14,Cambodia
1813689,Duane Velazquez,katherinerodgers@example.com,Other,2024-01-20,Hungary
1813810,Christopher Hanson,james35@example.net,Other,2023-08-15,Micronesia
1813967,Matthew Bates,jacksonselena@example.org,Male,2025-06-18,Hungary
1814204,Danielle Brown,joshuaacosta@example.net,Female,2023-07-14,Guinea-Bissau
1814393,Linda Bowers,carol64@example.com,Other,2024-06-28,Belize
1815055,Alexandra Simpson,rneal@example.net,Other,2022-11-24,Sierra Leone
1815140,Dr. Robert Campbell,froberts@example.org,Male,2023-03-14,Rwanda
1815378,Denise Brewer,cholmes@example.org,Male,2024-05-07,Pitcairn Islands
1815401,Larry Ford,randolphterry@example.net,Male,2023-05-28,Serbia
1816104,Stephanie Jenkins,usmith@example.net,Male,2024-08-19,Benin
1816419,Matthew Owens,bking@example.org,Other,2023-10-03,Tonga
1817478,Cody Brown,ejohnson@example.com,Male,2023-04-16,Qatar
1818014,Adam Perez,zbolton@example.com,Female,2021-03-11,Slovakia (Slovak Republic)
1818607,Justin Harris,steven33@example.org,Female,2020-12-04,India
1819060,Bruce Miranda,brianosborne@example.org,Male,2023-03-04,Cuba
1819692,Kara Pugh,jonathanruiz@example.org,Other,2024-12-03,North Macedonia
1822279,Colleen Grant,mallorywright@example.org,Female,2024-08-04,Syrian Arab Republic
1822316,Ashley Cooper,imartinez@example.net,Male,2022-07-19,Kuwait
1822666,Jessica Galloway,anthony78@example.net,Male,2024-10-09,Equatorial Guinea
1822683,Katie Wagner,fgarcia@example.com,Other,2022-03-03,British Virgin Islands
1823005,Erin Martin,daniellebaldwin@example.com,Male,2023-02-05,Aruba
1823107,Donna Davis,bradley15@example.com,Female,2024-01-24,Tunisia
1823202,Brandy Williamson PhD,ashley46@example.org,Female,2024-01-10,Burkina Faso
1824294,Candice Valdez,zcardenas@example.net,Female,2022-07-02,Algeria
1824745,Joanna Braun,laramadison@example.net,Female,2020-11-22,Niger
1824958,Julia Anderson,zturner@example.com,Other,2023-06-05,Lesotho
1825171,Michael Arroyo,choffman@example.net,Male,2025-06-06,Nicaragua
1825265,Erin Harper,george41@example.org,Female,2025-06-30,China
1825598,Kristin Lynn,johnmendez@example.com,Female,2021-11-21,Gibraltar
1825694,Christopher Hardin,diazjohn@example.net,Male,2022-08-14,Micronesia
1826050,Robert Beck DVM,katherinevelez@example.com,Other,2025-06-09,Bouvet Island (Bouvetoya)
1826116,Sarah Vang,kellyfreeman@example.org,Male,2024-06-23,Sri Lanka
1826807,Sarah Dixon,benjamin13@example.net,Female,2023-05-15,Benin
1827358,Jonathan Diaz,zdowns@example.net,Other,2022-10-09,Oman
1827441,Kevin Anderson,petermoore@example.net,Male,2021-08-21,Saint Barthelemy
1827933,Timothy Bass,jamesanderson@example.org,Male,2022-04-13,Belarus
1829117,Laura Lee,gthompson@example.org,Male,2021-05-23,Libyan Arab Jamahiriya
1829240,Dr. Emily Mason,cookandrew@example.org,Male,2025-03-24,Hong Kong
1830186,Barry Larson,joshua78@example.net,Female,2023-08-01,Eritrea
1830247,Craig Hall,fordsally@example.org,Other,2021-05-15,Tunisia
1830409,Corey Smith,jamestran@example.org,Male,2025-06-25,Yemen
1830524,Nicole Carlson,dylanhudson@example.org,Other,2020-11-08,Palestinian Territory
1831368,Lori Graham,bryanbowers@example.com,Female,2025-07-22,Hungary
1831683,Tiffany Tran,christopher33@example.org,Male,2025-05-15,British Virgin Islands
1834165,Dr. Joseph Cummings DDS,kyle81@example.com,Male,2022-08-17,Greece
1834864,Patrick Cowan,brian04@example.com,Male,2022-04-26,United States Minor Outlying Islands
1835120,Dana Lloyd,iwebb@example.com,Male,2025-05-15,Fiji
1835491,Jennifer Wagner,amandabradley@example.net,Female,2020-10-26,Greenland
1836811,Jennifer Grimes,ugarrett@example.com,Male,2022-01-04,Luxembourg
1836822,Carmen Clark,zsutton@example.com,Other,2023-10-02,Saint Pierre and Miquelon
1838002,Jennifer Ashley,connerbarry@example.org,Male,2021-05-03,Bulgaria
1838269,Michael Edwards,lucasjose@example.com,Other,2020-12-21,Swaziland
1839175,Peter Crawford,lclements@example.com,Other,2021-03-25,Saint Kitts and Nevis
1839263,Kimberly Peterson,williamgallagher@example.org,Other,2022-06-28,Christmas Island
1839360,Kristen Thomas,estevens@example.net,Other,2022-01-21,Slovakia (Slovak Republic)
1839556,Francisco Mitchell,david31@example.org,Male,2024-01-27,Comoros
1839680,Rachel Miller,xmoore@example.com,Other,2024-04-17,Reunion
1840108,Heidi Salazar,ggordon@example.net,Male,2023-11-24,Barbados
1840283,Daniel Smith,paul49@example.net,Female,2024-07-26,Niue
1840572,Juan Ward,renee36@example.net,Female,2022-04-11,Tanzania
1840715,Alicia Erickson,bmorris@example.net,Other,2022-10-17,Haiti
1841297,Kelly Long,alexanderbonnie@example.com,Other,2020-10-16,Madagascar
1841486,James Martinez,elizabeth89@example.com,Other,2023-11-28,San Marino
1841659,Christy Sandoval,jamesfuller@example.com,Other,2021-10-01,Hong Kong
1842573,Maria Thompson,joseweaver@example.net,Other,2025-06-08,Iceland
1842780,Maria Nash,cynthiasmith@example.com,Other,2021-09-04,Belgium
1843300,Clayton Garcia,riceangel@example.net,Other,2021-10-17,South Georgia and the South Sandwich Islands
1843555,Dustin Waters,debra93@example.com,Male,2024-03-30,Taiwan
1843644,Ronald Lane,vallen@example.com,Female,2023-06-17,Fiji
1843993,Courtney Everett,davidwilson@example.org,Female,2023-08-28,Tuvalu
1844100,Kathleen Garrison,deborahflores@example.org,Female,2022-09-02,Croatia
1844222,Susan Parrish,andre78@example.net,Other,2021-10-19,Israel
1844692,Elizabeth Price,dale07@example.net,Other,2023-08-20,Maldives
1844850,Amber Dunlap,simsgrace@example.com,Male,2022-10-02,Serbia
1845434,Megan Allen,sherri42@example.com,Other,2024-09-20,Northern Mariana Islands
1846488,Blake Roman,anthonymcdonald@example.org,Male,2024-08-24,Bosnia and Herzegovina
1847161,Timothy Harrell,brian88@example.net,Other,2024-03-21,Tajikistan
1847543,Aaron Black,ericamiddleton@example.com,Other,2021-02-11,Seychelles
1848038,Adam Crawford,michaeljimenez@example.net,Male,2020-09-23,Paraguay
1848300,Anthony Keller,donald70@example.com,Other,2021-01-03,Botswana
1849342,David Allen,garywalters@example.com,Female,2025-04-30,Saint Pierre and Miquelon
1849408,Daniel Cole,qdyer@example.net,Male,2025-05-18,Vietnam
1850468,John Olsen,allison86@example.com,Other,2022-11-07,Moldova
1851376,Kevin Schmitt,terrisherman@example.org,Male,2025-04-05,Netherlands
1851525,Bobby Grant,drakejustin@example.com,Male,2023-03-05,Svalbard & Jan Mayen Islands
1851680,Joseph Cook,hughesstephanie@example.org,Other,2023-10-22,Central African Republic
1852048,Anita Morales,rhonda35@example.org,Female,2023-11-26,Western Sahara
1852725,Andrew Patterson,amy73@example.net,Other,2021-06-22,Tunisia
1853303,Leonard Petersen,ejordan@example.org,Male,2021-05-06,Tuvalu
1853727,Edward Deleon,christinawright@example.net,Female,2022-10-09,Trinidad and Tobago
1855425,Angela York,beckerjoseph@example.org,Male,2023-11-25,Tanzania
1855993,Douglas Gutierrez,pmartin@example.org,Female,2021-07-07,Falkland Islands (Malvinas)
1856222,Ashley Richardson,twebster@example.com,Female,2022-01-13,Sri Lanka
1856550,Whitney Anderson,stevenbrown@example.com,Other,2023-06-03,Cuba
1856768,Joseph Thompson,kfreeman@example.com,Male,2021-11-28,Iceland
1857096,Jeremy Rojas,matthewwhite@example.com,Male,2025-08-02,Peru
1857844,Tina Mays,elijah31@example.org,Other,2023-01-30,Saint Vincent and the Grenadines
1858159,Michelle Walker,yforbes@example.com,Other,2025-03-02,Andorra
1858651,Brian Dennis,maddennathaniel@example.com,Male,2022-04-05,Austria
1858820,Katherine Montgomery,briansimon@example.net,Other,2021-11-28,Aruba
1858958,Jose Sanchez,davidtrujillo@example.com,Female,2024-02-06,China
1859125,Elizabeth Gray,igray@example.net,Female,2025-08-27,Peru
1860018,Gina Patton,amanda22@example.net,Other,2022-05-02,Mauritius
1860337,Mark Bryant,kimberlywilkins@example.com,Other,2021-11-02,Canada
1860468,Desiree Fletcher,greenmaria@example.net,Female,2022-07-14,Kenya
1860581,Gina Lozano,masonlaura@example.net,Female,2023-05-29,Holy See (Vatican City State)
1861924,Patrick Rivera,gkirby@example.org,Male,2020-12-22,American Samoa
1861931,Donald Hinton,brownmichael@example.org,Other,2023-09-08,Belarus
1862500,Rebecca Patton,jcardenas@example.com,Female,2023-03-10,Philippines
1862728,Erica Hammond,alex87@example.org,Female,2021-10-01,Netherlands
1862882,Stacey Alvarez,bryan18@example.org,Female,2023-08-06,Bermuda
1863576,Michael Gibbs,anthony22@example.com,Female,2021-04-13,Greece
1863581,Catherine Cardenas,tracymartinez@example.net,Female,2023-06-12,Slovenia
1863661,Bryan Anderson,toddrowe@example.com,Other,2022-09-30,Isle of Man
1863979,Nicholas Allen,vfrank@example.org,Other,2025-03-14,Rwanda
1864617,Michelle Diaz,amanda92@example.org,Male,2024-05-07,Turks and Caicos Islands
1864671,Kelly Davis,penacarla@example.com,Female,2021-07-15,Nepal
1864712,John Rivera,vmccormick@example.org,Female,2022-04-14,Ghana
1864739,Arthur Sharp,cortezgabriella@example.org,Female,2021-08-01,Isle of Man
1864873,Randall Howard,droth@example.com,Other,2020-12-24,Netherlands
1865201,James Carson,howellbryce@example.net,Male,2025-04-11,Jamaica
1865296,Robert Brown,campbellsusan@example.net,Male,2020-10-27,Mauritania
1867089,Ricky Hudson DDS,tbailey@example.net,Other,2024-03-10,Yemen
1867261,Amanda Kerr,adam21@example.org,Other,2024-03-02,Colombia
1867803,Collin Thomas,vickie01@example.net,Male,2020-10-02,French Southern Territories
1868030,Fernando Lozano,josemccarthy@example.net,Male,2023-07-24,United States Virgin Islands
1868179,Paul Gonzales,reidmichael@example.org,Female,2023-12-16,Congo
1868582,Robert Clements,carterjennifer@example.net,Other,2025-06-04,Slovakia (Slovak Republic)
1868628,Brianna Holt,teresa21@example.net,Other,2022-12-25,Lebanon
1870097,Robert Reynolds,katrinapearson@example.net,Other,2024-03-19,Samoa
1870675,Karen Williams,william44@example.org,Male,2023-01-22,New Zealand
1870952,Elizabeth Richardson,phillipslee@example.net,Male,2022-07-15,Armenia
1871039,Cheryl Boyd,cervantesrobert@example.com,Female,2022-01-12,Jamaica
1871218,Shawn Adams,danafuller@example.net,Female,2021-01-10,Honduras
1871425,Lisa Hughes,murphycourtney@example.org,Other,2025-08-30,Brazil
1871615,Nicholas Wilson,fdelgado@example.org,Other,2022-03-19,Slovenia
1871885,Brandon Lowe,bperez@example.com,Other,2023-02-21,Colombia
1872213,Jared Jackson,barnesjessica@example.org,Other,2023-12-21,Cuba
1872234,Brittney House,nicole99@example.com,Male,2021-05-24,Australia
1872298,Andrew Mendoza,ulewis@example.com,Male,2022-04-18,Moldova
1872500,Nathan Turner,adamsandrew@example.com,Other,2023-12-15,Maldives
1872678,Haley Brown,herreraemily@example.net,Male,2024-06-06,Jersey
1873232,Julie Robles,qgibson@example.com,Female,2024-09-02,Tuvalu
1873392,Joe Reed,wferguson@example.com,Male,2021-01-28,Croatia
1874020,Gregory Price,lopezbryan@example.org,Other,2022-06-17,Mayotte
1874189,Craig Nelson,atkinsmaria@example.com,Male,2021-06-27,Luxembourg
1875259,Teresa Hoffman,annawalker@example.org,Other,2023-10-02,Chad
1875963,William Perez,adamselizabeth@example.org,Other,2021-03-05,Lesotho
1876000,William Johnson,jonathon77@example.net,Female,2022-09-01,Mali
1877328,Tim Berry,hesterbrian@example.net,Male,2022-01-28,French Guiana
1877539,Stacey Reed,michael94@example.com,Other,2020-10-22,Guyana
1878676,Brooke Perez,alexandria11@example.com,Female,2024-11-27,Germany
1879007,Dean King,john06@example.net,Male,2022-02-19,Puerto Rico
1879261,Brett Wood,udeleon@example.net,Female,2021-12-13,Israel
1879726,John Hernandez,michael17@example.net,Male,2024-07-23,French Southern Territories
1880027,Timothy Sanchez,louismcgrath@example.com,Female,2022-05-17,Tajikistan
1880951,Andrew Kelly,williamsmary@example.com,Other,2020-10-25,Congo
1881017,Sonya Davis,harrisjacqueline@example.com,Other,2023-07-27,Macao
1883036,Kristina Payne,marythomas@example.net,Male,2024-09-06,North Macedonia
1883262,Kristopher Chen,keith50@example.org,Female,2021-08-10,Niue
1883651,Margaret Moore,arnoldregina@example.com,Male,2021-05-31,Croatia
1883924,Brittany Flores,dlopez@example.org,Male,2023-03-31,Burundi
1884339,Lauren Jarvis,williamsandrew@example.net,Other,2022-03-03,United States Minor Outlying Islands
1884811,Penny Morgan,kennethgutierrez@example.org,Female,2025-06-06,Ethiopia
1884949,Lindsey Robinson,scotttheresa@example.net,Other,2025-06-13,Marshall Islands
1885013,Heather Perez,samanthaphillips@example.net,Other,2020-12-15,Netherlands Antilles
1885533,Kayla Lara,lsolomon@example.net,Male,2020-11-18,Cuba
1885559,Scott Anderson,wlane@example.net,Other,2022-04-09,United Kingdom
1886138,Warren Davis,sally67@example.com,Male,2020-09-04,Aruba
1886523,Crystal Cook,osalas@example.org,Male,2021-09-19,Saint Lucia
1887030,Brett Sullivan,williamlewis@example.net,Male,2021-01-14,Guinea
1887668,Samuel Morrow,hansengregory@example.org,Other,2021-10-16,Chile
1888067,Karen Robinson,charles75@example.com,Male,2022-12-15,Croatia
1888150,Jonathan Sanchez,tarahenderson@example.com,Female,2025-02-19,Congo
1888271,Dennis Landry,zrobles@example.org,Female,2023-01-12,Egypt
1888769,Dr. Jacqueline Macias,benjamin11@example.net,Male,2023-12-26,Saudi Arabia
1888947,Mark Thomas,dawnrussell@example.com,Male,2020-10-09,Romania
1889194,Herbert Lyons,alantran@example.net,Other,2020-11-08,Zimbabwe
1889667,Henry Cuevas,colleenmoore@example.net,Female,2024-03-23,Saudi Arabia
1889894,Amber Garcia,jonessamuel@example.com,Female,2021-06-25,Ecuador
1889915,Walter Cooper,stephanie19@example.com,Male,2024-01-16,Uruguay
1890865,Patrick Ramos,alisharobertson@example.com,Male,2023-07-17,British Indian Ocean Territory (Chagos Archipelago)
1891681,Denise Thompson,johnsonlisa@example.net,Male,2025-05-16,Saint Kitts and Nevis
1892103,Andrew Brooks,michaelconrad@example.com,Female,2021-10-21,Canada
1893007,John Bradley,cindy67@example.org,Male,2022-10-05,Luxembourg
1893698,Vincent Pham,mjames@example.org,Male,2021-05-30,Morocco
1893770,Stacie Sanchez,elizabethgriffith@example.com,Female,2023-03-14,Cameroon
1894466,John Rose,zmyers@example.net,Male,2021-08-13,Tonga
1894634,Susan Richards,michelle13@example.com,Female,2020-11-22,Samoa
1894950,Timothy Leach,sdeleon@example.org,Female,2025-01-15,Mongolia
1895252,Travis Wheeler,torresallen@example.net,Other,2024-09-23,Taiwan
1895289,Michael Matthews,jgallagher@example.org,Other,2024-02-09,Senegal
1895568,Tracie Crawford,gedwards@example.org,Other,2024-12-20,Guam
1895603,James Taylor,fjones@example.net,Male,2020-10-27,Gibraltar
1895765,Angela Hill,sylvia79@example.org,Other,2025-05-15,Norfolk Island
1896685,David Chen,changmelissa@example.net,Female,2023-02-21,Zimbabwe
1896734,Frank Francis,davisjohn@example.com,Other,2025-07-13,Romania
1896911,Joshua Castro,morganklein@example.org,Other,2023-07-08,Liechtenstein
1896928,Robert Perry,rramsey@example.org,Other,2023-03-30,Serbia
1896949,Michael Johnson,wagnertracy@example.net,Male,2021-07-04,Djibouti
1897199,Amber Mann,traceydixon@example.com,Male,2024-01-22,Poland
1897686,Aaron Mejia,llittle@example.net,Male,2025-07-05,Holy See (Vatican City State)
1898423,Lori Patterson,riverajason@example.org,Other,2023-01-17,Norway
1898519,Gina Coleman,diana92@example.com,Other,2021-04-05,Cameroon
1898882,Cory Smith,davidlynch@example.net,Female,2022-09-17,Brazil
1899119,Anthony Vang Jr.,steinjay@example.net,Other,2021-08-26,North Macedonia
1899264,Frank Davis,erobinson@example.net,Female,2020-09-16,French Guiana
1899301,Charles Rodriguez,bryantmichael@example.net,Female,2023-08-24,Vanuatu
1899881,Christopher Howard,pgray@example.com,Male,2021-08-31,France
1900120,Linda Saunders,timothylopez@example.com,Other,2021-02-02,Guinea
1900438,James Reyes,waltonglenn@example.com,Other,2022-06-30,Paraguay
1900722,Sean Rodriguez,kpeterson@example.net,Other,2022-02-25,Zimbabwe
1901400,Daniel Williams,wilsonphillip@example.net,Other,2021-06-27,Bouvet Island (Bouvetoya)
1901801,Ms. Maria Jones,richardfischer@example.com,Male,2024-07-05,Luxembourg
1901869,Mark Poole,danielholland@example.org,Female,2023-11-27,United States Minor Outlying Islands
1901964,Ashley Morales,wjordan@example.org,Male,2022-03-28,Faroe Islands
1902243,Jeffrey Quinn,afrost@example.com,Female,2024-07-17,Niger
1902703,Debra Rodriguez,whitematthew@example.org,Female,2021-05-27,Andorra
1904390,Cassandra Wilson,johnstone@example.com,Female,2022-07-24,Afghanistan
1904560,David Munoz,emorgan@example.org,Male,2025-08-15,Antarctica (the territory South of 60 deg S)
1905119,Crystal Brown,alec53@example.org,Male,2024-01-06,Tunisia
1905173,Brandi Flynn,anthony41@example.com,Male,2023-11-19,El Salvador
1906271,William Martinez,kyle08@example.net,Other,2024-09-23,Jersey
1907015,Sean Conley,timothylawrence@example.net,Female,2024-01-06,Bosnia and Herzegovina
1907226,Allison Gray,maldonadomichael@example.org,Male,2023-08-31,United States Virgin Islands
1908458,Tammy Cook,johnnypowers@example.org,Other,2024-04-08,Turkmenistan
1908483,Ashley Anderson,moralesblake@example.org,Female,2021-09-20,United Kingdom
1908504,Anna Paul,julie68@example.net,Male,2022-07-03,Nicaragua
1908971,David Gilbert,jorgerivera@example.org,Female,2023-06-25,Algeria
1909324,Ruth Baldwin,rodriguezjared@example.org,Male,2023-02-21,Sudan
1909788,Mark Dunlap,dmoore@example.com,Other,2021-03-18,Nigeria
1910454,Wendy Adams,flang@example.org,Female,2021-01-21,Peru
1910696,Ricardo Solis,ibarramargaret@example.org,Other,2025-07-13,Korea
1910739,Jenna Osborne,thomascaleb@example.net,Other,2021-04-04,Niue
1911216,Jennifer Willis,rachelharris@example.org,Male,2024-07-14,Oman
1911890,Barbara Jones,johngonzalez@example.org,Other,2022-05-29,China
1912276,Jennifer Nash,brucedudley@example.net,Male,2021-09-02,Iceland
1913108,Robert Moreno,ramirezcandace@example.net,Other,2024-02-26,New Zealand
1913152,Lori Watson,jeremy43@example.net,Other,2025-08-09,Honduras
1913210,Joshua Ortiz,kimberlywise@example.org,Male,2024-04-30,Mozambique
1913613,Frank Turner,ann96@example.com,Other,2023-08-06,United States Virgin Islands
1913864,Stephen Sullivan,gregorysmith@example.com,Female,2022-12-25,Turkey
1915701,Tracey Nelson,qsolomon@example.org,Other,2021-10-27,Saudi Arabia
1915858,Jennifer Conner,sheila25@example.net,Female,2023-12-09,Korea
1915977,Kenneth Mcclure,baileylaurie@example.com,Male,2025-01-18,New Zealand
1917195,Victor Harris,brownjoshua@example.com,Male,2020-12-26,Anguilla
1917282,Ronald Stout,james34@example.net,Other,2022-07-22,Sierra Leone
1917710,Antonio Gonzales,lgreen@example.com,Male,2022-07-27,Botswana
1917866,Destiny Rose,floydcolleen@example.net,Female,2024-01-24,United Arab Emirates
1918268,Juan Page,fryechristopher@example.com,Male,2023-06-16,Iraq
1918275,Emily Murphy,johnacosta@example.org,Other,2022-09-13,Swaziland
1918304,Manuel Robinson,pagekelly@example.org,Other,2021-09-28,Dominica
1918557,Angel Adams,richard75@example.net,Other,2022-08-21,Trinidad and Tobago
1919426,Stephanie Leblanc,katherine24@example.net,Female,2024-08-08,Faroe Islands
1919629,Joan King,rhodges@example.net,Female,2023-06-08,Guadeloupe
1919674,Todd Crawford,gnichols@example.net,Other,2022-01-31,Brazil
1920064,Kimberly Lane,jacksontimothy@example.com,Male,2025-07-05,Oman
1920294,Erika Lewis,lopezmelissa@example.net,Other,2022-07-07,Dominican Republic
1920807,Tara Mullins,cheryl62@example.org,Male,2021-08-23,Guatemala
1921194,Gregg Ward,whiterichard@example.org,Male,2023-07-11,Dominica
1921847,Andrew Myers,gharrington@example.org,Other,2022-07-29,Andorra
1922218,Michael Osborne,lcampbell@example.org,Other,2022-10-13,Lithuania
1924291,Brandon Martinez,tayloralicia@example.net,Male,2022-08-22,Guyana
1925612,Kimberly Cline,ykelly@example.com,Other,2022-12-03,Kuwait
1925626,Mary Petersen,perezchristopher@example.net,Female,2023-01-01,Indonesia
1925925,Michael West,dpayne@example.net,Female,2023-11-09,Guinea-Bissau
1926074,Kayla Mullen,riggstodd@example.com,Male,2023-10-27,Lesotho
1926761,Haley Martinez,ashley63@example.com,Male,2023-11-27,Russian Federation
1927167,Bonnie Tyler,felicia42@example.org,Other,2021-05-15,Puerto Rico
1927509,Hannah Smith,catherine58@example.org,Female,2023-09-15,Sao Tome and Principe
1929442,Vanessa Kane,mhaynes@example.org,Female,2020-09-27,Norfolk Island
1929895,Dr. Nicole Smith MD,janetwolf@example.com,Other,2022-07-30,Bhutan
1929985,Dave Jones,howellmatthew@example.com,Male,2021-09-08,Kenya
1930104,Tina Hammond,eflores@example.net,Female,2023-08-18,Gambia
1930280,Mary Sharp,jean19@example.com,Male,2024-03-13,Saint Vincent and the Grenadines
1930305,David Smith,rogersashley@example.org,Male,2024-08-09,Palestinian Territory
1931521,Emily Martin,james00@example.org,Female,2020-09-27,Finland
1933257,Megan Lopez,daniel24@example.net,Female,2021-12-20,Cuba
1933537,Mary Booth,douglas56@example.com,Female,2023-01-10,Hungary
1933904,Gabriel Jones,smithcourtney@example.com,Female,2023-11-20,Saint Lucia
1933905,Jonathan Jones,asmith@example.com,Male,2024-10-20,Colombia
1935349,Stephanie Patterson,lambadriana@example.com,Other,2025-07-13,Reunion
1936045,William Hines,fhanna@example.org,Female,2023-04-05,Philippines
1936804,Kelly Bailey,sarahromero@example.com,Other,2020-11-15,Reunion
1939160,Kelly Brown,alexandrawhite@example.org,Other,2021-11-01,Palau
1939423,Chris Whitehead,wwilliams@example.org,Male,2022-08-28,Marshall Islands
1939756,Randy Bowman,robertgross@example.org,Female,2025-03-07,Australia
1939929,Angela Baker,aparker@example.org,Other,2022-12-06,Falkland Islands (Malvinas)
1940238,Gary Gray,john32@example.net,Other,2020-11-29,Cape Verde
1941326,Joseph Spears,richardstevenson@example.org,Other,2023-11-26,Colombia
1941679,Ashley Norman,josefreeman@example.com,Male,2023-03-18,Saint Kitts and Nevis
1942476,Tracy Simon,emily07@example.org,Male,2022-04-28,North Macedonia
1942936,Dr. Kristen Garrett,tgarcia@example.net,Male,2024-04-03,Nigeria
1942949,Thomas Bell,stephenjackson@example.com,Female,2020-09-20,Indonesia
1943163,Michelle Morales,adam26@example.org,Other,2024-11-03,Svalbard & Jan Mayen Islands
1943274,Eric Kelley,colton25@example.org,Other,2020-09-13,Falkland Islands (Malvinas)
1943888,Aaron Newman,frogers@example.org,Other,2021-04-09,Namibia
1943924,Makayla Mccarthy,toddnewton@example.com,Male,2024-05-07,Cape Verde
1943948,Shannon Schmitt,ywyatt@example.net,Female,2020-11-09,Kuwait
1944099,Denise Hutchinson,lesliesantos@example.org,Other,2020-12-17,Comoros
1944508,Barry Mcdonald,clarkjennifer@example.org,Male,2024-11-12,Paraguay
1945222,Colleen Brooks,sarahbrewer@example.net,Male,2025-04-13,China
1945484,Jason Fowler,timothyprice@example.com,Female,2021-01-24,Barbados
1945485,Dale Garcia,lisalara@example.com,Female,2024-11-07,Mali
1946462,Johnny Daugherty,ruben44@example.org,Other,2024-04-17,Saint Martin
1946929,Shane Johnston,trevor97@example.com,Female,2024-11-18,Benin
1947522,Victoria Cunningham,fowlerjennifer@example.com,Male,2022-12-17,Guyana
1947591,Roberta Johnson,uedwards@example.com,Other,2024-01-30,Cayman Islands
1948832,Stephen Farrell,anitaarnold@example.com,Other,2025-07-12,El Salvador
1948976,Zoe Miller,dporter@example.org,Other,2024-04-26,Australia
1951430,Samantha Gibson,fowlerchristopher@example.com,Male,2024-10-07,Faroe Islands
1951561,Cody Garcia,mark09@example.com,Female,2025-08-30,Venezuela
1951805,Joshua Smith,ocolon@example.com,Other,2023-08-10,Thailand
1951839,Evan Carrillo,woodspeter@example.net,Female,2022-10-13,Venezuela
1952085,Tina Welch,brownstephanie@example.org,Male,2025-01-22,Micronesia
1952549,Kathryn Harrison,fowlerlisa@example.com,Male,2021-10-08,Sao Tome and Principe
1952636,Charlene Simmons,kristi58@example.net,Other,2021-08-30,Falkland Islands (Malvinas)
1952684,Cesar Elliott,katherineallen@example.com,Other,2025-06-09,Georgia
1953960,Jacqueline Lynch,harmonpeter@example.com,Other,2021-09-20,Thailand
1954012,Paul Knight,branchmegan@example.org,Female,2022-10-22,Cayman Islands
1954548,Donald Turner,dayjavier@example.org,Female,2022-07-10,Sri Lanka
1954905,Jeffrey Gibbs,felicia52@example.org,Female,2022-08-16,Martinique
1955100,Laura Kane,vgeorge@example.org,Other,2025-07-29,Suriname
1955625,Charles Flynn,laurengordon@example.org,Male,2023-02-05,Russian Federation
1955781,Lisa Porter,ashley52@example.com,Male,2023-04-08,Romania
1955897,Chloe Campbell,tward@example.org,Other,2023-10-27,Belgium
1956003,Lindsey King,angelawilliams@example.org,Male,2022-04-26,Cayman Islands
1956272,Rodney Hess,adam78@example.org,Other,2022-05-24,Azerbaijan
1956326,Tommy Romero,meyersdawn@example.org,Male,2022-11-27,Paraguay
1956498,Dawn Brown,mcconnellamy@example.com,Other,2023-12-30,Fiji
1956631,Robert Miller,wdennis@example.org,Female,2021-06-10,Bouvet Island (Bouvetoya)
1957207,Derek Harris,jill78@example.net,Male,2021-07-29,Argentina
1957530,William Weaver,veronicajohnson@example.net,Other,2023-04-17,Sierra Leone
1957531,Tasha King,brittany86@example.com,Male,2023-12-18,Georgia
1957609,Brittany Bennett,copelandkristi@example.com,Female,2025-04-28,Tajikistan
1957870,Colin Garcia,heather50@example.com,Female,2022-06-14,Niue
1957889,Kimberly Lewis,josephcain@example.net,Male,2023-04-04,Reunion
1958645,Elizabeth Edwards,snowtanner@example.net,Male,2024-02-05,Belgium
1958894,Cheryl Carter,mariostanton@example.com,Male,2022-06-27,Tunisia
1959402,Kathryn Thompson,collinssusan@example.net,Other,2021-06-07,El Salvador
1960038,Timothy Krueger,yspears@example.net,Other,2025-06-13,Nepal
1960274,Charles Mitchell,emily34@example.net,Other,2020-10-07,Paraguay
1961433,Louis Miller,castrodanielle@example.org,Female,2023-12-18,Nepal
1961503,Joel Lowery,jenniferbryan@example.net,Male,2020-11-08,Hungary
1961780,Amber Hartman,brownjason@example.net,Other,2023-10-29,North Macedonia
1961945,Kelly Page,murrayanthony@example.org,Male,2022-02-19,Malaysia
1962021,Eric Sutton,kathy38@example.org,Other,2022-06-16,Saint Vincent and the Grenadines
1962246,Mrs. Cynthia Hays,origgs@example.com,Other,2021-06-17,Bolivia
1962875,John Duncan,bennettjennifer@example.net,Other,2022-07-19,Trinidad and Tobago
1963383,Tiffany May,jonesmary@example.com,Female,2023-01-08,San Marino
1963751,Karen Gonzalez,tellison@example.com,Male,2021-11-02,Korea
1964041,Mrs. Nicole Watkins MD,mbarker@example.net,Male,2021-12-28,Greenland
1964407,Megan Myers,dorothywhitney@example.org,Other,2022-05-03,Belize
1964465,Laura Gilbert,bonillatravis@example.net,Female,2025-01-30,Thailand
1964702,Brian Thomas,mendozadaniel@example.net,Other,2024-10-07,France
1965396,Heather Ford,reginacarter@example.com,Female,2024-09-26,Burkina Faso
1965906,Kelsey Murphy,chicks@example.net,Female,2021-10-17,Cook Islands
1966790,Elaine Cooper,michael71@example.net,Female,2023-11-30,United States Virgin Islands
1966795,Benjamin Hardy,arandall@example.net,Female,2025-06-25,China
1967398,Michael Lawson,wendy93@example.com,Male,2024-04-08,Bosnia and Herzegovina
1967515,Glen Rogers,rcarter@example.com,Female,2022-10-17,Anguilla
1967625,Richard Black,tinanelson@example.net,Female,2023-07-07,Tokelau
1968295,Mrs. Morgan Price MD,juliecampbell@example.net,Female,2023-05-01,Latvia
1968815,Sharon Hernandez,danielpamela@example.org,Female,2023-10-21,Kyrgyz Republic
1968977,Shannon Powell,njarvis@example.com,Other,2025-02-21,Myanmar
1969390,Neil Lewis,candicejones@example.com,Female,2023-09-13,Costa Rica
1969962,Adam Thompson,karenjohnson@example.org,Female,2025-02-10,Palau
1971265,Stephanie Hunter,qcruz@example.net,Other,2024-08-19,Netherlands
1971732,Steven Henderson,michael17@example.com,Other,2023-03-19,Niue
1971836,Mark Mitchell,vwilliams@example.com,Male,2023-01-16,Libyan Arab Jamahiriya
1971910,David Johnston,scott09@example.net,Other,2024-01-14,Bouvet Island (Bouvetoya)
1972193,Samantha Hernandez,chapmananne@example.net,Male,2022-06-25,Norway
1972587,Terry Clark,vanessa92@example.com,Male,2020-08-31,Netherlands
1972706,Kim Santos,sanchezmelanie@example.net,Male,2023-09-09,Cuba
1972772,Terrence Smith,karen30@example.com,Female,2021-03-28,Bulgaria
1972802,Michael Flores,michaelguerra@example.org,Female,2022-03-03,Mozambique
1973059,Brandon Turner,troycochran@example.com,Female,2021-01-09,Grenada
1973877,Hannah Vasquez,zmorgan@example.org,Female,2021-03-15,Cayman Islands
1974431,Jessica Miller,hernandezbrandon@example.com,Male,2024-02-12,Montserrat
1975195,Traci Saunders,tamaradavis@example.com,Female,2024-06-07,Bangladesh
1975330,Jenna Adams,gibsoncheyenne@example.net,Female,2024-02-03,Tonga
1975658,Mary Barnes,ethan45@example.com,Male,2024-03-22,Mongolia
1976047,Sylvia Moore,jparker@example.com,Female,2022-01-14,France
1976287,Jerry Gonzales,hernandezteresa@example.org,Other,2021-07-27,Poland
1976383,Walter Rodriguez,nriddle@example.com,Male,2023-05-24,Tonga
1976638,Roy Walker,zreed@example.org,Female,2024-07-17,Palau
1976770,Justin Lane,josephbooker@example.net,Female,2020-10-14,Guinea-Bissau
1976838,James Baker,phillipssheila@example.org,Male,2024-08-24,Faroe Islands
1977094,Brianna Knight,dsilva@example.net,Male,2022-10-15,Finland
1977209,Cynthia Osborne,morrisrobert@example.com,Female,2021-01-09,French Polynesia
1977338,Michael Edwards,charlescarr@example.net,Female,2022-04-16,Kuwait
1977954,Tara Jones,jonathon75@example.net,Female,2021-02-21,Chad
1977971,Evan Mathews,ronald72@example.com,Other,2020-11-19,Faroe Islands
1979200,Mark Frazier,dawncamacho@example.com,Female,2021-11-09,Guyana
1979420,John Dillon,laura35@example.org,Male,2023-08-14,Botswana
1979768,Andrew Thompson,martin86@example.org,Male,2024-07-09,Russian Federation
1980237,Brittany Cantrell,zachary04@example.com,Other,2022-07-09,Burundi
1980310,Rhonda Anderson,michaeldavis@example.org,Female,2023-02-17,Guinea-Bissau
1980737,Johnny Lawson,mitchellrobert@example.org,Male,2024-08-28,Turkmenistan
1981285,Hannah Walton,elizabethgreen@example.com,Other,2025-04-23,South Africa
1981306,Samantha Dorsey,irodriguez@example.com,Other,2023-05-13,Tajikistan
1982944,Christine Perry,robbinsalexander@example.net,Female,2020-09-05,Portugal
1982965,Emily Benjamin,jeanperez@example.net,Female,2021-04-15,Cape Verde
1982981,Lori Brown,reedjulie@example.net,Female,2023-12-01,Thailand
1982989,Christopher Cook,barbara01@example.com,Other,2023-04-14,Yemen
1983265,Samantha Gill,michael50@example.com,Other,2022-10-01,Croatia
1983929,Shannon Mendez,jacksonalbert@example.net,Other,2021-01-18,Bahrain
1984082,Nicholas Ortiz,tiffany02@example.com,Female,2024-08-10,Trinidad and Tobago
1984100,Nicole Carpenter,hthomas@example.org,Female,2022-04-28,Isle of Man
1984734,Richard Miller,rachellewis@example.org,Female,2022-01-16,Ireland
1984969,Teresa Bryan,benjamincook@example.com,Male,2021-12-28,Cape Verde
1985056,Brittany Meadows,melissa78@example.net,Female,2022-12-18,Belarus
1985131,Daniel Parker,chadcannon@example.com,Male,2021-04-08,Sweden
1985150,Sheryl Chavez,isabella46@example.net,Other,2025-05-04,Italy
1985262,Erica Smith,ngreen@example.org,Other,2023-10-31,United States Virgin Islands
1985515,Jacqueline Saunders,alexandriamorrison@example.net,Female,2022-10-25,Swaziland
1986038,Aaron James,smithtammy@example.com,Male,2020-09-01,Haiti
1986198,William Franco,jesse14@example.com,Female,2025-01-27,Norfolk Island
1986589,Brian Clayton,kathleen52@example.net,Female,2025-07-10,Papua New Guinea
1986773,Manuel Curry,rogersryan@example.org,Female,2021-04-11,Uzbekistan
1988436,Sandra Gross,blaketimothy@example.com,Male,2022-09-17,Kenya
1989160,Jimmy Grant Jr.,rubenwright@example.com,Female,2021-12-20,Solomon Islands
1989742,Isaac Ross MD,meghansantana@example.org,Male,2022-02-01,Burundi
1990578,Jeremy Silva,michael55@example.com,Other,2021-01-10,India
1990599,Amy Parker,lingram@example.com,Male,2024-12-28,Peru
1990768,Jacqueline Moore,hsimmons@example.com,Male,2021-03-26,Cape Verde
1991439,Benjamin Peterson,gmiller@example.net,Female,2022-07-10,Latvia
1993390,Stacey Simpson,eric59@example.com,Male,2024-12-02,Denmark
1993707,Richard Thompson,burtonjason@example.com,Female,2023-04-01,Sweden
1994328,Leslie Arroyo,ljohnson@example.org,Other,2021-06-01,Cocos (Keeling) Islands
1994838,Jennifer Peterson,aallen@example.com,Other,2023-04-01,Reunion
1994927,Robert Raymond,taylornicole@example.net,Female,2021-02-06,Dominica
1995133,Whitney Nelson,matthew46@example.com,Male,2025-02-10,Puerto Rico
1997314,Louis Lopez,alanfloyd@example.net,Female,2024-05-04,Greece
1998127,Melinda Harris,anita33@example.net,Female,2025-02-22,Ghana
1998274,Craig Collins,meghan34@example.net,Other,2023-12-20,Burkina Faso
1998356,Sara Waters,roberthernandez@example.net,Other,2024-10-03,Palau
1998481,Karen Smith,pwalker@example.net,Male,2021-05-15,Angola
1998665,Benjamin Bean,wisejohn@example.com,Female,2024-03-29,United States Virgin Islands
1998894,Brenda Jenkins,seth54@example.org,Other,2020-10-11,Uzbekistan
1998984,Shaun Richards,valerie96@example.net,Male,2021-11-16,Zambia
1999219,Nicole Duke,cheyenne58@example.net,Female,2022-04-28,Jordan
1999705,Katherine Rubio,vsnyder@example.org,Other,2023-04-07,Nauru
