order_id,customer_id,order_date,total_amount,payment_method,shipping_country
2368504,1129930,2025-08-25,2327.6,PayPal,Panama
5788308,891174,2023-07-19,2543.23,Bank Transfer,Mauritius
5827722,1009370,2025-02-25,6162.97,Credit Card,Sierra Leone
7772498,1510612,2022-08-23,2907.38,Credit Card,Congo
2828157,1455882,2023-05-27,1050.86,PayPal,Turkmenistan
2649657,1772165,2021-11-23,4311.11,PayPal,Gibraltar
2955247,1199311,2025-07-30,1072.89,Credit Card,Nauru
7879907,624204,2023-03-30,3207.33,Bank Transfer,Tanzania
543685,1956272,2022-05-23,1839.42,Bank Transfer,French Guiana
6133183,644788,2023-05-14,1208.6,Credit Card,Lesotho
2618598,1020520,2025-08-26,2477.04,Credit Card,Somalia
838006,582561,2025-04-10,1120.3,Credit Card,Chad
1786921,882777,2023-08-16,558.38,Bank Transfer,Saint Lucia
3099630,448642,2024-05-03,284.82,Credit Card,Swaziland
629479,897007,2024-09-01,3435.02,Cash,Ukraine
3200863,1894634,2021-09-28,2516.84,Bank Transfer,Philippines
2437394,300479,2024-10-07,3658.49,Credit Card,Cuba
5813761,376817,2025-04-06,1763.46,PayPal,Egypt
4618551,1013590,2023-09-11,1052.34,Bank Transfer,Denmark
244717,993472,2021-11-26,2203.65,Cash,Honduras
7419361,9443,2024-08-04,0.0,Bank Transfer,Central African Republic
968293,228167,2025-06-08,1118.2,Cash,Lithuania
3305603,1321601,2022-02-17,679.44,PayPal,Pitcairn Islands
3906253,272062,2023-03-02,2805.87,PayPal,Finland
5665981,1232487,2024-04-16,778.8,PayPal,Senegal
4447664,496876,2024-07-29,2098.78,PayPal,Suriname
1259157,674071,2024-10-03,2440.0,PayPal,Mayotte
3859988,1354433,2023-03-22,2115.25,Cash,Namibia
5796288,1783772,2023-08-01,3416.89,PayPal,Norway
2835931,319582,2025-04-16,1229.38,Cash,French Polynesia
6286155,458556,2022-11-22,448.4,Cash,Philippines
482432,369878,2023-07-28,0.0,Credit Card,Slovenia
2890835,1973059,2024-03-19,1206.7,Bank Transfer,Zimbabwe
7480916,1625263,2023-02-12,1205.69,Bank Transfer,Falkland Islands (Malvinas)
6193830,26356,2023-02-09,950.6,PayPal,Pakistan
276473,1159821,2024-01-02,2744.83,Credit Card,Paraguay
2949753,1685629,2022-03-21,652.88,Credit Card,Guinea-Bissau
1751355,1031711,2024-04-25,2084.43,Bank Transfer,Palestinian Territory
7295720,958282,2023-11-23,1314.72,Credit Card,Isle of Man
4885317,268493,2022-01-15,59.55,Bank Transfer,Croatia
2205116,66516,2023-04-04,1811.89,Credit Card,Denmark
3301000,1070255,2024-04-30,2610.52,Credit Card,Heard Island and McDonald Islands
7211313,334008,2024-09-29,171.38,Credit Card,Rwanda
1209702,1625471,2025-08-21,927.22,Cash,Tanzania
7441069,577304,2025-08-23,514.19,PayPal,Isle of Man
2704567,1771262,2025-08-04,3229.55,Credit Card,Peru
3814701,1118238,2023-05-27,2041.1,Credit Card,Andorra
138639,1180185,2023-07-24,1870.75,Cash,Western Sahara
2571591,533711,2023-03-17,2524.51,Credit Card,Senegal
367461,1095303,2024-05-02,3663.14,Bank Transfer,Haiti
3789627,377358,2021-11-24,0.0,Bank Transfer,Solomon Islands
2879616,1448652,2022-09-27,0.0,Bank Transfer,Somalia
5386907,896693,2024-04-25,1463.25,Bank Transfer,Morocco
2470253,670952,2023-09-18,0.0,Credit Card,Jordan
4801383,622345,2025-07-31,2919.32,Credit Card,Canada
3276102,817044,2021-09-09,272.09,Cash,Zambia
4055082,1406207,2023-02-10,4193.84,Credit Card,Guadeloupe
4988172,88774,2024-12-26,3053.48,PayPal,Brunei Darussalam
6445659,1786611,2023-10-08,1789.49,Cash,Guatemala
1476694,190194,2023-10-31,233.17,Bank Transfer,Maldives
5423051,1337301,2024-11-22,4361.16,Credit Card,Grenada
7852758,499629,2023-06-02,1779.42,Credit Card,Czech Republic
7028216,957827,2024-03-29,0.0,Bank Transfer,Malaysia
3374023,1014799,2022-11-23,1462.01,Credit Card,Philippines
4220251,1611308,2024-04-18,1990.73,Bank Transfer,Qatar
475653,1029325,2025-06-22,1771.03,Credit Card,Guinea-Bissau
7241823,1827441,2025-08-13,2711.47,PayPal,Tanzania
5442454,1134561,2025-07-16,44.7,PayPal,Lesotho
3854831,1456706,2023-04-09,638.8,Cash,France
2356635,76207,2023-07-13,485.99,PayPal,Kenya
3570091,808100,2025-07-23,503.42,Cash,Russian Federation
3205593,4199,2022-09-15,2495.85,PayPal,Brazil
1673807,1347195,2023-11-06,90.93,Credit Card,Saint Helena
7101372,1094990,2022-07-28,449.5,Credit Card,Western Sahara
1406107,281733,2024-02-23,358.72,Credit Card,Turkmenistan
3694145,1508894,2024-10-14,1734.92,Credit Card,Latvia
340769,1726121,2025-08-05,3136.38,PayPal,Trinidad and Tobago
131539,1926761,2022-10-05,567.16,Bank Transfer,Philippines
1058051,1551728,2022-11-05,2375.95,Credit Card,Indonesia
1761231,735394,2022-09-26,1974.27,Cash,Turkmenistan
2269450,1060153,2022-11-13,0.0,PayPal,Gibraltar
6305151,1321390,2025-06-10,700.0,PayPal,Hungary
5055247,780681,2025-06-05,660.53,PayPal,Russian Federation
6449803,1857096,2023-09-20,1391.43,Credit Card,Ukraine
7578089,1665204,2024-08-12,1797.44,Credit Card,Kenya
3847717,11321,2024-03-05,2159.75,Credit Card,Moldova
7134454,1649166,2025-06-06,68.13,Credit Card,Angola
7742176,1571764,2022-04-17,2704.04,Credit Card,Jamaica
7718760,719956,2025-04-04,284.76,Bank Transfer,Liberia
4280374,1093794,2023-12-30,4064.21,PayPal,Moldova
1759580,692041,2022-11-23,364.42,Bank Transfer,Iraq
660506,1673927,2025-01-29,0.0,Bank Transfer,Greece
416856,834378,2023-11-01,573.78,PayPal,Estonia
7719013,647849,2023-12-21,1776.02,Credit Card,Netherlands Antilles
7549898,185748,2024-12-12,232.23,Bank Transfer,Tunisia
7130975,894491,2025-01-18,5420.5,PayPal,Andorra
7040044,1574328,2025-01-07,1917.42,Cash,Iraq
1313879,1505368,2024-03-19,0.0,Cash,Cameroon
3108269,720006,2025-07-06,0.0,Credit Card,Kyrgyz Republic
5169114,1362761,2021-10-31,2131.44,PayPal,Reunion
1896532,888125,2022-09-09,3840.74,PayPal,Tokelau
5819670,1811071,2024-04-20,1330.53,PayPal,Saint Vincent and the Grenadines
2764177,446234,2022-07-10,833.45,Bank Transfer,Northern Mariana Islands
6098988,666745,2025-07-17,1197.81,Cash,Martinique
6627590,1921847,2025-06-13,312.2,Credit Card,Burkina Faso
451102,1614752,2023-12-27,6105.05,Bank Transfer,Saint Pierre and Miquelon
4241882,1016726,2025-02-10,904.97,PayPal,Paraguay
6985529,1228294,2023-07-01,1039.54,PayPal,Lebanon
3655447,1827933,2024-11-08,2344.43,PayPal,Egypt
6218233,146742,2023-12-28,883.83,Credit Card,Latvia
2476025,328189,2024-04-18,210.6,Cash,Bouvet Island (Bouvetoya)
3208942,1200156,2023-11-22,2646.22,Cash,Gabon
2123277,1516096,2023-12-22,1459.7,Cash,South Georgia and the South Sandwich Islands
4143911,1769627,2024-02-25,3577.12,PayPal,Lithuania
3538693,1822666,2025-07-14,3077.28,Cash,Gabon
7511303,690673,2023-08-03,1763.35,Cash,Palestinian Territory
2644522,154152,2022-01-07,1892.48,Credit Card,Anguilla
276617,1819060,2023-06-22,3027.2,Cash,United Kingdom
4045560,1040452,2023-04-09,296.78,Credit Card,Vietnam
5333015,1112616,2022-12-08,1572.9,Bank Transfer,Kazakhstan
1537089,715439,2025-03-07,2430.18,Credit Card,Oman
2200397,454748,2025-01-10,2551.56,Cash,Nepal
1026634,1602985,2022-03-11,2413.36,Bank Transfer,North Macedonia
219996,238356,2022-08-30,2375.44,Credit Card,Papua New Guinea
3528253,451240,2024-02-04,538.48,PayPal,Burkina Faso
1540065,275788,2024-09-17,2331.81,Credit Card,Belize
3201901,1627755,2025-01-15,2951.22,Cash,Uruguay
792959,1608737,2024-10-22,336.05,PayPal,Hungary
4411786,1408921,2024-01-19,3832.85,Bank Transfer,Afghanistan
1589934,1226749,2021-12-23,1224.6,Credit Card,Sweden
6524582,1765306,2024-06-10,515.0,Credit Card,United States Minor Outlying Islands
6134821,516419,2025-08-01,1541.94,Bank Transfer,Kenya
3734553,865723,2023-03-09,499.35,Bank Transfer,Hungary
2710015,390684,2023-11-13,637.36,PayPal,Ireland
7916147,1499824,2025-04-23,399.22,Credit Card,Puerto Rico
73953,1140520,2023-08-01,1045.54,Bank Transfer,American Samoa
6723272,1721688,2023-10-30,1330.93,Credit Card,Brazil
3256604,1514000,2025-03-20,1451.94,Credit Card,Eritrea
3320805,1257984,2023-07-27,735.23,PayPal,Eritrea
5006433,1910739,2023-06-18,3433.24,PayPal,Papua New Guinea
5529030,1125532,2022-04-29,2048.25,PayPal,Ethiopia
4495947,1108167,2024-11-05,0.0,Bank Transfer,Argentina
5754132,1758312,2025-02-27,1568.68,Credit Card,Afghanistan
5753637,1422312,2024-02-12,2999.16,Cash,Fiji
2931750,365080,2023-07-26,6050.73,Credit Card,Mauritania
4175713,1378439,2022-03-15,950.04,PayPal,Turkmenistan
2722146,1440000,2023-03-12,1494.56,Credit Card,Bangladesh
5563412,1971732,2024-11-07,700.14,Credit Card,Gambia
4864194,593938,2022-02-16,2387.75,Credit Card,Bahrain
7972356,64004,2021-10-22,1250.48,Cash,Chile
2119567,645734,2022-02-13,3664.95,PayPal,Syrian Arab Republic
2045598,1295949,2025-06-21,117.56,PayPal,Guernsey
5520579,923097,2022-01-30,1250.1,Credit Card,Pitcairn Islands
4353946,1063347,2022-04-29,1984.95,Bank Transfer,Saint Pierre and Miquelon
7622036,1261350,2021-10-25,3463.44,PayPal,United States Minor Outlying Islands
4562739,252550,2023-12-22,2406.81,PayPal,Cocos (Keeling) Islands
5370336,1143327,2022-11-16,892.92,Bank Transfer,Belize
1756483,664791,2025-08-24,0.0,Cash,Austria
1172704,602625,2022-01-03,0.0,Credit Card,Mozambique
5920955,1547669,2023-09-27,4199.79,Cash,Mozambique
384759,1187190,2025-01-14,456.26,Credit Card,Mozambique
6809166,13283,2023-01-01,833.74,Cash,Barbados
1037557,1625445,2025-03-11,0.0,Cash,Macao
150374,400082,2024-09-11,0.0,PayPal,Djibouti
5685563,86461,2025-08-23,2408.36,PayPal,Montserrat
1815390,1716334,2023-12-19,4766.76,PayPal,Ghana
4185651,728723,2023-03-18,3955.57,Bank Transfer,Martinique
5767992,764683,2023-11-19,328.7,Cash,British Virgin Islands
3114411,1202370,2022-01-07,1376.91,Bank Transfer,Yemen
4970273,1399575,2025-05-08,1833.04,Credit Card,Somalia
2870514,1102634,2023-09-03,498.13,PayPal,Angola
5083996,547167,2023-06-12,1391.28,Credit Card,Cape Verde
7853036,1014400,2022-01-16,1872.1,Credit Card,Palau
6323933,1457078,2022-01-06,6992.0,PayPal,Lebanon
5162439,778149,2023-05-16,956.25,PayPal,Zambia
7560372,699361,2023-10-31,94.35,Bank Transfer,Libyan Arab Jamahiriya
6815381,763320,2022-08-24,1929.66,Cash,Cuba
6282723,1818014,2022-01-21,2848.73,Credit Card,Eritrea
4516214,402682,2021-10-15,0.0,Cash,El Salvador
3014344,1971910,2022-07-28,1429.85,Bank Transfer,Holy See (Vatican City State)
2805631,517820,2024-01-31,171.96,Bank Transfer,Gabon
5527316,113940,2024-11-02,1482.68,Credit Card,Ethiopia
445721,1787426,2025-03-28,108.8,Credit Card,Moldova
7660109,5410,2022-12-15,5709.1,Bank Transfer,Tonga
1948,893312,2025-06-23,1966.83,Bank Transfer,Mauritania
6035711,629217,2025-06-21,2064.8,Cash,Maldives
926785,1386636,2025-01-17,1840.0,Bank Transfer,Marshall Islands
5323853,442434,2023-04-26,8854.34,Bank Transfer,Slovenia
6847080,1313065,2022-01-24,4509.7,Cash,Jersey
6467886,864130,2021-09-14,5746.42,PayPal,Ethiopia
6999726,548929,2022-07-20,3072.48,Cash,Guatemala
2321514,1659690,2025-01-11,843.4,Cash,Namibia
7106029,252067,2025-04-02,161.78,Cash,French Guiana
7226274,1097863,2022-02-27,3677.26,Cash,Libyan Arab Jamahiriya
2446458,1607629,2024-03-12,0.0,Credit Card,Mauritius
1588477,1612015,2023-10-22,814.1,Bank Transfer,Central African Republic
5135511,1168233,2024-09-12,420.28,Credit Card,Libyan Arab Jamahiriya
846962,1309567,2024-04-27,863.8,Cash,Nepal
1468289,503943,2024-04-01,4229.85,Credit Card,India
5316315,191030,2023-06-27,0.0,PayPal,Suriname
3889753,779085,2023-02-12,1953.71,PayPal,Bahrain
2283731,782140,2023-10-26,838.68,Cash,Ireland
3965134,1746294,2025-03-29,2175.14,Bank Transfer,Antigua and Barbuda
3607016,26890,2022-08-30,1019.04,PayPal,Bosnia and Herzegovina
1442267,909709,2023-09-26,444.13,Cash,Hungary
4708871,493260,2022-02-03,500.04,Cash,Kuwait
5731273,1766193,2024-05-10,2459.9,Cash,Armenia
3347612,1309859,2025-01-23,6857.99,Credit Card,Mali
3126556,141567,2023-11-19,2804.44,PayPal,Lao People's Democratic Republic
3871159,1200917,2021-09-01,3104.78,Credit Card,Czech Republic
186643,1518031,2021-11-16,3986.76,Credit Card,Gambia
2034778,1583613,2023-02-04,1879.48,Cash,Lebanon
2392820,452675,2023-05-30,3091.48,Credit Card,Paraguay
6801403,1448012,2025-02-15,3292.49,Credit Card,Kazakhstan
6010136,1290026,2024-08-07,2269.14,PayPal,Iraq
7020270,1615230,2024-05-29,6051.96,Bank Transfer,Iceland
2305530,532464,2024-11-24,2137.59,PayPal,Croatia
5326540,1919629,2024-11-01,1158.07,Bank Transfer,Marshall Islands
2794389,1804965,2023-06-27,2787.68,Bank Transfer,Bangladesh
359324,169933,2025-07-06,1783.6,PayPal,United States Virgin Islands
5125858,25636,2023-01-15,0.0,PayPal,Bermuda
372178,1480316,2024-09-13,2672.09,Credit Card,Christmas Island
665274,1947591,2022-03-01,1871.15,Bank Transfer,British Virgin Islands
4442942,629936,2025-04-22,1449.15,PayPal,Barbados
6924811,1111730,2022-01-18,691.18,Credit Card,Gibraltar
6733466,1512014,2025-07-26,1228.76,PayPal,Bosnia and Herzegovina
318371,1320244,2023-09-29,1401.26,PayPal,Monaco
1760551,968722,2022-02-22,0.0,PayPal,Sierra Leone
1634537,1304053,2022-08-23,1528.92,Credit Card,Namibia
3842551,1984082,2024-10-25,3546.91,Bank Transfer,Chad
2159430,1783418,2025-03-12,1394.91,Cash,South Georgia and the South Sandwich Islands
3982458,547042,2023-07-20,0.0,Cash,Montserrat
2469758,19966,2023-08-10,2765.08,PayPal,North Macedonia
6896488,1951561,2022-06-25,1695.52,Cash,Venezuela
6599552,944157,2023-01-03,1540.83,Cash,Saint Barthelemy
5750022,169155,2021-10-04,4964.78,Bank Transfer,Lesotho
4962472,145378,2022-06-03,518.7,Credit Card,Wallis and Futuna
3880631,1519490,2024-03-21,2316.21,Bank Transfer,Myanmar
4895280,995028,2024-07-30,214.36,Cash,French Guiana
3363755,639348,2022-12-19,1941.45,PayPal,British Indian Ocean Territory (Chagos Archipelago)
6146921,1254649,2022-10-30,1284.03,Cash,Saint Barthelemy
7606381,540451,2022-08-30,2218.75,PayPal,Austria
3551598,1853303,2022-10-03,107.55,Credit Card,Austria
3278997,1621304,2023-07-21,444.27,Bank Transfer,Sudan
7024066,1618602,2022-04-08,510.8,PayPal,Saint Pierre and Miquelon
3141555,1887030,2025-05-28,0.0,Cash,Papua New Guinea
1276109,1825171,2023-04-29,1124.09,Bank Transfer,Gambia
1861392,858604,2024-10-01,1135.86,Bank Transfer,India
1384189,694252,2024-10-10,494.06,Bank Transfer,Malaysia
3820377,1303143,2022-11-04,2668.57,Credit Card,Chile
199196,787599,2022-12-29,4227.62,Credit Card,Luxembourg
325401,581940,2024-04-21,492.19,Bank Transfer,Cook Islands
3387687,1993707,2022-09-14,620.7,PayPal,Liberia
1151908,631367,2022-04-23,1532.11,PayPal,Guinea-Bissau
1485841,1985131,2022-07-23,2947.91,Credit Card,Liberia
2686642,1792851,2025-01-19,965.84,Credit Card,Palestinian Territory
7270275,1946929,2024-09-11,606.45,Bank Transfer,Czech Republic
4300505,20824,2021-12-01,6391.42,Credit Card,Anguilla
3291827,235867,2024-09-24,322.62,Cash,Hungary
6115747,569840,2022-12-18,3900.91,Bank Transfer,Estonia
3566575,341651,2023-10-10,497.61,Credit Card,Luxembourg
546106,1222447,2024-01-23,1750.36,Cash,United States Virgin Islands
837696,1388142,2023-01-24,0.0,Credit Card,British Indian Ocean Territory (Chagos Archipelago)
4558447,1522041,2022-04-23,3350.35,Credit Card,South Georgia and the South Sandwich Islands
3612231,34735,2022-12-28,0.0,Bank Transfer,Philippines
2365428,549407,2025-05-02,361.69,Credit Card,Liberia
1290501,135841,2024-12-13,5289.68,Credit Card,Guyana
1939851,45735,2022-08-15,5147.22,Cash,Puerto Rico
3146186,932178,2025-07-28,1715.91,Cash,Slovenia
5766312,819561,2025-06-23,3277.26,Credit Card,Bahrain
6227251,1424575,2024-08-03,468.87,Credit Card,Namibia
4196495,1654479,2021-12-06,1863.72,Bank Transfer,Sweden
1123458,69190,2023-10-28,461.44,Bank Transfer,Yemen
6709451,499169,2023-10-25,946.75,PayPal,Italy
4412454,148718,2023-10-10,1548.41,PayPal,Albania
2685647,1847543,2025-07-15,2305.46,Credit Card,Timor-Leste
4386483,1006054,2023-12-19,1743.9,PayPal,Zambia
6494776,709754,2022-10-09,272.86,PayPal,Tajikistan
5892760,1834864,2023-11-13,646.77,Cash,French Guiana
3442716,1225444,2021-09-13,1022.77,PayPal,Saint Vincent and the Grenadines
597955,1860337,2025-06-09,1023.28,Bank Transfer,Dominica
4582491,1551728,2021-11-25,0.0,Bank Transfer,Papua New Guinea
3660190,711452,2022-06-06,969.25,Credit Card,Estonia
3590053,1813967,2024-01-15,8439.48,Bank Transfer,Belgium
4622084,1836822,2022-03-03,568.46,PayPal,Senegal
6285613,842486,2025-08-06,1753.6,PayPal,Belize
4039466,1910454,2021-10-18,3189.34,Credit Card,Uzbekistan
6726446,1521432,2025-08-16,1583.71,Credit Card,United Kingdom
2977669,187405,2023-02-24,3536.31,Cash,Hungary
6477875,818474,2025-01-13,1727.07,Cash,Saint Lucia
6683767,1490423,2022-05-28,0.0,Credit Card,Seychelles
2081602,481361,2024-09-26,931.6,Cash,Papua New Guinea
1409350,1585014,2023-06-15,1160.31,PayPal,Saint Vincent and the Grenadines
5505593,1235142,2025-04-25,6245.62,PayPal,Argentina
6417916,536904,2023-11-18,5043.64,PayPal,Bermuda
5625509,1128595,2024-11-25,0.0,Credit Card,Sri Lanka
4371227,1608116,2025-06-11,1180.76,Bank Transfer,Paraguay
45371,1293169,2022-12-11,2873.32,Cash,Malaysia
4589553,1843993,2023-03-06,1416.68,PayPal,Anguilla
6905405,1434662,2022-11-09,0.0,PayPal,Bosnia and Herzegovina
4624335,1850468,2024-08-17,5080.28,Bank Transfer,Saint Martin
1572156,1912276,2023-01-21,1897.11,Credit Card,Venezuela
3316502,733910,2023-10-25,2600.87,Bank Transfer,Chile
3833692,1751863,2024-08-19,745.6,Credit Card,Ireland
7819643,1728746,2022-04-01,290.79,Bank Transfer,Uruguay
2247190,997325,2023-12-01,2552.68,Cash,Iran
5593850,685871,2021-10-14,2390.05,Cash,San Marino
5444801,1973877,2023-04-25,3680.34,Bank Transfer,Finland
5843750,999415,2024-02-16,2139.43,Bank Transfer,Slovenia
5352458,1041626,2023-08-29,3860.37,Credit Card,Kazakhstan
3466563,1537501,2022-10-12,137.86,Cash,Bulgaria
1883025,560744,2022-09-03,1893.55,Bank Transfer,Dominican Republic
4067129,382122,2023-12-09,5674.53,Bank Transfer,Eritrea
1349902,1788839,2023-09-15,1852.52,PayPal,Brunei Darussalam
3748423,1196506,2022-06-12,1073.15,Cash,Portugal
568896,1898519,2022-06-30,5700.72,PayPal,Algeria
2165567,1087511,2021-11-29,2822.79,Cash,Cape Verde
6664123,636055,2025-04-18,2166.63,Credit Card,Eritrea
1380384,1779097,2024-10-19,5841.37,Bank Transfer,Botswana
1188154,1316839,2023-03-12,5104.36,PayPal,Panama
7841065,1806903,2022-08-17,1683.42,Cash,Palestinian Territory
5381737,179123,2023-12-10,4463.08,Bank Transfer,Iceland
4686892,1980737,2023-05-21,5564.87,Credit Card,United States Minor Outlying Islands
4163716,1965396,2021-10-09,1830.94,PayPal,Yemen
5723291,1521475,2023-09-16,21.77,Credit Card,Cayman Islands
2176912,1745847,2024-03-21,0.0,PayPal,Poland
5542728,1951805,2021-12-25,252.87,Bank Transfer,Cameroon
6114706,581158,2024-10-31,1140.73,PayPal,Cameroon
6051269,1752920,2025-03-09,1759.03,Bank Transfer,Uruguay
5167151,550381,2023-07-19,751.24,Cash,Colombia
3224073,21115,2021-09-17,1446.75,Credit Card,Jersey
7640701,42231,2022-03-20,350.88,Cash,Ghana
3700055,1354504,2023-09-14,1570.06,PayPal,Brazil
4194388,1726992,2022-02-24,2045.38,Cash,Pakistan
2341212,1499096,2023-05-30,258.24,Credit Card,Australia
5744585,1206474,2024-09-18,2073.07,Bank Transfer,Niue
1498313,210389,2022-05-07,3356.25,Credit Card,Guatemala
3830977,912240,2024-06-27,1493.87,Cash,Tuvalu
2318463,298116,2022-04-26,56.19,Credit Card,Liberia
3937443,14126,2022-07-27,2055.05,Cash,Vanuatu
2634906,1481487,2022-08-21,2412.21,Cash,Taiwan
4065989,183773,2022-06-10,479.87,PayPal,Guinea-Bissau
6004770,999538,2023-09-27,2416.9,Credit Card,Venezuela
6574502,1683906,2023-04-27,0.0,Cash,Saint Helena
1054271,990602,2024-03-01,2042.04,Cash,Myanmar
5955084,1559323,2024-05-20,2681.66,Credit Card,Philippines
6493151,1716179,2022-10-12,986.89,PayPal,Ireland
624384,131586,2024-12-07,113.91,Credit Card,Kyrgyz Republic
3451235,548339,2025-06-18,1440.0,Cash,Iceland
326987,1510940,2022-11-05,169.13,PayPal,Peru
7302033,1356772,2024-03-13,764.7,Bank Transfer,Cambodia
6946467,667466,2025-08-04,1977.3,Bank Transfer,Turks and Caicos Islands
5206916,1511795,2025-03-15,1631.98,Cash,Solomon Islands
941408,1381774,2023-01-19,633.3,Bank Transfer,Bosnia and Herzegovina
5378785,1362513,2021-09-11,2816.88,Credit Card,Sri Lanka
6987131,1454652,2025-03-19,1442.82,PayPal,Saint Pierre and Miquelon
6621616,1629064,2021-10-08,2725.26,Cash,Paraguay
1819267,63204,2023-05-18,2703.54,Cash,Pakistan
7216141,184879,2023-09-29,564.09,Bank Transfer,Thailand
6474405,1389208,2023-10-19,695.98,Bank Transfer,Japan
619927,1196136,2025-06-25,3382.57,PayPal,Bosnia and Herzegovina
5177774,1846488,2022-07-31,2352.77,Bank Transfer,South Africa
4062224,642223,2022-11-11,2377.7,Cash,Costa Rica
4699311,678862,2024-09-06,6311.06,PayPal,Montenegro
1548573,1249823,2021-09-03,3529.03,Cash,Namibia
3300749,605731,2023-08-07,1598.77,Bank Transfer,Bermuda
7699507,308822,2021-12-09,2586.84,Cash,Oman
6183226,928216,2022-10-06,3060.94,Cash,Kazakhstan
6679249,1008806,2023-12-30,186.64,Bank Transfer,Liberia
7222206,821869,2025-01-16,3551.22,Cash,Andorra
4462382,335404,2022-02-20,1851.17,Bank Transfer,Ghana
6738648,1010772,2025-04-30,1223.58,Credit Card,Saint Vincent and the Grenadines
7603021,1084006,2024-10-12,4108.88,Cash,Turks and Caicos Islands
2281522,1324039,2024-10-21,4944.99,Credit Card,Finland
755838,1506192,2021-12-28,1234.33,PayPal,Argentina
5149272,691640,2023-06-12,688.92,Bank Transfer,Austria
247854,257229,2025-07-30,3477.34,Bank Transfer,Sao Tome and Principe
6219333,1507670,2025-03-24,1697.4,Credit Card,United Kingdom
2010171,1171233,2024-10-27,1955.12,Bank Transfer,Croatia
432162,1413499,2022-12-01,4180.35,PayPal,Honduras
56390,1900438,2023-07-05,2490.41,Bank Transfer,Marshall Islands
6117361,1077112,2022-06-29,474.6,Credit Card,Yemen
1894819,146961,2021-12-31,0.0,PayPal,Falkland Islands (Malvinas)
2123405,1617733,2024-01-17,2288.59,Bank Transfer,Guernsey
2398088,145624,2022-10-07,2414.78,PayPal,Bangladesh
2697274,1051911,2025-01-13,852.8,Credit Card,Sao Tome and Principe
2596973,745491,2023-09-05,373.7,Cash,Oman
2469328,33348,2022-12-25,4637.64,Bank Transfer,Tuvalu
151532,973539,2022-01-25,898.2,Cash,Nauru
3606803,1216497,2025-07-15,2122.65,Bank Transfer,Niger
2241192,1931521,2025-08-14,1911.36,Cash,Togo
3257061,328328,2021-10-26,2789.08,Bank Transfer,Philippines
3738789,1017917,2023-12-12,612.75,Bank Transfer,Antarctica (the territory South of 60 deg S)
6292976,933361,2024-05-12,774.73,Bank Transfer,Ukraine
1900051,25931,2025-05-11,3675.22,Bank Transfer,Malaysia
3586165,1525418,2024-05-03,964.41,Bank Transfer,Faroe Islands
6180647,51186,2022-10-14,2203.06,Bank Transfer,Burkina Faso
5305677,530102,2022-03-13,2040.68,Cash,Syrian Arab Republic
694384,914483,2021-09-04,1730.29,Credit Card,Luxembourg
1933002,731588,2024-04-12,4346.48,Bank Transfer,Nigeria
6070066,1065347,2024-05-24,2066.31,Cash,Mozambique
729832,880247,2024-04-04,1267.67,Cash,Georgia
2304288,1251924,2024-07-08,1852.72,Cash,Tokelau
80089,104064,2022-09-04,653.68,Bank Transfer,Russian Federation
3031420,810614,2024-08-03,2353.91,PayPal,Cambodia
3189117,1152518,2021-11-24,1928.34,Cash,Sierra Leone
4739408,1221323,2022-09-21,0.0,PayPal,Cook Islands
7238023,422981,2024-06-17,0.0,Bank Transfer,Cyprus
6247981,798812,2022-06-09,2157.07,Credit Card,Tokelau
1769689,1346256,2023-09-29,974.88,Bank Transfer,Northern Mariana Islands
6155268,85794,2022-03-24,0.0,Cash,Cape Verde
3756712,1803664,2022-11-26,1039.76,PayPal,Latvia
6755949,596495,2024-08-28,1163.9,Cash,Western Sahara
6548098,1075383,2022-05-18,2393.05,Credit Card,Aruba
2799294,849916,2024-11-16,1385.45,Cash,Norway
4593757,206950,2022-07-23,492.3,Bank Transfer,French Guiana
5446552,1521968,2022-02-25,1283.44,Credit Card,Reunion
7029795,1740651,2022-11-17,605.72,Bank Transfer,Cambodia
3333716,237813,2023-11-26,1565.72,PayPal,Argentina
7569525,545133,2023-03-16,2482.62,Credit Card,Mayotte
5636399,1012385,2021-12-30,4513.06,PayPal,Vanuatu
5252984,804373,2024-05-18,3907.88,Credit Card,Macao
7933269,1272515,2022-06-26,685.85,Cash,Svalbard & Jan Mayen Islands
240016,830771,2025-01-03,1525.32,PayPal,Saint Barthelemy
968652,1788312,2024-05-30,461.16,PayPal,Ireland
3041531,1151026,2025-05-25,274.16,Cash,Bouvet Island (Bouvetoya)
2631895,954835,2023-04-06,5419.05,PayPal,Venezuela
3395811,1942476,2024-09-19,143.44,Cash,Ukraine
4010812,56852,2023-05-13,1938.04,Credit Card,Tunisia
4174690,597273,2024-09-07,1453.96,Credit Card,Austria
3910075,1420722,2024-04-01,1419.89,PayPal,Palestinian Territory
2196246,786555,2023-11-27,3214.8,Cash,Tonga
6453937,200698,2023-01-21,2871.05,Bank Transfer,British Virgin Islands
296417,101247,2025-03-21,1641.95,Credit Card,Chad
1264273,1549908,2021-08-31,4313.32,Bank Transfer,Macao
979647,720095,2021-09-04,752.95,Credit Card,Belgium
4870377,1375328,2025-07-15,798.92,Credit Card,Nauru
7359371,401662,2025-06-09,3139.21,Cash,Anguilla
1705016,651418,2021-12-28,2124.79,Cash,Turks and Caicos Islands
6473371,1597833,2022-07-09,403.39,Cash,Haiti
2363222,1808543,2023-08-01,1764.72,Bank Transfer,Cote d'Ivoire
3927995,20873,2023-04-12,2856.58,PayPal,Panama
441798,119058,2022-04-13,3421.32,Cash,Myanmar
1388004,74581,2024-03-02,3805.21,Credit Card,Paraguay
5857963,1194053,2022-06-06,434.54,PayPal,Dominican Republic
3063025,1609650,2021-12-25,1924.02,Bank Transfer,Burundi
4887830,1956003,2025-01-16,3233.05,PayPal,Ethiopia
4571195,1589715,2021-09-11,2369.25,Credit Card,Morocco
1207556,1543632,2023-03-31,809.19,PayPal,Bulgaria
1212905,1353007,2024-07-02,3682.44,Cash,Iceland
7742356,740342,2023-12-17,5538.63,Credit Card,Taiwan
5857615,157661,2023-05-18,2840.33,PayPal,Sri Lanka
3931482,1927167,2024-08-10,2673.2,PayPal,Denmark
2305697,495625,2023-11-14,50.36,Credit Card,Australia
859562,814468,2025-08-26,1845.88,Bank Transfer,Lebanon
3920843,1281675,2024-01-05,1796.24,PayPal,Peru
5446457,444176,2023-07-31,1033.57,Bank Transfer,Syrian Arab Republic
4168530,1103865,2023-08-01,1614.88,Bank Transfer,Ukraine
6482818,1389284,2023-11-30,5384.98,Bank Transfer,Mozambique
754321,1127535,2024-07-23,1061.88,Credit Card,Maldives
7623486,531751,2022-06-26,2152.88,Bank Transfer,Djibouti
7887891,493505,2023-03-04,51.72,Bank Transfer,Bolivia
4438796,1822279,2023-11-25,26.17,PayPal,Guinea
2463516,755948,2025-03-27,455.8,Credit Card,Anguilla
1071881,1775593,2022-01-18,3448.6,Cash,Martinique
5275422,1436210,2023-12-20,2382.45,PayPal,Cyprus
7243065,1464775,2022-10-24,902.85,Bank Transfer,Myanmar
6454432,275394,2025-01-25,2090.24,Bank Transfer,Somalia
5506169,820818,2025-05-28,318.0,Bank Transfer,Tokelau
3924781,1490304,2025-02-17,2952.43,Credit Card,Seychelles
2983057,747936,2022-06-01,0.0,PayPal,Yemen
7592209,126617,2023-09-13,1153.57,PayPal,United States of America
5278244,1165373,2023-03-19,779.76,Bank Transfer,Andorra
3482745,1698571,2024-10-10,919.53,Credit Card,Saint Martin
4237710,431969,2022-09-21,5790.28,PayPal,Bolivia
3521626,236220,2023-12-27,1150.66,Bank Transfer,Tonga
5868192,476057,2021-11-21,1766.89,Cash,Gabon
958591,515933,2024-06-11,0.0,Credit Card,Bulgaria
3165220,1437357,2025-04-28,0.0,Credit Card,Jamaica
6449010,254125,2024-05-29,4250.82,Credit Card,United States Virgin Islands
2376938,1172499,2023-03-11,2246.94,Bank Transfer,Gibraltar
3984469,153183,2022-03-10,3582.84,Cash,Somalia
5028397,749333,2024-09-02,32.16,Cash,Wallis and Futuna
6843031,978916,2023-03-15,458.27,Cash,Uganda
2191474,41983,2023-07-15,1448.26,Cash,Egypt
6278389,1050205,2022-12-30,980.13,PayPal,Vanuatu
2334201,661030,2021-09-17,1423.31,PayPal,Kuwait
7771332,747302,2024-11-17,612.92,Credit Card,Iceland
6642162,1638251,2024-04-20,2323.66,PayPal,Belize
7016478,18083,2024-04-23,3368.71,Credit Card,Netherlands
3211335,1401096,2023-05-24,2189.36,Cash,Monaco
1611115,1975658,2024-11-22,102.62,Cash,Switzerland
6891099,1397519,2022-09-22,1565.01,Bank Transfer,Bolivia
4404116,324833,2022-08-14,2298.14,Cash,South Africa
7510346,586585,2024-08-22,1582.13,Credit Card,Myanmar
6976884,24313,2022-01-24,3245.71,PayPal,Uruguay
358260,1369256,2022-08-12,552.64,Cash,Yemen
7543902,1147829,2021-10-18,0.0,Cash,Tanzania
6389300,644574,2023-09-27,0.0,Credit Card,Falkland Islands (Malvinas)
7016683,651079,2023-10-26,486.99,PayPal,Macao
1086237,607522,2023-07-28,4629.19,Credit Card,United States of America
3642738,1205291,2023-09-11,1371.26,Cash,Equatorial Guinea
4833972,1604886,2023-08-11,570.01,PayPal,North Macedonia
7631817,1543559,2023-09-20,3522.67,Cash,Iran
4659681,1074883,2023-04-12,525.83,Cash,Solomon Islands
747293,1276255,2023-08-04,2176.79,Bank Transfer,Cape Verde
3831220,1362430,2022-07-07,0.0,PayPal,Ghana
6116951,1761828,2022-09-27,441.73,Credit Card,Malta
5007706,411210,2023-10-11,3806.04,Cash,Saint Barthelemy
304770,1541833,2022-06-25,1931.51,Credit Card,Spain
7050450,1083704,2022-03-17,905.15,PayPal,Brunei Darussalam
339028,1286346,2021-10-24,73.71,Bank Transfer,Samoa
6989978,1653032,2022-07-17,1240.65,Credit Card,Colombia
5466497,925792,2024-07-12,2467.98,Bank Transfer,Lithuania
3001754,145506,2022-02-24,1376.37,Bank Transfer,Slovenia
4590405,637226,2023-08-24,0.0,Bank Transfer,China
2384164,1807412,2024-12-03,4834.44,Bank Transfer,Palestinian Territory
4726997,709802,2024-12-07,1102.91,Credit Card,Benin
1862978,291684,2023-01-09,2551.13,Cash,Faroe Islands
1276720,425670,2025-08-01,5101.42,PayPal,Congo
6476605,1298936,2023-03-04,513.05,Cash,Slovenia
2973679,1750383,2022-04-10,1858.82,PayPal,New Zealand
6459805,332313,2023-05-20,4074.67,Credit Card,Kazakhstan
25377,1638123,2024-09-08,3410.8,Cash,Azerbaijan
1152653,1598209,2022-01-26,4387.68,Cash,Nauru
2899463,624972,2022-08-16,942.32,PayPal,Turkmenistan
6188622,1488658,2025-06-13,4435.26,Cash,Niue
2736960,138580,2023-09-20,3409.87,Bank Transfer,Micronesia
7210952,549361,2025-01-11,4221.32,PayPal,South Africa
6145531,1291753,2023-02-18,2802.0,Cash,Western Sahara
6072446,1385522,2023-12-19,1563.28,Cash,Bosnia and Herzegovina
1448746,1592472,2025-05-23,1749.59,Credit Card,Thailand
4596685,822268,2021-12-18,4645.02,Cash,Jersey
1278319,838447,2025-03-27,112.4,Cash,Indonesia
4744994,986706,2024-12-15,0.0,Bank Transfer,Vietnam
6507710,1776044,2023-09-29,2171.05,Credit Card,Kuwait
2382156,1316917,2025-02-26,0.0,Credit Card,Kazakhstan
5088174,738332,2024-09-15,1518.46,Bank Transfer,Netherlands Antilles
4921241,819223,2024-02-12,2050.86,PayPal,Cuba
6141631,1546731,2022-11-28,3974.57,PayPal,Cambodia
6560942,1297244,2022-06-08,1373.5,PayPal,Korea
455918,1143736,2023-05-26,1316.24,PayPal,Guatemala
2575950,278803,2024-04-14,2397.12,Cash,Brazil
1294337,465701,2024-02-04,2595.68,Cash,India
4028687,1661852,2025-04-20,1810.86,Bank Transfer,Malaysia
1556261,1181454,2022-11-20,1331.0,Cash,Japan
5826951,1538888,2022-08-12,1230.1,Bank Transfer,Romania
1437177,1352797,2025-08-20,1535.68,Bank Transfer,Singapore
2421549,421417,2021-12-11,1483.08,Credit Card,Gambia
5574938,1232265,2025-04-30,3311.32,Credit Card,Morocco
5969484,903506,2022-10-18,437.54,Cash,Northern Mariana Islands
186681,1994838,2022-08-28,921.9,Bank Transfer,Israel
4743335,1020384,2024-06-15,793.1,Cash,Guyana
6048310,799586,2024-04-18,8681.07,PayPal,Germany
4027612,1650336,2023-10-22,2708.74,Cash,Gambia
4609559,1731777,2024-04-13,2535.42,PayPal,Hungary
320453,1162446,2023-01-02,2261.4,PayPal,Liechtenstein
5235713,1164657,2022-12-11,3816.98,Cash,Switzerland
4681232,1262220,2021-09-29,1033.65,Bank Transfer,Bangladesh
7301785,1060647,2022-11-29,2793.67,PayPal,Korea
6879801,1111442,2024-12-21,385.93,Cash,South Georgia and the South Sandwich Islands
5593898,1033337,2024-04-06,750.68,PayPal,United States Virgin Islands
785329,1002804,2021-12-06,278.08,PayPal,Eritrea
7721305,1776179,2025-08-15,0.0,Credit Card,Gabon
5102078,431574,2025-03-05,1690.15,PayPal,Uruguay
4837719,655057,2022-12-01,4178.44,PayPal,Algeria
5096512,252914,2024-07-04,2505.68,Cash,Canada
228234,1238867,2024-10-05,2001.33,Credit Card,Albania
1355059,1544545,2022-02-14,586.0,Cash,Cambodia
2008285,967357,2025-04-20,1948.32,Cash,Bouvet Island (Bouvetoya)
1248497,1382217,2021-10-16,2515.42,Cash,Czech Republic
6901165,181060,2022-07-19,1179.39,Bank Transfer,United Kingdom
62006,1234194,2023-08-09,2759.76,PayPal,Saint Vincent and the Grenadines
2551304,1368721,2024-05-08,2710.76,PayPal,Belize
5847557,11551,2023-12-05,0.0,Credit Card,Luxembourg
4495849,780192,2022-06-10,3617.35,Bank Transfer,Cambodia
5838245,1674867,2024-02-15,705.75,Cash,Mongolia
6810921,1214353,2022-11-04,1847.48,Credit Card,Grenada
5015762,787204,2022-07-31,1570.14,Credit Card,Venezuela
1197097,1196879,2025-06-21,3434.04,Credit Card,Kazakhstan
2526423,19513,2022-04-29,2495.8,Credit Card,Isle of Man
1995244,1471628,2024-02-10,7416.5,Cash,French Guiana
7240642,1013129,2022-06-10,2136.74,Credit Card,Barbados
3001798,1396268,2024-02-20,833.82,Bank Transfer,Trinidad and Tobago
2763709,424867,2024-12-26,3835.99,PayPal,France
3393511,524526,2022-11-29,2180.4,Cash,Slovenia
4299482,1861924,2022-10-30,0.0,Credit Card,Spain
690052,1605038,2023-01-16,2526.09,PayPal,Macao
1127392,702618,2024-09-11,816.04,PayPal,Haiti
4510328,184467,2022-10-20,2501.61,Bank Transfer,Marshall Islands
816426,1519670,2023-09-07,2583.0,Credit Card,Mauritius
6512042,117433,2025-05-31,1105.12,PayPal,Cape Verde
7818896,467976,2024-01-26,5713.7,Credit Card,Cape Verde
7355200,1918304,2022-01-13,1947.16,Credit Card,Bahrain
7480374,236036,2023-08-27,1245.92,Credit Card,Holy See (Vatican City State)
563319,614987,2024-07-25,1878.06,Credit Card,New Zealand
1157612,1226469,2022-03-27,3561.97,Bank Transfer,United Arab Emirates
2244245,1227881,2022-05-07,963.54,Credit Card,Taiwan
4680793,540357,2024-11-25,995.86,Bank Transfer,Saint Vincent and the Grenadines
4987678,1345370,2023-01-29,414.03,Bank Transfer,Jamaica
2777106,86665,2023-07-15,2377.73,Credit Card,Northern Mariana Islands
1251421,1446749,2021-12-22,2095.12,Cash,Lesotho
6951274,1253713,2024-06-17,1592.86,Credit Card,Saint Kitts and Nevis
1579163,687746,2022-07-29,2601.06,PayPal,Serbia
4766411,1355172,2024-05-07,2746.8,Cash,Guinea-Bissau
3564778,86846,2023-03-07,444.98,Bank Transfer,Morocco
2650844,1092095,2025-08-18,1845.32,Cash,Senegal
6921452,605965,2022-07-23,1201.79,Credit Card,Togo
7948726,260967,2024-01-03,2382.71,Cash,Dominican Republic
2244133,168607,2024-07-22,409.75,Credit Card,Marshall Islands
3162482,1118833,2023-05-10,5009.55,Credit Card,Oman
862786,1759743,2022-12-20,1798.06,Cash,Korea
1926997,610929,2022-11-06,0.0,Bank Transfer,Greenland
5641091,69816,2022-02-06,4401.23,Bank Transfer,Mayotte
7588903,941417,2024-11-25,3587.12,PayPal,Jersey
6937963,1917710,2024-07-29,2271.31,Credit Card,Spain
1994000,628938,2023-04-06,2645.45,Bank Transfer,Palau
5958314,1558677,2024-11-06,1314.81,Cash,Ukraine
1949761,876715,2024-02-19,522.24,Cash,Solomon Islands
4140975,71897,2021-09-11,2967.9,Credit Card,Sierra Leone
7752201,1139985,2025-08-27,2549.83,Bank Transfer,Holy See (Vatican City State)
6032999,121635,2021-12-05,2792.55,Bank Transfer,Saint Pierre and Miquelon
3136853,933557,2022-06-04,877.53,Credit Card,Korea
5395910,1118205,2025-08-25,704.19,Cash,Ecuador
626253,1389857,2022-08-29,2537.86,Cash,Monaco
4551595,1873232,2021-11-25,2372.12,PayPal,Czech Republic
7667286,1273080,2024-11-17,1683.06,PayPal,Kuwait
1128143,912670,2023-04-16,687.38,Cash,Greenland
1746550,1073035,2021-09-28,1822.82,Credit Card,Iceland
6864749,1362831,2025-02-13,3425.02,PayPal,Somalia
7755778,1763506,2022-05-28,2644.33,Bank Transfer,Brunei Darussalam
1233221,928546,2023-09-30,2552.46,Bank Transfer,France
4146566,423292,2023-01-19,842.82,Bank Transfer,Guatemala
5748915,1078108,2024-09-18,0.0,PayPal,Iceland
5273606,701351,2025-07-22,717.44,Credit Card,Mauritius
5051118,1721719,2025-01-08,2800.54,Bank Transfer,Guyana
2859212,1345666,2025-01-27,2659.92,PayPal,Isle of Man
346102,1728683,2024-08-14,595.15,Bank Transfer,Ethiopia
7366181,1471377,2025-08-10,2164.27,Bank Transfer,Nicaragua
7431499,1285967,2024-12-27,0.0,Cash,Cuba
2768659,1143503,2025-02-15,891.61,PayPal,Finland
4495850,1530824,2025-03-08,1515.36,Credit Card,Taiwan
6152388,1886138,2022-02-16,0.0,PayPal,Armenia
3159591,1753107,2025-08-26,3263.17,PayPal,Greece
7514984,1025951,2023-05-17,1602.36,Bank Transfer,Tokelau
5102528,479222,2024-10-12,3638.83,Credit Card,Cameroon
2590671,1753432,2022-12-06,1563.38,Cash,American Samoa
3241037,490377,2023-08-02,2128.58,Bank Transfer,Russian Federation
7076253,431978,2022-03-14,1110.97,Cash,New Caledonia
7394625,1496398,2022-02-21,1800.91,Cash,Gambia
3648355,1997314,2024-06-08,725.4,Cash,Luxembourg
7549528,725317,2023-10-11,194.18,Credit Card,Uganda
515716,105762,2025-08-23,0.0,Credit Card,Haiti
1443508,1223432,2024-08-08,2817.41,PayPal,Tunisia
1909905,603784,2023-02-25,1274.63,Cash,Georgia
5951090,1668715,2021-10-24,3692.67,Cash,Peru
6690626,517747,2023-08-20,2607.0,Cash,Nicaragua
5212886,311777,2023-06-11,0.0,PayPal,Panama
2573826,1003316,2025-07-01,3011.14,Bank Transfer,Australia
5912702,444610,2025-08-23,353.16,Cash,Burundi
2300284,641783,2024-10-27,1534.95,Bank Transfer,French Southern Territories
1880798,763747,2022-12-21,1847.94,Bank Transfer,Czech Republic
2903320,1273062,2024-10-10,2305.37,PayPal,Bosnia and Herzegovina
6225209,714078,2021-11-13,2307.08,Credit Card,Mozambique
344614,602602,2023-07-06,2787.38,Cash,United Kingdom
5681676,890397,2024-10-19,1585.84,Cash,Nicaragua
3593930,789001,2025-08-20,213.76,PayPal,Turkey
7172940,638179,2022-12-07,3521.96,Bank Transfer,French Southern Territories
836869,877452,2024-08-12,2302.49,Credit Card,Swaziland
2108261,990914,2022-01-02,0.0,Bank Transfer,Ethiopia
4985448,901322,2023-12-23,1662.92,Credit Card,Jersey
298537,1227236,2022-01-29,1738.4,PayPal,Albania
1173821,722946,2024-09-18,720.99,Bank Transfer,Sudan
2704339,669353,2022-02-10,2749.4,Cash,Lebanon
2467888,1149078,2022-09-13,0.0,Cash,Turkey
5750864,1896928,2024-02-29,1606.48,Cash,Gambia
5100572,167539,2022-05-23,3415.42,Cash,Albania
2598285,634358,2024-07-17,4420.68,Cash,Saint Barthelemy
3772329,808552,2023-07-06,4819.38,Bank Transfer,Armenia
7856607,898861,2022-08-31,733.44,Credit Card,Mozambique
6401633,1006454,2024-01-27,2159.09,PayPal,Greece
7784031,1333476,2024-04-23,6019.59,PayPal,Korea
4009710,131231,2025-07-22,784.95,PayPal,Austria
5586372,1785193,2024-05-23,1459.02,PayPal,Palestinian Territory
2627034,748977,2021-12-29,2994.63,Credit Card,Angola
6643885,1939423,2025-03-21,2060.7,Bank Transfer,Jersey
7550267,504335,2025-02-07,925.72,PayPal,Malawi
7527811,1495679,2024-05-10,3434.11,PayPal,Cameroon
3182165,1616721,2024-01-09,503.71,PayPal,Saint Helena
2886859,1490754,2022-09-06,2590.72,Bank Transfer,Poland
3953957,359172,2025-06-29,832.88,PayPal,United States of America
4747254,1579092,2023-03-18,3206.26,Bank Transfer,South Georgia and the South Sandwich Islands
5712149,1408415,2022-09-24,2034.6,Credit Card,Lao People's Democratic Republic
7934353,1188083,2023-06-03,1535.04,Cash,Korea
7873839,560028,2023-03-25,1955.1,Credit Card,Vanuatu
7453576,1328372,2025-02-12,3144.86,Credit Card,Pitcairn Islands
2848317,1802506,2024-06-26,1477.21,Bank Transfer,Kiribati
282415,1905173,2025-06-20,1015.4,Cash,Northern Mariana Islands
6023372,1285829,2023-11-13,1791.64,Bank Transfer,Tajikistan
7218073,1395755,2021-12-10,1440.69,PayPal,Kyrgyz Republic
3052839,1167169,2023-08-01,2702.27,Bank Transfer,Grenada
6088849,323209,2023-11-07,2280.4,Cash,Saint Barthelemy
1175728,1141629,2022-07-26,5890.69,Bank Transfer,Samoa
3687502,324318,2024-08-01,1106.65,Credit Card,Burkina Faso
3100353,456456,2021-12-08,4133.77,Credit Card,Bhutan
5927313,1972772,2024-03-21,2552.4,Bank Transfer,Tunisia
7293352,1054545,2023-03-31,3093.71,PayPal,Sudan
5940028,544542,2022-02-17,2146.96,Cash,Lesotho
6806438,761889,2023-01-18,1431.02,Cash,New Caledonia
1389755,1498597,2021-11-03,2790.03,Credit Card,Guatemala
6392769,1074758,2023-10-09,3330.05,Bank Transfer,Bahrain
5768836,1901869,2024-06-12,6123.8,Bank Transfer,Myanmar
2486277,42434,2025-05-13,1107.8,Cash,Cape Verde
149946,1516608,2023-02-18,3312.07,Cash,Bhutan
2359124,253899,2022-12-15,269.9,PayPal,New Caledonia
1207475,1588632,2024-05-21,2140.41,Cash,Pakistan
7074540,1508670,2025-08-17,4372.04,PayPal,Korea
7559197,250766,2021-09-27,0.0,PayPal,Guatemala
344530,1610531,2024-11-10,1272.66,Credit Card,Algeria
5313337,25067,2024-04-06,1821.08,Credit Card,Sweden
1079641,685907,2023-11-07,3783.44,Cash,Belarus
5528993,1405324,2025-03-03,187.36,Credit Card,United States Virgin Islands
4040262,348548,2024-09-29,3395.71,Bank Transfer,Maldives
2252049,12207,2022-09-01,4337.64,PayPal,French Southern Territories
5988359,593889,2025-08-17,3490.9,PayPal,Mauritius
2875602,1718902,2021-11-22,2240.01,PayPal,Switzerland
406603,12488,2022-12-14,285.91,Cash,Montserrat
4758568,440230,2024-11-09,2597.45,Bank Transfer,Mozambique
1125317,1407361,2024-07-01,83.25,Cash,Algeria
1190467,1746224,2021-10-07,674.65,Credit Card,Iran
1357296,1529819,2024-08-07,1201.15,PayPal,Guyana
3205368,1428048,2023-04-14,1686.75,Cash,Lesotho
5139211,1280246,2022-03-23,3693.77,Cash,Bermuda
7885508,1653408,2024-12-30,538.27,PayPal,Papua New Guinea
7941497,206766,2023-10-04,878.99,Cash,Palestinian Territory
7564498,1555738,2025-06-20,0.0,PayPal,Nigeria
5637727,1162844,2022-11-17,1298.13,Credit Card,Austria
1333130,781007,2022-04-19,1763.38,Cash,Ghana
791911,859464,2022-05-11,1856.45,Credit Card,Saint Vincent and the Grenadines
401810,1123016,2024-09-19,3568.73,PayPal,Venezuela
7247326,1898882,2023-01-12,2493.48,Bank Transfer,Oman
5103480,1527165,2024-08-17,4232.4,Bank Transfer,Lithuania
22786,1388406,2022-01-02,1431.68,Credit Card,Moldova
4322368,185442,2024-04-09,433.83,PayPal,Northern Mariana Islands
3072388,1289288,2025-04-17,285.02,Credit Card,Papua New Guinea
5106746,617313,2023-12-18,4255.8,Credit Card,Vietnam
6193999,725896,2024-07-21,342.74,Cash,Isle of Man
5652712,1417575,2022-12-05,918.48,Credit Card,Uganda
3823359,1528446,2023-12-21,1653.72,Credit Card,Netherlands Antilles
4746905,833104,2022-03-10,5321.3,PayPal,Uganda
5458618,1653906,2023-02-07,8485.14,PayPal,Antigua and Barbuda
6578323,813716,2025-07-29,339.96,Bank Transfer,Serbia
3159175,143957,2023-11-06,2136.37,Credit Card,Austria
4369438,573943,2021-11-24,0.0,Credit Card,Samoa
6066487,1994927,2022-09-19,1490.34,Credit Card,Croatia
2263565,1316122,2025-06-24,1201.74,PayPal,Indonesia
7514849,1596324,2021-09-01,445.22,Bank Transfer,Germany
54363,987706,2023-05-26,0.0,Bank Transfer,Malaysia
3268961,301548,2025-04-22,2196.52,Credit Card,French Guiana
2929269,1998274,2022-05-30,2290.84,PayPal,San Marino
4850477,166559,2022-08-10,1366.37,Cash,Guinea
7815132,367897,2022-03-07,1099.54,PayPal,Poland
764009,631117,2024-08-01,348.74,PayPal,Botswana
698073,99617,2024-07-28,61.83,PayPal,Mexico
1343542,290552,2025-07-02,395.62,PayPal,Guernsey
5524083,1675237,2025-04-21,6246.84,Cash,Tajikistan
7990584,1432385,2024-03-04,999.54,PayPal,Dominica
6098800,1243967,2023-07-11,209.84,PayPal,Central African Republic
5661775,557497,2024-01-17,487.13,Bank Transfer,Cayman Islands
7756325,1436881,2022-05-04,3879.06,Cash,Falkland Islands (Malvinas)
1420107,894162,2022-03-11,1222.47,Cash,Latvia
3925120,1553017,2025-06-24,1074.88,Credit Card,Micronesia
7902686,156004,2022-01-12,3126.55,PayPal,Sweden
5071329,1077613,2023-06-27,3882.93,PayPal,Netherlands
3278735,994022,2022-12-22,0.0,Bank Transfer,Cocos (Keeling) Islands
4499030,749897,2023-10-14,2443.67,Cash,Mauritania
2689310,3123,2024-01-25,1978.86,Credit Card,Andorra
4123259,696068,2024-01-31,18.08,Bank Transfer,Germany
5429952,891314,2022-12-10,1258.01,PayPal,Iraq
2262137,311968,2021-12-09,681.37,Cash,Moldova
26019,1615324,2022-10-06,3340.26,Cash,Uganda
4188644,59011,2022-02-28,0.0,Bank Transfer,Cook Islands
1746718,361251,2024-06-16,1111.97,Bank Transfer,Lebanon
4061531,313357,2022-12-05,2428.88,Credit Card,Swaziland
7254365,1896734,2022-07-12,3075.4,Bank Transfer,French Southern Territories
3208260,380539,2023-08-23,790.4,Bank Transfer,British Indian Ocean Territory (Chagos Archipelago)
750634,1328541,2023-08-26,333.63,Bank Transfer,Malawi
7296525,1843555,2025-06-16,0.0,Cash,Saudi Arabia
6704923,1686090,2023-12-24,0.0,Bank Transfer,Germany
1957583,1011217,2022-12-01,5394.94,Bank Transfer,Seychelles
903982,658107,2023-12-06,2758.43,Credit Card,Rwanda
4352191,983009,2022-01-24,2461.72,Cash,Japan
7740418,1727191,2024-07-23,2393.88,Credit Card,Ecuador
6363129,1739792,2023-01-29,1415.98,Bank Transfer,Paraguay
3431925,1514775,2023-03-18,0.0,Credit Card,Luxembourg
2841588,1206395,2025-06-18,777.4,Credit Card,Aruba
7524060,1102651,2025-07-23,1700.11,Cash,French Polynesia
7602763,1862728,2023-10-28,1081.68,Cash,Serbia
1140991,318369,2024-01-18,2328.68,Credit Card,Martinique
1453003,1159776,2024-08-23,0.0,Credit Card,French Southern Territories
1158881,1105729,2024-01-18,1648.21,Credit Card,Korea
3049798,1297131,2025-04-04,3579.94,Credit Card,Croatia
896671,498280,2021-09-07,1342.82,Credit Card,Guam
4698890,1289861,2024-07-14,1536.18,Credit Card,Jersey
3419021,1308504,2021-11-18,2292.8,Cash,Russian Federation
1828857,379023,2022-12-10,2127.07,Credit Card,United States of America
596842,344426,2025-08-08,6904.82,PayPal,Benin
5124245,1766532,2021-11-01,2998.54,Cash,Sudan
4464584,293110,2022-08-27,2317.09,Cash,Gibraltar
2406723,1815401,2021-10-11,626.84,Bank Transfer,Austria
3498143,1227522,2023-08-03,258.89,Credit Card,Qatar
7647186,237012,2025-06-21,2370.16,Cash,Belize
6827072,280236,2024-10-09,1540.74,Bank Transfer,United States Minor Outlying Islands
7432274,1589544,2024-01-04,930.44,Cash,Sweden
4799958,820320,2022-06-08,4502.19,Cash,Cook Islands
6630757,349449,2022-11-15,1300.26,Credit Card,Uruguay
4477992,578498,2025-04-15,2294.68,PayPal,Saint Helena
4642490,385574,2022-03-05,5246.72,Bank Transfer,Cuba
1511783,651819,2022-05-02,1714.72,Credit Card,Sudan
6282146,603248,2023-06-30,2254.2,PayPal,Kyrgyz Republic
4606675,538637,2022-05-23,2052.66,Credit Card,Timor-Leste
4894113,1620679,2023-11-06,2428.86,PayPal,Lebanon
1363828,1051499,2022-05-08,2341.66,PayPal,Christmas Island
984524,1955781,2025-08-26,1215.36,Credit Card,Latvia
6020892,1223358,2022-05-29,1963.4,PayPal,Togo
5372465,136232,2022-06-24,5082.03,Bank Transfer,Croatia
7169232,1961780,2025-04-11,0.0,PayPal,Congo
6105439,157415,2023-06-19,461.85,Cash,Bahrain
913476,212772,2023-11-01,1307.18,Credit Card,Guernsey
4077297,518829,2024-08-21,0.0,Bank Transfer,Poland
6829871,745575,2022-04-05,0.0,Bank Transfer,Norfolk Island
4964689,1528344,2023-01-18,2305.78,PayPal,Argentina
3074171,682157,2022-08-16,3283.97,Bank Transfer,Nepal
6718322,1614422,2021-12-08,679.59,PayPal,Liechtenstein
7129070,428556,2022-06-12,2005.8,Cash,Cameroon
2234180,1744545,2021-09-23,2357.33,PayPal,Gambia
7636990,128829,2025-06-01,2478.45,Credit Card,British Indian Ocean Territory (Chagos Archipelago)
5300328,1358205,2023-05-13,3985.48,Bank Transfer,Saint Kitts and Nevis
5817735,1043757,2024-06-11,226.74,Cash,Bahamas
2031079,1332028,2023-12-13,3275.19,Credit Card,Lithuania
790608,654904,2023-11-20,960.18,Cash,Czech Republic
491322,1918275,2024-08-05,892.0,Bank Transfer,Tonga
1850632,920353,2022-02-16,1074.11,Cash,Turkmenistan
4833331,607382,2021-09-12,1968.55,Cash,India
6800731,770508,2024-05-10,988.35,Credit Card,Kuwait
6984053,637425,2022-02-27,3471.67,Cash,Timor-Leste
2451158,820407,2023-09-24,1531.44,Credit Card,Guinea
1337435,434138,2023-11-21,1580.85,PayPal,Kuwait
5130401,1885559,2023-11-12,1177.65,Credit Card,Argentina
7627456,646265,2023-03-14,2234.55,Credit Card,Uganda
2532372,1058929,2022-05-28,730.04,Bank Transfer,Martinique
3537827,1758021,2022-01-20,1941.14,Credit Card,Sao Tome and Principe
1418616,1640049,2022-08-04,2647.5,Credit Card,Afghanistan
3860814,322311,2024-01-20,3423.01,Credit Card,Singapore
3652487,661484,2024-06-30,4229.55,Cash,Botswana
3104743,547931,2023-04-18,1172.1,Cash,Senegal
1658387,968316,2024-08-19,1323.95,PayPal,Cayman Islands
169923,1265503,2023-10-07,1379.98,Cash,Kyrgyz Republic
4218612,1053554,2022-09-27,1888.29,Bank Transfer,Denmark
4015078,87715,2022-10-29,3262.52,Bank Transfer,Ghana
7805600,1573864,2024-05-15,3102.23,Credit Card,Ethiopia
2702111,1748822,2024-01-07,445.65,Cash,Argentina
2706112,789060,2023-07-29,0.0,Bank Transfer,Austria
3046573,462206,2023-07-03,985.96,Bank Transfer,New Caledonia
46409,249092,2022-04-01,0.0,Bank Transfer,Somalia
1475973,84902,2025-08-12,222.58,Credit Card,Bahamas
1186496,1122998,2024-04-05,0.0,Bank Transfer,Zambia
4425065,209957,2024-08-06,2719.27,Bank Transfer,Zimbabwe
2858656,354582,2023-03-12,898.84,PayPal,Isle of Man
336123,367916,2025-03-10,1878.95,Credit Card,Afghanistan
4869226,673565,2023-02-28,2183.55,Cash,Jersey
2434172,1805205,2025-08-24,1488.66,PayPal,Sierra Leone
1688791,1579431,2023-03-05,676.41,Cash,Romania
2910226,1843644,2023-01-12,3713.65,PayPal,Afghanistan
2258886,985196,2022-02-28,871.46,Bank Transfer,Hungary
2474833,269504,2022-09-07,2940.06,Bank Transfer,Kiribati
5591587,411476,2025-08-18,2855.16,Bank Transfer,Iraq
7785349,312729,2024-09-16,3173.14,Bank Transfer,Turks and Caicos Islands
4401758,1236023,2024-03-10,3243.8,Credit Card,Tokelau
2318779,488460,2022-11-04,1116.12,Credit Card,Chad
2476159,1979768,2024-03-19,536.65,Credit Card,Mongolia
4714884,527994,2024-11-11,2298.85,Credit Card,Moldova
7104881,418479,2025-03-04,2841.28,PayPal,Suriname
966258,362968,2025-04-02,295.19,PayPal,Comoros
7734919,981141,2022-01-03,991.2,Credit Card,Burkina Faso
2885096,1643648,2025-08-29,4641.51,PayPal,Guyana
3550087,1715913,2023-01-07,5033.6,Bank Transfer,Tajikistan
4864933,768784,2025-08-25,3250.47,Bank Transfer,Morocco
6244760,63847,2024-03-19,222.48,Credit Card,Bulgaria
4896678,1785083,2022-08-19,1522.88,Bank Transfer,Lithuania
6109542,108798,2023-07-10,2259.34,Credit Card,Montenegro
3105129,1692343,2025-06-14,2498.23,Credit Card,Cayman Islands
2749124,485454,2023-06-22,2531.14,Cash,Slovenia
5104687,1756567,2021-11-23,209.58,PayPal,Korea
4516374,1337314,2025-08-06,2446.15,Credit Card,Rwanda
3209849,1529142,2022-12-18,4908.35,Credit Card,Bolivia
3799424,256468,2023-09-01,1284.68,Cash,Iran
2934787,37506,2024-12-29,937.61,Bank Transfer,Russian Federation
6008934,1755301,2022-09-12,1968.73,Credit Card,Ecuador
6401313,1201400,2021-11-12,64.48,PayPal,Czech Republic
958290,684236,2022-12-26,1345.36,Credit Card,Suriname
7899978,303135,2024-12-29,2199.86,Credit Card,Ukraine
16387,1830409,2021-09-17,2143.06,Cash,Bulgaria
1023562,1883036,2024-10-22,3292.2,Cash,Canada
2315167,1001435,2025-08-07,3389.83,PayPal,Myanmar
11844,1431212,2024-03-14,200.82,PayPal,Sudan
7570342,1786070,2023-09-30,1839.03,Cash,Australia
6687368,444779,2023-03-16,2230.88,PayPal,Congo
3296067,1801094,2025-08-22,2171.95,Bank Transfer,Micronesia
4896540,380830,2022-01-23,2542.17,Credit Card,Czech Republic
2474418,161233,2024-04-25,5214.4,Credit Card,Finland
1190242,223739,2023-01-04,1530.91,PayPal,Tokelau
5249489,1038391,2022-04-24,2907.62,Cash,Saint Kitts and Nevis
2443275,1530511,2023-08-05,1250.98,PayPal,Antigua and Barbuda
7338962,432310,2022-04-20,2901.14,Bank Transfer,South Africa
3077052,1116313,2022-11-10,1352.17,Cash,Pitcairn Islands
4954147,316704,2021-11-26,1519.8,PayPal,British Indian Ocean Territory (Chagos Archipelago)
4607738,1491043,2024-02-22,4122.23,PayPal,Zambia
5751908,1816419,2025-05-02,0.0,Bank Transfer,Barbados
622483,1747931,2024-11-18,4772.78,Credit Card,Mozambique
6556453,1041423,2022-02-06,0.0,Cash,Cameroon
739926,725941,2021-11-21,1269.76,Cash,Sweden
3189465,1439490,2024-04-19,739.0,PayPal,Gibraltar
2924833,299649,2023-12-18,1924.24,Credit Card,Sweden
2167194,140566,2024-12-13,4174.76,Cash,India
7916393,753244,2024-10-06,0.0,PayPal,Ecuador
5308319,965955,2023-03-03,2205.43,Cash,Faroe Islands
6687380,128493,2023-05-24,2936.73,Credit Card,Niue
645425,627030,2025-07-10,711.15,PayPal,Reunion
525293,1708235,2023-04-12,2823.95,PayPal,Samoa
18014,1694278,2022-04-01,22.94,Credit Card,China
7658603,504039,2022-09-03,575.7,Bank Transfer,Sao Tome and Principe
2458645,196851,2023-08-11,1975.47,Bank Transfer,Samoa
5053724,595222,2024-08-26,2180.46,Credit Card,Sri Lanka
3867849,272359,2022-03-22,0.0,Bank Transfer,Northern Mariana Islands
2807308,1307280,2025-07-30,1467.36,PayPal,Bolivia
1497471,1102747,2022-05-01,292.96,Credit Card,Swaziland
2038246,478737,2024-03-04,3161.04,Credit Card,Macao
7623171,1998356,2023-01-12,498.51,Bank Transfer,New Zealand
5356352,878547,2022-08-25,0.0,Bank Transfer,Sri Lanka
2467176,1972587,2024-03-19,0.0,Bank Transfer,Central African Republic
7224895,39429,2025-05-14,0.0,Credit Card,Kenya
5410643,770062,2021-11-24,1323.26,Credit Card,Puerto Rico
1215158,199099,2022-12-07,5861.18,Bank Transfer,Saint Pierre and Miquelon
7090072,942135,2022-11-02,567.4,Cash,Switzerland
3921849,582244,2023-05-27,0.0,Bank Transfer,Denmark
4053083,1863581,2024-11-26,2411.62,Cash,Botswana
2680427,325448,2023-12-21,3313.49,Bank Transfer,Hungary
3297846,1561348,2024-03-05,286.18,PayPal,Azerbaijan
1372218,481225,2024-10-30,2023.97,Bank Transfer,Palau
492583,1248412,2023-09-22,2305.88,Cash,Turkey
5762966,1044116,2025-04-02,244.31,Cash,Costa Rica
4056114,569603,2024-03-05,1678.94,Bank Transfer,Iceland
2675905,1304125,2023-05-13,4564.27,PayPal,Montserrat
7550981,1021398,2024-03-15,52.64,PayPal,Venezuela
3390205,130223,2023-07-02,2975.16,Cash,Comoros
500793,141759,2024-05-17,1606.47,Credit Card,Mali
3318745,1268025,2023-01-08,1418.97,PayPal,Comoros
6748763,1793971,2025-08-03,1697.48,Bank Transfer,Ukraine
4124302,817229,2022-07-10,96.28,Credit Card,Korea
2020124,834546,2023-02-23,1725.3,Cash,Italy
4005553,10937,2024-08-01,429.55,Credit Card,Grenada
2734307,868874,2023-05-14,2227.04,Credit Card,Ethiopia
4426063,137832,2023-07-27,705.52,Bank Transfer,Guinea
5607006,858213,2024-09-11,505.65,PayPal,Denmark
838708,1442764,2022-10-04,968.07,Cash,Burundi
2230657,190259,2023-06-26,2046.49,Bank Transfer,Bosnia and Herzegovina
7855442,1409069,2023-04-22,2665.24,Bank Transfer,Sudan
4065751,1827358,2024-06-15,3353.73,Cash,Indonesia
1119227,386321,2025-02-15,3762.22,Credit Card,Saint Vincent and the Grenadines
420716,312609,2025-04-01,2933.36,Bank Transfer,Tunisia
2633886,1733958,2022-07-10,0.0,Credit Card,Norfolk Island
5402291,1270958,2023-09-23,3048.24,Cash,Senegal
1738878,919759,2022-07-22,4821.48,Cash,Bermuda
20035,1063746,2024-06-15,0.0,Credit Card,Mexico
1003058,1447462,2021-11-04,485.52,Credit Card,Dominican Republic
1985845,1759598,2022-07-28,1727.88,Bank Transfer,Lithuania
5308137,1285330,2023-12-21,1774.05,PayPal,Maldives
727915,1555871,2023-05-20,2870.6,Cash,Latvia
130032,551645,2021-10-22,0.0,PayPal,Guatemala
1267515,703831,2021-12-14,31.3,Credit Card,Kuwait
5449223,656990,2021-12-06,3560.2,Cash,Tunisia
1762944,1994328,2024-04-12,3447.13,PayPal,Malta
3935767,1040900,2022-04-25,1125.79,Cash,Montenegro
2408583,281877,2022-05-29,670.58,Cash,Benin
3170427,1621935,2022-07-24,4412.37,Credit Card,Trinidad and Tobago
2312826,1035376,2024-07-13,2828.83,Cash,Bolivia
6727631,451376,2024-04-12,2029.2,Bank Transfer,Togo
3608243,320848,2025-03-28,515.62,Cash,Netherlands
4183797,1522908,2025-01-24,424.28,Cash,Belize
6658807,1161102,2025-01-01,260.24,Credit Card,Afghanistan
775373,1862882,2024-10-19,2880.83,Cash,Reunion
1189934,1662965,2022-05-13,1792.64,Cash,Romania
7878159,1215073,2022-05-12,627.0,Credit Card,Congo
5267106,315548,2024-07-09,697.02,Cash,Tonga
7142429,1314753,2023-06-05,1316.63,PayPal,Bouvet Island (Bouvetoya)
5205871,256238,2024-05-17,51.49,Cash,Kyrgyz Republic
6032321,737693,2025-02-10,2012.7,Credit Card,Micronesia
5182391,477646,2021-09-03,601.94,Bank Transfer,United Arab Emirates
5550982,1883262,2025-04-10,849.57,Bank Transfer,Israel
2866886,1648680,2023-02-06,2668.5,PayPal,Congo
6869827,1334287,2022-03-17,3053.06,Cash,Trinidad and Tobago
4622318,1492147,2025-08-22,813.95,Bank Transfer,Niger
2707756,1222711,2022-09-21,2834.13,Bank Transfer,Yemen
1682774,1338437,2023-08-22,411.54,PayPal,Tuvalu
6257328,440039,2022-10-11,1922.11,Credit Card,Liberia
2393708,1617693,2024-03-03,686.59,Bank Transfer,Brazil
5560257,567128,2022-09-30,3014.86,Cash,Belarus
3061487,849865,2023-01-02,435.06,Credit Card,Canada
7856910,863194,2024-12-29,756.6,Credit Card,Australia
1554595,1581601,2025-07-21,2384.29,Cash,Sierra Leone
2280964,662540,2023-04-13,4563.94,PayPal,Guadeloupe
2110161,403922,2022-08-12,312.92,Bank Transfer,Cape Verde
1394877,705852,2022-06-04,338.28,Bank Transfer,Mayotte
7531800,1558977,2023-05-21,794.33,Credit Card,Ukraine
739881,764034,2025-07-01,1944.4,PayPal,Myanmar
4482334,1683953,2023-11-17,1258.26,PayPal,Niger
2357984,1630348,2024-01-23,1982.0,Credit Card,Vietnam
1324062,162868,2023-01-06,4206.4,Bank Transfer,Morocco
1283678,361606,2025-01-04,2633.96,Credit Card,Bouvet Island (Bouvetoya)
5310347,1468661,2025-07-08,2739.72,PayPal,French Polynesia
4237325,1976047,2022-12-28,671.92,PayPal,Trinidad and Tobago
5310501,851515,2025-04-04,3079.65,Cash,Afghanistan
4155607,496420,2023-06-23,2275.79,Cash,Netherlands
4154944,1278095,2022-10-24,1289.17,Cash,Eritrea
1241908,383679,2024-11-07,1450.96,Bank Transfer,Marshall Islands
3322764,1653865,2024-09-29,6377.65,Bank Transfer,Finland
7359804,534302,2024-01-30,1658.41,PayPal,New Zealand
7275342,1154160,2022-09-09,5471.16,PayPal,Niger
2460078,38386,2023-01-13,144.0,Bank Transfer,Djibouti
7155204,1502986,2021-09-19,2396.11,Credit Card,Morocco
1487438,1553860,2021-11-09,2516.0,Credit Card,Kyrgyz Republic
5427684,1730196,2024-12-13,1053.88,Cash,El Salvador
2879567,1948976,2024-04-05,695.38,PayPal,Saint Lucia
7198882,1156274,2021-12-21,2219.3,Cash,Jersey
7497670,541516,2024-06-09,2478.0,Cash,Egypt
7990413,890523,2022-07-07,359.37,Credit Card,Nigeria
7087262,1379838,2023-12-29,2521.02,Credit Card,Guadeloupe
4166558,10815,2024-12-01,1046.08,Bank Transfer,Turks and Caicos Islands
5394636,1141187,2024-02-18,2512.96,Cash,Djibouti
1043860,1314991,2023-03-29,2537.67,PayPal,United States of America
2728128,1411677,2023-04-19,754.4,Bank Transfer,Gambia
6598102,631571,2022-06-17,3610.85,Cash,Argentina
2530282,1740065,2022-10-31,460.79,Credit Card,Samoa
7422971,1409142,2022-02-07,3175.53,PayPal,Palau
476174,980336,2025-03-16,1164.47,Credit Card,Greece
5837037,1400610,2025-08-12,3465.57,Bank Transfer,Argentina
3280164,1249012,2024-04-24,1322.56,Cash,Palestinian Territory
7963645,759012,2024-08-09,1687.92,PayPal,Benin
5451433,256167,2024-01-08,2872.75,Cash,Bulgaria
6545947,1277326,2025-08-13,0.0,Bank Transfer,Latvia
5718334,1286355,2023-12-12,437.14,PayPal,Equatorial Guinea
258612,1214377,2024-03-08,3855.19,Bank Transfer,Antarctica (the territory South of 60 deg S)
1363853,377170,2025-05-26,0.0,PayPal,American Samoa
64572,929549,2022-03-05,1608.59,Cash,Barbados
7333994,419438,2025-01-06,948.6,PayPal,Guinea-Bissau
900533,989556,2025-05-18,707.01,Cash,Gambia
5456303,1986198,2023-03-18,1605.41,Credit Card,Bosnia and Herzegovina
1009424,575780,2024-01-05,864.22,Credit Card,Spain
5805300,1439327,2022-07-17,1234.78,Cash,Bahrain
4597186,409945,2022-09-17,3432.44,PayPal,Bahrain
633540,1653544,2022-03-25,1175.6,PayPal,Qatar
6733344,391874,2024-05-23,6409.23,Bank Transfer,Uruguay
4852715,1460535,2022-04-03,1052.37,Bank Transfer,Georgia
4111013,1638400,2022-11-09,6240.31,PayPal,Faroe Islands
5548709,1137647,2025-07-30,1763.5,Cash,Rwanda
4368148,286214,2022-04-24,150.06,PayPal,United States Virgin Islands
1672200,1342803,2024-01-30,0.0,Cash,Sweden
2409341,1358651,2023-09-22,3769.63,Cash,Brazil
1344909,697078,2023-07-01,0.0,Credit Card,Portugal
3093241,158769,2024-12-26,3866.16,Bank Transfer,Panama
7010700,923628,2023-05-30,2323.04,Credit Card,French Polynesia
5976605,1279683,2023-04-27,1331.48,Cash,Cote d'Ivoire
4175114,1038163,2022-05-20,0.0,Bank Transfer,Isle of Man
2279986,1261792,2022-02-14,1576.2,PayPal,Dominican Republic
4072587,1053294,2024-10-06,0.0,PayPal,Netherlands
5389734,175197,2025-05-03,1255.45,Cash,Belize
545244,1471295,2024-12-17,4831.0,PayPal,Bermuda
1046279,1824294,2025-05-19,4614.59,PayPal,Saudi Arabia
1127097,537864,2023-09-17,3056.84,Cash,Andorra
6415924,1505671,2023-09-30,859.88,Bank Transfer,Uzbekistan
4114133,668867,2022-05-06,2360.1,PayPal,Cocos (Keeling) Islands
184248,368970,2024-07-22,3699.24,Bank Transfer,Lebanon
5917017,810700,2023-03-12,2797.51,Cash,Saint Pierre and Miquelon
4638533,1649216,2021-11-05,1096.08,Cash,Kenya
7082064,554878,2021-12-17,1977.28,PayPal,Syrian Arab Republic
5668645,1132092,2025-06-30,962.32,Bank Transfer,Ethiopia
7668084,1686552,2023-07-08,1107.43,Bank Transfer,Northern Mariana Islands
7060802,434349,2022-12-27,4803.84,PayPal,Nicaragua
1021404,278384,2025-03-26,1235.12,Cash,Sri Lanka
6391432,67283,2025-06-01,1204.56,Credit Card,Bhutan
3900191,1066289,2022-01-03,0.0,Cash,Madagascar
7821223,373771,2023-08-23,1303.5,Bank Transfer,Nauru
7680795,461443,2022-12-11,0.0,Credit Card,Saint Kitts and Nevis
83065,903584,2022-05-18,370.93,Credit Card,Korea
719644,186936,2021-10-08,4759.19,Credit Card,Moldova
3380551,1491765,2024-06-19,1634.44,PayPal,Burundi
2257321,981489,2021-10-30,366.55,Bank Transfer,Myanmar
6536478,1183519,2022-10-11,504.73,Cash,Singapore
3190432,1278165,2023-12-14,2083.46,PayPal,Yemen
7451714,1131796,2022-06-24,4374.19,Bank Transfer,Brazil
5392989,1864712,2022-06-15,1595.24,Cash,Guinea
5666371,831127,2024-08-14,1122.81,Credit Card,Uzbekistan
3730658,470767,2022-04-27,1076.1,Credit Card,Iran
3801145,945246,2024-08-07,2370.23,Cash,United States Minor Outlying Islands
5449002,1900722,2024-04-14,1423.34,Bank Transfer,Moldova
5771763,384286,2022-06-26,845.08,Bank Transfer,Cook Islands
4566243,484974,2024-10-20,1852.28,PayPal,Chad
691536,1200871,2022-03-24,1567.49,PayPal,Mali
71115,1101042,2022-09-13,625.55,Cash,Philippines
4337073,279287,2025-03-27,6300.05,PayPal,Lao People's Democratic Republic
7179140,281487,2025-03-16,3138.5,Credit Card,Jordan
1177989,555775,2022-07-19,1390.28,Cash,Dominican Republic
2859967,452255,2021-09-12,6915.42,Credit Card,Australia
2983475,1709199,2022-07-21,8577.66,Bank Transfer,Panama
1377526,291598,2021-10-30,5519.06,PayPal,Russian Federation
7419685,157462,2022-08-09,1618.86,PayPal,Tajikistan
621474,217520,2021-12-17,2074.05,Bank Transfer,Venezuela
4545509,86102,2022-07-05,717.19,Credit Card,Montserrat
1989481,1569921,2025-05-14,1835.02,Credit Card,Nauru
2695613,1396901,2023-12-09,0.0,Cash,Bouvet Island (Bouvetoya)
5154145,555022,2024-08-02,1303.33,Bank Transfer,Saint Helena
7748213,1324484,2021-12-03,2317.07,PayPal,Tajikistan
2597507,1156010,2022-10-16,525.76,Credit Card,Slovakia (Slovak Republic)
1477216,900270,2023-12-14,0.0,Bank Transfer,Hong Kong
3493352,616087,2024-11-18,857.42,Bank Transfer,Montserrat
1677434,1252158,2022-11-06,4072.12,Credit Card,Jersey
6275808,1162443,2023-01-20,1145.07,PayPal,Venezuela
2153439,1815378,2025-03-13,5277.73,Bank Transfer,Australia
7195095,464795,2022-05-13,520.74,Bank Transfer,Bahamas
3468002,1811363,2024-10-22,1960.8,Credit Card,Mayotte
5717449,1458409,2022-03-13,2702.93,Credit Card,Venezuela
2379279,122122,2024-02-26,1316.36,PayPal,Spain
7264795,42003,2024-06-27,979.92,PayPal,Martinique
3353847,1580854,2025-06-22,309.89,Bank Transfer,Antarctica (the territory South of 60 deg S)
5025386,1218780,2023-06-29,363.53,Credit Card,Central African Republic
2968011,1958894,2022-03-22,253.6,PayPal,Thailand
1791933,1745316,2023-01-12,2331.05,PayPal,Japan
3313627,792385,2022-05-29,1211.5,Bank Transfer,Grenada
5661967,296026,2022-02-09,1799.85,Cash,Guyana
5226624,416441,2022-01-10,715.58,Cash,Djibouti
6058466,1732084,2023-12-21,1401.22,PayPal,Costa Rica
5702133,495761,2023-08-20,0.0,Cash,Switzerland
420069,1643563,2023-09-12,1145.84,PayPal,Namibia
6363869,38317,2024-12-03,2698.07,PayPal,Tokelau
3063955,1353409,2024-03-04,784.44,Cash,Greece
7734421,1348872,2024-10-05,4133.89,PayPal,Syrian Arab Republic
7347326,1401784,2022-10-31,2625.09,Credit Card,Denmark
3366458,1430475,2022-08-01,1706.08,Credit Card,Belize
7533639,1637849,2023-10-08,869.69,Cash,Saudi Arabia
2372264,263852,2025-03-14,4459.95,Bank Transfer,Madagascar
1682526,1863661,2021-12-29,2777.15,PayPal,Bahamas
5686945,1418063,2022-04-21,3306.23,PayPal,Lao People's Democratic Republic
7279903,645093,2025-01-18,3672.7,Bank Transfer,Botswana
2109128,772989,2023-07-16,2774.68,Credit Card,Hungary
3135496,1410229,2022-09-21,2767.89,Cash,Malawi
1205204,113019,2024-01-27,1865.98,Credit Card,Swaziland
7621207,1184341,2022-03-10,3281.87,Bank Transfer,Djibouti
4942393,1661381,2024-06-21,523.36,Cash,Bangladesh
3315360,981086,2022-11-11,867.43,Bank Transfer,Israel
3100174,532874,2024-03-07,0.0,Credit Card,Sweden
2130640,1972706,2024-03-18,2318.94,Credit Card,Russian Federation
6409741,252566,2025-07-05,0.0,Cash,Kuwait
5518466,1106077,2023-12-15,546.34,Bank Transfer,Norfolk Island
7397940,1018199,2022-03-09,385.8,Bank Transfer,Maldives
3456082,1076941,2023-07-15,328.64,Cash,Monaco
2666972,1772600,2023-07-20,2325.88,PayPal,Cote d'Ivoire
4777211,729172,2022-01-22,1873.28,PayPal,New Caledonia
4206783,173498,2022-10-23,6067.97,Bank Transfer,Trinidad and Tobago
5204596,871757,2023-07-19,2076.12,Cash,Hong Kong
3457610,1140640,2025-07-27,1999.25,Bank Transfer,Senegal
6368071,1872678,2023-07-15,1680.04,PayPal,Benin
1437858,1273950,2025-07-02,3211.42,Bank Transfer,Bangladesh
1634588,137979,2023-12-18,2623.36,PayPal,Sri Lanka
7686587,1741560,2023-12-23,1011.44,Credit Card,Luxembourg
688426,576994,2024-05-04,281.7,PayPal,Maldives
6784754,1477709,2024-11-20,1083.18,Bank Transfer,Malta
2169514,671086,2023-06-22,758.94,Credit Card,Jersey
7278273,1579383,2022-10-03,0.0,Bank Transfer,Monaco
5055571,1922218,2025-08-03,762.42,Credit Card,Vietnam
195135,770946,2024-12-25,762.62,PayPal,Cyprus
3996204,1860468,2023-11-29,1808.92,Cash,Russian Federation
1136012,158574,2025-04-29,1696.84,Credit Card,Tokelau
5188760,803860,2022-06-19,2405.88,PayPal,Cyprus
6515161,1684573,2024-03-30,4652.26,Bank Transfer,Estonia
6009610,360587,2021-09-01,3669.38,PayPal,Congo
4567131,1967515,2025-06-30,1473.94,PayPal,South Georgia and the South Sandwich Islands
1905887,1969390,2024-09-10,857.55,Bank Transfer,Australia
7084255,1191666,2022-11-02,3669.06,Bank Transfer,Cyprus
6191041,846470,2025-07-05,781.42,Credit Card,Iraq
702934,1000073,2024-12-21,1154.69,Bank Transfer,Gambia
2713434,1177123,2021-10-16,866.82,PayPal,Croatia
7285581,673292,2021-11-09,796.55,Bank Transfer,Lithuania
7990245,1280516,2023-06-28,1082.44,PayPal,Ghana
7226488,1540907,2024-07-23,3841.81,Credit Card,China
4780713,753049,2025-02-14,2046.31,Credit Card,Bouvet Island (Bouvetoya)
1736996,197430,2023-01-05,3049.3,Bank Transfer,Latvia
4751118,1747331,2025-06-30,750.15,Credit Card,Dominica
7658332,1670548,2023-11-19,2807.3,Bank Transfer,Eritrea
7037099,393196,2025-02-03,0.0,Cash,Netherlands Antilles
91892,595068,2024-11-21,1602.53,Cash,Pakistan
2227448,1548889,2025-02-20,978.07,Credit Card,Reunion
1684891,1598333,2023-08-24,3681.29,Credit Card,South Georgia and the South Sandwich Islands
3343581,1156884,2023-07-28,4574.99,PayPal,Portugal
90229,505950,2022-07-24,5387.57,Bank Transfer,Grenada
3906752,1115231,2024-04-14,816.14,Credit Card,Congo
4641255,737389,2022-07-01,1840.37,Credit Card,Pakistan
4454688,1800454,2022-01-22,3581.58,Bank Transfer,Libyan Arab Jamahiriya
6378886,395873,2024-05-17,4894.75,Credit Card,French Polynesia
3707263,374009,2022-11-06,3920.77,Cash,Ecuador
1873215,1773492,2021-09-13,1977.56,Cash,Puerto Rico
6111182,353304,2024-07-03,0.0,Credit Card,Austria
2998600,1968815,2024-06-09,1771.24,Bank Transfer,Uruguay
2448362,706551,2024-06-03,1909.05,PayPal,Austria
4038141,914560,2022-02-16,204.73,PayPal,Uzbekistan
3681660,977965,2025-07-19,907.88,Credit Card,Nicaragua
6522841,1183270,2024-01-07,0.0,PayPal,Kazakhstan
7886845,95854,2023-09-15,2952.36,Cash,Cape Verde
7848236,1575203,2025-05-13,1492.34,Bank Transfer,Azerbaijan
2837709,178652,2024-02-14,1525.36,Credit Card,Niger
3409128,504389,2022-01-09,1316.03,Credit Card,Burundi
1107239,1394612,2023-12-03,1146.68,Credit Card,Kyrgyz Republic
3147447,525568,2022-01-28,1418.64,Credit Card,Andorra
887192,1115895,2024-03-21,1245.68,Bank Transfer,Saint Barthelemy
5703884,1873392,2023-12-01,2070.18,Credit Card,Kiribati
4016069,1957207,2023-11-12,2305.25,Cash,Netherlands Antilles
7096708,1933537,2023-12-04,1582.4,Credit Card,Saint Helena
3872686,1771662,2024-06-12,1233.6,PayPal,Jordan
4138726,362672,2023-04-29,3407.97,Bank Transfer,Madagascar
3790879,781601,2021-11-09,1309.34,Credit Card,Turks and Caicos Islands
6981896,787966,2022-09-09,3931.54,Cash,Somalia
1975594,729794,2023-06-14,1650.3,Bank Transfer,Jordan
4663561,483206,2025-08-03,534.28,Cash,Indonesia
6119934,191274,2021-10-26,1226.35,Credit Card,Burundi
7581661,211218,2024-06-19,2770.04,PayPal,Norfolk Island
3736614,902217,2025-06-26,1763.15,Cash,Dominican Republic
7939581,1939929,2022-06-02,0.0,Credit Card,Niue
868038,169077,2023-09-04,132.27,PayPal,Tonga
1063444,1269506,2025-01-30,520.44,PayPal,Guam
6453583,15073,2023-10-17,920.77,Cash,Holy See (Vatican City State)
352672,47886,2022-01-02,137.79,Cash,Uzbekistan
7241679,1911216,2024-03-05,4144.37,Bank Transfer,Azerbaijan
3549200,1509028,2025-08-24,1277.5,Cash,New Zealand
2565255,692643,2023-02-17,4154.98,Bank Transfer,Papua New Guinea
672466,1778486,2023-10-25,154.21,Bank Transfer,Niue
7542091,940529,2023-09-23,1684.38,Cash,Seychelles
5507951,416566,2023-08-02,3321.84,Bank Transfer,Burkina Faso
7349544,620282,2024-07-23,4856.98,PayPal,Lebanon
7912223,316546,2023-09-16,3152.6,Credit Card,Gibraltar
2760401,1951839,2024-05-15,0.0,Bank Transfer,Angola
6124510,647511,2023-06-16,5300.1,Bank Transfer,Vietnam
5313451,64445,2024-01-01,1029.35,PayPal,Bouvet Island (Bouvetoya)
3146433,1218305,2022-11-21,1742.8,Cash,Syrian Arab Republic
1061783,199098,2025-06-13,3119.05,Cash,Estonia
7296402,1179204,2022-10-11,0.0,Credit Card,Turks and Caicos Islands
7894220,1639596,2023-01-16,2042.41,Credit Card,Kazakhstan
1228609,1082111,2024-02-13,2315.27,PayPal,Nicaragua
1615740,199635,2023-06-22,2005.79,Cash,Gibraltar
1855099,330907,2023-01-01,713.23,Cash,Martinique
5636804,1550725,2024-10-20,1581.16,Cash,Burkina Faso
2159447,1216356,2022-08-31,2401.77,PayPal,Togo
5209891,985694,2024-09-07,2474.34,PayPal,Mozambique
7744,768021,2025-03-01,2370.83,Cash,Cyprus
252901,55990,2024-08-07,1600.74,Cash,Finland
1066162,1671682,2022-07-26,1463.58,PayPal,Egypt
6913681,531637,2024-08-19,156.36,Credit Card,Israel
3107152,163061,2022-12-14,799.84,Bank Transfer,Maldives
346486,745507,2023-02-07,768.28,Bank Transfer,Kenya
235223,1502415,2024-06-08,2796.49,Bank Transfer,Mozambique
192515,474371,2022-09-07,1357.78,Bank Transfer,Guadeloupe
6036359,1618303,2023-06-24,1175.51,PayPal,China
6803955,1952684,2024-06-07,1264.95,Credit Card,North Macedonia
3861983,1327413,2023-10-14,1942.93,PayPal,Congo
7813161,333014,2022-01-26,2715.21,PayPal,Mongolia
7828315,172605,2022-06-25,1706.59,Bank Transfer,Tokelau
4385356,1429332,2024-07-29,2790.92,Bank Transfer,Wallis and Futuna
5059421,292165,2023-07-30,1254.37,Credit Card,El Salvador
5443754,1502134,2024-11-07,3235.98,PayPal,Tanzania
7143400,223254,2021-11-13,1924.49,Cash,Martinique
495302,1752638,2024-07-11,0.0,Bank Transfer,Bangladesh
5236726,1670809,2023-05-07,419.0,Cash,Kiribati
7670235,722722,2024-01-19,3874.87,Credit Card,Macao
7260217,1990599,2024-03-30,4107.16,Credit Card,Luxembourg
6156135,1953960,2023-08-14,1358.68,PayPal,Israel
2197363,1209644,2021-10-06,816.16,PayPal,Cote d'Ivoire
7260625,1484120,2023-01-19,2964.76,Cash,Mongolia
2676008,35038,2022-09-18,909.24,PayPal,China
1735072,238009,2021-10-28,828.13,PayPal,Azerbaijan
5953731,1547072,2022-12-21,603.6,PayPal,Uruguay
7043887,1941679,2022-05-13,2397.48,Cash,Turkey
7915572,1148599,2024-04-04,1404.45,Bank Transfer,Norfolk Island
2320165,365267,2024-01-29,867.73,Credit Card,Cote d'Ivoire
1845307,999135,2025-04-22,1884.74,Credit Card,Cameroon
3967136,875770,2025-04-19,0.0,Credit Card,Ghana
2661099,1318474,2022-09-30,576.5,Bank Transfer,India
2170833,253251,2023-06-25,499.59,PayPal,Mozambique
7086369,1563163,2021-09-19,2245.5,Bank Transfer,Croatia
2242468,1655925,2025-08-17,553.7,Credit Card,Chile
3291099,1628364,2024-10-17,971.06,Bank Transfer,Chad
2861660,1784990,2024-01-05,1640.44,Credit Card,Tajikistan
5142349,1529934,2022-06-10,1073.07,Credit Card,Hong Kong
3927561,625057,2024-05-30,597.69,PayPal,Ireland
7159525,896925,2024-07-14,283.16,Cash,Belgium
27343,356214,2024-12-04,506.24,Bank Transfer,Wallis and Futuna
5346822,363295,2024-05-14,2617.24,PayPal,South Georgia and the South Sandwich Islands
7606083,1265560,2023-07-04,628.05,Credit Card,Turkey
3907817,70841,2022-01-01,89.31,Bank Transfer,Antigua and Barbuda
4014310,1929985,2025-05-06,2827.67,Bank Transfer,Burundi
6204024,936826,2023-03-24,1584.64,Bank Transfer,France
4723605,1779356,2022-03-22,3345.3,Bank Transfer,Saint Kitts and Nevis
4845765,1437724,2023-06-08,6501.91,Cash,Peru
6273389,1116694,2024-06-30,3800.72,Bank Transfer,Israel
6791260,1049597,2021-09-13,3076.48,Bank Transfer,New Caledonia
333129,103810,2023-01-10,1834.12,Bank Transfer,Hong Kong
2417590,1595707,2024-11-20,729.77,Credit Card,Seychelles
1592049,1977971,2025-06-24,280.66,PayPal,Mauritania
1531012,1219768,2024-01-03,30.18,Credit Card,Isle of Man
7144773,13256,2025-07-31,742.9,Credit Card,Taiwan
7809359,1665130,2024-01-21,104.84,Bank Transfer,Luxembourg
2487179,1304628,2021-11-09,182.57,Bank Transfer,Mongolia
4760766,1951430,2022-01-16,4288.66,Cash,Israel
6127581,271844,2023-01-16,5156.27,Credit Card,Estonia
2995856,1134207,2024-03-08,893.59,Credit Card,Ghana
275816,1035453,2023-02-05,1392.31,Credit Card,Benin
3820578,931623,2025-06-28,37.89,Credit Card,Djibouti
2814946,755853,2023-12-31,3694.97,Bank Transfer,Mauritania
2748936,1333511,2022-08-21,752.48,Cash,Uganda
4792646,806044,2025-06-04,0.0,PayPal,Colombia
7919344,1236777,2022-05-11,1397.98,PayPal,Niger
5925155,1237705,2025-07-04,0.0,Credit Card,British Indian Ocean Territory (Chagos Archipelago)
6721359,962111,2023-06-04,2061.25,Cash,Jordan
442818,49447,2023-06-29,355.56,Bank Transfer,Mozambique
5034281,1546227,2023-11-04,2312.67,PayPal,Bouvet Island (Bouvetoya)
2645873,666874,2023-07-18,1351.49,Bank Transfer,Nicaragua
1626351,1190741,2022-06-13,2497.79,Credit Card,Peru
1367062,755968,2025-07-22,548.2,Cash,Korea
3348932,173382,2022-02-28,2893.54,PayPal,Afghanistan
5436937,511135,2022-10-24,3234.47,Credit Card,Tunisia
1223310,948647,2025-07-16,3977.14,Cash,Croatia
5513232,285021,2023-03-16,524.23,PayPal,Timor-Leste
3605701,1709051,2021-09-27,0.0,Credit Card,Uruguay
7359700,99511,2023-10-07,3828.46,Bank Transfer,Bahamas
7455295,259771,2024-06-26,0.0,Cash,North Macedonia
7784910,302408,2024-03-14,1610.91,Cash,Austria
1100598,799554,2024-02-25,133.0,Credit Card,Maldives
3077775,1737328,2023-01-21,1263.42,Cash,Serbia
4243094,1844222,2023-11-29,1553.82,Cash,Bosnia and Herzegovina
568165,1606066,2023-07-22,4012.43,Credit Card,Thailand
2634167,1690269,2024-07-09,5011.93,Cash,United States of America
2109636,417711,2024-09-10,3264.06,PayPal,Cook Islands
3635549,474422,2023-09-12,741.0,Credit Card,Norfolk Island
3117166,1815140,2021-10-21,1586.6,Cash,Svalbard & Jan Mayen Islands
3509414,483035,2023-06-10,1192.24,Bank Transfer,Liechtenstein
5816642,733119,2023-03-30,0.0,Cash,Jersey
155743,1576679,2024-10-28,311.38,PayPal,Togo
6241649,1107614,2023-02-22,2291.5,Bank Transfer,Norfolk Island
7148119,1467335,2024-08-12,2813.78,Bank Transfer,Bolivia
3959361,100724,2023-04-24,163.77,Cash,Latvia
2854279,1186729,2023-10-22,3578.79,Bank Transfer,Saint Barthelemy
1447838,781988,2022-12-20,665.18,Cash,Slovenia
5608458,851039,2025-08-10,3370.14,Credit Card,Serbia
4731693,1782703,2023-08-17,3830.97,Cash,Guernsey
411651,1683350,2024-03-01,2539.31,Credit Card,Zambia
505869,1571529,2023-02-05,0.0,Bank Transfer,Mongolia
5736414,1173303,2022-03-12,1641.17,Cash,Greece
6127359,868415,2024-10-03,3470.38,Credit Card,Samoa
493857,1744615,2023-01-10,570.19,Cash,Mayotte
5984098,811905,2023-07-05,205.36,Credit Card,Luxembourg
7824900,1394314,2023-07-19,4094.01,Credit Card,Malawi
4219900,1716527,2025-07-30,2050.94,Bank Transfer,Armenia
6563211,832727,2024-02-07,434.45,Credit Card,Christmas Island
1324543,1972193,2024-09-05,3440.39,Cash,Italy
5624814,1251481,2021-10-21,2097.87,Bank Transfer,Kazakhstan
2729237,1718985,2023-05-24,1461.78,PayPal,Mauritania
6999956,94392,2021-11-15,2608.36,Credit Card,Montserrat
5927765,48317,2023-06-23,1576.35,Bank Transfer,Cayman Islands
3509078,1993390,2022-11-16,790.6,PayPal,Togo
4469262,1351523,2024-05-31,3162.62,Bank Transfer,Belize
4193444,1475807,2022-12-11,1648.09,Cash,Eritrea
5651142,1396407,2022-05-11,1002.64,Credit Card,Cameroon
2484256,1140969,2021-10-11,1374.24,Credit Card,Guatemala
7129785,1366957,2023-03-19,1239.15,PayPal,Iceland
3835461,1281779,2024-08-08,524.26,Cash,Benin
4164974,648448,2023-10-15,451.14,Credit Card,Guadeloupe
4575357,1707954,2021-12-27,1018.35,Bank Transfer,Slovenia
4843330,900573,2022-05-13,1632.15,Bank Transfer,Uganda
4669210,1894950,2022-09-15,2259.75,PayPal,Egypt
1464798,1740421,2021-10-05,525.34,PayPal,Thailand
5372162,1943924,2022-02-19,243.57,Cash,Ireland
3499933,253922,2025-02-26,2712.88,Credit Card,Saudi Arabia
6640796,202358,2023-03-03,3536.92,Cash,Saint Barthelemy
486248,307236,2023-05-09,1282.1,Bank Transfer,Bulgaria
5972853,286475,2023-12-23,510.6,Cash,Georgia
1591662,1729995,2022-12-11,201.25,Cash,Tuvalu
1311066,151303,2024-07-26,2734.7,PayPal,Congo
2512069,447207,2023-01-13,0.0,Bank Transfer,India
1516209,141524,2025-05-18,2187.95,Cash,Denmark
4477350,1662832,2024-08-21,4256.5,Bank Transfer,San Marino
3998588,727935,2025-04-16,0.0,Bank Transfer,Swaziland
2417971,423555,2023-07-12,1827.41,Bank Transfer,Cape Verde
4763239,876245,2024-06-06,1640.62,Cash,Liberia
679722,149069,2023-02-04,2310.95,PayPal,Yemen
3820954,1889194,2023-11-02,4269.77,PayPal,Grenada
4478092,536491,2022-03-25,581.27,Cash,Costa Rica
5010822,404568,2025-06-28,80.9,Credit Card,Zambia
7154038,1345912,2021-10-03,3086.89,PayPal,Guinea-Bissau
1007739,1841659,2023-08-23,1140.69,Bank Transfer,Croatia
353183,706628,2024-11-09,0.0,Bank Transfer,Timor-Leste
4715370,1396862,2022-03-31,1538.1,Credit Card,Saint Pierre and Miquelon
2828677,1462018,2022-09-10,751.8,Credit Card,Central African Republic
4374811,1838269,2025-04-26,60.85,Credit Card,Wallis and Futuna
7920886,1774530,2021-11-07,798.26,Bank Transfer,Zambia
2189123,1557412,2023-03-31,6197.56,Cash,Nicaragua
6547173,1583539,2023-04-06,2957.13,PayPal,United States of America
4867477,1385232,2023-02-08,1259.68,Bank Transfer,Jamaica
6073948,477739,2023-10-10,591.62,Credit Card,Spain
1540109,1748001,2024-04-10,0.0,PayPal,Paraguay
5142281,405547,2025-07-03,2231.66,Credit Card,Poland
243182,1180098,2024-08-04,4245.19,PayPal,Estonia
3283593,1060140,2021-12-17,0.0,Credit Card,Anguilla
5741750,1217569,2024-02-25,1877.44,Bank Transfer,Libyan Arab Jamahiriya
4704552,611665,2024-09-12,728.55,PayPal,American Samoa
5803306,446024,2024-11-09,3574.11,PayPal,Nigeria
5337049,1702356,2023-11-30,418.9,Credit Card,Armenia
3513034,457185,2025-01-03,4722.68,Cash,Nigeria
4484793,1594945,2025-04-10,0.0,Credit Card,United Kingdom
385680,409010,2023-04-18,1803.59,Credit Card,Japan
5457083,1478859,2025-07-24,2031.19,Bank Transfer,Lao People's Democratic Republic
6478647,988837,2022-09-22,2783.75,Cash,Taiwan
1221203,1852048,2025-08-17,2234.61,Cash,Saudi Arabia
580018,536013,2023-08-17,1371.25,Credit Card,Heard Island and McDonald Islands
1170188,861572,2022-09-05,3002.83,Bank Transfer,United States Virgin Islands
4399538,1701646,2023-01-03,935.66,PayPal,Timor-Leste
3247180,245070,2022-12-19,445.16,Cash,Togo
3129644,658590,2022-12-27,4299.82,PayPal,Guinea-Bissau
6484725,1790861,2024-04-01,858.74,Credit Card,Guernsey
7461301,1920807,2024-03-26,3636.03,PayPal,Ethiopia
5996673,984748,2023-09-26,4573.85,Credit Card,British Virgin Islands
1377996,1461082,2023-10-29,0.0,Bank Transfer,Iraq
1414261,897514,2025-06-13,634.0,Bank Transfer,Gibraltar
355027,375958,2021-11-07,644.72,Credit Card,Syrian Arab Republic
4240783,1966790,2023-04-05,756.18,Bank Transfer,British Virgin Islands
3991129,191814,2022-09-08,0.0,PayPal,Saint Helena
6783182,1025576,2025-08-12,0.0,PayPal,Lebanon
3355382,424645,2023-08-14,410.25,Bank Transfer,Mali
3036485,1618192,2022-11-24,2567.47,PayPal,United Kingdom
2153211,1665197,2022-02-14,819.64,Bank Transfer,Greenland
6723239,1337139,2022-11-01,1584.1,Cash,Slovakia (Slovak Republic)
953728,1840108,2023-03-18,4445.87,PayPal,Bahrain
995998,992222,2022-09-30,1648.59,Credit Card,Tunisia
3141810,547728,2024-10-06,406.06,PayPal,Ukraine
3764010,1766144,2024-10-22,5065.69,PayPal,Guam
3679608,848553,2024-04-08,845.13,Cash,Norway
3422726,877678,2022-04-20,3111.78,Bank Transfer,Hong Kong
2029397,1163141,2022-12-11,1399.89,Cash,Saint Kitts and Nevis
4986408,557084,2023-02-11,2158.41,Bank Transfer,Belgium
4046308,1419099,2024-02-09,887.43,PayPal,Mayotte
2742422,1886523,2023-04-25,1065.65,Credit Card,Sao Tome and Principe
7981718,1306649,2021-09-27,2836.2,Bank Transfer,Burkina Faso
6023851,122001,2024-03-15,2232.66,Bank Transfer,Portugal
3544689,771474,2024-11-23,1831.08,Credit Card,Martinique
149384,1880027,2022-06-20,1204.68,Cash,Nicaragua
5129345,383161,2023-03-27,1433.37,Credit Card,Nepal
5375194,1346663,2022-02-19,2523.82,Cash,Yemen
6323431,193359,2022-08-09,1268.6,Credit Card,Nepal
5076632,1797773,2025-02-28,2655.32,Credit Card,Thailand
3258922,1982965,2022-01-11,2362.2,PayPal,American Samoa
1420402,1079604,2022-04-04,1650.68,Credit Card,Kyrgyz Republic
4521251,1790338,2022-05-23,2360.93,Cash,Kyrgyz Republic
5286099,1494292,2024-04-05,1963.35,Credit Card,Vietnam
6155454,907557,2023-06-12,2114.5,Cash,Guyana
3593270,1645079,2022-02-19,2847.63,PayPal,Trinidad and Tobago
3771587,307878,2025-08-07,2133.23,PayPal,Dominican Republic
4930722,976909,2022-11-01,3254.72,Bank Transfer,Korea
3400161,533115,2025-02-07,2193.87,Cash,Saint Pierre and Miquelon
5138040,380944,2021-09-06,241.57,Cash,Holy See (Vatican City State)
942958,54499,2021-12-27,3105.23,Bank Transfer,Sri Lanka
2723672,1826807,2024-11-19,2389.3,PayPal,Afghanistan
420276,1518006,2025-07-01,3281.74,Cash,Namibia
7028253,878216,2023-09-27,5930.0,PayPal,Heard Island and McDonald Islands
182877,55757,2024-06-23,483.61,Credit Card,Moldova
6281156,277492,2025-03-01,2537.93,Credit Card,Mongolia
5913349,361062,2021-09-22,3035.48,Credit Card,Lithuania
3420679,1350349,2024-05-09,1964.74,PayPal,Senegal
5148750,355038,2024-03-28,5400.25,Cash,Gambia
4646328,624868,2024-10-29,0.0,Credit Card,Moldova
2096447,418500,2023-03-15,273.89,Cash,United Arab Emirates
1034622,495328,2024-12-07,2768.44,Bank Transfer,Togo
2813563,1096042,2023-02-28,3524.32,Bank Transfer,Austria
2082381,1172442,2023-11-14,1738.47,Credit Card,Albania
1598431,1278437,2024-04-09,1745.24,Cash,Slovakia (Slovak Republic)
5268390,804437,2022-05-12,363.39,Credit Card,Estonia
7055868,942025,2023-09-28,0.0,PayPal,Saint Kitts and Nevis
662960,1703641,2022-03-23,1864.55,Cash,Holy See (Vatican City State)
4777512,1933905,2021-11-17,2645.4,Bank Transfer,Western Sahara
4653620,231777,2025-03-25,3017.48,Bank Transfer,Eritrea
310624,1645983,2023-01-23,0.0,Bank Transfer,Suriname
4063273,935833,2023-09-22,1227.39,Bank Transfer,Trinidad and Tobago
3028229,225379,2025-02-28,1596.52,Cash,Equatorial Guinea
1633721,1180156,2021-12-30,1109.76,Cash,Mauritania
7198753,1658681,2022-02-08,171.32,Credit Card,Saint Pierre and Miquelon
6035649,1985150,2025-06-13,1372.97,Bank Transfer,Italy
6351603,1645542,2022-05-30,0.0,Bank Transfer,Liberia
6013328,659954,2021-09-04,527.24,Cash,Dominican Republic
163500,652852,2024-12-10,618.87,Bank Transfer,Guatemala
167523,263334,2023-04-05,2039.61,Cash,Austria
5845505,1795402,2024-01-06,0.0,PayPal,Montenegro
5418626,1131375,2023-06-12,2439.54,Cash,Turks and Caicos Islands
2973561,1797079,2021-11-06,3597.56,PayPal,Egypt
4421734,1483900,2023-01-14,1147.3,Cash,Comoros
2503040,1822683,2022-04-17,435.88,Credit Card,Jordan
3219253,1967398,2024-04-05,3763.0,Bank Transfer,Macao
2840981,1605636,2024-10-28,0.0,Bank Transfer,United States Virgin Islands
5484166,1362724,2024-02-26,213.1,PayPal,Djibouti
6208242,1223824,2023-05-31,1807.47,PayPal,Bangladesh
868194,231765,2024-07-19,0.0,Credit Card,Guernsey
4916436,323277,2023-04-11,3359.09,Credit Card,New Caledonia
6930387,1088331,2024-04-18,2684.79,Credit Card,Greenland
4454752,1342701,2024-12-13,3927.8,PayPal,Cambodia
2960593,199492,2021-12-07,1529.04,Bank Transfer,France
1028142,373511,2023-06-05,1054.48,Cash,Uruguay
4679631,430408,2024-06-01,1765.16,Credit Card,Saint Kitts and Nevis
2306965,496055,2023-08-01,4680.09,Cash,Faroe Islands
1149192,121925,2024-04-27,2995.89,PayPal,Algeria
7080529,1930104,2023-04-10,2599.09,PayPal,Sudan
1974081,1631254,2025-08-04,3291.24,Bank Transfer,Guinea-Bissau
5423353,1316746,2024-08-09,2296.46,Credit Card,Uganda
2152967,468171,2023-09-03,3213.2,PayPal,Germany
3106953,638030,2023-03-08,3150.3,Cash,Gambia
6702705,1290677,2023-10-29,236.97,Credit Card,United States Minor Outlying Islands
967513,1879726,2023-12-25,442.21,Credit Card,Cuba
4885385,755198,2025-05-28,883.94,PayPal,Cote d'Ivoire
7572342,35116,2024-08-05,1896.47,Cash,Holy See (Vatican City State)
3856180,1705055,2021-09-25,2169.52,Cash,United Kingdom
2576957,1209351,2022-02-09,1433.21,Bank Transfer,Serbia
3299419,1715217,2022-01-27,2329.03,Bank Transfer,Myanmar
5680488,993536,2023-05-26,3059.28,Credit Card,Greece
2535351,955155,2024-07-31,1386.0,PayPal,Guyana
362590,282408,2022-10-12,995.95,Credit Card,Anguilla
2708445,1984969,2024-12-28,3518.93,Credit Card,Uganda
1782593,974584,2023-01-27,1805.34,PayPal,Saint Lucia
6786992,348473,2023-01-16,240.52,Bank Transfer,Hungary
5903290,797595,2022-09-10,1127.89,Bank Transfer,Liechtenstein
5859414,539121,2022-12-13,1901.81,PayPal,Bermuda
796622,238768,2023-02-16,912.33,PayPal,Bahrain
5365796,26790,2022-05-24,402.57,Cash,Maldives
772718,1331695,2023-09-04,411.19,Cash,Guam
4817285,924385,2024-09-10,1602.88,Credit Card,El Salvador
5832852,1451399,2023-07-20,1257.16,PayPal,Falkland Islands (Malvinas)
6270074,769671,2021-09-08,2320.64,Cash,Guinea-Bissau
2058541,571384,2024-07-30,3836.49,Cash,Sri Lanka
4713032,425654,2022-10-11,2696.54,Credit Card,Norway
3684574,551643,2024-07-29,1192.58,Cash,Barbados
2374094,1044801,2025-02-02,1274.43,PayPal,Macao
7061878,1517326,2025-06-08,3293.63,Cash,Portugal
1786733,1563271,2024-07-23,0.0,Credit Card,Cote d'Ivoire
280061,354441,2022-02-04,1787.06,Credit Card,New Zealand
6051712,285583,2023-06-15,0.0,Cash,Iceland
2547372,104667,2022-09-10,1119.84,Bank Transfer,Honduras
1463399,1112428,2025-03-21,1346.39,PayPal,Christmas Island
3466014,771148,2022-10-28,1965.14,Cash,Saudi Arabia
4607902,895678,2024-02-15,1685.97,Bank Transfer,Germany
4201190,1804401,2024-05-05,1677.95,PayPal,Zambia
5970436,170144,2021-11-19,1812.15,Cash,Angola
4147754,735499,2025-06-27,1576.94,Cash,Central African Republic
2046130,879191,2021-09-02,1614.81,Bank Transfer,Holy See (Vatican City State)
4855101,592173,2023-08-13,6047.27,PayPal,Papua New Guinea
346862,1918557,2022-07-09,0.0,Cash,Niue
5181698,1439332,2023-06-03,2475.5,Cash,Paraguay
3998748,994938,2022-11-19,3134.45,PayPal,Kiribati
7489868,462940,2021-11-03,0.0,PayPal,Argentina
1581773,1141262,2022-08-16,0.0,PayPal,Russian Federation
7718513,585437,2022-11-14,2071.92,Cash,Andorra
7523634,422149,2022-05-12,0.0,Credit Card,Algeria
6327789,111399,2022-08-14,295.48,PayPal,Falkland Islands (Malvinas)
496723,572916,2024-05-23,748.71,Cash,Antarctica (the territory South of 60 deg S)
6480300,1926074,2025-03-09,525.13,Bank Transfer,Saint Helena
1675198,1998127,2024-12-12,1512.55,Bank Transfer,United States of America
2858465,647032,2023-01-06,2012.41,Bank Transfer,Ghana
6595736,686673,2022-06-10,1590.03,PayPal,Cyprus
4934847,1099916,2021-10-26,5732.09,PayPal,Turks and Caicos Islands
4135665,1103099,2023-08-22,2110.77,Credit Card,Cayman Islands
1968885,1309980,2023-07-11,4968.58,Credit Card,Iraq
6441567,583195,2023-04-24,472.35,Credit Card,Guadeloupe
1217632,1801959,2022-03-09,3629.75,Credit Card,Sudan
2859406,839025,2022-04-21,0.0,Bank Transfer,Tuvalu
4591584,1591441,2022-01-20,88.17,Credit Card,Iceland
4121592,28823,2024-04-08,428.96,Credit Card,Tokelau
7368669,1936804,2024-04-29,2993.93,Bank Transfer,Poland
7210564,542969,2023-12-12,679.17,Cash,Mauritius
1739584,719066,2023-06-17,2802.39,Cash,Liberia
3661995,885139,2024-08-31,1598.65,Cash,Tanzania
1423006,1157833,2023-06-01,1650.8,Bank Transfer,Canada
4187076,797921,2022-05-23,214.24,PayPal,Bulgaria
6621673,1808184,2023-03-17,1645.84,Credit Card,Saint Kitts and Nevis
4365305,1734909,2021-11-06,3107.95,Cash,Albania
2926020,679577,2024-03-11,582.84,Credit Card,Gibraltar
5280511,243774,2022-03-20,0.0,Bank Transfer,Bulgaria
3170348,1517627,2021-10-30,1606.2,PayPal,Guatemala
3602830,1464734,2022-03-21,1186.04,Bank Transfer,Korea
7450982,1059065,2025-04-15,2349.8,Cash,Bermuda
3843180,448651,2022-09-15,2306.96,Cash,Canada
6998708,300410,2022-05-21,2047.4,Credit Card,Greenland
4348008,1250844,2023-01-20,1719.8,Cash,American Samoa
7369571,1217611,2022-03-22,0.0,PayPal,British Indian Ocean Territory (Chagos Archipelago)
1063890,1862500,2024-09-13,1914.54,Credit Card,British Virgin Islands
2771232,332351,2024-10-12,1027.91,PayPal,Nauru
3527311,673931,2023-02-15,2251.0,PayPal,Cape Verde
3179916,333141,2021-10-06,1726.67,PayPal,Venezuela
5662531,660812,2023-02-26,4313.5,Credit Card,Philippines
7428958,677423,2022-07-19,1594.1,PayPal,Iceland
1091088,1324144,2022-06-08,2575.96,Cash,Romania
289101,1243443,2024-12-18,2680.79,Bank Transfer,Latvia
5994735,1727365,2022-06-27,794.35,Bank Transfer,South Georgia and the South Sandwich Islands
7711126,792076,2024-09-26,3551.09,Cash,Northern Mariana Islands
137359,1808830,2022-10-12,1122.55,Bank Transfer,Namibia
3968164,1190918,2024-08-28,5164.16,Cash,Christmas Island
5032233,580689,2022-11-11,676.38,Bank Transfer,Martinique
7252164,1406385,2025-08-15,1522.09,Bank Transfer,Guinea
3133966,629157,2025-07-02,1913.22,PayPal,Austria
187521,505369,2023-07-14,1991.02,Bank Transfer,Botswana
7358260,789525,2024-08-26,1890.36,Cash,Switzerland
352602,1548840,2022-11-15,0.0,Bank Transfer,Barbados
2162865,334320,2025-05-08,2690.43,Cash,Mali
137458,266393,2022-10-24,757.42,Cash,Sierra Leone
892010,136460,2023-04-20,2590.54,PayPal,Equatorial Guinea
7796198,570735,2023-06-16,1950.13,Bank Transfer,Mozambique
5698870,571884,2023-06-04,1182.32,Cash,Brunei Darussalam
7834936,1438161,2024-10-14,1668.2,Credit Card,Oman
3394297,883488,2024-11-19,2800.24,Cash,Saint Helena
2780706,10281,2022-04-23,1372.93,Bank Transfer,Faroe Islands
6015501,1745823,2022-05-15,2336.58,Cash,Guinea
3688297,17329,2024-05-17,676.59,Credit Card,Cuba
6262981,1976838,2023-11-27,2413.26,Bank Transfer,Singapore
5912245,723659,2022-10-11,1112.73,Bank Transfer,Barbados
5537401,1250216,2023-04-15,3951.02,Cash,Israel
7818521,1875963,2022-09-24,4843.56,Bank Transfer,United Arab Emirates
1925365,1989742,2022-09-14,5977.26,PayPal,Guinea-Bissau
660735,1727218,2023-12-28,0.0,PayPal,Belarus
5086136,1555167,2024-04-29,7368.85,PayPal,Bulgaria
4826203,820865,2023-03-12,2911.39,Bank Transfer,Qatar
4236164,1194662,2023-02-02,134.08,PayPal,Nauru
1770086,1267598,2024-02-15,169.56,Bank Transfer,Equatorial Guinea
6542259,192604,2023-06-16,1106.55,Bank Transfer,Russian Federation
708099,402111,2021-10-28,3990.56,Bank Transfer,Solomon Islands
794286,837322,2025-03-07,4021.97,Bank Transfer,Bahamas
4351361,1783803,2024-09-21,2669.35,Credit Card,South Georgia and the South Sandwich Islands
6619271,1797471,2023-12-02,421.04,PayPal,Anguilla
2267049,907679,2023-01-01,810.76,Bank Transfer,Saint Lucia
5884075,229565,2022-05-11,573.48,Bank Transfer,Papua New Guinea
6179891,1863576,2023-11-12,44.9,Cash,Chad
4923953,72076,2024-12-16,1779.48,Credit Card,Guinea-Bissau
6534749,190490,2022-11-15,995.5,Cash,Mauritius
3908918,323006,2021-11-11,1964.89,Credit Card,Barbados
5726771,366393,2023-09-28,2090.45,PayPal,Azerbaijan
7269849,1888271,2024-08-15,993.09,PayPal,Western Sahara
1873666,633881,2023-12-13,100.89,PayPal,Guinea-Bissau
1194510,824720,2023-05-13,54.44,Bank Transfer,Palestinian Territory
958025,249827,2023-09-16,2132.32,PayPal,Guinea-Bissau
4137604,1134114,2023-08-13,867.6,Bank Transfer,Algeria
5562957,696677,2023-09-07,2499.5,Credit Card,Honduras
3273023,1287994,2023-04-16,227.88,Cash,Togo
599866,1684800,2023-10-28,1692.03,PayPal,United Kingdom
1284637,1689584,2022-03-27,2697.97,PayPal,Pakistan
4295142,662427,2024-10-25,987.21,Cash,Armenia
284445,778659,2022-07-21,871.15,Cash,El Salvador
1016919,1754322,2023-03-10,5456.83,Bank Transfer,Heard Island and McDonald Islands
6545486,277377,2022-11-23,4887.17,Cash,Lesotho
364096,113037,2023-06-05,866.09,Bank Transfer,Serbia
1507399,837306,2025-07-25,1737.58,Cash,Saint Vincent and the Grenadines
6780375,1957530,2025-01-09,1282.1,Bank Transfer,Qatar
4951141,199064,2022-08-09,660.78,PayPal,Tokelau
1216903,299510,2021-10-14,1506.63,Bank Transfer,Ukraine
6608254,324626,2024-01-27,64.52,Bank Transfer,Kenya
1403318,1469560,2025-01-26,2177.16,Credit Card,Niger
1058466,21899,2024-05-15,1262.5,Credit Card,Turkmenistan
1407794,1300192,2023-06-26,1838.11,Credit Card,British Virgin Islands
1007037,1864739,2022-08-31,551.8,Credit Card,Macao
428405,1139809,2025-07-28,2731.04,Bank Transfer,Mozambique
5338920,901996,2024-05-19,2774.86,Bank Transfer,Guernsey
4149758,1925612,2021-11-15,3189.14,Credit Card,Taiwan
3908284,495834,2024-10-04,5441.62,Credit Card,Belgium
400932,1431449,2025-06-07,159.17,PayPal,Reunion
3134486,124902,2025-08-20,93.3,Credit Card,Bahamas
4355751,1198445,2023-04-17,0.0,Credit Card,Ecuador
6338771,1227479,2023-05-06,1069.64,PayPal,Mauritius
304243,1301561,2021-12-26,1078.43,Credit Card,Guam
6749030,1418118,2021-11-17,3462.32,PayPal,United States Minor Outlying Islands
7632690,1110432,2022-04-17,1561.71,Bank Transfer,New Caledonia
460274,158709,2023-11-03,626.7,Bank Transfer,New Zealand
854622,685300,2023-01-22,5428.0,Cash,Greece
2866869,900138,2023-04-17,1568.84,PayPal,Turkmenistan
5913441,1961503,2023-10-25,5107.2,Bank Transfer,Pitcairn Islands
4900777,1728324,2025-01-14,1997.4,Bank Transfer,Falkland Islands (Malvinas)
5813969,842532,2022-04-11,1285.15,Cash,Czech Republic
5764033,1905119,2023-02-23,3192.64,Bank Transfer,Botswana
2683948,372909,2022-04-05,80.83,Bank Transfer,Uzbekistan
2135028,342328,2023-10-29,62.78,PayPal,Canada
7360682,413856,2022-03-08,0.0,Bank Transfer,Sudan
6708430,1741045,2022-07-25,1604.25,Cash,Bouvet Island (Bouvetoya)
6051187,699982,2023-01-10,3666.43,Credit Card,Gambia
3488638,1612472,2021-09-07,1846.83,Bank Transfer,Saint Kitts and Nevis
2426437,1291735,2021-10-11,881.79,PayPal,Marshall Islands
2659035,1924291,2022-11-08,513.0,Credit Card,Micronesia
6200322,422381,2023-05-20,2907.01,PayPal,Christmas Island
2069682,1620468,2025-07-24,2657.49,PayPal,Anguilla
4911987,175158,2022-10-08,1532.69,Bank Transfer,Estonia
1141276,3960,2022-02-27,1092.6,Cash,Montserrat
5494571,1141021,2023-06-03,3421.2,PayPal,Jersey
3026093,1456561,2024-11-14,183.99,Bank Transfer,Russian Federation
581026,981438,2022-07-28,0.0,Credit Card,Antigua and Barbuda
4413941,1207619,2025-02-16,4064.95,Bank Transfer,Macao
1009303,1277470,2022-06-28,1278.69,PayPal,Iran
7436092,741768,2024-09-08,3047.51,Bank Transfer,Yemen
6988910,786723,2022-08-08,4179.79,Credit Card,Malta
5277879,470730,2023-03-06,987.09,Cash,Vanuatu
7072498,1531020,2024-10-08,2761.11,Cash,Paraguay
3505760,266366,2025-07-07,360.42,Cash,Chad
6139583,271087,2024-02-22,1396.2,Cash,Paraguay
4305389,1015688,2022-12-18,1535.27,PayPal,Bermuda
7163400,493444,2024-09-04,3042.1,Bank Transfer,Seychelles
6328860,14662,2022-03-26,3141.89,Bank Transfer,Congo
1518503,687401,2024-06-07,167.04,PayPal,Bangladesh
5001311,701824,2023-01-22,0.0,Cash,Armenia
6466238,977023,2024-03-25,1040.61,Bank Transfer,Ethiopia
4718820,1345712,2024-08-14,1301.98,Credit Card,Sierra Leone
6982311,546709,2022-07-03,2662.07,PayPal,Bolivia
1700408,34734,2025-04-29,0.0,Cash,India
6555409,766233,2024-07-10,2855.98,PayPal,Cayman Islands
1112097,474773,2023-10-15,747.3,Cash,Grenada
5808501,258432,2024-12-20,3538.88,Credit Card,Algeria
3108432,1128865,2024-03-14,207.98,PayPal,Ghana
2489051,1259120,2023-05-10,454.44,Bank Transfer,Namibia
390250,1151855,2023-07-21,2852.05,Bank Transfer,Haiti
5790085,299149,2024-09-11,1395.77,PayPal,Wallis and Futuna
5579959,1242351,2023-11-16,489.07,Bank Transfer,Maldives
5193198,205189,2023-12-22,0.0,Bank Transfer,Sudan
1572314,1698614,2024-08-07,0.0,PayPal,United States Virgin Islands
1502852,1696814,2024-12-02,0.0,Bank Transfer,Netherlands
2675861,542789,2024-08-03,2983.23,Credit Card,Yemen
3081514,1636577,2022-05-16,2420.75,Bank Transfer,Portugal
626820,277591,2022-09-01,0.0,Credit Card,Togo
6348513,1012747,2022-12-29,906.99,Credit Card,Monaco
7079507,1387010,2023-08-24,2597.73,Cash,Greece
5030297,1889667,2022-10-14,1930.48,Bank Transfer,Japan
459956,1276168,2025-03-28,1385.5,Bank Transfer,Christmas Island
4683324,416920,2023-02-28,435.5,Cash,Greece
838661,1117192,2025-03-13,0.0,Credit Card,Italy
7819091,1059802,2022-11-07,501.61,PayPal,Mongolia
3166500,365440,2024-02-27,2308.17,Bank Transfer,Bulgaria
1220629,907751,2025-04-22,439.26,PayPal,Congo
7049955,1658327,2025-07-12,2471.81,Cash,Namibia
5220192,1010589,2023-09-14,4474.96,PayPal,Portugal
4716182,262487,2022-06-09,0.0,Credit Card,Bermuda
4715753,1380443,2023-12-04,1839.48,PayPal,Costa Rica
98917,1552614,2024-06-20,1883.45,Credit Card,Portugal
2031917,1088961,2025-03-24,4660.94,Bank Transfer,Kyrgyz Republic
2549741,214478,2023-03-11,1149.09,PayPal,Maldives
7503942,1129165,2022-02-21,1996.96,Credit Card,Faroe Islands
6972660,788446,2022-04-02,810.62,PayPal,Saint Lucia
7908725,26750,2022-07-06,3432.41,PayPal,Cambodia
3650736,1730313,2025-02-24,2247.65,Credit Card,Colombia
6364042,851027,2022-09-24,6766.92,Cash,Russian Federation
2872947,1014528,2022-09-19,2993.72,Credit Card,Albania
1037956,631109,2025-07-23,97.17,Credit Card,Tajikistan
484002,56030,2023-05-17,1471.8,PayPal,United Arab Emirates
3970193,1672807,2021-11-10,5840.75,Bank Transfer,Paraguay
179747,1400100,2022-02-09,1552.54,PayPal,Taiwan
5506375,977081,2024-02-16,1124.02,Credit Card,Tajikistan
2411265,1328612,2021-09-01,17.37,Bank Transfer,Iran
160917,1443608,2023-08-11,1433.5,Cash,Chad
638679,1175933,2025-06-24,2791.8,Credit Card,Belgium
1507182,1479735,2021-09-10,1969.89,PayPal,Ghana
3785421,767153,2024-07-19,0.0,Bank Transfer,Lithuania
2358487,1514670,2025-03-03,0.0,PayPal,Norway
7011623,755340,2021-11-23,935.7,PayPal,Chad
4697245,1303478,2023-06-27,2352.85,Credit Card,Swaziland
6838279,1486174,2022-11-07,5608.74,PayPal,Grenada
6333229,1701312,2021-10-19,2271.15,Bank Transfer,Seychelles
2742121,1583559,2025-08-08,1707.04,Credit Card,Montenegro
6921467,1051460,2023-04-05,3292.8,Bank Transfer,Burundi
6396558,1349927,2025-03-31,2002.92,Cash,Chad
6603347,750666,2022-08-27,553.71,Credit Card,Senegal
1913877,106776,2025-05-02,947.11,Cash,Barbados
6861128,1067323,2024-07-22,3519.32,Cash,French Guiana
1820390,1687714,2025-05-10,614.24,PayPal,Congo
2994566,1736193,2022-06-21,783.41,Bank Transfer,France
1829645,1907015,2024-11-13,2532.67,PayPal,Greenland
5726510,1424691,2022-07-12,561.7,Credit Card,Egypt
2157053,1017225,2025-01-11,0.0,Bank Transfer,Guyana
535304,1470091,2022-01-11,739.47,Bank Transfer,Belarus
3870425,1985056,2024-03-03,2077.66,Bank Transfer,Guadeloupe
4577802,310006,2023-01-11,477.49,PayPal,Liechtenstein
322220,1776862,2022-05-21,1140.78,Cash,Suriname
5298343,438735,2025-03-10,2463.08,Bank Transfer,Burkina Faso
693131,1778965,2022-04-28,3549.55,Cash,Bermuda
5276760,1885533,2024-03-25,2409.73,Credit Card,Venezuela
2155596,137537,2021-09-11,0.0,PayPal,Bosnia and Herzegovina
3960926,430277,2025-02-17,1394.2,Cash,Marshall Islands
7549771,1848300,2023-02-09,3738.62,PayPal,Nicaragua
493702,1945222,2024-07-06,1263.17,PayPal,Slovakia (Slovak Republic)
3913085,758961,2025-06-11,0.0,Bank Transfer,Andorra
5217847,968505,2025-08-12,1218.48,PayPal,Montserrat
3802551,657687,2023-12-27,858.95,Bank Transfer,Switzerland
4127279,1495262,2022-12-23,3149.28,Cash,Honduras
1198813,1263788,2023-04-11,2031.39,Bank Transfer,Tuvalu
6038611,1638784,2024-10-10,2460.57,Bank Transfer,Japan
421343,1786370,2024-05-21,2237.17,Bank Transfer,Belize
4806204,715370,2022-07-12,0.0,Bank Transfer,Seychelles
4153278,725417,2022-03-18,111.63,Cash,Kyrgyz Republic
1075643,1631803,2023-06-16,2610.32,Bank Transfer,Lebanon
6000630,1128138,2022-10-07,671.08,Credit Card,Honduras
2665574,1087137,2022-06-25,2834.75,Credit Card,Congo
4497868,1422824,2023-09-24,1796.99,Cash,Israel
2932819,1659816,2024-03-14,3595.2,Bank Transfer,Cote d'Ivoire
7079599,203517,2023-07-16,885.16,Cash,Slovakia (Slovak Republic)
7537543,1168133,2024-07-08,1161.93,PayPal,Lesotho
1745434,203830,2024-10-01,2459.42,Cash,Lithuania
1448251,1775743,2024-03-29,4461.15,PayPal,United States Virgin Islands
5271337,875178,2024-01-19,882.61,Bank Transfer,Iran
772496,1979420,2023-03-18,2116.1,PayPal,British Indian Ocean Territory (Chagos Archipelago)
518977,677738,2023-10-28,527.46,Cash,Switzerland
2223215,829561,2024-10-27,2234.37,Cash,United States Minor Outlying Islands
5397774,1739823,2024-05-27,640.36,PayPal,Cote d'Ivoire
4458759,472295,2021-09-09,1395.1,PayPal,Belarus
4534581,266655,2023-09-17,627.63,PayPal,Ecuador
3996871,898173,2024-08-12,3179.66,Credit Card,Denmark
2317499,1505238,2022-10-29,607.12,Bank Transfer,Iceland
4043711,1724266,2021-11-02,2784.48,Credit Card,Saint Helena
2198655,224746,2022-04-06,1364.93,Bank Transfer,Lithuania
1083470,821804,2025-06-30,3630.89,PayPal,Guinea
7615130,11407,2025-06-18,0.0,Credit Card,Guam
6996514,1182620,2022-04-05,2365.18,Bank Transfer,Kenya
3277755,1382518,2023-04-14,557.42,PayPal,French Guiana
1991612,1583212,2021-10-21,2391.64,Cash,Puerto Rico
3014852,1971836,2022-12-16,3437.93,Credit Card,Saint Vincent and the Grenadines
4278364,1724542,2025-08-30,2296.19,Bank Transfer,Burkina Faso
4280788,1221257,2024-08-17,1543.24,PayPal,Saudi Arabia
722771,819444,2023-09-03,0.0,PayPal,Chile
1396784,1375400,2023-12-16,3668.53,PayPal,Korea
5875137,338433,2021-10-09,1995.64,PayPal,Georgia
2939560,1663807,2022-04-06,0.0,PayPal,Moldova
1255036,1022642,2025-04-18,0.0,Bank Transfer,United States Minor Outlying Islands
2760617,1729040,2024-01-08,1575.65,Bank Transfer,Pakistan
6401660,1132668,2022-05-29,3876.42,Bank Transfer,Austria
6230883,1777468,2025-08-13,1157.28,Cash,Kazakhstan
6372025,1560440,2023-09-13,1870.33,Credit Card,Lesotho
4796924,1169752,2024-04-04,3290.13,Cash,Mexico
5207295,1679085,2024-03-03,1302.91,Bank Transfer,Guyana
1625839,482784,2024-02-14,333.93,PayPal,Armenia
5950293,1791098,2022-03-15,128.84,PayPal,Vanuatu
3277732,286370,2022-10-23,1466.58,Bank Transfer,Jamaica
3050092,233274,2024-06-05,3503.89,Credit Card,Jersey
5997132,1056662,2024-11-22,5922.43,Credit Card,Philippines
5813262,1499476,2025-08-25,1734.6,Bank Transfer,Botswana
3805661,795594,2022-02-03,356.11,Cash,Equatorial Guinea
4893660,485571,2023-05-04,318.3,Credit Card,Tuvalu
2980155,1797507,2021-10-03,1014.51,Credit Card,Northern Mariana Islands
4265430,277389,2023-04-15,1131.42,PayPal,Greenland
4547316,1616978,2025-04-02,1491.07,Cash,Faroe Islands
2729749,1555489,2023-12-29,3295.49,Bank Transfer,Cyprus
794555,1353657,2022-02-12,1863.5,Cash,Pitcairn Islands
5219145,1067906,2023-11-29,860.61,Bank Transfer,Lithuania
5460643,248988,2023-07-31,496.46,PayPal,Saint Kitts and Nevis
5287021,1957889,2023-07-16,4669.6,Credit Card,Brazil
4151650,1106514,2022-08-14,181.53,Cash,Zimbabwe
4346314,1327953,2023-08-19,3418.92,PayPal,Jamaica
2549186,1825598,2025-02-04,4542.19,Cash,Taiwan
6047857,1126663,2025-05-29,2530.11,Bank Transfer,Suriname
2615591,859166,2025-04-30,4050.98,Cash,Spain
439290,263764,2024-02-01,790.45,Cash,Tokelau
5653371,267096,2025-08-29,956.54,Bank Transfer,Morocco
1161568,1490069,2024-10-31,547.47,PayPal,Iceland
129205,1960038,2024-09-20,1732.95,PayPal,Dominican Republic
565750,1956631,2024-06-09,3532.02,Cash,United States Virgin Islands
4273929,1651319,2024-01-06,3009.77,Credit Card,Argentina
3494456,338647,2023-10-29,1926.48,PayPal,Mauritius
7866869,1499370,2022-05-11,3681.38,Bank Transfer,Andorra
5908289,1333881,2024-04-04,511.44,PayPal,Grenada
6057661,953867,2025-06-25,1956.48,PayPal,Swaziland
4080035,1491224,2023-03-20,293.68,Cash,Lebanon
4757626,117031,2023-06-09,408.72,Cash,Bhutan
4904464,91026,2023-01-09,1338.28,Bank Transfer,Senegal
6189272,1387703,2025-02-27,3168.96,PayPal,Norway
2478876,36481,2023-09-16,1256.29,Bank Transfer,Turkmenistan
4535765,1209718,2021-09-01,600.98,Cash,Senegal
5000034,1684029,2024-12-09,2033.77,Credit Card,Greenland
7785985,1342477,2023-09-15,802.35,Credit Card,Nauru
2654616,1649937,2023-09-06,1105.54,Credit Card,Tajikistan
1503408,1782569,2025-07-23,5739.78,Credit Card,Greece
4753527,613228,2023-02-02,7682.5,Credit Card,Mali
737939,639215,2022-10-20,0.0,Credit Card,Slovenia
6399464,1010377,2023-09-30,1960.75,Bank Transfer,Turkmenistan
4235142,347026,2023-08-15,3649.62,Cash,Guatemala
5380050,527932,2025-01-08,1212.03,PayPal,Bolivia
6373717,1249057,2025-04-21,942.02,Cash,Chad
1155135,1037830,2023-02-04,798.9,Bank Transfer,Mongolia
1491741,138611,2022-06-07,980.22,Bank Transfer,Bolivia
1596973,865933,2024-07-17,1454.82,Credit Card,Uganda
4527040,975154,2023-05-08,0.0,Cash,Antarctica (the territory South of 60 deg S)
2186482,1897686,2022-10-24,3149.87,Credit Card,Israel
2861245,1141665,2023-03-31,470.84,Cash,Bangladesh
2367086,1479362,2023-02-28,721.9,Cash,Armenia
1379231,1644443,2024-10-26,77.03,Credit Card,Israel
6773046,1781958,2024-10-15,4278.14,Credit Card,Chad
2370963,161268,2024-12-09,2425.13,Cash,Pitcairn Islands
5254792,1003959,2023-02-01,711.58,PayPal,Mali
2305458,983242,2025-06-22,3757.56,Bank Transfer,Cape Verde
7221210,1329523,2023-04-14,4113.32,PayPal,Korea
3280479,130865,2025-07-08,1504.26,PayPal,Moldova
5546569,1282559,2023-11-07,1319.1,Credit Card,Panama
1717000,843696,2025-01-27,23.76,PayPal,Serbia
4892102,866895,2022-04-26,1065.91,PayPal,Turks and Caicos Islands
3342090,180670,2024-03-02,917.53,Bank Transfer,Reunion
5766857,965935,2024-04-24,2637.76,PayPal,Uzbekistan
6662128,1521691,2022-01-04,3359.32,PayPal,Norway
5383316,1647669,2024-06-25,5018.24,Cash,Sao Tome and Principe
840735,1286816,2022-09-01,692.25,PayPal,Indonesia
287062,688442,2022-01-09,2833.85,PayPal,Comoros
4160357,860886,2024-11-19,2246.9,Bank Transfer,Samoa
5278053,1164944,2023-08-17,2497.65,Bank Transfer,Mayotte
2226450,355030,2023-12-17,2329.9,PayPal,Switzerland
6229857,53448,2024-04-26,1299.84,PayPal,Afghanistan
4641435,905033,2025-02-08,199.3,Bank Transfer,Guam
2036961,1009952,2023-04-01,2699.66,PayPal,Bouvet Island (Bouvetoya)
5369133,1331373,2025-05-01,3681.0,PayPal,Turkmenistan
6585378,819924,2025-08-03,1904.28,PayPal,Albania
7330560,1933257,2022-09-05,1032.96,Credit Card,Argentina
3411880,1168134,2023-09-04,999.4,PayPal,Sri Lanka
2386925,1334776,2022-09-15,244.5,Bank Transfer,Suriname
2901864,1217019,2024-06-04,5877.17,Bank Transfer,Egypt
5880818,543139,2025-05-16,263.7,Bank Transfer,Bahrain
2904685,889770,2023-07-28,0.0,Cash,Haiti
5683956,1965906,2022-04-29,3590.95,Credit Card,Nepal
2993995,581848,2023-10-23,3100.8,Cash,Guernsey
7759922,1534779,2021-09-04,555.43,Bank Transfer,Tokelau
5918384,1726012,2025-01-31,287.82,Bank Transfer,Switzerland
4664482,637515,2022-12-23,2131.01,Credit Card,Equatorial Guinea
2994750,1570037,2024-09-27,1881.55,Cash,Hong Kong
4616704,327351,2022-05-13,2547.37,Credit Card,New Zealand
4224643,1403172,2024-11-18,457.92,PayPal,Lebanon
424064,812561,2021-10-18,669.17,Bank Transfer,Colombia
732871,461737,2023-04-12,572.7,Bank Transfer,Brazil
1457080,1343065,2024-11-18,1784.25,Cash,Kazakhstan
1207999,788191,2021-09-14,1749.0,Bank Transfer,Estonia
2316658,1188897,2025-08-09,2634.6,Bank Transfer,Austria
2674596,847119,2024-11-17,654.81,Cash,Luxembourg
6851518,319287,2025-02-22,219.75,Credit Card,Guinea-Bissau
2349072,121245,2022-09-11,502.24,PayPal,Luxembourg
479503,1261453,2025-04-04,6759.81,Bank Transfer,North Macedonia
1780615,963507,2023-09-19,1572.64,Bank Transfer,Chad
1601539,305389,2022-11-01,2437.6,Credit Card,Guam
4172683,1794093,2024-06-05,174.39,Cash,Papua New Guinea
2466301,508197,2024-01-31,1723.76,Cash,Romania
7843870,454260,2022-01-06,2123.41,Cash,Romania
5320687,927453,2024-08-13,1216.55,Credit Card,Guernsey
2211019,1871218,2024-11-08,3128.81,Cash,San Marino
5984146,356709,2025-01-01,1007.75,Bank Transfer,Lithuania
3690844,1393042,2024-07-25,243.6,PayPal,Bosnia and Herzegovina
5668183,894488,2022-02-15,1685.03,Credit Card,Lao People's Democratic Republic
6765876,1806975,2025-04-14,160.59,PayPal,Cote d'Ivoire
7145558,375972,2024-01-23,6106.41,PayPal,Guinea
7492881,1007754,2023-08-16,3096.74,Cash,Maldives
7712986,1859125,2023-12-30,643.97,Cash,Philippines
1364853,14535,2023-06-08,2605.32,PayPal,Algeria
3780423,585989,2024-03-15,2494.7,PayPal,Martinique
1321180,457771,2023-04-30,262.64,Cash,Cote d'Ivoire
1850817,912081,2023-08-17,1554.21,Cash,Cuba
1150939,1830524,2022-04-27,2541.55,Credit Card,Oman
3314896,800695,2023-07-08,4769.89,Cash,Guyana
2528605,1504921,2022-11-10,3344.59,Cash,Netherlands
7558153,1921194,2023-07-12,2784.41,Bank Transfer,Korea
7199209,910512,2024-03-12,3001.96,PayPal,Australia
1163109,140437,2025-02-26,596.21,Bank Transfer,South Africa
3681671,1095831,2024-11-30,4437.56,Cash,Jordan
3656437,264485,2025-04-12,1120.5,Credit Card,Greenland
5664430,372918,2023-10-01,169.93,Bank Transfer,South Georgia and the South Sandwich Islands
5350241,222158,2024-10-26,1702.48,PayPal,Uganda
3318358,830031,2023-12-09,425.32,Credit Card,Peru
4440055,1847161,2022-08-09,1301.56,Cash,Comoros
3876809,1389310,2023-10-20,1056.01,Credit Card,Congo
962814,599678,2025-07-27,211.34,Credit Card,Timor-Leste
7408144,700529,2022-07-13,618.31,PayPal,Portugal
1038469,1275841,2022-09-09,429.98,Bank Transfer,Turks and Caicos Islands
615324,434273,2023-04-06,2982.75,Credit Card,Kuwait
6699720,330823,2024-04-30,5366.1,Credit Card,Iraq
5751468,860224,2024-04-04,2517.53,Credit Card,Sri Lanka
7328683,1598742,2022-07-06,971.28,Cash,French Guiana
3652513,1698519,2025-02-09,1843.17,Cash,Sri Lanka
3573134,1151915,2024-03-23,0.0,PayPal,Guatemala
6825965,1428762,2023-06-04,1494.98,Credit Card,Ghana
7058201,1375211,2025-01-31,1006.9,Credit Card,Seychelles
4278751,204218,2025-04-17,0.0,Cash,Denmark
4328071,739442,2024-03-30,913.68,PayPal,Belgium
3614146,1451303,2023-04-11,313.42,Cash,Cape Verde
6877498,478475,2021-09-08,70.28,PayPal,Honduras
4935400,1964041,2025-07-01,1755.14,Cash,Spain
5047870,421753,2025-03-14,1845.15,Bank Transfer,Ethiopia
407481,992359,2022-02-27,1221.03,Bank Transfer,Monaco
3827481,1929895,2023-03-28,2824.06,Credit Card,Malawi
7903929,446397,2022-12-26,2512.15,Credit Card,Australia
2503178,121436,2025-07-18,3709.08,Cash,Pakistan
2154969,1913613,2025-08-06,3476.49,Cash,Botswana
6158945,1343992,2025-01-10,2712.2,Credit Card,Cyprus
7105742,1977209,2023-07-12,1237.29,Credit Card,Cameroon
6626204,802670,2024-10-29,527.56,Cash,Senegal
6615100,1282229,2023-03-31,2736.47,Bank Transfer,Hong Kong
7517711,1706299,2023-02-02,1058.2,Bank Transfer,Korea
6434994,1605397,2023-10-12,3688.22,Cash,Haiti
7803113,842361,2022-03-20,0.0,PayPal,Norway
4038906,985956,2024-01-29,0.0,PayPal,Belize
4077067,300134,2024-08-12,1516.99,PayPal,Bangladesh
4077121,327126,2023-08-21,9115.74,PayPal,Marshall Islands
2357305,1655576,2023-08-20,1232.98,Bank Transfer,Sao Tome and Principe
7543659,843245,2024-04-11,1662.2,PayPal,Papua New Guinea
1299442,396725,2024-08-23,3046.03,Bank Transfer,Western Sahara
4733306,449678,2025-02-25,744.62,Cash,Saint Vincent and the Grenadines
1689022,1164900,2023-05-09,743.22,PayPal,Martinique
1486652,845596,2025-05-16,124.85,Cash,Romania
1085671,895958,2023-12-11,0.0,PayPal,Estonia
7949884,787432,2024-10-10,2714.16,Credit Card,Korea
7714806,90502,2024-06-30,970.97,Credit Card,Tonga
4146827,1699556,2024-09-11,2429.6,Credit Card,Lebanon
4975616,459357,2025-04-03,3698.42,Credit Card,Kenya
7853576,662651,2023-03-19,3879.93,Credit Card,Guinea
3712636,1815055,2022-12-17,1532.88,Credit Card,Liberia
2707198,1680118,2023-10-05,1162.59,Bank Transfer,Honduras
7539053,1206750,2021-09-28,1546.19,PayPal,Bangladesh
2321794,1739202,2022-01-22,2360.36,Cash,Iraq
1738764,1408205,2021-10-15,1610.96,PayPal,Costa Rica
1823726,1255137,2023-02-05,0.0,Bank Transfer,Tajikistan
6241525,1524613,2024-06-21,2421.88,Bank Transfer,French Southern Territories
5975124,1917282,2022-06-21,1798.4,Bank Transfer,Christmas Island
3711212,1976287,2022-05-12,726.95,Bank Transfer,Equatorial Guinea
5748805,400391,2021-10-26,1540.12,Credit Card,Libyan Arab Jamahiriya
6887587,539043,2025-03-12,1788.29,Bank Transfer,Antarctica (the territory South of 60 deg S)
342572,78024,2025-01-04,3197.96,Bank Transfer,Bangladesh
2753865,83710,2025-02-17,1289.11,PayPal,Saint Lucia
3477912,1798214,2022-02-15,789.44,Credit Card,Seychelles
7381178,639667,2021-12-30,0.0,Credit Card,Lesotho
7131140,482145,2022-06-30,2753.58,Credit Card,Estonia
1425881,1627495,2021-12-22,972.36,Bank Transfer,Azerbaijan
2876081,805589,2022-03-24,2203.74,Bank Transfer,Sao Tome and Principe
1537366,1343673,2022-11-20,0.0,Bank Transfer,Tanzania
1481752,1236160,2022-04-03,393.0,Bank Transfer,Saint Helena
7908245,1845434,2024-02-06,0.0,Bank Transfer,Monaco
7677141,165643,2025-07-23,0.0,Cash,Iceland
7597967,1551744,2023-09-06,2989.3,Bank Transfer,Svalbard & Jan Mayen Islands
6320192,1586796,2023-01-22,2915.22,Cash,Madagascar
1812698,576363,2024-11-15,319.37,Bank Transfer,Jersey
4294107,640026,2022-08-27,10.04,Bank Transfer,Djibouti
2700907,1705461,2025-08-25,3508.32,PayPal,Iraq
6826986,723340,2023-07-19,1152.27,Credit Card,Israel
3190981,1671325,2021-11-07,1286.36,Bank Transfer,El Salvador
7084178,329459,2022-01-10,4101.94,Cash,Colombia
7315302,669805,2024-07-08,890.44,Bank Transfer,Tonga
3479077,586984,2023-10-15,3346.34,Credit Card,Malaysia
1312044,875903,2025-01-12,1251.76,PayPal,Uganda
4079772,986056,2025-02-14,3127.81,Credit Card,Heard Island and McDonald Islands
4818976,787884,2024-08-25,4387.53,Cash,Greenland
3016028,480118,2025-05-17,1370.05,Bank Transfer,Chile
2310400,738602,2023-04-15,1237.76,Credit Card,Yemen
6602414,738030,2023-06-17,1981.78,Credit Card,Nicaragua
2327313,688631,2022-03-02,4785.46,Bank Transfer,Myanmar
1806950,1289382,2025-02-25,3328.64,Bank Transfer,Bangladesh
2863946,706042,2024-01-24,1891.55,PayPal,Antigua and Barbuda
2797303,977121,2022-09-30,1004.56,Cash,Micronesia
3096998,442841,2021-11-06,530.0,Cash,Moldova
4007199,744810,2023-04-12,1689.96,PayPal,Peru
1354724,1402666,2024-09-12,414.24,Bank Transfer,North Macedonia
2939337,1957609,2024-10-29,1044.3,PayPal,Jamaica
6555694,518243,2021-09-05,3850.67,PayPal,Thailand
378960,1360080,2025-02-18,0.0,Cash,Namibia
7823699,186122,2022-07-25,1686.56,Bank Transfer,Burundi
1342452,824072,2022-09-25,385.73,Bank Transfer,Tuvalu
5952593,1888947,2023-01-24,268.62,Cash,Austria
430353,428537,2024-10-04,851.63,Cash,Nepal
7337266,404467,2024-09-22,595.22,Bank Transfer,Croatia
1988752,78192,2022-07-24,1699.15,Credit Card,Russian Federation
7757375,308194,2021-10-15,699.96,Bank Transfer,Austria
352953,1320461,2025-03-09,3846.28,Credit Card,Wallis and Futuna
6901812,833866,2022-01-08,10045.23,PayPal,Bouvet Island (Bouvetoya)
7251934,60679,2024-02-05,418.96,Bank Transfer,Uganda
460157,186976,2023-04-27,16.79,Credit Card,Mali
5721311,960865,2024-07-09,4484.54,PayPal,Algeria
6469506,1234327,2023-11-18,0.0,Credit Card,Wallis and Futuna
1588016,715171,2023-11-01,54.15,Credit Card,Liechtenstein
985617,1196618,2021-11-18,2186.02,Cash,Korea
1041530,278685,2025-04-25,997.5,Cash,Croatia
7490509,1023030,2021-12-11,2917.2,Bank Transfer,Czech Republic
3134339,1728684,2022-05-10,2105.92,Bank Transfer,Bosnia and Herzegovina
5986912,147435,2022-05-11,4298.0,PayPal,Myanmar
5702326,896989,2023-09-16,2379.2,Cash,Norway
2742551,403257,2024-08-20,1817.93,PayPal,Sao Tome and Principe
7660519,860848,2022-10-28,2359.77,Credit Card,Tunisia
4022610,550937,2023-07-09,120.02,Bank Transfer,Thailand
283292,194923,2023-06-19,0.0,Cash,Finland
5594831,1302537,2025-07-03,385.08,Credit Card,Turkey
7657747,1451876,2024-07-01,18.16,Credit Card,Montserrat
6261884,1810670,2025-08-28,2828.7,Cash,Portugal
4651396,977460,2022-06-05,891.84,Bank Transfer,Azerbaijan
3625701,471538,2024-08-06,2010.88,Credit Card,Andorra
1687136,1352907,2023-01-10,335.49,Bank Transfer,Lithuania
4981286,607815,2025-03-02,1265.73,Cash,Antigua and Barbuda
5969937,1157174,2023-07-04,1456.05,Bank Transfer,North Macedonia
559428,269398,2022-06-24,3162.66,Bank Transfer,Mexico
2927070,1467846,2023-07-05,1418.11,Credit Card,Saint Kitts and Nevis
1479377,1582517,2024-01-01,1065.28,Credit Card,Faroe Islands
1244211,1149078,2023-01-05,1084.82,Credit Card,Cape Verde
7658489,1796953,2021-11-07,1770.77,PayPal,Honduras
5825333,1474705,2025-03-05,1437.21,Credit Card,Colombia
2438713,1113434,2022-04-09,2093.82,Credit Card,Libyan Arab Jamahiriya
2872477,1078701,2024-06-25,4355.52,Bank Transfer,Sri Lanka
1147308,368481,2021-10-23,3870.79,PayPal,Liechtenstein
5650378,1964702,2023-11-14,3224.44,Cash,Botswana
1575705,1466603,2024-06-14,58.29,Credit Card,Albania
1068673,1431537,2025-02-09,4691.75,Cash,Estonia
6366167,495973,2023-05-04,2829.9,Credit Card,Palestinian Territory
4779699,1084165,2025-02-08,0.0,Credit Card,Sierra Leone
3021472,263272,2022-12-01,1390.46,Cash,Spain
1368348,858202,2024-04-05,2322.45,Credit Card,Guam
6408534,87350,2022-12-27,1932.36,PayPal,Italy
2009496,1654935,2024-04-24,1829.03,Cash,Chad
4694735,178259,2022-12-06,2068.93,Credit Card,Somalia
6983882,442398,2023-08-20,0.0,Bank Transfer,Guinea-Bissau
409486,854926,2025-02-07,1913.68,Cash,Georgia
3547076,771999,2023-01-11,2509.04,Credit Card,Peru
1363819,992786,2025-03-08,4223.45,PayPal,Lithuania
4011345,891636,2022-02-10,679.58,Credit Card,Falkland Islands (Malvinas)
7404288,363219,2021-09-20,3684.52,Credit Card,Vanuatu
2268341,492647,2022-01-14,4348.66,Bank Transfer,Korea
7968127,872696,2023-01-12,4995.41,PayPal,United States Virgin Islands
1625257,1386879,2023-03-04,3748.0,PayPal,Congo
5445973,42892,2024-03-25,2899.92,Bank Transfer,Tuvalu
7953413,1835120,2021-10-06,3250.69,Credit Card,French Guiana
1200027,494750,2024-09-22,3917.1,Credit Card,Togo
6904288,1971265,2024-03-03,248.18,PayPal,Vietnam
4409501,1758508,2022-03-29,798.61,Bank Transfer,Switzerland
2722641,702929,2023-11-03,0.0,PayPal,Peru
193396,1638769,2025-06-05,953.92,Credit Card,United Arab Emirates
7094463,1888067,2024-04-19,1523.55,PayPal,Hong Kong
7146293,1249535,2024-09-04,416.2,Cash,Lao People's Democratic Republic
5929274,26490,2024-08-02,0.0,PayPal,Germany
7562738,1012226,2022-04-29,1872.08,Bank Transfer,Portugal
6452837,124972,2023-05-06,1128.16,Cash,Sweden
3262892,1302235,2023-10-05,2714.3,PayPal,Moldova
1662945,326611,2024-02-14,1902.76,Bank Transfer,Belarus
6256870,1687529,2023-09-04,2032.22,Bank Transfer,Gibraltar
7242736,1413764,2023-05-21,2704.72,Cash,Turkey
6754313,381014,2024-01-18,695.42,PayPal,Anguilla
1694678,1811777,2024-07-01,337.83,Credit Card,Japan
1287237,138058,2021-09-06,2827.03,Cash,Cyprus
2816936,1960274,2023-10-14,854.67,Cash,United States Virgin Islands
3566913,71925,2024-02-19,3144.78,Credit Card,Netherlands
4320681,176272,2025-05-29,176.53,Credit Card,Congo
1504153,1208063,2022-02-25,525.89,Bank Transfer,Congo
7503135,47035,2023-10-05,645.2,PayPal,Finland
531160,1164596,2022-07-18,506.45,Cash,Slovenia
592802,430371,2022-06-12,177.97,Cash,Vietnam
2945745,720356,2023-12-17,3118.2,Credit Card,Equatorial Guinea
1662421,1810965,2021-11-29,2816.55,Bank Transfer,Brunei Darussalam
4622064,276029,2023-01-27,2092.68,Credit Card,Nauru
4244571,1574530,2023-05-17,4974.67,PayPal,Haiti
6416005,402275,2022-03-08,1950.19,Bank Transfer,Jordan
1330640,1100517,2022-03-09,3770.1,PayPal,United States Virgin Islands
2027360,1415992,2024-03-01,2521.03,Bank Transfer,Iraq
6921498,1913864,2025-03-03,312.39,Cash,Guernsey
1095475,302064,2025-08-25,0.0,Credit Card,Croatia
6312241,72673,2024-03-18,1164.93,Bank Transfer,Pakistan
4587213,1122337,2022-08-04,3920.78,PayPal,Mali
5775442,787115,2022-11-07,4767.65,PayPal,Latvia
3548524,1010539,2022-01-31,1281.02,PayPal,Burundi
2566244,70802,2023-06-10,2206.86,Bank Transfer,Saint Barthelemy
1180434,311076,2024-05-27,2494.99,Bank Transfer,Norfolk Island
4784725,1494116,2022-11-25,894.64,PayPal,Madagascar
1314688,1350242,2022-05-29,0.0,Credit Card,Faroe Islands
3384955,1513708,2024-03-11,2605.38,Bank Transfer,Turkey
5517956,1402395,2023-02-10,1495.58,Cash,Ireland
2695805,698806,2022-04-29,4681.02,Cash,Suriname
4675299,1402248,2022-05-16,5084.7,PayPal,Iran
2955723,1902703,2023-11-21,0.0,Bank Transfer,Chad
3178914,1637896,2021-09-09,686.63,Credit Card,Kuwait
1010620,1479430,2025-03-14,0.0,PayPal,Suriname
4116243,671457,2024-06-28,3627.76,Bank Transfer,Bulgaria
4881678,1708607,2023-06-28,1194.42,Credit Card,Samoa
6826290,883076,2025-07-19,1229.1,Bank Transfer,Guam
2006703,527428,2023-06-22,1069.79,Credit Card,Christmas Island
7564281,366213,2024-08-22,1703.16,Bank Transfer,Puerto Rico
3264520,121189,2021-11-23,2862.86,PayPal,Oman
7604970,1939160,2023-06-02,798.86,PayPal,South Georgia and the South Sandwich Islands
2171744,1954905,2023-01-23,1869.99,Bank Transfer,Azerbaijan
7778991,1418968,2021-09-24,5837.12,Credit Card,Spain
401897,663961,2025-01-31,1786.65,Credit Card,Djibouti
967909,99567,2024-09-15,3354.06,PayPal,United States of America
583854,100350,2023-01-15,1796.42,Credit Card,Uzbekistan
844527,226998,2023-02-27,524.61,Cash,Burundi
6045013,1529327,2022-01-26,2552.36,Bank Transfer,Korea
7345070,39353,2022-11-07,2653.54,PayPal,Iran
1345160,1037347,2025-04-04,2431.97,Credit Card,Costa Rica
1933052,1329447,2022-10-06,1451.44,Cash,Kyrgyz Republic
2026130,66166,2023-01-05,40.37,Bank Transfer,Jamaica
2452019,494682,2023-06-08,1610.35,Bank Transfer,Germany
6399834,1649220,2022-07-21,1494.04,Credit Card,Costa Rica
1696537,1185981,2024-04-10,2535.39,Bank Transfer,Puerto Rico
7462921,822161,2023-09-17,692.54,Cash,Zimbabwe
1405934,497342,2022-04-14,1740.92,Bank Transfer,Zimbabwe
1184133,1663412,2022-11-07,1932.51,Cash,Netherlands Antilles
847935,1243628,2023-04-07,1595.1,Credit Card,Singapore
4861599,550721,2022-05-20,1784.02,PayPal,Bosnia and Herzegovina
1844248,450143,2025-06-03,160.62,Cash,Korea
2247142,1326850,2023-03-30,5431.65,Cash,Western Sahara
7267450,1856550,2025-02-18,884.83,PayPal,Japan
4595801,241598,2025-04-06,1358.28,Bank Transfer,Jordan
3814796,1045167,2023-08-27,1189.89,Bank Transfer,Saint Barthelemy
7155401,1510407,2022-12-03,618.93,PayPal,Moldova
5988366,284701,2022-08-29,6915.03,Bank Transfer,Jordan
4556640,536331,2023-03-29,0.0,Cash,Cape Verde
3841587,1271295,2022-11-26,2002.03,Credit Card,South Africa
2041422,1198521,2025-06-07,2965.08,Cash,Guernsey
5808811,920674,2022-03-12,938.61,Cash,Reunion
3388242,1825265,2023-12-02,620.04,PayPal,Indonesia
7672042,364689,2023-11-20,761.68,Credit Card,Uganda
5948592,164784,2021-09-17,2599.03,Cash,Ethiopia
7733448,1339018,2023-08-16,1246.56,Bank Transfer,French Polynesia
2680942,1601345,2022-04-22,1527.3,Credit Card,Latvia
631372,1088780,2025-08-03,5203.92,PayPal,Belarus
7295294,1377135,2024-06-02,204.3,Bank Transfer,Malaysia
5816202,261125,2025-02-22,2955.5,PayPal,Martinique
1396325,1541903,2022-09-12,2840.85,Bank Transfer,Saint Vincent and the Grenadines
4933822,1930280,2022-02-04,834.51,Bank Transfer,Austria
6610847,753666,2023-07-20,2154.35,Credit Card,Saint Pierre and Miquelon
226149,967737,2024-09-01,1251.76,Credit Card,Morocco
4168664,604385,2025-08-26,2012.84,Bank Transfer,Trinidad and Tobago
7042318,1795418,2021-10-26,3393.24,Credit Card,Kiribati
6179456,792555,2022-07-27,0.0,Credit Card,Germany
3685715,201816,2024-12-08,106.05,PayPal,Kuwait
6280462,1095564,2023-02-22,4259.45,Bank Transfer,Bahamas
3420933,1904560,2024-08-16,0.0,PayPal,Suriname
6281238,1324363,2023-01-09,3801.33,Cash,Sweden
2843921,74262,2023-05-11,1936.36,PayPal,Mozambique
5292411,125666,2022-08-25,3218.95,Bank Transfer,Bosnia and Herzegovina
6900447,1274113,2024-07-18,0.0,Cash,Uruguay
3974886,373717,2025-04-24,3884.09,Credit Card,Chile
6253001,1813810,2023-09-14,2659.93,Cash,Liechtenstein
3911575,570898,2024-06-29,2880.2,Credit Card,Spain
7648446,1944508,2022-12-03,2319.84,PayPal,Moldova
6064606,1752367,2022-12-16,0.0,Cash,Palau
6228306,1603904,2023-09-25,2580.29,Credit Card,Congo
4187699,1881017,2025-06-01,3372.83,Cash,United States of America
3688639,375096,2023-08-13,1765.8,Cash,Turkmenistan
2219632,1286734,2025-05-13,425.58,Bank Transfer,Lithuania
6013484,1043199,2022-08-09,125.04,Bank Transfer,Algeria
2740501,319619,2024-09-30,1128.65,PayPal,Korea
1651541,269134,2023-10-18,2638.92,Cash,Lao People's Democratic Republic
4187367,464888,2024-08-28,407.43,Cash,Algeria
324374,1236881,2023-03-06,1330.85,PayPal,North Macedonia
4944282,1522102,2022-08-04,3021.44,Bank Transfer,Kazakhstan
309231,1798265,2025-08-20,3205.0,Credit Card,Suriname
2774263,1664224,2022-01-11,1143.52,Credit Card,Slovakia (Slovak Republic)
403675,1150278,2024-02-02,523.06,PayPal,Angola
2554016,257800,2023-07-05,2951.07,Cash,Liberia
4121094,804576,2025-04-23,1259.46,Bank Transfer,France
5772871,1884949,2022-09-29,781.06,Bank Transfer,Kuwait
6238784,1125195,2024-10-02,2509.81,PayPal,Luxembourg
1208034,1299015,2024-04-18,3035.86,Bank Transfer,Haiti
7980015,682313,2025-08-10,326.43,PayPal,Guinea
5983658,72844,2022-11-24,1724.09,Cash,Benin
185284,1864873,2024-01-31,3571.36,Bank Transfer,Solomon Islands
359852,534677,2024-09-24,2071.23,PayPal,Swaziland
5245344,1130546,2023-07-23,0.0,Credit Card,Benin
2485847,831083,2024-09-27,2425.67,PayPal,Norfolk Island
3904463,453000,2022-01-22,1371.45,Credit Card,Palestinian Territory
4275608,1572640,2025-06-20,5618.34,Bank Transfer,New Zealand
2902247,273333,2023-07-31,521.82,Cash,Somalia
471087,1974431,2021-11-23,2947.06,Cash,French Guiana
1172035,1209459,2022-04-23,1154.94,Bank Transfer,Swaziland
5335558,804325,2024-07-31,1637.97,Cash,Vietnam
392618,221844,2024-05-26,250.32,Cash,Philippines
751595,1499456,2023-11-10,1704.28,Bank Transfer,Comoros
2965187,408123,2025-03-19,2038.54,PayPal,Sierra Leone
6826443,1430977,2022-04-20,0.0,Cash,France
3351502,332722,2022-01-03,1942.92,Credit Card,China
283833,1475753,2021-12-25,5614.02,PayPal,Holy See (Vatican City State)
4069020,1488742,2025-04-05,1153.97,Credit Card,Myanmar
765788,1639194,2022-12-22,2030.43,Bank Transfer,New Caledonia
3341791,1234589,2024-04-11,320.0,PayPal,Swaziland
4652038,1802335,2022-04-11,1490.48,Cash,Mozambique
3529071,688716,2024-04-21,659.14,Credit Card,Italy
6218692,66049,2023-12-04,1651.77,Bank Transfer,Chile
6254983,1956326,2021-09-30,2310.42,Credit Card,Luxembourg
7364064,1548302,2021-12-21,0.0,Credit Card,Turkmenistan
5065163,898809,2022-01-29,192.89,Cash,Martinique
2138011,1358584,2021-09-30,6355.27,Credit Card,Russian Federation
7620686,1864671,2025-04-13,7432.38,Credit Card,El Salvador
5991940,1294049,2025-06-18,3842.59,Credit Card,Samoa
7632298,203678,2022-01-21,2794.28,Credit Card,North Macedonia
1130011,1728441,2023-10-02,207.4,PayPal,Malawi
7445386,1593747,2023-11-07,3030.53,Bank Transfer,Mauritania
5226253,1477114,2022-12-19,2172.8,PayPal,Puerto Rico
1391944,1888150,2024-09-09,4245.2,Credit Card,Saint Martin
589023,716898,2023-12-05,1299.47,PayPal,Fiji
3157050,1534987,2022-12-25,2123.58,Bank Transfer,Gambia
2736084,381980,2023-01-17,445.32,Cash,Korea
4350782,1919426,2024-08-21,763.55,Bank Transfer,Argentina
2727327,1082221,2021-11-09,2253.23,Credit Card,Turkmenistan
6388564,472735,2022-01-06,2661.11,Cash,Reunion
2932296,249883,2025-07-31,4625.5,PayPal,Honduras
2360905,933460,2022-08-11,1354.62,Bank Transfer,Marshall Islands
2903929,19075,2024-10-22,1304.4,Credit Card,Equatorial Guinea
4631185,429797,2024-07-28,1785.66,Credit Card,Russian Federation
6716421,1954548,2022-05-09,3141.31,Cash,Korea
3395061,47320,2024-02-07,2010.74,Cash,Costa Rica
5747107,192641,2023-07-02,0.0,PayPal,Gambia
1887798,1276899,2024-10-31,2493.62,PayPal,Italy
7867331,1826116,2024-07-19,5130.23,PayPal,Turks and Caicos Islands
4771518,521594,2023-03-22,3621.74,Cash,Croatia
7152558,1982989,2024-09-16,2135.82,Cash,Paraguay
5032570,1263144,2022-06-04,1572.38,Cash,Georgia
1610511,638778,2023-09-29,713.2,Credit Card,Central African Republic
7047310,1131720,2024-10-28,708.03,Cash,Cocos (Keeling) Islands
7041278,597579,2022-06-25,398.14,Cash,Hong Kong
2765178,1984734,2022-06-27,2181.13,PayPal,Guinea-Bissau
1334675,1370569,2025-03-10,742.9,Bank Transfer,Honduras
5619743,1288988,2022-01-08,2533.32,Bank Transfer,Ireland
5683379,1590260,2023-09-19,1085.53,Credit Card,Kuwait
1355552,1394639,2021-12-19,0.0,PayPal,Norway
6381254,266772,2023-06-01,5924.31,Credit Card,Dominica
996734,1972802,2024-08-23,247.37,PayPal,Sao Tome and Principe
6437416,1596856,2023-05-10,332.24,Cash,Cocos (Keeling) Islands
3960634,152684,2022-08-19,601.65,PayPal,Afghanistan
369206,1888769,2023-08-01,685.08,Bank Transfer,Cook Islands
5843403,1019371,2023-07-06,0.0,Cash,Germany
3859368,777479,2025-04-26,2042.33,PayPal,Equatorial Guinea
6659612,1152772,2024-04-25,3649.49,Credit Card,Poland
5734101,1465387,2022-12-19,3044.92,Cash,Malta
1682400,232145,2021-12-06,3949.36,Cash,Brunei Darussalam
6268339,1799604,2023-04-20,2261.5,Cash,Equatorial Guinea
5192833,865288,2022-01-21,1192.3,Bank Transfer,Zambia
1945658,447635,2025-02-14,4173.62,Credit Card,Cocos (Keeling) Islands
333386,1688123,2024-12-19,3012.25,Cash,American Samoa
4787742,456916,2021-12-31,4054.12,Cash,Faroe Islands
3795092,1746018,2023-03-11,2549.29,Credit Card,Poland
2197072,1943948,2022-02-12,323.16,PayPal,Haiti
4682254,671365,2023-01-10,1492.3,Credit Card,Brazil
79421,734063,2023-08-07,1551.4,Credit Card,Guinea
4400045,1174451,2025-04-14,394.34,Cash,Paraguay
3134863,1302378,2023-03-29,536.24,Cash,Nicaragua
1393509,593104,2021-12-05,336.34,PayPal,United States Virgin Islands
1536153,597190,2024-05-06,1566.3,Credit Card,Sweden
638883,360288,2021-10-31,470.46,PayPal,Palau
2481428,1304097,2024-12-04,117.2,Bank Transfer,Faroe Islands
4996598,1762634,2021-09-05,31.83,PayPal,Puerto Rico
5967541,1247862,2023-05-28,1909.1,Cash,Syrian Arab Republic
2208649,511490,2023-07-08,2974.61,PayPal,Anguilla
1807725,535154,2023-01-13,2752.02,PayPal,Cape Verde
5273163,479314,2025-06-02,529.26,PayPal,Reunion
918583,82790,2023-09-18,3634.47,Credit Card,Burkina Faso
565986,942633,2021-12-12,466.54,Credit Card,Grenada
39407,1280097,2024-07-11,3588.29,Bank Transfer,Philippines
2539207,78205,2021-12-01,2022.49,Cash,Cook Islands
1094211,235537,2022-04-29,2016.41,Bank Transfer,Moldova
7210586,1103374,2023-10-13,3377.79,Cash,New Caledonia
4319193,130264,2022-11-24,483.7,Bank Transfer,New Zealand
7820601,819790,2023-10-26,808.78,Cash,Myanmar
3425511,1680153,2022-10-06,1952.67,PayPal,Australia
591791,1707608,2022-05-29,3713.49,Credit Card,Suriname
4181950,1810520,2024-04-01,1673.63,PayPal,El Salvador
2862913,1346735,2022-01-21,6444.58,Bank Transfer,Bahrain
5180296,1380197,2022-06-06,876.27,PayPal,Samoa
5079933,1920294,2022-04-16,1002.06,Credit Card,Cyprus
1597085,1136782,2022-11-27,1455.15,PayPal,New Zealand
2290013,50553,2023-06-03,3789.41,Credit Card,Anguilla
6684139,1118803,2024-11-02,3490.73,Credit Card,Saint Lucia
6328851,694480,2025-03-05,1489.41,Credit Card,Cook Islands
248670,944655,2023-10-15,1662.78,Credit Card,Bouvet Island (Bouvetoya)
3062305,765144,2022-01-27,712.24,Credit Card,Mongolia
7785571,1456137,2023-10-31,3387.0,PayPal,Saint Pierre and Miquelon
7281289,417054,2022-11-17,1999.48,PayPal,Korea
2123019,1342918,2024-02-18,3093.74,Cash,Timor-Leste
4590640,782906,2024-01-12,4633.4,PayPal,Uganda
2485723,430740,2021-11-11,3804.39,PayPal,Lithuania
885672,80966,2024-04-01,2120.71,PayPal,Rwanda
161814,1763300,2024-11-10,3271.27,Cash,Malta
4208235,1831368,2023-04-28,1413.39,Credit Card,India
1323261,422303,2025-03-09,842.09,Credit Card,Vanuatu
3357076,1896685,2024-02-05,4341.53,Cash,Lithuania
348885,659658,2024-01-12,1687.87,PayPal,Colombia
6780315,985047,2024-05-27,4618.6,Cash,San Marino
4801235,1167528,2021-10-04,4084.85,Cash,Norfolk Island
4206766,232280,2025-05-30,1175.02,PayPal,Austria
416110,796794,2023-11-02,4007.11,Credit Card,Oman
2432902,846601,2025-02-22,2040.98,Cash,Wallis and Futuna
1276759,624397,2022-07-03,1615.22,PayPal,Benin
431117,1243039,2022-08-15,459.55,PayPal,Venezuela
1308501,645443,2022-10-26,153.84,Bank Transfer,Trinidad and Tobago
2856920,981707,2023-06-12,531.94,Bank Transfer,Paraguay
422952,183224,2022-04-21,0.0,Cash,French Southern Territories
5403447,663067,2024-11-12,3393.66,PayPal,Ghana
2808415,1128539,2021-11-06,423.76,Credit Card,Algeria
7292653,509345,2023-04-28,1219.43,Bank Transfer,Saint Lucia
2935914,831199,2025-03-27,415.5,Credit Card,French Guiana
2898589,750869,2021-09-28,3700.59,PayPal,Argentina
833596,838645,2022-11-12,3500.08,Cash,Niue
74883,1506653,2025-03-22,1941.68,Cash,British Virgin Islands
6039552,684016,2022-10-21,351.6,PayPal,Uganda
3756945,143309,2025-07-06,1840.13,Credit Card,Tajikistan
5725041,777986,2022-02-09,2544.19,Bank Transfer,Tajikistan
1799528,194793,2021-11-10,0.0,Bank Transfer,Denmark
5669080,1372765,2022-06-02,1563.72,Credit Card,Bermuda
3382070,1687847,2024-02-17,2619.41,Cash,Christmas Island
3678047,911047,2021-11-09,1254.72,Bank Transfer,Christmas Island
6074270,1890865,2024-08-11,1902.79,Cash,Mauritius
3857721,986692,2022-09-22,2220.07,Bank Transfer,Philippines
3959317,137474,2024-09-24,4370.77,Cash,Monaco
6584161,1727341,2023-01-27,851.68,Cash,Cameroon
2802555,1455217,2023-10-12,3691.33,Credit Card,Luxembourg
2004189,1861931,2021-12-14,378.95,PayPal,Yemen
4875974,621480,2024-09-15,2695.29,Credit Card,Seychelles
609722,1670116,2023-09-23,1364.49,PayPal,Belarus
7194093,1600605,2025-04-23,477.22,Cash,United States of America
114906,302587,2025-07-28,730.13,Credit Card,Faroe Islands
1046747,712667,2024-07-28,2488.83,Bank Transfer,Martinique
426616,1005693,2024-07-04,837.5,Credit Card,Netherlands Antilles
295308,980484,2024-06-21,1252.8,Credit Card,Montserrat
1656707,1071750,2024-02-13,2101.59,PayPal,Spain
64747,1791704,2023-12-27,3645.38,Bank Transfer,Wallis and Futuna
4671258,1585930,2023-05-04,295.66,PayPal,Sweden
517174,1386355,2025-03-15,1706.9,Credit Card,Czech Republic
923827,1870097,2022-12-11,945.28,Credit Card,Comoros
7241383,151912,2023-01-04,1684.74,Cash,Macao
6951106,319937,2024-06-15,374.89,Credit Card,Western Sahara
6642239,1952085,2021-10-20,4380.74,Bank Transfer,Jamaica
4720708,726947,2022-11-11,0.0,PayPal,Algeria
6909245,1070373,2022-07-03,1374.38,Bank Transfer,Lithuania
2249213,1397893,2023-03-23,1614.23,Cash,Guinea-Bissau
1304303,682765,2024-04-18,1101.45,Credit Card,Ecuador
1104049,1802385,2021-09-13,1225.7,Credit Card,Bosnia and Herzegovina
1295427,446001,2024-12-11,593.7,PayPal,Austria
5437477,482522,2023-12-14,1766.34,Credit Card,Lesotho
5696233,1760012,2022-12-17,567.18,Cash,Nauru
5475019,1592630,2022-06-23,1016.33,Bank Transfer,Swaziland
2358006,891476,2022-08-18,1204.25,PayPal,Falkland Islands (Malvinas)
2953682,1311514,2022-05-28,2012.17,Credit Card,Isle of Man
6866103,1783288,2024-12-12,882.0,Bank Transfer,Uzbekistan
5398509,322904,2024-01-27,1158.03,Credit Card,Wallis and Futuna
5239865,1552528,2024-04-25,0.0,PayPal,United States of America
7507554,927901,2024-05-05,1227.7,PayPal,Saint Vincent and the Grenadines
563641,76633,2021-09-16,1625.97,Cash,Turkmenistan
1829226,1689623,2023-06-30,3173.67,Cash,Mauritania
7060194,1000787,2023-08-28,82.36,Cash,Bolivia
2084980,1574730,2025-04-29,4331.58,Cash,Cuba
4084915,487609,2022-01-24,2931.01,PayPal,Cuba
4482563,274306,2021-10-01,1983.48,Bank Transfer,Indonesia
3576428,1918268,2022-02-10,4274.15,Bank Transfer,Puerto Rico
5818340,80680,2023-06-22,0.0,Cash,Myanmar
6493780,960187,2021-12-20,5479.2,Bank Transfer,Iraq
5691030,533513,2023-03-15,1669.14,PayPal,Norfolk Island
2787589,1352502,2022-08-01,770.52,Cash,Slovenia
6234413,699979,2022-08-22,2795.81,Credit Card,New Caledonia
3372005,903968,2025-08-19,814.4,Cash,Anguilla
1490058,470580,2023-05-10,726.2,Bank Transfer,Senegal
6049608,323282,2024-12-23,4612.18,Credit Card,Fiji
3370640,655541,2022-08-06,3505.49,PayPal,Portugal
2974540,887803,2022-12-11,1904.83,Cash,Kenya
2831978,130911,2022-04-01,2239.42,Cash,Czech Republic
5668469,823948,2024-09-21,7155.95,PayPal,Bahrain
6868417,490795,2022-10-09,2822.06,Credit Card,Rwanda
803872,866298,2023-01-26,695.6,PayPal,Uganda
6733971,1097001,2024-08-16,4426.87,Cash,Congo
5201312,1189075,2025-02-23,3203.18,Cash,Turks and Caicos Islands
6962617,1660884,2022-05-14,2969.08,Credit Card,Senegal
10001,1957870,2022-02-24,1102.12,Bank Transfer,Zimbabwe
3540580,1802999,2022-03-11,1292.75,Bank Transfer,Bahamas
1866189,1684747,2023-07-27,963.6,Credit Card,Angola
6106589,1467097,2022-11-05,1753.29,Bank Transfer,Burundi
4975840,1269526,2025-01-06,85.81,Credit Card,Ethiopia
7547162,1884811,2023-03-23,2363.58,PayPal,Thailand
1885834,64978,2023-03-07,422.29,Cash,Lao People's Democratic Republic
879157,1120706,2022-04-25,97.29,Bank Transfer,New Caledonia
7368280,730009,2025-03-27,326.61,Bank Transfer,French Guiana
7914492,1077924,2023-06-24,830.76,Cash,Belize
3684999,1942936,2022-05-08,0.0,PayPal,Lao People's Democratic Republic
4381097,1269437,2021-10-25,2024.0,Cash,Cote d'Ivoire
7537438,1250687,2024-01-27,55.76,Bank Transfer,Ukraine
2324831,550181,2022-02-16,4926.34,Credit Card,Barbados
3052159,855648,2025-01-18,2179.9,PayPal,Mexico
4546064,1161117,2021-10-02,844.62,Bank Transfer,Monaco
6914654,1383417,2025-03-22,2949.44,PayPal,Cuba
1850544,1849408,2022-12-07,1279.88,Cash,Burkina Faso
4889744,1344468,2024-04-26,3318.17,Credit Card,Cyprus
7156201,1222425,2023-09-15,0.0,PayPal,United States of America
837089,47854,2024-12-18,3429.42,Cash,Monaco
7983102,1900120,2023-06-06,5176.89,PayPal,Cuba
3915159,1677129,2022-01-31,1372.48,Credit Card,Iceland
729860,1841297,2024-01-28,0.0,Credit Card,Papua New Guinea
801098,1056783,2024-03-15,2048.01,PayPal,Guinea-Bissau
5805415,315087,2022-09-11,3360.49,Bank Transfer,Seychelles
2410649,1555160,2021-11-10,2189.71,PayPal,Djibouti
7130657,710864,2023-05-03,44.48,Credit Card,Austria
3715449,566807,2025-03-28,352.83,Cash,Suriname
2044622,592043,2025-08-19,3748.43,Cash,Kenya
1905817,22167,2024-03-15,1946.64,Bank Transfer,Panama
334094,1756016,2025-02-13,1844.28,PayPal,Tuvalu
1864657,305562,2022-05-25,3914.67,Bank Transfer,Guam
2739414,847150,2024-01-07,3987.28,PayPal,Poland
361978,184988,2021-11-06,2089.3,Cash,Pitcairn Islands
2683795,59396,2025-03-01,1973.6,Bank Transfer,Hungary
2255042,700277,2024-05-05,473.93,Bank Transfer,French Guiana
5994779,353994,2025-05-03,2450.27,Bank Transfer,Faroe Islands
6398372,1203083,2024-01-10,4306.23,PayPal,Zimbabwe
2370782,1017926,2023-09-22,1025.38,Bank Transfer,Antigua and Barbuda
4405963,1145917,2024-07-24,1575.95,PayPal,Kuwait
1758866,1021991,2022-02-21,4131.29,PayPal,Iran
7397606,27827,2022-12-25,871.95,Bank Transfer,Kuwait
4137878,1053389,2023-02-04,3552.15,Cash,Antarctica (the territory South of 60 deg S)
3254903,1458849,2025-01-26,3002.48,PayPal,Rwanda
2132313,816937,2021-10-14,1009.98,Credit Card,Nigeria
1176969,110863,2024-01-13,3311.68,Bank Transfer,Iraq
250656,800567,2022-05-25,477.89,PayPal,Mexico
3313618,1058514,2025-03-12,2324.5,PayPal,Cameroon
4627017,1892103,2024-03-28,0.0,Credit Card,Trinidad and Tobago
5901610,135250,2024-12-07,1063.18,PayPal,Uruguay
7707190,762487,2024-06-09,3498.14,Cash,Romania
489128,1287539,2025-02-09,691.57,Cash,Niger
1986687,164020,2024-02-19,188.1,Bank Transfer,Norfolk Island
1480016,1549684,2025-06-02,895.86,Cash,Papua New Guinea
4215652,208482,2023-08-05,440.79,Credit Card,Portugal
5921879,1200534,2024-11-24,267.02,Credit Card,Indonesia
2808139,914479,2023-08-03,2456.85,Bank Transfer,Bouvet Island (Bouvetoya)
7614717,119233,2023-11-05,2889.93,PayPal,British Virgin Islands
4184479,701581,2022-09-28,538.8,Bank Transfer,Lesotho
7494982,1603198,2025-03-02,1420.95,Bank Transfer,Italy
5766220,490982,2022-08-06,0.0,Bank Transfer,Falkland Islands (Malvinas)
383592,1757267,2024-11-15,2591.45,PayPal,Tokelau
3873186,698174,2022-06-25,1714.39,Credit Card,Lesotho
7208556,1186315,2023-04-06,1793.96,Bank Transfer,Taiwan
7836067,641788,2022-05-20,396.05,Cash,Egypt
7104879,625359,2024-05-08,4413.66,Cash,Czech Republic
2672869,817212,2023-04-22,28.01,Credit Card,Kuwait
17581,1986038,2022-10-28,1354.77,Bank Transfer,Canada
1020261,1367088,2025-05-09,2086.67,Credit Card,Mexico
2723356,1176217,2025-05-17,1229.34,Bank Transfer,Isle of Man
5722687,912137,2021-11-15,570.41,Bank Transfer,Moldova
669650,1624956,2023-10-21,0.0,Credit Card,British Virgin Islands
6996462,1488561,2023-03-11,5984.12,Credit Card,Mauritius
319086,1851680,2022-10-08,2415.43,Bank Transfer,Gibraltar
1724342,798533,2023-12-31,1588.11,Bank Transfer,United Arab Emirates
360998,1410424,2025-04-18,518.12,Bank Transfer,Nepal
6282961,1757573,2025-03-30,3572.2,Cash,Gabon
3502392,1267965,2022-07-06,0.0,Cash,Bosnia and Herzegovina
6075978,1147230,2022-04-30,418.65,Credit Card,Guadeloupe
7471938,767490,2024-05-03,2080.94,PayPal,Sao Tome and Principe
2704047,259704,2022-01-01,1488.54,Cash,Lesotho
5694686,647733,2023-01-22,0.0,PayPal,New Zealand
5166155,1946462,2025-02-24,458.27,PayPal,Northern Mariana Islands
7561416,837479,2023-05-22,3058.56,Cash,Lao People's Democratic Republic
7280165,552191,2023-02-01,2170.56,PayPal,El Salvador
7846082,853460,2025-03-07,4001.23,Credit Card,Yemen
205604,557039,2021-10-14,5397.39,Credit Card,Cote d'Ivoire
6974398,128677,2022-09-24,3353.36,Cash,Zimbabwe
7475136,1089934,2022-12-25,2283.67,Credit Card,Sierra Leone
5249966,838335,2023-03-28,1049.79,Bank Transfer,Indonesia
721870,540747,2024-10-27,2969.9,Bank Transfer,Montenegro
7262419,101298,2025-01-30,362.12,Credit Card,Dominica
6085706,1160390,2023-09-13,1162.82,Bank Transfer,Kiribati
4913490,1877539,2021-11-16,3240.89,Bank Transfer,Slovenia
359696,127699,2022-07-03,385.67,PayPal,United Kingdom
7555407,1442330,2025-01-18,3557.9,Cash,Iraq
3966545,504504,2025-08-18,652.95,Credit Card,Martinique
7202224,536518,2023-11-12,3769.43,PayPal,Myanmar
841494,396645,2022-12-20,3532.23,PayPal,Sao Tome and Principe
1733702,1112993,2024-02-01,2198.6,Credit Card,Ireland
546829,1417584,2023-06-08,421.77,Bank Transfer,Guinea
972277,543133,2024-11-19,1907.03,Cash,Saint Martin
3399370,1819692,2022-07-05,2104.26,Credit Card,French Polynesia
3533307,1031470,2025-03-01,3251.03,Bank Transfer,Algeria
3887951,1534397,2024-05-11,4304.8,Credit Card,Saint Barthelemy
1325911,298124,2024-06-27,908.47,Bank Transfer,Syrian Arab Republic
4332233,788199,2024-02-07,2722.05,Cash,Malta
2196712,359049,2022-08-08,135.68,PayPal,Malta
1307565,1955625,2025-06-05,344.05,Cash,Israel
110885,674584,2024-09-05,397.04,PayPal,Falkland Islands (Malvinas)
4474603,1370247,2024-04-12,1130.52,PayPal,Comoros
6972029,215106,2025-06-08,2786.29,Credit Card,Jamaica
6182762,882024,2024-12-03,2668.43,Credit Card,Slovakia (Slovak Republic)
1389106,596043,2024-02-15,2469.82,Credit Card,Libyan Arab Jamahiriya
4196278,1446239,2021-10-14,2369.64,PayPal,Czech Republic
5995227,980264,2022-03-28,1249.97,PayPal,Bosnia and Herzegovina
4375901,1569234,2022-12-22,382.74,PayPal,Uruguay
3699783,122757,2022-02-22,5202.51,Bank Transfer,United States Virgin Islands
460487,170458,2022-05-22,2859.49,PayPal,Netherlands Antilles
6356145,823819,2024-05-30,1265.59,PayPal,New Caledonia
3479775,1167581,2023-01-09,3991.67,Cash,Ecuador
216406,440259,2023-03-25,1196.07,Cash,Puerto Rico
7904771,1902243,2022-12-19,2425.22,Credit Card,Argentina
7355861,316225,2023-01-05,3323.4,Credit Card,Senegal
6764768,1544074,2023-11-30,5093.12,Cash,Burundi
5659387,577019,2024-12-02,3559.82,Credit Card,Lesotho
1020166,1989160,2021-11-28,3090.97,Bank Transfer,Afghanistan
6216985,1895568,2023-01-12,1572.64,Bank Transfer,Bermuda
2132211,1328579,2022-01-17,2934.33,Bank Transfer,Greenland
7966422,220666,2023-12-30,2152.3,PayPal,Micronesia
3000398,529032,2022-03-10,947.43,Credit Card,Afghanistan
753528,53095,2022-05-31,135.43,Credit Card,Guadeloupe
263418,1561818,2021-10-02,1742.32,Bank Transfer,Liberia
1249381,1333507,2023-08-23,580.12,Cash,Montserrat
4911231,253036,2022-07-10,284.13,PayPal,United States of America
6709720,1119413,2022-08-20,1514.34,PayPal,Iraq
7028203,936553,2022-03-02,1551.66,PayPal,Nicaragua
2045474,1692922,2022-11-10,4751.7,Bank Transfer,Falkland Islands (Malvinas)
7460716,326155,2022-06-03,3241.74,PayPal,Turkey
7842233,1757170,2022-10-11,2280.31,Bank Transfer,Cuba
7583112,1786555,2024-04-10,1087.35,Bank Transfer,Cayman Islands
3119299,1636277,2024-04-13,316.02,Credit Card,Lesotho
6095692,912568,2022-11-30,0.0,Cash,Congo
1005526,1884339,2022-05-01,4718.15,PayPal,Korea
7873679,1772532,2022-08-13,2139.51,Cash,Mongolia
6362985,1720325,2025-04-26,427.05,Cash,Eritrea
1722162,1692932,2022-05-07,885.6,Bank Transfer,Luxembourg
1463280,1572866,2023-07-26,810.52,Credit Card,Panama
6986976,56296,2022-08-24,1630.27,Cash,Tonga
6753953,263930,2024-03-06,0.0,Credit Card,Congo
6044912,1680273,2021-12-01,933.22,Bank Transfer,Argentina
6874496,335073,2023-08-17,863.36,Credit Card,Kiribati
2653499,1184488,2021-09-18,3503.89,Cash,Anguilla
7116160,476354,2022-08-01,3136.86,Cash,Ukraine
7440185,493228,2025-08-02,4655.27,Credit Card,Guam
3152089,546997,2022-07-03,2980.35,Credit Card,Oman
5168532,806845,2023-01-30,3130.55,Bank Transfer,Ecuador
6733394,277151,2022-08-24,3679.23,PayPal,Azerbaijan
1460675,841045,2022-04-12,2100.92,PayPal,Malta
3735727,1661071,2022-08-02,0.0,Credit Card,Hong Kong
3133969,1269065,2024-01-13,1923.0,Bank Transfer,Dominican Republic
6603603,1470798,2024-09-26,2465.8,PayPal,Grenada
5830142,1465716,2024-07-22,5871.6,PayPal,Saint Barthelemy
4231791,1969962,2023-03-17,5355.51,Credit Card,Argentina
1288211,1745129,2021-09-04,1983.14,Credit Card,Australia
2789923,689343,2024-03-01,2982.83,PayPal,Morocco
2923922,312585,2022-05-25,5024.85,Credit Card,China
6279359,776198,2022-12-28,1448.87,Credit Card,Portugal
5269868,187646,2023-11-20,813.3,Bank Transfer,El Salvador
4896825,586630,2024-04-18,4025.85,Bank Transfer,Liechtenstein
2850422,1698113,2025-04-11,813.15,PayPal,Dominica
7073116,199084,2024-11-20,2397.58,Credit Card,Korea
4199117,1812529,2024-04-02,391.8,Bank Transfer,Bangladesh
3572474,568609,2023-01-15,5175.43,Bank Transfer,Chad
30363,524356,2021-11-30,1913.92,Cash,Singapore
4498054,1244949,2022-12-09,4072.9,PayPal,Somalia
5533129,1550753,2023-11-13,553.61,PayPal,Malta
6977411,630182,2024-09-04,2270.17,Cash,Chad
1618966,87803,2022-08-24,448.71,Bank Transfer,Bolivia
5056444,1039708,2022-07-12,1111.5,Cash,Cook Islands
4690183,1883651,2024-09-27,955.48,PayPal,Marshall Islands
3595506,375763,2021-12-12,995.0,Bank Transfer,Macao
2368208,1256359,2021-11-27,0.0,PayPal,Antigua and Barbuda
7327264,513830,2024-01-11,1714.17,Cash,Canada
1662980,943689,2021-10-20,348.12,PayPal,Equatorial Guinea
2176131,1314509,2023-12-12,0.0,PayPal,Tunisia
4893139,1591451,2023-04-14,0.0,Credit Card,Macao
7922933,1811633,2023-10-11,0.0,Bank Transfer,Rwanda
3944268,1336637,2025-05-31,0.0,Credit Card,Puerto Rico
4036622,1085407,2025-05-01,1638.21,Credit Card,French Southern Territories
6907579,251674,2022-08-03,32.7,Bank Transfer,Austria
2444275,434576,2023-08-11,4775.3,Bank Transfer,Armenia
969,1696624,2024-02-05,4500.08,Cash,Chad
4574783,700490,2023-01-20,2688.39,PayPal,Uzbekistan
6307439,1366042,2024-12-29,0.0,PayPal,Brazil
6390541,1486931,2024-01-30,1082.96,Cash,Azerbaijan
2700183,170034,2024-11-30,3313.08,Bank Transfer,Syrian Arab Republic
2389837,492294,2022-12-24,3279.19,Credit Card,Nigeria
6571019,440373,2025-05-26,4263.45,Credit Card,Austria
5313821,788031,2024-02-19,259.34,Cash,Aruba
2608686,1730002,2022-08-30,6179.1,Cash,Taiwan
3172529,56057,2024-07-16,18.08,Cash,Hong Kong
7267775,1293320,2024-08-01,22.82,Bank Transfer,Cote d'Ivoire
7521678,1844100,2024-02-24,1091.15,Credit Card,Togo
1217052,62608,2023-08-03,373.23,Credit Card,Zimbabwe
5503754,210875,2021-10-22,1213.55,Cash,Colombia
3032421,1671251,2023-09-04,2454.87,PayPal,Georgia
5506223,857382,2024-09-14,1182.28,Bank Transfer,Paraguay
3131129,1571990,2024-10-05,220.17,Bank Transfer,Sierra Leone
2138177,1303935,2023-04-12,3981.34,PayPal,Kenya
7888557,1065227,2023-03-13,1777.12,PayPal,Gambia
3990042,1600566,2024-12-25,2152.39,Cash,United Kingdom
5312382,372102,2022-11-10,3337.35,Bank Transfer,Saint Pierre and Miquelon
6061954,1872500,2023-11-16,926.25,Credit Card,North Macedonia
1383734,1872298,2022-09-13,1746.83,PayPal,Cocos (Keeling) Islands
4139424,1977954,2022-09-04,2528.92,PayPal,Denmark
3895493,853751,2024-02-15,4325.6,Credit Card,Congo
7645397,1500461,2022-02-12,481.96,Cash,Cyprus
5915970,1805332,2024-12-03,2016.76,Credit Card,Finland
852011,1497617,2022-08-29,7358.23,Bank Transfer,Bulgaria
7991567,591747,2021-12-11,1750.7,Credit Card,Uruguay
6833936,1509773,2024-02-20,2963.55,Credit Card,Netherlands
7363178,401102,2022-09-30,268.62,PayPal,Timor-Leste
2576907,1695374,2024-10-06,120.14,PayPal,Puerto Rico
5428764,817687,2025-01-21,1871.61,Cash,Indonesia
7055447,247325,2025-06-05,47.19,Credit Card,Niger
4253620,57047,2023-11-13,3554.69,PayPal,Bosnia and Herzegovina
6118097,92934,2025-01-03,0.0,Cash,Brazil
1835078,391750,2024-02-06,0.0,Cash,Tokelau
2377655,487611,2025-08-22,6426.52,Cash,Somalia
843596,1778064,2025-06-22,1572.94,Bank Transfer,Moldova
274811,78748,2021-11-05,293.25,Cash,Madagascar
2385774,289217,2022-05-22,1075.53,Cash,Vanuatu
2435377,1893698,2022-07-11,4453.24,PayPal,Uzbekistan
3524437,863331,2024-01-14,1723.23,Cash,Spain
211837,341276,2023-09-03,1193.45,Bank Transfer,Cook Islands
2220587,570006,2023-02-02,5451.7,Credit Card,Germany
1306000,789607,2022-07-27,1177.31,Cash,Honduras
3097008,1750264,2024-03-13,2623.98,Bank Transfer,New Zealand
3234269,867197,2022-04-01,1327.68,Credit Card,Cape Verde
5374671,1639856,2023-03-14,941.71,Bank Transfer,Mayotte
1632260,885922,2023-04-03,2954.93,Credit Card,Nigeria
1321806,12228,2025-08-26,4076.22,Cash,Cote d'Ivoire
1658134,1277117,2024-06-11,1339.26,Credit Card,Afghanistan
5637077,998729,2023-06-18,1106.67,Bank Transfer,Philippines
3935035,1976383,2023-01-04,0.0,Cash,Solomon Islands
2049917,1968977,2025-06-30,263.58,Bank Transfer,Lebanon
827085,319260,2022-06-17,5350.51,Credit Card,Uganda
6004194,770588,2023-05-14,0.0,Cash,Mexico
7851203,667706,2024-11-16,828.33,PayPal,Latvia
2359104,1313432,2023-09-29,2134.1,Credit Card,Maldives
1505269,111556,2023-05-10,4223.8,PayPal,Palau
4479309,1440094,2024-06-01,1961.52,Cash,Slovakia (Slovak Republic)
1431655,1182184,2022-03-11,953.56,PayPal,Pitcairn Islands
1086129,530362,2025-05-30,0.0,Bank Transfer,Tunisia
6503371,1058023,2021-10-22,2558.03,PayPal,Falkland Islands (Malvinas)
5581204,521952,2025-03-20,361.12,Bank Transfer,Thailand
4536379,1682053,2025-08-17,3129.11,Cash,Afghanistan
5814864,1988436,2023-04-08,1917.36,Credit Card,Cambodia
3844295,85735,2024-07-25,0.0,Cash,Samoa
4204965,1891681,2023-01-27,0.0,Credit Card,Equatorial Guinea
5582944,1252691,2023-12-26,1730.81,Credit Card,Bolivia
2410632,568270,2022-03-13,375.85,Credit Card,Gibraltar
4540538,1161681,2022-12-09,1574.42,Cash,Argentina
5049312,1502660,2023-06-19,1853.55,Cash,Nicaragua
6552525,1039741,2024-05-11,389.96,PayPal,Jamaica
6397450,896810,2024-07-27,1783.6,Cash,Ghana
6188055,58923,2023-08-10,2035.54,Bank Transfer,Guatemala
4403454,1910696,2023-12-14,0.0,PayPal,Norfolk Island
3073797,1007871,2022-08-26,1965.08,PayPal,Ukraine
7004517,801262,2024-10-18,4879.16,PayPal,Benin
7108452,1167073,2023-10-03,3490.96,Cash,Colombia
5188926,1789924,2023-02-27,1804.18,Bank Transfer,Maldives
2890805,713174,2021-12-13,23.41,Bank Transfer,Burkina Faso
3804714,397856,2023-03-30,2169.66,Bank Transfer,Marshall Islands
7325462,1378262,2024-05-13,2530.99,Cash,Libyan Arab Jamahiriya
1584570,1405730,2023-09-03,2264.43,Cash,Russian Federation
7887959,1867089,2023-04-21,3038.28,Cash,Heard Island and McDonald Islands
5979937,19824,2023-09-26,1340.14,Cash,Mexico
7809414,218842,2024-02-12,1426.15,PayPal,Cook Islands
6058892,45041,2022-02-16,5555.86,Credit Card,French Polynesia
5500660,704771,2025-02-14,1718.44,PayPal,Sierra Leone
6613028,666833,2021-12-27,0.0,Credit Card,Saint Martin
3862256,1636251,2023-10-18,3684.4,Cash,Singapore
6930052,275188,2022-07-10,2063.59,PayPal,Dominican Republic
2463350,1696813,2022-04-17,4409.6,PayPal,Cambodia
208867,72229,2023-10-21,807.08,Cash,French Polynesia
595395,1522145,2022-04-03,91.68,Credit Card,Mayotte
614827,737333,2022-02-02,1258.24,Bank Transfer,Bhutan
6180820,1908971,2022-07-29,1147.69,Credit Card,Kenya
4288736,173216,2023-02-03,0.0,Cash,Turkmenistan
7432923,1376954,2022-09-14,934.04,Credit Card,Sweden
5321433,733555,2025-06-05,266.94,Bank Transfer,Liechtenstein
4560339,1778610,2023-01-30,1920.0,Cash,Mali
2732640,139988,2023-03-24,1940.02,Credit Card,Mali
5358046,558637,2025-03-19,470.69,Bank Transfer,Anguilla
5588984,529036,2022-04-14,702.04,Cash,Burundi
6444460,1598524,2024-10-18,2189.35,PayPal,Uzbekistan
3684516,592532,2022-02-23,1556.83,Credit Card,Senegal
5362200,872860,2025-03-18,92.18,Credit Card,Congo
790365,559920,2022-10-30,1783.55,Bank Transfer,Egypt
7096680,1021783,2025-04-14,0.0,Bank Transfer,Montserrat
2697185,1933904,2022-08-24,2169.0,Cash,Kazakhstan
793269,1650785,2022-05-31,581.64,Bank Transfer,Kiribati
2765842,1106377,2023-03-18,1882.29,PayPal,Mauritius
1233148,1344873,2024-01-03,1587.69,Credit Card,Morocco
2474811,1284866,2022-07-15,5737.41,Bank Transfer,Egypt
6750805,1297169,2022-01-12,4960.18,Bank Transfer,Lesotho
1413904,731676,2024-12-28,2083.5,PayPal,Lebanon
4919254,1897199,2022-12-01,2492.71,Bank Transfer,Falkland Islands (Malvinas)
38604,656700,2022-11-13,2399.86,Cash,South Georgia and the South Sandwich Islands
3003773,803957,2025-06-27,1182.68,Cash,Congo
935296,1317950,2023-03-26,1832.84,Bank Transfer,Austria
6776660,549696,2024-01-20,2282.04,Bank Transfer,Belize
75370,287753,2023-08-08,1386.96,Credit Card,Russian Federation
7490358,518225,2024-12-05,1232.35,PayPal,Kyrgyz Republic
7527855,1408628,2023-06-17,1437.8,PayPal,Hungary
407111,151951,2024-03-02,1360.74,Bank Transfer,Philippines
6602322,1101190,2025-08-14,1265.43,Bank Transfer,Bulgaria
6606793,586047,2021-12-17,266.32,Bank Transfer,Lithuania
129977,1532671,2023-09-02,1578.4,Credit Card,Isle of Man
1405352,925494,2023-02-05,1576.17,Cash,Togo
3932819,569801,2025-08-25,563.46,PayPal,San Marino
1633138,741458,2024-10-12,0.0,Bank Transfer,French Polynesia
2368947,606301,2021-10-07,3628.65,Cash,Nicaragua
3986101,1248530,2024-06-25,155.03,Cash,Guadeloupe
2536342,1592211,2023-11-27,0.0,Bank Transfer,Madagascar
2137718,655214,2023-04-15,3270.7,Credit Card,Chile
3628526,543690,2022-04-11,3930.61,Bank Transfer,Gabon
7933540,1165522,2023-08-12,1134.87,PayPal,Qatar
2456814,432808,2024-02-10,3966.45,Cash,Mozambique
5861693,369148,2023-10-01,1916.37,Credit Card,Panama
6306155,403575,2022-05-07,4507.66,Bank Transfer,American Samoa
1133766,1432823,2024-04-29,2418.15,Credit Card,Chile
5273030,1668473,2023-02-23,1859.51,Cash,Marshall Islands
1028293,1976770,2022-07-07,0.0,Bank Transfer,Tokelau
6569498,374314,2023-06-26,1186.32,Credit Card,Cote d'Ivoire
760808,866281,2023-06-05,1721.28,PayPal,Russian Federation
2182182,1438505,2022-09-21,2687.79,Credit Card,Guatemala
391788,273969,2024-07-10,5802.57,Bank Transfer,Tokelau
7322405,1055787,2024-03-04,153.57,PayPal,Dominican Republic
3344257,1104845,2025-06-02,310.26,Cash,Egypt
3259660,518315,2023-05-21,4681.58,PayPal,New Zealand
4704741,691421,2024-12-16,1263.38,Cash,Hungary
2055877,1198602,2022-10-16,755.46,Cash,El Salvador
2746985,256787,2022-11-24,3557.11,Cash,Syrian Arab Republic
5247239,1201438,2023-02-05,1491.45,PayPal,Aruba
2627505,953888,2022-02-11,1150.61,PayPal,Netherlands Antilles
2925823,155467,2021-11-29,518.37,Bank Transfer,Jersey
3129852,1284361,2024-03-16,4930.36,Bank Transfer,Ecuador
7678363,189341,2024-06-13,1940.78,Bank Transfer,El Salvador
3118449,1436930,2023-02-02,1445.15,Bank Transfer,Poland
7137381,860386,2022-05-27,5003.83,PayPal,Burkina Faso
1129110,361812,2024-03-16,1340.75,Cash,Namibia
3020149,1506197,2022-05-14,283.55,Bank Transfer,Qatar
2549192,1621922,2023-07-16,1112.33,Credit Card,Tanzania
7172949,497173,2022-07-05,1459.05,Cash,Djibouti
7099196,1947522,2021-09-19,893.6,Credit Card,Uruguay
6157323,897510,2024-04-27,2687.86,Credit Card,Martinique
3628517,1466418,2023-03-11,443.96,Cash,Guam
3249496,1115137,2024-03-31,2260.75,Cash,Barbados
3539386,1790853,2024-11-23,182.41,Bank Transfer,Libyan Arab Jamahiriya
3262355,873428,2024-09-18,745.15,Credit Card,Angola
2130499,185593,2022-09-21,921.58,Credit Card,Lao People's Democratic Republic
4919028,1066929,2023-06-13,2776.41,Bank Transfer,Romania
102401,970674,2023-08-31,3822.49,PayPal,Trinidad and Tobago
6684314,1670677,2024-12-03,1251.21,Cash,Bosnia and Herzegovina
5999248,1457435,2024-12-03,2994.24,Bank Transfer,United States Minor Outlying Islands
1142435,530737,2023-04-22,1174.98,PayPal,Cameroon
5911371,1685043,2022-05-28,3805.78,PayPal,Canada
802222,890332,2025-05-29,840.72,Credit Card,Burundi
2878641,1417059,2022-09-02,2534.76,Bank Transfer,Swaziland
2126340,1511461,2021-10-03,359.3,PayPal,Cape Verde
930447,269234,2022-09-05,191.02,PayPal,Taiwan
2436701,1128746,2021-12-15,510.69,PayPal,Burkina Faso
7350446,914843,2024-10-02,1411.49,PayPal,American Samoa
3200423,1980237,2024-04-20,6499.67,Cash,Vietnam
3538176,1472242,2023-08-22,653.79,Credit Card,Puerto Rico
5401787,1765766,2025-08-02,809.28,Bank Transfer,Guyana
3100141,587807,2024-08-16,2791.51,Cash,Liberia
265502,604264,2024-08-03,2554.47,Credit Card,Denmark
7578885,472250,2024-04-22,2496.39,Bank Transfer,Saint Kitts and Nevis
3993432,1239148,2025-05-27,1582.84,PayPal,New Caledonia
5169147,80690,2025-02-14,1158.55,PayPal,Nigeria
5536137,1831683,2022-10-31,2402.99,Bank Transfer,Botswana
1910228,1582459,2022-02-09,3289.76,Credit Card,Guam
7112846,1582491,2024-12-06,4382.32,Credit Card,Korea
3157823,1986589,2022-12-24,2056.06,Bank Transfer,Barbados
6523369,247175,2021-10-06,1564.5,PayPal,Northern Mariana Islands
5307460,688478,2025-08-14,3201.46,PayPal,Equatorial Guinea
1702153,1463577,2024-03-20,2552.33,Credit Card,Solomon Islands
6185620,549769,2021-10-04,2421.88,Credit Card,Benin
5795029,1090265,2022-04-01,2657.24,Cash,Venezuela
2825926,117377,2022-03-16,777.68,Bank Transfer,Ethiopia
1746088,1998984,2025-02-05,1394.61,Cash,Ecuador
2134802,177965,2022-12-03,920.56,Bank Transfer,Nigeria
7938468,1740161,2022-09-29,1655.47,Cash,Bangladesh
7794567,1895289,2025-04-12,72.86,Credit Card,British Indian Ocean Territory (Chagos Archipelago)
3160131,841323,2022-11-14,1928.3,Credit Card,Turkey
1763207,1877328,2023-07-12,6151.52,PayPal,France
531360,1927509,2022-09-24,51.98,Bank Transfer,Papua New Guinea
5127380,413113,2024-02-19,2168.97,Cash,Bermuda
4885399,1173473,2023-07-07,167.25,Credit Card,French Guiana
5028940,1348064,2023-12-01,586.33,PayPal,Vietnam
2636413,1985262,2023-08-29,1716.4,PayPal,Niger
3191780,88310,2024-02-16,1573.92,PayPal,Luxembourg
3807806,658629,2022-09-22,4142.56,Credit Card,Togo
587886,1995133,2024-09-20,362.09,PayPal,Nicaragua
751416,531775,2024-07-03,3266.92,PayPal,Iraq
2757294,380793,2022-03-18,424.89,Bank Transfer,Pakistan
7229888,772677,2023-09-11,1154.57,Cash,Martinique
674416,171902,2022-10-07,600.2,PayPal,Saint Vincent and the Grenadines
5107766,394762,2025-07-24,3312.48,Bank Transfer,Latvia
4397942,380436,2023-02-10,3213.94,Bank Transfer,Turks and Caicos Islands
1962683,1705663,2022-09-23,2681.38,PayPal,Central African Republic
5104358,1713673,2025-03-30,1288.03,Cash,Croatia
4747101,1908483,2021-09-03,424.51,PayPal,Comoros
5818771,235030,2022-09-03,2171.22,PayPal,South Africa
5457878,1752673,2021-10-22,1551.17,Cash,Romania
2995741,1005747,2024-11-30,3429.99,Cash,Turkey
7836273,738549,2025-06-26,0.0,Credit Card,French Polynesia
2170222,77285,2021-09-24,1549.6,Bank Transfer,South Georgia and the South Sandwich Islands
6437168,140076,2021-11-03,3718.24,Credit Card,Guernsey
1164414,1840715,2025-01-29,601.58,Cash,Armenia
5865532,1108084,2024-06-28,1645.83,PayPal,Italy
379154,641946,2023-06-04,1319.98,Bank Transfer,Italy
4662051,577129,2023-09-23,891.22,PayPal,Austria
1071492,599006,2023-12-30,1108.66,Credit Card,Kuwait
1276297,772223,2022-12-17,1462.56,Bank Transfer,Somalia
1174451,987585,2024-01-26,1370.1,Cash,Eritrea
377912,1494964,2021-10-09,2790.86,PayPal,Ethiopia
5961513,765554,2024-12-28,1297.45,PayPal,Uganda
4107419,204378,2022-02-06,798.59,Cash,New Zealand
7658745,144902,2023-06-21,0.0,Cash,Kazakhstan
1090616,1868030,2025-03-09,1369.9,Credit Card,Bolivia
2841860,946403,2021-12-07,1204.17,PayPal,Madagascar
7267641,1552626,2025-02-26,2781.84,Credit Card,Czech Republic
7087200,1137215,2025-07-01,1927.5,PayPal,El Salvador
5205345,1171497,2022-11-08,650.37,Credit Card,Norfolk Island
5981011,1168429,2023-03-02,3499.83,Cash,Syrian Arab Republic
5080059,498549,2021-11-07,1171.43,Cash,Dominican Republic
6903027,1108631,2023-01-08,831.21,PayPal,Cyprus
6458660,1597663,2025-06-21,480.32,Credit Card,Italy
6362545,1396239,2022-03-20,598.52,PayPal,Hungary
6656804,624000,2024-03-16,4656.36,Cash,Tanzania
6955056,997237,2022-06-07,1611.12,Credit Card,Western Sahara
349824,1257210,2024-12-27,4266.64,PayPal,Uzbekistan
2130915,250558,2022-01-02,2251.5,Bank Transfer,Estonia
1785442,6898,2024-01-07,1991.2,PayPal,Egypt
4373970,877639,2022-04-28,797.92,Cash,Myanmar
7646935,1636974,2022-12-28,2640.88,PayPal,Liechtenstein
7534343,180388,2022-04-03,1078.12,Credit Card,Moldova
3407323,360718,2024-06-30,1883.26,Credit Card,Turkey
4233008,1952636,2023-09-05,3666.69,PayPal,San Marino
7743616,975490,2024-08-26,0.0,Bank Transfer,Mali
6625461,109771,2025-07-01,1670.31,PayPal,United Arab Emirates
6232270,617897,2023-07-28,1714.83,Bank Transfer,Lao People's Democratic Republic
6880088,1406209,2023-05-01,1366.0,PayPal,Monaco
7124765,504976,2022-11-08,67.44,Cash,Angola
462854,114827,2024-06-11,1950.5,Cash,Egypt
5774547,960409,2022-07-26,1783.77,PayPal,Myanmar
438158,885293,2022-11-20,1127.08,Cash,China
7917896,1231290,2024-11-27,905.08,Credit Card,Belize
535558,593864,2024-11-12,2658.56,Bank Transfer,Australia
2090103,161753,2024-06-22,378.25,Credit Card,Saint Vincent and the Grenadines
5490059,480880,2024-08-28,1117.25,PayPal,Yemen
1022938,1742821,2022-10-18,0.0,Bank Transfer,Brunei Darussalam
4575651,425303,2021-12-13,1163.08,Cash,New Zealand
4779933,1481837,2021-11-29,3201.59,Bank Transfer,Belize
337733,1771026,2023-04-22,1063.76,PayPal,New Caledonia
215692,1421124,2025-04-28,1642.05,Cash,Burkina Faso
4220545,1210820,2025-04-30,2796.39,Cash,Panama
4998994,1880951,2022-10-24,2157.13,Credit Card,Saint Lucia
2500092,1449743,2022-04-19,1735.84,PayPal,Guinea
277783,980798,2023-06-18,1552.51,PayPal,Mongolia
172387,231118,2023-01-07,4038.45,Bank Transfer,Costa Rica
2812600,988073,2022-05-18,307.01,Credit Card,Qatar
1612822,778951,2022-06-15,593.11,PayPal,San Marino
6490049,173551,2022-12-21,1049.48,Credit Card,Argentina
5072725,59584,2023-11-01,5534.2,PayPal,Bahamas
7392434,1578161,2024-12-27,0.0,Cash,Brazil
1215024,1863979,2023-07-27,1885.95,Cash,Kazakhstan
7671167,294112,2023-07-08,1271.6,PayPal,Singapore
2013517,1412621,2025-05-28,661.55,Bank Transfer,Montserrat
6937407,1526920,2023-10-04,0.0,PayPal,Suriname
3974042,181765,2023-03-29,2534.84,Cash,Bermuda
2631904,686362,2024-04-09,1678.27,Cash,Hong Kong
5107531,382753,2025-07-23,1553.73,Cash,Luxembourg
7076883,1939756,2022-01-09,1307.6,PayPal,Algeria
2654427,1586387,2025-03-19,488.62,Bank Transfer,South Georgia and the South Sandwich Islands
3566098,910041,2025-01-21,0.0,PayPal,Kenya
5077418,1608732,2025-01-04,2806.15,Bank Transfer,Tonga
4176094,900850,2025-08-14,47.9,Bank Transfer,Turkmenistan
3352118,51438,2022-10-23,3966.76,Bank Transfer,North Macedonia
5993028,1287167,2021-12-25,883.74,PayPal,New Zealand
5373904,497725,2023-06-13,0.0,Bank Transfer,Antigua and Barbuda
3430438,541388,2024-05-14,1481.84,Bank Transfer,Haiti
3606295,1272775,2024-10-15,880.98,Credit Card,Slovakia (Slovak Republic)
460388,786811,2021-09-01,4348.97,Cash,Egypt
7223192,421882,2022-07-16,7371.82,Cash,Palau
6177952,265875,2023-04-19,2670.3,Credit Card,Greece
6279371,164622,2024-10-27,223.36,Credit Card,Kuwait
3938380,75244,2024-12-20,202.61,Bank Transfer,Oman
6739874,664018,2023-06-10,4176.64,PayPal,South Georgia and the South Sandwich Islands
6066960,565210,2024-10-05,4538.62,Credit Card,Tuvalu
2615930,1176630,2025-01-10,1282.02,Bank Transfer,Gibraltar
306204,1014606,2023-04-27,4837.8,Bank Transfer,Myanmar
660185,651101,2024-04-13,977.98,Credit Card,Hungary
5581779,498611,2022-08-17,2506.8,Credit Card,Costa Rica
7719853,449643,2024-05-17,2997.62,Bank Transfer,Antigua and Barbuda
2894859,1735076,2022-07-05,725.56,Bank Transfer,Solomon Islands
525348,1648673,2023-06-20,0.0,Cash,Brunei Darussalam
1442512,418090,2022-09-05,5816.55,Bank Transfer,Czech Republic
6044940,856672,2022-09-08,107.25,PayPal,Burundi
7248740,608587,2025-06-20,548.55,Credit Card,New Caledonia
936367,499070,2022-11-18,292.61,PayPal,Comoros
4099164,1351798,2024-01-10,3693.5,Bank Transfer,Luxembourg
3904154,1650136,2024-05-20,2545.0,Cash,Cook Islands
4462127,987489,2022-09-14,2748.79,Credit Card,Egypt
6389988,43761,2022-06-27,1002.9,Credit Card,Zambia
2170701,1421922,2025-01-28,1803.54,Bank Transfer,Burundi
1209757,1913210,2022-06-18,2849.98,Credit Card,Pitcairn Islands
697537,714801,2022-10-13,1244.31,Bank Transfer,Argentina
7421328,1788803,2022-10-20,1751.24,Cash,Trinidad and Tobago
6173237,1258840,2024-08-26,467.52,Bank Transfer,Nigeria
2800683,638890,2022-05-11,4759.69,Cash,Sierra Leone
934514,1730044,2022-03-13,350.65,Bank Transfer,Cocos (Keeling) Islands
5068136,1130954,2024-05-04,558.33,Cash,Trinidad and Tobago
6533624,741701,2022-08-10,1817.53,PayPal,Syrian Arab Republic
5904392,482889,2025-03-28,1774.65,Credit Card,Bahrain
1646831,265062,2024-04-02,1338.72,Cash,Singapore
2233767,283943,2023-07-04,0.0,Bank Transfer,Botswana
7478801,1514096,2024-01-13,1509.76,Cash,Ukraine
6354585,1210055,2023-05-08,7372.24,PayPal,Djibouti
6466348,1750546,2021-10-19,1359.13,Bank Transfer,Jamaica
1516721,1541008,2025-03-09,1408.85,PayPal,Morocco
7375330,1062981,2023-11-02,1965.13,Credit Card,Guinea-Bissau
4140513,1189698,2024-11-22,3782.08,PayPal,Thailand
5506370,454595,2024-04-04,2055.87,Credit Card,Namibia
4008057,753802,2024-08-26,5384.76,Credit Card,Belize
333341,1222323,2024-02-07,1871.13,Bank Transfer,Zambia
7316160,416139,2023-12-12,2802.32,Credit Card,Switzerland
2109317,1894466,2023-05-22,546.19,Cash,Niger
5215425,813038,2022-08-06,737.04,Credit Card,Bhutan
171712,611177,2023-09-08,3103.64,PayPal,Iraq
2028996,869830,2024-07-08,831.21,Bank Transfer,Korea
5008301,1238866,2022-11-23,1430.52,Credit Card,Spain
6679731,191108,2022-10-21,2719.89,Bank Transfer,Taiwan
1047941,1707438,2025-02-26,1618.46,Credit Card,Latvia
1436087,697930,2023-12-08,4720.24,Cash,New Zealand
6695774,1686094,2022-08-28,0.0,Bank Transfer,Cameroon
6685192,1070884,2024-01-31,2967.05,Credit Card,Maldives
1998485,628404,2024-09-12,2446.96,Cash,Saint Vincent and the Grenadines
7774149,1596992,2021-12-12,907.0,PayPal,Albania
7707569,1698054,2023-11-17,737.0,Bank Transfer,Colombia
2307441,925575,2022-01-14,747.11,Cash,Holy See (Vatican City State)
4295321,292125,2022-03-30,0.0,Cash,Honduras
6642125,913061,2024-11-02,4036.34,PayPal,Luxembourg
6202100,157413,2024-11-09,2277.05,Bank Transfer,San Marino
108968,1825694,2023-11-06,1882.08,Bank Transfer,Norfolk Island
6792753,290814,2022-07-25,3642.87,Bank Transfer,Cuba
1917369,804794,2024-01-16,0.0,PayPal,Armenia
6855485,226500,2021-11-22,2988.16,Credit Card,Malaysia
6549910,401609,2023-03-30,1895.75,Cash,American Samoa
2627811,283914,2024-04-08,1008.54,Cash,Gabon
2514783,1805890,2023-11-24,3646.39,PayPal,Zimbabwe
5086024,1682151,2023-11-01,1455.64,Bank Transfer,Cayman Islands
7220463,1274311,2024-08-08,0.0,Credit Card,Slovenia
2614983,1505469,2025-06-13,1308.72,Cash,Dominica
5218542,1492869,2023-09-09,912.96,Credit Card,Germany
5289699,1515761,2021-11-24,920.43,Bank Transfer,Bosnia and Herzegovina
546159,164765,2022-09-02,77.96,Credit Card,Turkmenistan
6462978,1983265,2023-01-27,2237.31,Cash,Greenland
1846168,1813689,2021-09-21,2864.53,Bank Transfer,Bouvet Island (Bouvetoya)
4951379,521127,2021-10-05,0.0,PayPal,United Arab Emirates
4568664,1484716,2024-11-11,716.3,PayPal,Vietnam
3748995,1253565,2024-09-20,1941.91,Cash,Lebanon
3891835,963327,2024-10-06,3275.32,PayPal,Madagascar
7870339,20494,2024-06-15,3684.65,Credit Card,Denmark
7275596,1594383,2023-05-05,4996.47,Bank Transfer,Romania
2831888,63139,2025-05-01,3022.24,Bank Transfer,Estonia
4567527,980521,2021-12-02,2395.39,PayPal,Bosnia and Herzegovina
4796959,1235842,2025-06-12,2814.66,Credit Card,Hong Kong
469251,1517740,2024-07-19,643.98,PayPal,Swaziland
5361243,1554837,2021-11-05,1007.36,Credit Card,Saint Kitts and Nevis
3028251,1173578,2025-08-01,463.74,Bank Transfer,Yemen
779097,1499470,2025-06-14,872.4,Credit Card,Indonesia
4672256,328602,2023-07-25,478.65,Credit Card,Rwanda
1269688,1182599,2024-10-15,0.0,Bank Transfer,Canada
7732091,1796792,2023-05-31,552.32,Credit Card,Bolivia
3616125,681084,2023-07-30,613.72,PayPal,Mauritius
2457224,1326406,2025-03-02,1610.25,Bank Transfer,Sudan
5721184,195261,2023-12-09,873.6,Credit Card,Guernsey
3272476,722621,2022-11-08,2460.13,Cash,Samoa
2349767,1800257,2025-07-18,2561.0,Bank Transfer,Uzbekistan
7813619,1222180,2024-01-15,2342.24,Cash,Russian Federation
1201488,1185500,2024-07-25,3540.88,Bank Transfer,Uruguay
6097400,1482050,2021-09-13,1395.2,Credit Card,Norway
862854,149362,2023-10-15,1288.56,PayPal,Colombia
1423922,124180,2024-08-11,5254.24,Bank Transfer,Cambodia
3025454,73183,2021-11-13,3561.75,Credit Card,Spain
2767974,1909324,2024-09-12,3710.34,Credit Card,Nepal
5977552,1405060,2023-08-16,1485.3,Bank Transfer,Turkmenistan
5976624,1700459,2022-10-25,2833.58,Bank Transfer,Spain
7731997,807796,2021-11-21,3154.76,Cash,Myanmar
3463674,1193560,2022-10-09,1736.55,PayPal,Ghana
93370,1810533,2023-08-14,0.0,Cash,Libyan Arab Jamahiriya
3626733,780450,2024-04-05,3421.12,Cash,Saint Barthelemy
3408199,945380,2025-03-23,7040.37,Cash,Comoros
6676433,1858820,2023-12-25,268.36,Bank Transfer,Bouvet Island (Bouvetoya)
6012069,1079220,2024-05-07,1175.06,Cash,Ukraine
267703,831052,2022-12-14,2570.45,Bank Transfer,Peru
3288051,1998481,2022-10-08,2661.59,Bank Transfer,Holy See (Vatican City State)
6393552,1968295,2023-09-11,856.26,PayPal,Oman
7913889,386769,2023-03-09,1970.64,Bank Transfer,Wallis and Futuna
7185238,1002979,2024-10-06,439.64,Bank Transfer,Andorra
5073102,1967625,2025-08-01,605.15,PayPal,San Marino
5697160,581058,2024-05-13,492.76,Credit Card,Belgium
4172834,720294,2024-10-29,2090.27,PayPal,Italy
7198856,209258,2025-01-08,0.0,PayPal,North Macedonia
3733923,695113,2023-03-14,1827.94,PayPal,Madagascar
2685174,308167,2022-05-09,1229.11,Credit Card,Lao People's Democratic Republic
3067712,1425690,2023-11-01,4151.99,Bank Transfer,Philippines
7134500,1345636,2022-09-21,671.6,PayPal,Cuba
2750744,1998665,2025-02-19,1002.78,Credit Card,Anguilla
7861793,1126841,2022-08-17,1806.32,PayPal,Cook Islands
4549555,655530,2022-03-03,3427.16,Cash,Belize
3593009,1043570,2023-02-27,1620.46,Credit Card,Montenegro
2516756,1196812,2022-02-04,1414.64,Credit Card,Barbados
1476173,1479200,2025-06-30,273.76,Cash,Venezuela
5925884,1856768,2025-02-05,997.38,PayPal,Niue
1533896,249567,2024-06-06,0.0,Credit Card,Egypt
7185051,763330,2023-07-30,4930.68,Cash,Togo
4550890,75660,2025-06-03,5009.33,PayPal,Niger
4598180,1899119,2025-06-30,2999.62,Cash,Lithuania
4390292,1674276,2025-07-31,1471.23,Cash,Estonia
3671005,180505,2022-12-24,5835.27,Cash,Aruba
5098610,1007950,2022-02-18,1412.32,Cash,Spain
3791513,1106662,2025-01-08,1660.5,PayPal,Bahamas
3663324,753506,2025-02-08,147.55,Credit Card,Djibouti
7113668,1569713,2023-12-23,326.58,Cash,Namibia
2212623,114441,2023-09-27,0.0,PayPal,Isle of Man
3621901,83739,2023-06-16,481.11,Credit Card,Mauritius
3543695,1424285,2022-01-12,1718.98,Cash,Falkland Islands (Malvinas)
3867936,328245,2022-12-16,6385.77,Bank Transfer,Moldova
6876047,938680,2023-03-22,642.97,PayPal,South Georgia and the South Sandwich Islands
6002353,1797986,2023-08-30,1895.54,PayPal,Oman
6190250,1053671,2024-08-18,815.84,Bank Transfer,Brunei Darussalam
2454639,637534,2024-09-20,1875.77,Credit Card,Svalbard & Jan Mayen Islands
5540104,666187,2022-08-17,1985.8,Cash,Kyrgyz Republic
5332999,44510,2024-05-28,374.41,Cash,Morocco
512593,13699,2025-06-25,59.66,Cash,Suriname
719635,1489685,2021-11-24,3435.48,PayPal,Cuba
4674093,493427,2024-02-05,2073.81,Credit Card,Seychelles
5538967,623068,2022-01-23,1627.26,Cash,Nicaragua
3311935,1814393,2025-01-15,1709.36,Cash,Costa Rica
5346371,1536516,2024-08-10,3627.9,Cash,Anguilla
3620489,552419,2022-12-26,1144.38,Bank Transfer,Macao
1670682,168432,2025-04-26,2554.09,Credit Card,Western Sahara
4401845,834087,2024-01-13,1653.94,PayPal,Hong Kong
129481,1740053,2024-03-01,97.38,Bank Transfer,Netherlands
715187,1826050,2025-04-14,0.0,PayPal,Grenada
3217947,350051,2022-09-04,1058.94,Bank Transfer,Brazil
5925339,820332,2023-01-23,2767.64,Credit Card,Saudi Arabia
4522914,1527351,2022-07-04,983.7,Bank Transfer,Sudan
4918606,115902,2024-12-14,781.91,Cash,Nigeria
4918821,1751022,2023-08-22,1322.47,Credit Card,Grenada
87824,913141,2023-10-19,4012.31,Bank Transfer,Sudan
6500563,1004043,2023-12-03,1059.28,Credit Card,Nigeria
5713445,1981285,2023-02-10,1207.49,Bank Transfer,Niger
1406596,1871885,2021-11-05,1508.77,Cash,Moldova
3811837,450988,2024-12-29,1569.84,PayPal,French Polynesia
630118,87064,2023-11-09,0.0,Bank Transfer,Congo
5156818,328964,2025-01-19,780.04,Bank Transfer,Denmark
7938912,37471,2021-11-30,0.0,PayPal,Tajikistan
4732351,1061406,2024-10-20,2844.57,Cash,Vanuatu
5605015,1584208,2021-10-18,0.0,Cash,Samoa
2342723,791834,2022-11-06,47.04,Credit Card,Sweden
3873107,83797,2023-06-19,842.51,Bank Transfer,Guernsey
5990390,1979200,2025-05-21,0.0,PayPal,Austria
5894832,1865201,2025-04-10,2238.9,Cash,Dominica
6411311,512653,2023-10-21,994.85,PayPal,Timor-Leste
2906084,1398177,2025-07-30,514.9,PayPal,Northern Mariana Islands
2680102,251914,2024-10-18,2317.47,Cash,Northern Mariana Islands
7234089,1139550,2025-03-04,2210.15,Credit Card,Lao People's Democratic Republic
7298815,651062,2024-11-29,1391.21,PayPal,Tuvalu
7665212,1775287,2024-03-25,917.86,PayPal,Saint Pierre and Miquelon
2023097,548556,2025-07-13,4745.24,PayPal,Chad
4261,813854,2024-01-26,2281.0,Cash,French Southern Territories
2719747,405151,2021-11-15,14.48,Bank Transfer,Thailand
1748774,1590562,2023-12-13,864.24,PayPal,Falkland Islands (Malvinas)
6364324,1411531,2022-09-12,3549.85,PayPal,Gambia
1814020,1781906,2023-08-18,2283.63,PayPal,South Africa
1086877,1942949,2024-07-09,1317.73,Cash,Barbados
568083,571474,2021-12-07,524.08,Credit Card,Canada
3034080,1589218,2022-08-22,452.75,PayPal,French Southern Territories
2884088,239396,2022-10-12,40.47,Bank Transfer,Serbia
3510923,182921,2024-09-06,1285.44,Bank Transfer,Christmas Island
7311666,1176234,2025-04-29,1722.11,Cash,Ukraine
482898,36662,2022-10-27,3061.53,Cash,South Africa
3600761,1858958,2025-05-17,1588.6,Credit Card,Haiti
3356960,1281924,2023-10-30,1581.52,Credit Card,Bouvet Island (Bouvetoya)
6368334,1527504,2023-06-19,0.0,Credit Card,United States Minor Outlying Islands
2036033,61168,2023-03-16,1178.4,Cash,American Samoa
2964359,581958,2022-08-27,4907.09,PayPal,Ecuador
1669623,594333,2024-04-04,2837.79,Credit Card,Malaysia
4857406,669874,2021-12-10,2409.67,Cash,Myanmar
6525813,1408094,2022-01-31,2089.69,Bank Transfer,Sri Lanka
2326263,709554,2025-01-17,2804.99,Bank Transfer,Norway
7414442,51685,2024-10-20,849.32,Cash,Korea
4146999,1795960,2025-07-19,1217.4,PayPal,Turkey
1442862,1256865,2022-03-25,3312.58,PayPal,Ukraine
4271819,917918,2022-05-18,3692.73,Cash,Uruguay
725031,1983929,2024-10-02,1576.41,Cash,Bahrain
3199724,1889915,2021-12-05,2383.29,Credit Card,Azerbaijan
7694257,109500,2022-06-27,0.0,Cash,Mali
468640,1218583,2022-10-30,1160.7,Bank Transfer,Jersey
5943314,861093,2022-07-29,344.44,Bank Transfer,Mongolia
4429737,440425,2021-10-15,1549.06,Bank Transfer,Cocos (Keeling) Islands
836411,943638,2024-03-24,3441.69,Credit Card,Madagascar
2508111,346786,2024-07-15,2265.08,PayPal,Iraq
2092727,1767103,2024-08-03,575.22,Bank Transfer,French Southern Territories
3954145,958800,2023-03-13,2950.19,Cash,Tonga
5444441,1048050,2025-04-14,1042.79,PayPal,Canada
803848,925393,2023-09-07,1884.22,PayPal,Tanzania
1535076,208457,2024-10-28,3234.35,Cash,Uruguay
1736571,491138,2024-12-04,1020.11,PayPal,Indonesia
1892134,81905,2022-07-19,1165.89,PayPal,Seychelles
420805,953975,2023-11-14,710.15,Cash,Dominican Republic
2558,1603089,2022-01-12,849.54,Cash,Belgium
6165870,697727,2025-04-21,0.0,PayPal,Barbados
7184767,1592793,2022-12-17,865.85,Credit Card,South Africa
305735,800329,2024-01-27,2236.76,Cash,Paraguay
7441707,1114623,2023-09-01,340.44,Bank Transfer,Armenia
1488973,201645,2022-03-07,1376.95,Cash,Oman
7744156,1641512,2024-12-11,1416.03,Credit Card,Dominican Republic
7921947,415646,2024-03-04,3030.74,Cash,Trinidad and Tobago
2008062,1860018,2022-01-30,1730.84,Credit Card,Malaysia
388007,1543701,2022-12-18,1393.84,Cash,Mauritius
7962106,969721,2023-12-05,2261.98,PayPal,Dominican Republic
2336430,1299198,2024-01-14,1448.32,PayPal,Honduras
478002,874088,2023-07-25,847.81,Credit Card,Samoa
501448,679381,2022-07-15,856.61,PayPal,Palestinian Territory
4592495,492972,2023-06-14,2882.33,Bank Transfer,Myanmar
4812625,272922,2022-03-21,1711.74,Credit Card,Bahrain
1725966,1130485,2022-03-07,1218.95,Credit Card,Madagascar
6636366,1497603,2021-12-17,2757.13,Credit Card,Tonga
7287411,1739380,2025-05-05,1269.26,Cash,Cote d'Ivoire
5460118,685667,2023-08-17,0.0,Credit Card,Bahrain
3142114,157564,2024-12-06,863.76,Cash,Timor-Leste
3925887,1139512,2023-10-01,3332.65,Credit Card,Burundi
6230044,298821,2023-04-26,1439.88,Cash,Burkina Faso
6719932,1003651,2021-12-19,0.0,Cash,Holy See (Vatican City State)
7352322,647655,2023-01-26,2636.73,Cash,Montenegro
4618736,1531708,2023-11-14,98.2,Cash,Anguilla
6394386,1708377,2023-07-27,2055.15,Cash,Nigeria
1493520,1929442,2023-07-05,4750.98,Cash,Zimbabwe
3847981,502203,2024-03-10,330.56,PayPal,Kyrgyz Republic
2960285,804969,2025-02-20,841.08,Cash,British Indian Ocean Territory (Chagos Archipelago)
7613248,541668,2024-10-29,387.63,Cash,French Polynesia
3096812,1958645,2024-07-22,2022.04,Credit Card,Mexico
4089437,994484,2023-11-11,4871.99,Credit Card,Turks and Caicos Islands
4007933,1893007,2023-04-15,2034.38,Credit Card,United States of America
7332055,232059,2024-07-04,1179.91,PayPal,Cameroon
5817643,681561,2022-10-04,1980.6,Bank Transfer,Netherlands Antilles
5467447,521407,2022-01-21,5142.45,PayPal,Brunei Darussalam
3399739,34683,2022-06-24,1499.29,Bank Transfer,Malaysia
1232807,1537553,2023-06-25,1582.46,PayPal,Israel
7578578,363809,2022-07-18,259.8,Credit Card,Bermuda
2154843,1251789,2022-07-16,3288.04,Credit Card,Latvia
2501779,967604,2022-10-05,117.52,Cash,Italy
575158,441769,2021-12-01,302.5,Cash,Solomon Islands
7712004,458568,2022-04-19,1848.76,Cash,Denmark
4502224,323678,2023-10-07,202.1,Bank Transfer,Eritrea
6232400,531846,2022-02-07,1874.14,PayPal,Uzbekistan
4758147,1558775,2025-05-18,0.0,Credit Card,Saint Vincent and the Grenadines
49469,1249629,2023-10-08,3319.3,Cash,Nicaragua
3902276,1758835,2024-01-08,104.5,Bank Transfer,Lithuania
5216461,465612,2024-08-20,2047.04,PayPal,Myanmar
7803739,1800262,2022-02-12,2380.7,PayPal,Samoa
4247718,1857844,2022-12-01,2749.16,Bank Transfer,Saint Lucia
6262639,310612,2024-12-22,2133.63,Credit Card,New Caledonia
4910987,485232,2024-01-29,862.66,PayPal,Montserrat
4981115,1975330,2024-08-29,3926.12,Cash,Greenland
296450,1620811,2023-01-12,509.2,PayPal,Sudan
6745970,1936045,2022-05-13,515.25,Credit Card,Albania
6680464,1907226,2024-09-13,5724.52,Credit Card,Cape Verde
5497552,1735743,2024-08-27,1011.7,Cash,Kyrgyz Republic
4321484,1287202,2021-12-08,3581.06,PayPal,Kenya
1384640,227398,2024-02-14,32.11,PayPal,Greenland
3495553,288019,2024-06-12,1947.84,PayPal,Congo
1622687,1796088,2023-07-09,363.23,Bank Transfer,Afghanistan
6601304,1767414,2023-05-16,1274.39,Bank Transfer,Malta
5737144,1713557,2022-05-10,2150.0,Credit Card,Algeria
6318614,560431,2024-12-30,5588.45,Credit Card,Slovenia
1686903,1767240,2023-10-31,0.0,Credit Card,Cocos (Keeling) Islands
376291,963132,2022-11-05,0.0,Bank Transfer,Paraguay
4571028,572276,2021-10-06,4749.42,Credit Card,Central African Republic
1282360,1423027,2023-10-28,345.84,Credit Card,French Guiana
7580617,1097401,2022-10-24,1189.56,Bank Transfer,Ecuador
20092,1868179,2023-03-30,5296.01,Bank Transfer,Yemen
1797538,1359971,2024-04-05,4636.77,PayPal,Costa Rica
4335711,371058,2022-01-07,1224.87,Bank Transfer,Latvia
2949563,958797,2025-07-19,2875.11,Credit Card,Cameroon
1398714,456422,2022-09-21,980.94,Cash,French Southern Territories
7950216,290556,2021-11-11,1144.96,Credit Card,Malawi
2147664,81961,2024-11-04,2382.41,Cash,Faroe Islands
3152823,54430,2025-01-12,2215.0,Credit Card,Denmark
6468132,1898423,2023-01-15,168.96,Bank Transfer,Slovakia (Slovak Republic)
4657100,1963383,2022-07-12,788.2,Bank Transfer,Poland
5323417,733240,2024-01-30,841.34,Credit Card,Singapore
957558,194053,2024-02-21,624.84,Bank Transfer,Sao Tome and Principe
6678065,933788,2021-11-18,2001.98,Bank Transfer,Georgia
1509110,1148401,2024-09-13,966.41,PayPal,France
7856927,1190685,2024-06-11,1947.76,PayPal,Guadeloupe
1099005,1829240,2024-06-11,630.84,Credit Card,Syrian Arab Republic
6243216,1279041,2023-08-24,1963.52,PayPal,United States Virgin Islands
2202622,1256742,2022-01-24,5591.42,Cash,Paraguay
1771885,53695,2024-07-18,0.0,Cash,Sri Lanka
1082980,1427826,2025-04-18,0.0,Bank Transfer,Zimbabwe
758135,671728,2023-04-23,0.0,Bank Transfer,Nauru
4180648,264752,2022-04-23,1648.49,PayPal,Kazakhstan
2346139,872650,2024-03-26,2536.28,PayPal,Honduras
2146138,220896,2025-07-15,650.52,PayPal,Turkmenistan
7356562,1844850,2024-05-09,3330.3,Credit Card,Hong Kong
1631406,1855993,2025-04-18,2308.83,PayPal,Serbia
5686363,1849342,2022-09-25,0.0,PayPal,Christmas Island
2736997,1396528,2023-07-17,3766.81,Bank Transfer,Cambodia
2544053,447347,2023-05-11,2034.07,Credit Card,Anguilla
1241153,1125249,2025-06-14,1398.11,Cash,Monaco
4886954,282812,2023-04-07,2586.8,Cash,Cayman Islands
3186840,1681332,2022-10-30,366.01,Bank Transfer,Togo
7201743,1109112,2025-05-26,1611.28,Bank Transfer,Uganda
3946599,1380486,2025-05-11,696.04,Credit Card,United Kingdom
3570336,169348,2023-10-19,1278.17,PayPal,Greenland
3017035,1602685,2023-03-13,556.83,Credit Card,Armenia
7914015,1335275,2022-03-11,2139.45,Credit Card,Guam
2103149,1302727,2021-10-13,1141.95,Cash,Haiti
3286255,1700377,2022-07-18,5000.73,Bank Transfer,Malaysia
6218170,1982944,2023-05-04,1045.68,Bank Transfer,Heard Island and McDonald Islands
5748415,507100,2022-07-11,1960.88,Credit Card,Serbia
5778494,1059829,2025-03-18,3699.39,Cash,United Arab Emirates
1858718,292163,2022-02-13,2928.48,PayPal,Hungary
3351498,375873,2021-11-21,541.71,Credit Card,Libyan Arab Jamahiriya
2188346,83272,2022-06-12,4317.66,PayPal,Nicaragua
5811118,1236233,2024-02-14,3282.13,PayPal,San Marino
5319807,1250215,2022-05-04,3413.6,Bank Transfer,Yemen
6356120,1384296,2022-11-20,3168.6,PayPal,Croatia
6096592,223742,2025-06-18,4317.48,PayPal,Kenya
7178592,1046450,2022-02-22,4137.2,Bank Transfer,Antigua and Barbuda
4340183,1357814,2022-07-23,953.48,Cash,Timor-Leste
6735402,576957,2021-11-01,1893.7,Cash,Bouvet Island (Bouvetoya)
3042146,1510479,2023-02-06,1821.63,Cash,French Polynesia
7001946,1809628,2022-05-03,223.07,PayPal,Marshall Islands
5964440,1177080,2024-08-13,1213.55,Bank Transfer,Slovenia
6453566,1895252,2022-11-06,1489.07,Bank Transfer,Montenegro
7680023,267184,2024-07-13,2566.48,PayPal,Myanmar
6885347,942182,2022-12-07,0.0,PayPal,Malta
860178,782510,2024-01-17,1781.08,Cash,Anguilla
591570,1167196,2025-01-28,1859.85,PayPal,Cambodia
1080583,1548647,2025-06-18,545.95,PayPal,Bulgaria
439622,1963751,2022-06-22,2225.96,Credit Card,Benin
6456150,1093085,2025-08-16,4486.35,PayPal,Papua New Guinea
5256322,456161,2021-11-11,3310.32,Bank Transfer,Uzbekistan
816925,960735,2022-10-31,1282.94,Credit Card,Cote d'Ivoire
7322008,504418,2021-12-05,136.65,PayPal,Kuwait
288614,1186987,2024-03-24,429.51,Cash,Svalbard & Jan Mayen Islands
1736476,1199004,2024-06-29,3576.02,Cash,Maldives
2833649,347782,2024-02-24,2821.93,Cash,Slovakia (Slovak Republic)
381271,1679531,2022-10-22,1729.58,Cash,Cocos (Keeling) Islands
1485566,1041025,2023-04-28,3534.5,PayPal,Zimbabwe
752151,1408007,2021-12-09,2421.81,Bank Transfer,Macao
5917079,850981,2022-01-30,2587.94,Cash,Czech Republic
1877968,1608303,2022-06-30,1459.26,Credit Card,Luxembourg
6140339,1275334,2024-09-14,584.66,PayPal,Guernsey
6562467,229516,2024-10-01,1119.65,PayPal,Malaysia
5441075,717182,2024-09-06,5422.38,Cash,Greece
6089785,769929,2025-05-17,4879.16,PayPal,Belgium
1447172,291957,2024-06-24,126.68,PayPal,Wallis and Futuna
7173102,329759,2023-07-26,1938.47,Cash,Saint Martin
6940680,1566902,2023-09-25,1796.49,Cash,Uruguay
7631253,1002133,2025-07-14,1018.14,Bank Transfer,Tuvalu
6094719,81473,2023-05-22,1994.02,Credit Card,Cape Verde
5546690,316670,2021-11-08,796.43,Cash,Mali
2926592,482798,2022-10-18,0.0,Cash,Norway
4198087,425352,2021-10-26,3234.15,Credit Card,Lao People's Democratic Republic
3813923,711480,2024-06-12,2713.35,Credit Card,Slovakia (Slovak Republic)
7301386,425154,2024-10-08,3043.2,Cash,Christmas Island
3558464,1344037,2023-04-25,0.0,Cash,Bermuda
1976657,894492,2024-01-28,1518.33,Bank Transfer,Rwanda
1751725,506511,2023-04-07,0.0,Cash,Armenia
472864,759460,2023-01-18,6179.63,Cash,United States Virgin Islands
2547104,278425,2023-07-30,2768.6,Cash,Spain
2147570,402433,2022-09-18,3847.45,Bank Transfer,Jordan
6178320,657461,2025-07-21,938.48,Cash,Liberia
2331491,1141188,2022-06-25,1918.1,Cash,Mauritius
4455919,1290286,2024-03-11,1860.48,Bank Transfer,Bulgaria
6407765,1787564,2022-06-06,3610.22,Bank Transfer,Cocos (Keeling) Islands
5844491,1945484,2021-12-05,1597.2,Credit Card,Micronesia
630096,425568,2023-01-01,3793.38,PayPal,Northern Mariana Islands
3585870,614790,2022-01-31,2297.87,Credit Card,Dominican Republic
6109428,1690107,2022-06-06,4136.38,PayPal,Venezuela
3765367,717193,2025-06-02,1219.52,Credit Card,Turks and Caicos Islands
6670746,838212,2022-05-15,2138.42,Credit Card,Senegal
3705419,340392,2024-04-23,547.89,Cash,French Southern Territories
5387340,1870675,2022-03-31,2915.74,Credit Card,Ireland
1113253,1806129,2022-12-12,2680.61,Bank Transfer,New Zealand
577797,1008972,2022-10-12,678.09,Bank Transfer,Comoros
2376826,975372,2023-04-12,845.3,PayPal,Myanmar
7104233,1401908,2021-09-16,584.7,Bank Transfer,Pitcairn Islands
4665583,908365,2023-11-24,5177.04,Cash,Montenegro
6596009,625675,2024-09-15,710.38,Bank Transfer,Rwanda
4060981,475005,2025-07-31,2260.36,PayPal,Denmark
5062232,776744,2021-11-05,2835.29,Bank Transfer,Chile
3201484,1478902,2025-05-15,2200.85,Bank Transfer,Bulgaria
4522698,532081,2024-01-30,2060.36,Credit Card,Kuwait
4952836,1573589,2022-12-16,0.0,Credit Card,Northern Mariana Islands
2296742,152854,2025-07-16,1650.1,Cash,Ghana
6402804,1636205,2024-01-04,707.57,Credit Card,Niger
1682459,1464626,2022-11-22,97.58,Credit Card,Montenegro
4662840,450053,2025-02-01,3227.6,PayPal,Iceland
6239982,1628350,2025-06-27,520.78,Cash,Martinique
5684001,250396,2022-02-09,2388.9,Bank Transfer,Tajikistan
4482012,28641,2025-05-24,3173.95,Cash,Denmark
6589141,150637,2022-08-11,2922.46,PayPal,Northern Mariana Islands
3028131,1714063,2025-02-23,1078.5,Bank Transfer,Hong Kong
3371643,1911890,2023-09-23,1975.74,Bank Transfer,Anguilla
7873878,1233079,2023-04-21,1556.56,Cash,Israel
7395496,112063,2023-08-20,198.57,Credit Card,Burundi
1698191,696915,2024-04-17,0.0,Credit Card,Saudi Arabia
2004878,1016520,2024-06-10,570.25,PayPal,Ukraine
1072928,336666,2023-06-04,825.12,Bank Transfer,Hong Kong
1659235,240769,2024-12-06,0.0,Credit Card,French Guiana
614152,282814,2022-02-12,253.02,PayPal,Sri Lanka
2010280,221527,2025-05-30,0.0,Cash,Marshall Islands
7427485,1602264,2024-03-03,1935.88,Bank Transfer,Thailand
4270636,1308642,2024-11-06,443.96,PayPal,Bermuda
3064790,1925626,2024-09-07,745.19,Cash,Saint Kitts and Nevis
5606801,805706,2022-06-11,0.0,PayPal,Georgia
4903726,481490,2023-06-30,3071.55,Credit Card,South Africa
5996106,1727631,2022-01-30,476.36,Credit Card,Micronesia
643038,1799994,2024-10-14,674.19,Credit Card,Lao People's Democratic Republic
6006287,371451,2021-08-31,192.82,Cash,El Salvador
5091988,1893770,2024-10-18,2511.28,PayPal,Sweden
472306,92513,2024-09-23,153.09,PayPal,Turkmenistan
322241,60800,2024-04-09,1880.55,PayPal,Zimbabwe
5823590,1962246,2024-06-09,1728.03,Cash,Kuwait
6075779,96812,2022-07-20,4972.2,Cash,Grenada
3574711,1570448,2024-01-03,2430.65,Bank Transfer,Northern Mariana Islands
1610155,788499,2022-12-18,452.36,Cash,Guatemala
3528332,1872234,2024-03-14,261.98,Cash,Saint Lucia
6593281,1375463,2022-11-26,583.41,PayPal,Nepal
7607613,63706,2025-07-28,5606.5,PayPal,Montserrat
301082,964280,2023-12-20,215.45,Cash,Syrian Arab Republic
358725,549402,2023-01-08,5825.22,Bank Transfer,Marshall Islands
5570147,1512931,2025-02-02,2536.74,Cash,Senegal
2232361,1786960,2023-11-30,208.06,Bank Transfer,Guinea
4114511,1668737,2023-10-20,2165.3,Bank Transfer,Zimbabwe
3145913,818111,2022-09-09,0.0,Cash,Netherlands
6052817,1134273,2024-06-09,1804.03,PayPal,Svalbard & Jan Mayen Islands
7241972,1642302,2022-04-03,976.23,Credit Card,Tunisia
3840708,1803135,2022-09-05,1755.81,Credit Card,Syrian Arab Republic
2450636,1510408,2024-07-20,2007.61,PayPal,Australia
2411875,1629646,2025-04-01,1455.96,Bank Transfer,Venezuela
6901401,748374,2025-01-22,335.18,PayPal,Cameroon
573340,302119,2025-07-26,943.34,Credit Card,Libyan Arab Jamahiriya
2001066,607831,2022-02-06,2034.63,Credit Card,Western Sahara
4315570,1753203,2024-08-26,1871.5,Cash,British Indian Ocean Territory (Chagos Archipelago)
3021393,1447886,2023-12-16,3862.8,Cash,Marshall Islands
7512182,1305174,2025-01-16,765.02,PayPal,Sao Tome and Principe
6959923,597710,2025-06-15,2005.51,PayPal,Cocos (Keeling) Islands
5882774,486330,2022-09-29,2995.65,Cash,Christmas Island
6133674,675675,2024-05-10,0.0,Cash,United Kingdom
1116716,496421,2023-07-07,1615.36,PayPal,Niger
472211,929910,2023-08-10,1842.0,PayPal,Peru
4803964,1848038,2025-06-12,3127.54,Credit Card,Nauru
2823342,138357,2023-08-13,2800.74,PayPal,Iraq
2883127,406442,2025-08-18,3553.44,Credit Card,Thailand
1619903,1367851,2025-04-01,4096.91,Credit Card,Malta
5214035,576170,2025-08-25,0.0,Bank Transfer,Czech Republic
6609723,10458,2024-09-11,1171.1,Cash,Bangladesh
6758842,1382275,2024-01-20,223.83,Cash,Belgium
4753227,11172,2024-03-16,702.39,Bank Transfer,Uganda
5410389,844373,2025-06-17,3026.34,Cash,Mayotte
2660799,1468174,2024-02-22,0.0,Bank Transfer,Guinea
2803738,457500,2024-11-10,0.0,Bank Transfer,Libyan Arab Jamahiriya
6296560,1852725,2023-11-11,2952.66,PayPal,South Africa
6330341,601316,2021-12-25,894.15,Credit Card,Belarus
7009910,1699498,2025-02-12,3266.18,Cash,Congo
285828,162712,2023-02-19,1354.97,Credit Card,Qatar
1549583,1260155,2024-01-30,1637.35,Credit Card,Uruguay
802298,1688006,2022-09-01,38.8,Bank Transfer,Congo
5710994,1456751,2025-04-05,1472.42,Credit Card,French Guiana
5254376,1299386,2021-11-05,1613.6,Cash,Albania
2907818,1315552,2023-05-31,409.36,PayPal,Trinidad and Tobago
290426,248865,2022-05-11,1948.35,Cash,Serbia
4032681,285405,2024-05-03,914.25,PayPal,Cambodia
2462040,244010,2022-09-08,584.9,Bank Transfer,Armenia
1707671,317675,2023-03-29,2690.26,PayPal,Pakistan
3703958,20166,2021-10-01,131.82,PayPal,Mongolia
5775865,1004376,2022-01-23,5780.27,PayPal,Malta
7888758,1041777,2021-09-26,1924.4,Cash,Botswana
306578,1673825,2024-05-09,751.44,PayPal,Slovakia (Slovak Republic)
4656601,1964465,2023-10-05,4260.66,Cash,Honduras
4228127,1103242,2022-11-27,70.28,Cash,Italy
6523755,630574,2022-04-16,1711.24,Bank Transfer,Slovakia (Slovak Republic)
2853185,1964407,2022-07-21,429.94,PayPal,Congo
3881710,877866,2024-12-31,5680.94,Cash,Iraq
3819340,135636,2023-10-16,0.0,Credit Card,Estonia
1966532,89475,2023-03-23,0.0,PayPal,Timor-Leste
7182685,904656,2023-04-30,283.1,Bank Transfer,Egypt
5357376,88204,2024-08-17,3194.83,Bank Transfer,Suriname
2606269,763595,2025-05-30,2065.0,Credit Card,Fiji
4004230,120113,2022-05-06,2910.52,PayPal,Gabon
7505128,1212043,2025-04-14,574.9,Cash,United States Minor Outlying Islands
6336645,410691,2021-11-10,680.75,Bank Transfer,Guernsey
5046626,66514,2023-03-18,1269.28,Cash,Andorra
330149,1121095,2022-07-12,2063.85,PayPal,Mongolia
7503933,101871,2023-06-14,2682.34,Credit Card,Austria
4671360,71504,2023-04-18,1070.86,PayPal,Western Sahara
1166140,1543438,2023-03-23,129.17,Credit Card,Netherlands Antilles
6317452,884599,2024-01-28,0.0,Credit Card,El Salvador
2249965,1050643,2023-07-13,0.0,Cash,Greenland
4478553,1674971,2021-11-22,137.83,PayPal,Ireland
4368729,731550,2021-11-10,0.0,Credit Card,Liberia
47473,1772639,2024-06-29,910.58,Credit Card,Cambodia
6153746,1132064,2024-10-21,409.31,Bank Transfer,Bangladesh
987781,1816104,2023-03-18,25.24,PayPal,Bahamas
3328253,1326135,2021-10-21,83.49,Cash,Brunei Darussalam
1959652,1266172,2025-02-08,1363.49,Cash,Egypt
6682544,1255231,2023-05-30,900.95,Cash,Vietnam
808552,743559,2024-09-26,1688.18,Credit Card,Reunion
1519987,947393,2022-05-02,108.09,PayPal,Ireland
6811058,653918,2024-09-15,3764.85,Cash,Canada
6503775,145309,2023-03-31,3680.82,Credit Card,Tunisia
2856581,1010828,2022-02-24,385.94,Cash,Sao Tome and Principe
1883774,1771157,2022-12-27,3230.39,Credit Card,Monaco
17918,623879,2024-07-21,1522.44,Bank Transfer,Tuvalu
2960606,586972,2025-02-18,4078.42,Cash,Estonia
6943728,1532222,2025-06-13,1490.34,Bank Transfer,Lao People's Democratic Republic
3188414,1184142,2022-07-09,0.0,PayPal,Cote d'Ivoire
6704141,1952549,2021-12-29,805.35,Credit Card,Indonesia
6792309,954537,2025-02-18,459.48,Bank Transfer,San Marino
3501511,1451421,2024-07-28,1364.76,Cash,United Arab Emirates
3101075,1268039,2024-01-19,4996.27,Bank Transfer,Falkland Islands (Malvinas)
386748,1748781,2023-10-16,185.15,Cash,Lesotho
4016112,790472,2025-04-20,416.7,Cash,Saint Lucia
1306208,938823,2021-11-24,3045.55,Bank Transfer,Samoa
6955873,1775967,2023-04-04,1231.84,Bank Transfer,Philippines
6845531,934371,2025-04-06,4492.85,PayPal,French Polynesia
2864327,1501765,2022-09-22,736.03,Bank Transfer,Lebanon
6873930,1400048,2023-01-25,1692.42,PayPal,Malaysia
4043200,459386,2022-02-06,348.72,PayPal,Libyan Arab Jamahiriya
3062506,191605,2023-02-18,1941.36,Bank Transfer,Bermuda
6887221,1901801,2023-02-08,6532.95,Cash,Taiwan
6842448,796582,2022-05-25,1722.14,PayPal,Guinea-Bissau
6872689,809457,2024-09-02,3713.77,Cash,San Marino
5948565,1660547,2023-12-08,5084.47,PayPal,Bahrain
1280552,1777886,2023-06-20,3096.75,PayPal,Mexico
3548440,1696273,2022-02-10,3973.81,Bank Transfer,Saudi Arabia
131303,1105880,2024-08-29,831.1,Cash,South Georgia and the South Sandwich Islands
3434053,842411,2024-12-16,2266.06,Bank Transfer,Lithuania
555203,1593171,2022-12-21,4039.96,Bank Transfer,Sierra Leone
6290563,1380112,2024-05-27,304.8,PayPal,Croatia
7959452,1383513,2023-07-21,1731.4,Bank Transfer,Honduras
4704297,937972,2023-12-22,2428.73,PayPal,Botswana
1199346,189717,2022-05-05,1688.96,Cash,Uganda
7391095,1516132,2023-06-08,429.84,Bank Transfer,Liechtenstein
790970,1735920,2025-02-17,3812.7,Credit Card,French Guiana
4887394,1060330,2023-10-03,2416.53,Credit Card,Georgia
10097,639187,2022-09-05,567.66,Cash,Gambia
5054399,1488,2024-02-26,2702.96,Credit Card,Congo
3779117,215314,2024-12-20,3316.1,PayPal,Netherlands
4878250,813974,2023-03-14,1927.67,Cash,Czech Republic
3893608,1354151,2024-09-09,3463.63,Credit Card,Trinidad and Tobago
817239,564344,2022-07-12,1203.75,Cash,Yemen
6263691,757713,2025-08-04,505.62,Credit Card,Jamaica
966799,819591,2023-02-20,0.0,Credit Card,Botswana
5933632,1323540,2023-03-07,294.84,Credit Card,Fiji
6886592,1943274,2022-08-24,716.39,Cash,Jersey
7836076,731233,2024-07-22,1115.38,Cash,Moldova
5309210,1246804,2021-12-27,4906.58,PayPal,Indonesia
6076604,85573,2022-03-12,0.0,Cash,Lithuania
1603548,552766,2023-11-06,748.53,Bank Transfer,Palestinian Territory
2169806,1166936,2025-03-21,1267.56,Cash,Montserrat
6432663,743599,2023-02-12,2578.58,PayPal,Cameroon
1082778,17993,2022-08-23,3072.34,Bank Transfer,Liechtenstein
5054836,1613989,2024-11-21,3012.13,Bank Transfer,Bangladesh
5589708,1940238,2025-04-05,1061.5,PayPal,Guam
77897,1559396,2022-11-12,0.0,PayPal,Tonga
2184840,1625274,2024-09-30,1399.04,Bank Transfer,Saint Barthelemy
7424247,1267282,2023-03-04,600.48,Credit Card,Kyrgyz Republic
533953,365346,2024-08-05,261.36,Credit Card,Greece
3544476,1686051,2021-12-21,2218.06,Credit Card,Israel
5610286,1685792,2024-03-15,3862.49,Bank Transfer,Kenya
5437098,1473041,2024-06-06,2855.74,Bank Transfer,Grenada
3384670,203089,2024-11-11,88.88,Credit Card,Botswana
6697466,1607593,2024-11-05,3426.14,Bank Transfer,Montserrat
7104622,386057,2025-07-02,2583.86,Bank Transfer,Dominican Republic
703944,1110367,2023-11-01,315.12,Cash,Georgia
7431004,1575172,2025-01-10,1995.56,PayPal,Nepal
3312663,180567,2025-07-22,1217.22,Cash,Equatorial Guinea
7958138,1967515,2022-07-01,1224.56,PayPal,Bhutan
5086271,1019350,2022-06-18,2714.25,Cash,Haiti
826140,163886,2023-05-03,954.89,Bank Transfer,Tonga
5273738,1779755,2022-12-24,1195.97,PayPal,Northern Mariana Islands
661070,994479,2024-06-16,1377.15,Cash,Qatar
3585385,47117,2025-03-09,2065.08,PayPal,Canada
7832781,37006,2022-08-22,4283.06,Cash,Austria
2549147,1325536,2023-07-17,53.12,Cash,Timor-Leste
1579336,571778,2023-06-14,2707.12,PayPal,Rwanda
7800671,1776017,2024-07-03,2084.25,Credit Card,Congo
1215129,1853727,2025-06-21,158.26,Credit Card,Myanmar
7692924,117656,2024-09-22,2890.19,PayPal,Saint Kitts and Nevis
4838956,1523347,2024-10-29,3731.3,Cash,Serbia
5883109,1472118,2022-03-18,4230.49,Bank Transfer,Korea
2868891,297332,2025-02-13,4950.05,Cash,Russian Federation
379183,681683,2024-08-29,509.36,PayPal,Morocco
82251,961024,2022-03-15,0.0,Bank Transfer,American Samoa
6082017,1062800,2023-11-13,1088.15,Credit Card,Jersey
6765219,203655,2022-12-25,4031.98,Cash,South Africa
4759220,123549,2023-03-14,586.08,Credit Card,Romania
705446,1074719,2023-07-30,0.0,Cash,Costa Rica
5420380,553630,2023-11-03,353.38,PayPal,Grenada
7534322,1371213,2022-04-11,2781.09,Bank Transfer,Palau
7956953,1593319,2022-02-01,3138.43,Cash,Timor-Leste
1082765,1919674,2023-10-08,1207.0,Credit Card,Libyan Arab Jamahiriya
6422180,939430,2023-09-06,414.76,Bank Transfer,Cote d'Ivoire
2582017,1394901,2024-02-06,1073.66,Cash,Libyan Arab Jamahiriya
117874,1756488,2021-12-15,672.81,Cash,Saint Martin
1290831,1407435,2021-11-04,390.41,Credit Card,Saint Helena
5607518,1115029,2025-07-18,1294.45,PayPal,Guam
6523098,786533,2022-05-25,7088.01,PayPal,Tunisia
2828518,485979,2023-02-17,3001.03,Credit Card,Jamaica
1446625,392110,2023-05-28,783.5,Credit Card,Albania
1538103,404612,2022-02-08,2383.02,Bank Transfer,Ecuador
3800644,360992,2023-01-12,64.24,PayPal,Somalia
4938438,463847,2022-05-29,1182.86,PayPal,Finland
3747926,208615,2025-05-02,4999.32,Bank Transfer,Switzerland
2647549,495045,2024-05-21,0.0,PayPal,South Africa
4092179,628028,2025-06-26,1719.76,PayPal,Isle of Man
3679907,868195,2022-04-06,5701.74,Bank Transfer,Venezuela
1023805,754359,2023-02-08,1511.41,Credit Card,Montenegro
7666116,1003394,2022-08-10,0.0,Bank Transfer,Albania
1702013,1506492,2021-10-26,3404.11,Credit Card,Bolivia
6383519,416313,2023-06-30,0.0,Bank Transfer,Morocco
3242551,1915701,2024-09-02,630.18,Credit Card,Afghanistan
1737566,1256260,2021-12-23,8802.29,Cash,Rwanda
1057703,1564293,2024-12-19,1866.43,Bank Transfer,Jamaica
2614644,1904390,2025-03-09,911.06,Credit Card,Cape Verde
1668352,561051,2024-05-09,0.0,Credit Card,Guatemala
6852113,817328,2022-11-13,2170.87,Cash,Mauritius
2316526,1187477,2025-07-06,0.0,Cash,Honduras
7017390,1071160,2023-01-22,2068.05,Credit Card,Djibouti
478084,1782932,2021-12-10,627.59,PayPal,Greenland
784087,581396,2025-05-23,148.09,Credit Card,Guam
3011231,1944099,2024-02-13,0.0,Bank Transfer,Cote d'Ivoire
6807390,1562680,2023-02-01,889.45,Cash,Seychelles
5033915,1438976,2023-03-08,3460.66,Bank Transfer,Guatemala
2104262,255260,2021-12-21,820.56,Bank Transfer,South Africa
6723955,187105,2025-07-18,1208.34,Bank Transfer,French Southern Territories
7905450,1459226,2022-10-15,162.6,Bank Transfer,New Caledonia
517621,1539319,2022-08-14,2027.55,PayPal,Hungary
6932158,1238200,2025-01-04,1564.08,Cash,Congo
5504068,347932,2021-09-19,6886.16,Credit Card,Bouvet Island (Bouvetoya)
7468769,303991,2022-05-10,1877.41,Bank Transfer,Guernsey
7140791,906685,2025-08-24,1476.6,Cash,Niger
4110597,256743,2025-01-25,3565.88,Cash,Heard Island and McDonald Islands
4471818,1818607,2022-03-19,3391.2,Cash,Georgia
7527495,684149,2022-05-27,3160.35,Cash,Latvia
2072437,479824,2024-08-10,2095.23,Bank Transfer,United States of America
4013950,1592281,2025-01-19,798.75,Credit Card,Greece
1952617,353885,2021-09-18,660.22,Bank Transfer,Brazil
2008399,968114,2025-03-24,826.48,Credit Card,Israel
1510409,1483674,2022-09-14,1598.68,PayPal,Taiwan
5552343,527634,2025-05-02,1229.88,Bank Transfer,Guyana
6739735,961677,2022-01-10,169.5,PayPal,Benin
6602059,120900,2024-02-05,476.37,Bank Transfer,Austria
567945,1741541,2021-10-30,351.06,Credit Card,Congo
6453765,1338277,2022-07-10,459.54,PayPal,Somalia
4740110,723756,2025-06-19,1609.33,PayPal,Iran
3208587,1302605,2025-07-09,0.0,Bank Transfer,Honduras
3001739,961367,2022-09-04,1238.85,Bank Transfer,Syrian Arab Republic
3551757,1564388,2023-04-10,1573.79,Bank Transfer,Cayman Islands
4495359,473615,2025-07-24,1267.42,Credit Card,Guatemala
5587583,738131,2024-05-14,361.14,Bank Transfer,Nauru
1420152,1148736,2022-08-21,547.14,PayPal,Lesotho
3946230,976340,2023-02-07,6015.8,Bank Transfer,Egypt
1935121,261461,2022-04-19,859.96,Cash,Estonia
3036877,206636,2023-06-18,226.85,PayPal,Thailand
6563958,434787,2024-10-28,2147.5,PayPal,Marshall Islands
2394442,1530284,2022-03-01,3145.46,Bank Transfer,Burundi
6242177,1839360,2025-06-06,6219.61,Bank Transfer,India
2443388,1633547,2023-08-18,106.19,Cash,Western Sahara
6730916,1147963,2024-03-30,123.39,Cash,Samoa
504718,1788259,2024-12-05,868.55,PayPal,North Macedonia
2527653,1765083,2023-01-19,1329.57,PayPal,Norway
7707871,1315118,2021-12-09,344.65,Bank Transfer,France
1926693,1484452,2022-08-20,2068.81,Credit Card,Afghanistan
5485868,1232296,2022-11-19,3130.84,PayPal,Jordan
4458071,1871039,2022-05-04,472.85,Credit Card,Saint Barthelemy
1744042,690165,2025-06-14,585.8,Cash,Burundi
3260948,888602,2024-08-15,2551.14,Credit Card,Venezuela
3917652,284966,2023-11-23,4978.46,Credit Card,Cape Verde
5817064,451532,2023-03-01,354.94,Cash,Western Sahara
4988252,39383,2021-09-07,2231.6,Cash,Tuvalu
4165250,1520999,2022-04-01,1424.34,Cash,Cote d'Ivoire
3463683,1520161,2024-01-25,2432.8,Cash,Gambia
4252065,1342880,2023-08-17,0.0,Credit Card,Senegal
7985985,1625698,2023-10-17,1992.3,PayPal,Angola
7342440,1137000,2024-03-16,5113.55,Credit Card,Algeria
5468232,1441722,2022-07-17,470.78,Cash,United States Minor Outlying Islands
2552077,1624504,2022-09-15,1169.19,Cash,Micronesia
4896725,469406,2025-03-22,224.05,Bank Transfer,Sudan
2125293,719812,2025-04-09,1021.21,Cash,Poland
5791168,543963,2023-02-04,2789.24,PayPal,Norway
7870637,980956,2025-06-30,915.5,Cash,Venezuela
1275423,548848,2022-11-22,1768.64,PayPal,Malaysia
4755814,1982981,2021-11-26,1670.0,PayPal,Venezuela
2659558,1040966,2021-12-29,3666.98,Bank Transfer,Saint Barthelemy
7302501,1408897,2025-02-19,686.59,PayPal,Madagascar
5119672,1085285,2024-08-20,1247.31,Credit Card,Norway
6840215,787261,2025-05-03,1017.3,Cash,Burkina Faso
4566035,337141,2024-05-02,270.95,PayPal,Myanmar
4630911,1839556,2024-02-23,1182.81,PayPal,Serbia
6738583,371263,2022-04-26,2518.49,Bank Transfer,Brunei Darussalam
7107465,1867261,2025-08-22,981.84,Cash,Vietnam
6497818,1085293,2025-05-04,987.39,Cash,Nicaragua
3530250,270948,2021-12-05,3944.1,Credit Card,Swaziland
5565853,1095238,2024-12-16,4655.17,Bank Transfer,Central African Republic
3277698,278052,2024-02-13,4810.04,PayPal,Liechtenstein
366196,396414,2023-12-26,2905.72,Bank Transfer,Suriname
283567,1468269,2024-01-20,415.23,Bank Transfer,Australia
1722183,1925925,2025-06-10,373.48,Bank Transfer,Belgium
4151672,527813,2024-04-18,1493.7,Bank Transfer,Iran
5986988,706508,2025-04-07,1091.88,Bank Transfer,Turks and Caicos Islands
7629011,38267,2025-07-17,505.96,Bank Transfer,Morocco
1325799,1527639,2023-03-31,3054.62,Credit Card,Liberia
2450180,1741103,2023-05-29,777.78,Cash,Papua New Guinea
671993,1031724,2022-05-13,376.11,Cash,Jordan
659337,1109224,2022-03-07,1724.3,PayPal,Liechtenstein
6921558,860299,2023-11-22,1318.73,PayPal,Saint Pierre and Miquelon
4909334,710617,2024-06-03,674.51,Bank Transfer,Iran
2914522,966930,2023-05-03,2590.35,Bank Transfer,Palestinian Territory
2454771,412641,2022-12-18,1190.4,Bank Transfer,Myanmar
4687591,430451,2022-07-11,1146.88,Credit Card,Libyan Arab Jamahiriya
2066767,148992,2022-08-29,616.9,Cash,Seychelles
6072581,1895603,2024-11-16,874.23,PayPal,Sudan
1053927,626929,2023-11-23,1415.34,Bank Transfer,Norfolk Island
4363575,1726048,2022-06-24,1018.6,Bank Transfer,Comoros
1870828,851652,2024-06-02,304.32,Credit Card,Slovakia (Slovak Republic)
5776098,954882,2025-01-14,414.34,Cash,Bhutan
6625739,318766,2024-01-26,5341.09,Bank Transfer,Namibia
5407600,1324209,2023-11-11,712.48,PayPal,El Salvador
160317,534566,2023-07-07,1904.74,Credit Card,Congo
730935,1076241,2023-03-16,193.3,Bank Transfer,Cape Verde
1547136,1318797,2023-06-01,5285.88,Cash,El Salvador
7377157,1618817,2024-05-13,1468.0,PayPal,Philippines
7619807,992334,2022-03-19,235.88,Bank Transfer,Cocos (Keeling) Islands
3271331,1393652,2023-05-02,1692.06,Cash,Uruguay
5280493,78574,2022-10-26,3541.08,Bank Transfer,Germany
3990106,1264513,2022-10-25,4626.29,PayPal,Australia
5795802,1879007,2023-08-01,173.95,Credit Card,Cameroon
1255456,965406,2023-05-04,4048.4,Cash,Afghanistan
7026625,1781944,2025-02-08,4724.87,PayPal,Armenia
5978692,1503045,2024-02-29,3175.29,Bank Transfer,Sao Tome and Principe
7942322,1867803,2024-06-06,271.62,Credit Card,Romania
1832217,1219904,2025-07-06,1996.43,Bank Transfer,Central African Republic
1317770,1836811,2022-12-21,864.89,Bank Transfer,Saint Martin
1214539,266426,2024-04-02,0.0,Credit Card,Guinea-Bissau
2023166,1844692,2024-12-20,2048.14,Bank Transfer,Uganda
4866832,1756095,2025-01-29,1851.08,Cash,Armenia
3636722,137402,2023-06-01,252.84,PayPal,Zambia
3725625,1387914,2022-09-01,716.64,Bank Transfer,Rwanda
7339151,1012686,2023-02-07,1529.95,PayPal,Angola
5249879,994970,2024-06-25,1058.69,Cash,Malta
6819998,749134,2023-10-24,3944.2,Cash,Andorra
3147092,1441252,2024-06-01,1165.89,Cash,Vanuatu
1571790,336261,2024-08-08,3468.53,PayPal,Montserrat
3190707,994205,2022-12-16,5387.29,Cash,Saint Martin
5200182,1896911,2023-03-17,1908.64,Cash,Chile
7398766,798087,2022-08-09,6852.1,PayPal,Faroe Islands
7837416,1127803,2022-06-13,1275.79,PayPal,Guam
4935287,88506,2023-03-18,3491.16,PayPal,Antarctica (the territory South of 60 deg S)
6170540,1297656,2025-08-23,1657.54,Cash,Marshall Islands
7375842,977030,2024-04-09,2728.94,Cash,Uganda
7388390,376274,2022-12-26,288.02,Credit Card,Iran
1547653,532511,2022-01-22,3191.03,Cash,Turkmenistan
4306369,1624461,2025-06-10,2541.9,PayPal,Svalbard & Jan Mayen Islands
2693902,296579,2022-07-05,1602.2,Cash,Vietnam
7084566,533140,2022-04-14,713.9,Bank Transfer,Seychelles
4079657,336057,2021-11-05,3840.29,Cash,Mauritius
6896188,1287693,2022-06-28,7254.36,Credit Card,Austria
1427227,864983,2022-05-12,3854.84,Credit Card,Brazil
5601453,1487225,2023-04-11,3087.01,Cash,Jamaica
4956780,1341966,2023-02-17,4833.74,Credit Card,Barbados
6944555,441252,2022-01-08,1480.88,PayPal,Guinea-Bissau
7394103,1040586,2022-08-28,872.34,PayPal,Bahamas
4514300,1553348,2023-05-28,1113.41,Bank Transfer,Namibia
2514111,1966795,2024-01-23,1026.78,PayPal,Mauritius
3730858,1650420,2022-10-31,6935.57,Credit Card,Tokelau
5931332,1233560,2025-08-29,0.0,Credit Card,Fiji
2248972,1895765,2023-09-24,463.18,PayPal,Gibraltar
2090064,1183206,2025-05-22,981.79,Bank Transfer,Israel
6609099,1999705,2023-04-21,1853.06,Cash,Brunei Darussalam
3002314,418228,2025-04-18,2034.49,Bank Transfer,Denmark
2265143,900503,2023-08-06,1663.24,Cash,Mozambique
5662595,1028741,2021-12-21,878.93,PayPal,Philippines
6466007,20512,2025-03-18,0.0,Credit Card,Lao People's Democratic Republic
2750567,754615,2025-04-06,125.2,Cash,Saint Barthelemy
856550,542600,2023-07-03,1581.21,Cash,Cyprus
5885851,1543562,2024-07-21,470.2,Bank Transfer,Bangladesh
2127268,616002,2024-07-13,0.0,Credit Card,Bhutan
2880786,576633,2022-02-01,1869.75,Bank Transfer,Myanmar
4437288,1346720,2022-09-12,297.6,Bank Transfer,China
3274553,1435997,2021-12-26,2698.0,Bank Transfer,Mali
7385688,454487,2023-08-02,924.14,Bank Transfer,Palau
5282632,1377862,2023-05-23,2122.8,Cash,United States Virgin Islands
6758631,6914,2024-11-26,2186.95,Bank Transfer,United Kingdom
2694384,1864617,2025-08-22,0.0,Bank Transfer,Pitcairn Islands
5978164,438463,2022-03-02,4221.1,Cash,Palestinian Territory
148829,1638864,2022-12-01,721.04,Cash,Papua New Guinea
69848,1885013,2024-11-09,574.25,Credit Card,Belize
630297,585188,2023-10-17,0.0,Credit Card,Jamaica
7812993,1733984,2024-03-28,3713.17,PayPal,Saint Vincent and the Grenadines
5005511,667255,2022-11-26,4867.68,PayPal,United States Minor Outlying Islands
382585,375753,2024-04-19,689.72,PayPal,Madagascar
304994,1131453,2024-07-25,242.25,Bank Transfer,Trinidad and Tobago
2542619,984360,2025-05-05,980.88,Cash,Swaziland
978349,177715,2025-04-30,0.0,PayPal,Bouvet Island (Bouvetoya)
6290262,669541,2023-09-17,4307.8,Bank Transfer,Mexico
1432360,1144907,2025-04-25,0.0,Cash,Saint Lucia
2255230,1004640,2024-09-23,1790.55,Credit Card,Japan
3209318,1823107,2023-03-04,2418.03,Bank Transfer,Mongolia
7031870,47502,2022-07-18,3062.9,Credit Card,Guinea
939952,542734,2022-07-14,3569.03,PayPal,Sao Tome and Principe
5771837,1508243,2023-08-06,1801.3,PayPal,French Southern Territories
6239296,1656668,2022-06-30,3550.31,Bank Transfer,Sierra Leone
3485098,1628170,2023-05-31,3464.03,PayPal,Saint Pierre and Miquelon
1143938,1423698,2025-06-10,305.58,Cash,Honduras
5339694,764401,2021-10-01,4018.92,Credit Card,Poland
4703099,96532,2024-12-01,954.93,PayPal,British Virgin Islands
6874474,647429,2025-01-27,1807.91,Bank Transfer,Senegal
5311161,142316,2022-08-11,5647.57,Bank Transfer,Solomon Islands
742333,1590374,2024-11-03,1218.9,Credit Card,Uruguay
3287675,620442,2021-11-30,347.23,Cash,Slovenia
5121464,669973,2024-03-24,1616.34,Cash,Yemen
5604436,1765657,2022-10-15,1895.56,Credit Card,Italy
6516376,1784967,2024-10-27,6030.59,PayPal,Netherlands
5570940,1049367,2022-03-27,110.81,PayPal,Syrian Arab Republic
3865676,1446999,2022-12-04,1282.33,Bank Transfer,United Kingdom
7248583,1437501,2024-10-28,2810.14,Cash,Slovenia
1250836,1879261,2023-04-04,1212.41,Credit Card,Congo
5124137,1498861,2023-01-21,381.08,Cash,Comoros
6272715,317685,2021-10-15,1217.63,Bank Transfer,Palestinian Territory
3315566,1324150,2024-08-26,999.67,Bank Transfer,Nicaragua
3420440,1376580,2025-05-21,463.17,Cash,Dominican Republic
7222071,1667514,2022-09-02,2123.86,PayPal,Tunisia
1659182,440591,2022-09-01,2684.62,Bank Transfer,British Virgin Islands
3987245,862574,2023-02-05,800.32,Cash,Jersey
213512,738861,2024-10-18,2714.97,Bank Transfer,Tuvalu
11629,1544221,2023-08-20,2138.79,Bank Transfer,Kuwait
4366180,1943888,2022-09-26,1254.21,PayPal,Thailand
2086453,1318513,2023-09-03,2723.68,Cash,British Indian Ocean Territory (Chagos Archipelago)
7397411,282373,2024-04-08,2339.3,Credit Card,Russian Federation
1177296,1399607,2025-07-18,1567.96,Bank Transfer,Saint Pierre and Miquelon
5787158,484448,2025-04-05,1117.07,Credit Card,Nepal
7640438,1917195,2024-01-09,835.01,PayPal,Malawi
6875174,1677326,2022-02-24,4095.75,Cash,United Arab Emirates
909216,1226723,2022-07-30,7848.33,Credit Card,Timor-Leste
5177139,1450263,2021-09-04,1757.25,Credit Card,Thailand
1911167,1195691,2024-09-09,1183.02,PayPal,British Indian Ocean Territory (Chagos Archipelago)
7679795,1834165,2024-02-01,2233.78,Cash,Moldova
3173028,1547284,2022-03-10,287.11,PayPal,Switzerland
6553024,1245160,2021-11-01,0.0,Cash,Lebanon
2562370,1338521,2023-03-31,1054.2,Bank Transfer,Pitcairn Islands
1312479,582814,2022-09-24,714.37,Bank Transfer,Mauritius
5488932,1522523,2024-03-18,2428.67,PayPal,Namibia
6790023,1397155,2024-08-25,389.36,PayPal,Azerbaijan
225839,599975,2023-12-30,4790.06,Credit Card,United States of America
4621859,222293,2023-08-02,3304.82,Credit Card,Central African Republic
2891442,74979,2025-04-15,3508.91,PayPal,Montenegro
3550789,912456,2023-08-12,4027.08,Credit Card,Lesotho
2529892,1303454,2021-12-03,1930.43,PayPal,Ethiopia
1298373,464991,2022-04-26,0.0,PayPal,Bosnia and Herzegovina
2524151,1915977,2021-12-13,1593.4,Bank Transfer,Wallis and Futuna
7930814,840472,2022-02-25,2521.73,PayPal,Sweden
6144582,772959,2022-05-11,1968.82,PayPal,Svalbard & Jan Mayen Islands
1609399,95881,2025-08-04,1882.54,PayPal,United States Virgin Islands
4541348,1653603,2024-10-06,0.0,Credit Card,Cape Verde
1821205,1498047,2023-07-11,309.83,Credit Card,Kuwait
3774013,259375,2022-03-15,1710.48,Bank Transfer,Fiji
1822466,1727569,2025-03-20,2400.65,Cash,Greenland
606809,1026774,2025-05-29,1731.15,Cash,Bangladesh
713758,1009321,2022-02-01,337.34,PayPal,Tonga
2664590,1249278,2022-12-13,7455.91,Bank Transfer,India
4593176,800855,2024-02-29,2124.4,Cash,Bahamas
2578099,1132054,2024-11-28,4407.64,PayPal,Hungary
4895780,1466144,2024-06-09,2419.04,Credit Card,Oman
6194526,389215,2023-04-04,1596.8,Cash,Yemen
6931190,190338,2024-10-24,675.57,Credit Card,Netherlands Antilles
577159,1650799,2023-12-16,405.36,Bank Transfer,Estonia
5081241,544331,2024-07-19,3857.42,PayPal,Albania
7632458,214936,2021-09-06,8477.42,Bank Transfer,Burkina Faso
2480014,539648,2024-04-07,1391.72,Cash,Japan
6462484,425075,2024-10-29,4478.38,Credit Card,Montserrat
3285973,1090912,2022-01-20,512.95,Credit Card,Nigeria
158351,325384,2024-04-14,2934.07,Cash,Senegal
4629525,410038,2023-06-16,2355.89,PayPal,Cuba
5541925,18399,2023-02-21,1616.12,Credit Card,Guadeloupe
6642224,669620,2024-07-08,1457.0,Cash,Estonia
6597812,1381529,2022-02-23,1447.51,PayPal,Rwanda
2468811,888425,2025-06-02,1262.92,Cash,Venezuela
2337730,1303583,2024-01-02,3760.93,Bank Transfer,French Southern Territories
7593361,393228,2022-06-21,0.0,PayPal,Angola
6871187,1390545,2023-09-03,4200.69,PayPal,Switzerland
5261109,1224560,2022-12-22,2421.55,Credit Card,Slovenia
698384,316996,2023-12-16,1820.1,Bank Transfer,Georgia
7180624,1588741,2021-10-04,1362.26,Credit Card,Solomon Islands
7057269,1809152,2022-11-24,3104.7,PayPal,Saudi Arabia
4214129,1508619,2023-06-01,2893.54,Bank Transfer,Turkmenistan
174505,52189,2021-09-15,365.28,PayPal,Wallis and Futuna
1880836,1733551,2023-05-15,5942.4,Credit Card,United Kingdom
7434984,701295,2023-10-31,1105.64,Bank Transfer,Cuba
6998267,122220,2025-07-13,331.22,Bank Transfer,Belgium
1183831,1680064,2023-09-05,2255.01,PayPal,Ghana
5920288,939290,2022-10-05,70.86,Bank Transfer,Montenegro
3802255,78136,2023-08-31,866.25,Bank Transfer,Uzbekistan
5923221,1803176,2021-12-10,1795.11,PayPal,Cote d'Ivoire
2654315,959020,2022-09-26,3476.13,Bank Transfer,Russian Federation
3441388,308584,2025-02-20,4569.11,PayPal,United States Virgin Islands
816544,205362,2025-02-25,1661.49,Bank Transfer,Korea
5335146,1957531,2025-01-01,2256.38,PayPal,French Polynesia
2779892,1680894,2023-06-03,0.0,Bank Transfer,Mexico
6973403,1363051,2023-07-24,1469.31,Bank Transfer,Turks and Caicos Islands
7003594,1199688,2024-08-28,443.38,Cash,Guinea
415355,457345,2024-09-05,3202.74,PayPal,Egypt
2460081,1341713,2022-04-20,534.75,PayPal,Luxembourg
1526981,334402,2022-05-14,2562.26,Bank Transfer,Maldives
3230875,1917866,2021-12-04,2006.7,Cash,Bangladesh
2660877,511235,2025-04-03,5785.79,PayPal,Poland
6619543,222544,2025-03-22,0.0,Cash,British Virgin Islands
4124371,1006862,2022-05-17,3281.6,Bank Transfer,Malawi
7081290,678036,2022-06-19,1605.76,Bank Transfer,Samoa
4736342,480283,2022-01-20,521.71,PayPal,Lebanon
234996,711389,2021-12-22,152.61,Bank Transfer,Tunisia
3613695,844388,2024-02-05,2904.63,Credit Card,Zambia
7578724,526471,2022-06-09,2105.56,Bank Transfer,Panama
6770910,1266701,2024-04-28,0.0,Credit Card,Australia
1114578,1508037,2021-09-14,1134.55,Bank Transfer,Liberia
4792829,1693322,2021-12-08,2670.81,Credit Card,Greenland
4756987,1540797,2022-03-14,1079.35,Cash,Belize
4515347,621719,2021-09-30,4006.28,Cash,Pitcairn Islands
443066,83372,2021-12-07,0.0,Bank Transfer,Comoros
3130464,163686,2023-12-22,5363.78,Bank Transfer,French Southern Territories
2438951,77447,2023-04-02,2514.72,Credit Card,Vanuatu
1358975,1381190,2023-12-31,339.66,Cash,Northern Mariana Islands
2410128,915229,2022-08-15,1111.44,PayPal,Guadeloupe
4166330,483341,2023-06-28,366.28,PayPal,Holy See (Vatican City State)
6241245,553625,2022-08-22,0.0,Cash,Malawi
5847589,933308,2022-05-10,3731.32,PayPal,Ukraine
318609,743028,2022-07-19,2289.22,PayPal,Bosnia and Herzegovina
4522699,108299,2024-12-26,1112.5,Bank Transfer,Romania
1620314,334173,2025-08-28,1383.04,Credit Card,Russian Federation
6674519,686477,2022-11-04,927.98,PayPal,Liechtenstein
2172991,1274418,2022-11-01,73.26,PayPal,Austria
1044562,154481,2022-12-01,0.0,PayPal,Bouvet Island (Bouvetoya)
4695825,776626,2023-02-11,7175.98,Bank Transfer,Spain
5369777,884016,2025-04-23,457.0,Bank Transfer,Angola
2383646,843236,2023-06-04,1976.37,PayPal,Italy
6894491,390142,2023-09-01,3430.79,PayPal,Sierra Leone
7778384,1480299,2022-04-23,5324.27,Bank Transfer,North Macedonia
429820,1817478,2023-11-12,5255.47,Credit Card,Marshall Islands
5746639,1519976,2022-04-15,2482.81,Cash,Belize
7587513,94908,2021-09-10,7229.52,PayPal,Heard Island and McDonald Islands
3564359,166459,2022-12-01,2582.86,PayPal,Micronesia
1352910,342816,2025-07-05,360.91,PayPal,Nauru
1519496,665019,2021-09-08,5724.78,Cash,Nepal
2141480,480486,2023-04-13,0.0,Bank Transfer,Andorra
1851619,123576,2022-03-12,1165.32,PayPal,Guatemala
2420301,111646,2022-10-23,84.75,PayPal,Papua New Guinea
3775861,1830247,2024-09-23,6947.05,Cash,Morocco
5003997,548988,2023-05-22,1396.57,PayPal,Japan
4215408,1343317,2024-04-06,3792.19,PayPal,Malawi
6027453,1796277,2024-07-29,786.19,Bank Transfer,Samoa
7681442,439155,2021-11-16,1774.18,PayPal,Tajikistan
4839583,116081,2025-06-17,136.5,Cash,Congo
6456089,1943163,2022-05-05,1375.56,PayPal,Egypt
3605595,447158,2025-08-16,1703.56,Bank Transfer,Falkland Islands (Malvinas)
2622126,249959,2024-11-14,3559.39,Bank Transfer,Congo
7302680,409772,2023-12-13,4030.78,PayPal,Cayman Islands
5023612,441610,2022-07-07,3205.31,Cash,Portugal
2424274,1360280,2022-10-17,5602.8,Credit Card,North Macedonia
2460672,1587098,2022-07-13,2720.46,Cash,Iran
885850,392993,2025-05-12,1258.09,PayPal,Trinidad and Tobago
4990984,1783910,2025-07-02,914.06,Bank Transfer,Ireland
5939953,985236,2024-09-29,2651.89,Bank Transfer,Holy See (Vatican City State)
2142740,807116,2023-04-09,1643.08,Bank Transfer,Vietnam
405514,192416,2023-02-07,4107.54,Cash,Chad
618408,803718,2025-07-28,1534.97,Credit Card,Azerbaijan
1627128,790364,2024-07-12,2056.1,Credit Card,Antarctica (the territory South of 60 deg S)
592115,944663,2023-01-09,1215.51,Bank Transfer,Argentina
316779,340034,2021-11-30,1614.14,Credit Card,Lebanon
2238242,598349,2023-09-24,2735.88,Bank Transfer,Dominica
2612664,1172675,2024-04-15,4934.49,Credit Card,Slovakia (Slovak Republic)
4842903,355282,2025-07-16,1209.14,Credit Card,Niue
7021852,611583,2025-04-19,3480.02,PayPal,Austria
5890105,7130,2022-03-28,2085.69,Bank Transfer,North Macedonia
6432308,1492761,2023-02-19,2131.09,Cash,Bermuda
1520469,1363149,2025-08-22,0.0,Cash,Myanmar
2302394,911309,2023-11-23,0.0,PayPal,Guatemala
4993082,1449679,2024-03-28,3288.77,Cash,Burundi
6887701,1268937,2021-11-12,4066.28,Bank Transfer,Belarus
7575001,1222306,2022-01-11,3694.7,Credit Card,Grenada
444769,654021,2023-06-07,2134.28,PayPal,British Indian Ocean Territory (Chagos Archipelago)
3417640,163800,2024-04-09,3886.69,Cash,Uganda
2732458,623201,2021-11-23,0.0,Credit Card,Faroe Islands
494391,1051377,2024-04-27,435.79,PayPal,Cuba
1587931,1555007,2023-05-10,2296.29,Cash,Sierra Leone
4092695,1413070,2025-04-15,1801.39,Bank Transfer,Falkland Islands (Malvinas)
77359,1662448,2021-09-22,3980.05,Bank Transfer,Martinique
3309919,143837,2024-04-02,1789.72,PayPal,Ecuador
1600702,716483,2025-02-03,2352.3,Credit Card,Zimbabwe
6821160,1610333,2022-08-07,2394.53,PayPal,Cyprus
5972813,1763170,2023-07-18,512.89,Cash,Pakistan
4184115,122258,2024-07-02,0.0,PayPal,Vietnam
3261638,207227,2022-06-06,475.44,PayPal,Nicaragua
7164213,905442,2022-07-31,828.48,Cash,Tonga
5220015,276994,2022-07-14,1471.29,PayPal,Saint Barthelemy
3242076,197711,2025-08-20,1334.88,Credit Card,Saint Vincent and the Grenadines
4192459,1505056,2022-08-19,1173.52,Cash,Barbados
5666514,1913108,2025-04-14,455.33,Credit Card,Kazakhstan
5117930,738560,2025-04-07,4984.04,Cash,Turkey
2833851,1977094,2025-03-15,8410.12,Bank Transfer,Bulgaria
345332,1680,2023-01-01,0.0,PayPal,Puerto Rico
736997,692570,2024-08-22,126.7,PayPal,Peru
4395236,1721561,2025-05-16,1035.63,Credit Card,United Arab Emirates
6332818,1824958,2024-11-20,1333.71,PayPal,Dominica
6952430,855363,2023-05-02,443.3,Bank Transfer,Syrian Arab Republic
4712846,296942,2024-10-08,3179.57,Cash,Colombia
4101776,1804481,2023-10-04,7405.87,Cash,Moldova
3572093,152656,2023-11-23,1895.16,PayPal,Cayman Islands
708238,1362686,2024-04-13,1273.41,Cash,Jamaica
5180266,157574,2024-09-10,1306.04,Credit Card,Nicaragua
1665628,1119202,2024-08-03,4708.0,Credit Card,Guernsey
1277760,1534112,2023-01-03,888.73,PayPal,China
4907459,265929,2023-12-28,1387.29,Cash,American Samoa
7489835,235104,2023-07-16,263.12,Bank Transfer,Japan
5876248,1478860,2021-12-12,1977.3,Cash,Singapore
7372537,37366,2023-12-08,12.42,PayPal,Brunei Darussalam
7427412,1346251,2023-10-22,1274.5,Credit Card,United States of America
7245608,993591,2023-10-10,594.43,Cash,Montserrat
36057,1851376,2024-09-06,2813.55,Bank Transfer,Oman
1845731,737314,2025-03-10,294.15,Credit Card,San Marino
1728635,1134157,2024-01-27,2762.27,Credit Card,Portugal
7440908,326482,2023-08-30,926.17,Cash,Honduras
6370609,1039250,2024-08-17,3156.74,PayPal,Malta
3241288,1975195,2021-12-17,1331.74,Bank Transfer,Heard Island and McDonald Islands
5972626,1653091,2022-02-20,2088.04,Cash,Samoa
636979,1681615,2022-11-13,5462.14,Cash,Guernsey
6215902,574004,2024-06-18,0.0,Bank Transfer,Serbia
3824414,1297423,2023-10-26,3407.91,PayPal,Italy
1119455,1423471,2025-02-13,2444.27,PayPal,Vanuatu
5218975,1899881,2022-09-24,1821.78,Bank Transfer,Norfolk Island
6461418,244109,2023-03-07,0.0,Bank Transfer,Aruba
1397175,1136984,2021-10-03,2142.23,PayPal,Sierra Leone
6241575,940279,2024-02-26,1342.27,PayPal,Senegal
4901317,1088063,2025-06-21,3287.57,Cash,Norway
5802471,1621506,2021-11-26,1383.46,Bank Transfer,United Kingdom
6343979,586437,2024-02-22,2704.16,PayPal,Guatemala
7481405,99018,2023-08-09,2638.27,Cash,French Polynesia
4626888,895349,2024-03-27,3687.76,Bank Transfer,Uruguay
1230145,1294544,2023-04-08,1921.8,Credit Card,Antarctica (the territory South of 60 deg S)
3642397,1015142,2023-08-22,1230.8,Credit Card,Philippines
5538902,1161849,2023-06-25,5126.7,Bank Transfer,Pakistan
295972,1166347,2023-11-28,262.73,PayPal,Malaysia
2987527,355973,2024-02-16,1473.38,Bank Transfer,Monaco
1240257,994847,2023-05-30,2192.6,Credit Card,France
4977853,1165217,2024-04-02,1114.99,Cash,Tokelau
6617466,202198,2023-11-30,1253.04,PayPal,Comoros
3104086,1896949,2024-11-01,3387.59,PayPal,Gibraltar
1555096,1308983,2024-06-06,1530.63,Credit Card,Algeria
3915390,1771831,2022-02-22,4033.06,Bank Transfer,Italy
180299,345175,2023-09-16,0.0,PayPal,Seychelles
2648489,1063544,2023-09-12,3582.32,PayPal,Armenia
2561813,771615,2023-08-22,1452.13,PayPal,Guinea
6119794,1553686,2021-10-09,1196.68,Cash,Belgium
3512263,1576740,2023-07-17,1260.63,Cash,Kazakhstan
5915776,1230777,2024-12-12,1719.58,Cash,United States of America
5603888,338120,2025-07-21,1880.85,Cash,Algeria
2382746,534327,2023-09-29,0.0,PayPal,Colombia
732939,1565065,2025-03-31,2719.98,Credit Card,Barbados
5351022,1761664,2022-04-17,0.0,Bank Transfer,North Macedonia
2701138,567482,2024-08-06,1001.74,PayPal,El Salvador
4450632,354654,2024-08-02,324.98,Bank Transfer,Saint Helena
7919751,150116,2021-11-10,1852.75,Bank Transfer,Lithuania
1719463,1063521,2023-06-05,3270.62,Cash,Paraguay
107346,1807172,2023-05-28,15.81,PayPal,British Virgin Islands
5979270,280279,2023-03-07,3832.57,Credit Card,Saint Vincent and the Grenadines
6361774,1241479,2023-11-19,2740.61,Credit Card,Oman
5289047,577204,2022-05-10,2351.48,Cash,Saint Barthelemy
3569192,27410,2025-08-16,2708.2,Credit Card,Ireland
6717632,1387019,2024-05-23,49.11,Cash,Italy
7903042,1351287,2022-12-14,4738.28,Bank Transfer,Timor-Leste
4024101,300847,2024-10-29,1742.21,Credit Card,Congo
1511596,1643202,2022-11-19,104.35,PayPal,Bouvet Island (Bouvetoya)
1605712,1986773,2022-04-11,0.0,Cash,Libyan Arab Jamahiriya
2995620,524514,2023-05-29,1373.08,Bank Transfer,Dominica
1020099,583882,2025-02-22,2472.61,Credit Card,Saint Helena
6650263,592808,2023-10-09,345.06,PayPal,Paraguay
4022064,395473,2025-06-25,1333.68,Cash,China
7600276,1171,2022-06-28,1140.3,PayPal,Christmas Island
4069301,681762,2023-02-10,1314.92,Credit Card,Kazakhstan
6536947,1725550,2025-02-28,4072.09,Cash,Luxembourg
5685433,1139131,2022-02-11,3872.86,PayPal,Trinidad and Tobago
4138989,1409216,2023-02-06,431.49,PayPal,New Zealand
545437,1413116,2021-11-25,2570.33,Bank Transfer,Vanuatu
3027759,1173609,2024-08-15,2338.17,Credit Card,Bosnia and Herzegovina
741676,1104711,2023-11-22,808.71,Credit Card,Iceland
2576786,1589098,2025-04-23,3716.27,Cash,Christmas Island
899512,1432218,2024-06-09,549.09,PayPal,Trinidad and Tobago
6199593,1610253,2022-01-02,0.0,Cash,Hong Kong
6974659,1257488,2022-12-04,313.0,Cash,Thailand
157551,1167461,2022-12-08,3380.81,Bank Transfer,Bulgaria
4851323,1795897,2022-09-23,3673.15,Credit Card,Namibia
6526833,1444546,2023-07-30,967.26,Cash,Mauritius
259739,1510921,2021-09-11,1686.1,PayPal,Saint Lucia
3633206,822269,2024-09-09,608.13,Credit Card,Turkmenistan
3160613,1858651,2022-05-04,2842.92,PayPal,Myanmar
7451277,1332284,2022-10-27,1456.94,Cash,Sudan
6182433,1658928,2023-09-27,2901.97,Cash,British Virgin Islands
7625149,798354,2024-07-01,1848.01,Credit Card,Germany
3080318,56974,2022-12-06,0.0,PayPal,North Macedonia
3984359,1598324,2023-12-22,315.96,Cash,China
1947621,619802,2022-08-23,1783.3,Cash,Uzbekistan
679069,334427,2022-08-04,1487.62,Bank Transfer,New Zealand
2396708,1514366,2025-05-21,3111.16,Cash,Turkmenistan
5546327,620265,2025-01-13,0.0,Credit Card,Slovenia
770677,396342,2023-03-05,1550.8,Cash,Lebanon
2704846,1899264,2022-12-22,1788.03,PayPal,France
3893484,395290,2023-09-07,3463.78,PayPal,Lesotho
5062560,904765,2022-06-08,1851.07,Cash,Afghanistan
4586401,1670600,2025-04-29,4928.85,Cash,Slovakia (Slovak Republic)
7967283,1413475,2022-07-13,2538.36,PayPal,Grenada
528259,704194,2024-01-17,1277.55,Cash,Cote d'Ivoire
2519334,198357,2023-11-05,1353.14,Credit Card,Saudi Arabia
7500260,817779,2024-11-18,1966.46,PayPal,Andorra
4157885,861755,2021-12-21,396.81,PayPal,Yemen
2520570,1434311,2024-08-16,2964.84,Bank Transfer,Iraq
6451876,91428,2025-04-26,2549.42,PayPal,Solomon Islands
4630334,600358,2023-05-29,1244.99,Bank Transfer,Sri Lanka
3314979,755648,2024-02-18,4161.85,PayPal,Guyana
3494408,214946,2022-08-30,471.72,PayPal,Israel
7524472,1999219,2021-10-08,481.7,Bank Transfer,Indonesia
7623986,282652,2025-01-27,1343.33,Cash,Argentina
1194816,931472,2023-04-20,455.11,PayPal,Martinique
1743490,516083,2024-10-13,1152.21,PayPal,French Southern Territories
920156,1497437,2022-06-26,1135.42,Bank Transfer,Oman
1563191,1736946,2022-12-15,826.85,PayPal,Burundi
4978840,538399,2022-05-20,4631.0,Bank Transfer,Tajikistan
290809,35043,2023-01-15,1452.44,Cash,Martinique
1349573,623769,2024-03-03,1365.7,Credit Card,Moldova
6161048,847453,2023-06-01,128.0,Cash,Uruguay
3304447,439758,2024-09-07,2511.29,Bank Transfer,Lao People's Democratic Republic
4586939,1901964,2023-03-19,391.78,Credit Card,Israel
682730,1737209,2024-02-03,1347.28,PayPal,Uruguay
4450498,1261744,2022-02-08,1836.78,Cash,Samoa
6495155,1286015,2022-02-12,1183.89,Bank Transfer,Equatorial Guinea
7779833,1559842,2025-01-03,0.0,Credit Card,Montserrat
5431710,1279094,2023-11-11,1582.99,Cash,Israel
5377133,963740,2021-10-18,1488.76,Cash,Czech Republic
3447352,1750683,2024-07-31,1454.13,Bank Transfer,Georgia
4010847,155099,2025-01-02,128.8,Cash,Heard Island and McDonald Islands
1117482,317871,2024-07-25,254.4,Cash,Lebanon
541784,1537965,2024-09-02,4206.9,Bank Transfer,Dominican Republic
6819198,918205,2022-08-06,3153.38,PayPal,Algeria
2078497,200549,2024-09-30,1746.27,Credit Card,Congo
2485903,940083,2022-04-30,1329.66,Bank Transfer,Algeria
4591817,1048708,2024-09-22,769.96,PayPal,Ecuador
1639782,1055089,2024-10-07,1584.55,Cash,Indonesia
7559180,1025721,2022-10-19,0.0,PayPal,Eritrea
4043276,308067,2023-01-11,415.62,PayPal,El Salvador
3467670,44417,2023-03-06,876.99,Cash,Congo
5741008,612522,2023-02-13,3127.0,Bank Transfer,Gabon
556376,1593458,2024-01-29,0.0,PayPal,Mongolia
5447586,385687,2023-12-28,1247.92,Cash,El Salvador
4196955,1447240,2025-02-05,5817.2,Credit Card,Iceland
708693,1336528,2025-01-04,2117.99,PayPal,Uganda
7330095,441631,2022-02-25,153.53,Credit Card,Montserrat
6275123,29382,2023-11-12,2111.25,Credit Card,Greece
1934320,985488,2023-06-25,301.85,PayPal,San Marino
2658005,1725464,2025-07-17,1905.64,Cash,Poland
4395034,1259271,2024-06-05,1097.1,Cash,Dominican Republic
920233,1307070,2023-07-06,590.16,Bank Transfer,Liberia
1140796,1451306,2025-08-27,2847.41,Bank Transfer,Maldives
6047536,784787,2025-05-28,2311.14,Bank Transfer,Samoa
6930234,86895,2023-02-05,2043.75,Credit Card,Cayman Islands
3055273,440666,2023-06-04,317.98,Cash,Central African Republic
1828920,411564,2024-08-06,3829.55,PayPal,Mexico
5958074,787533,2022-03-17,1277.2,Credit Card,Morocco
4118339,1090012,2023-03-05,3317.29,PayPal,Saint Kitts and Nevis
647276,1438349,2024-12-11,522.96,PayPal,Swaziland
520221,25217,2022-11-30,2640.19,Credit Card,Sri Lanka
53647,1562984,2025-02-06,2933.99,Bank Transfer,Norway
6626041,999072,2024-06-20,460.48,PayPal,Bulgaria
6977897,189249,2025-05-17,4034.81,Cash,Gambia
4777984,361957,2022-12-30,3243.44,PayPal,Tajikistan
7868650,1908458,2023-05-06,2088.98,Cash,Belarus
2215393,1654024,2023-10-27,878.02,Credit Card,Montserrat
3604634,148783,2022-06-10,251.79,PayPal,Korea
7337003,1685834,2023-04-03,3309.85,Cash,Holy See (Vatican City State)
85712,30464,2023-09-24,2912.04,Bank Transfer,Gibraltar
3826834,1419014,2022-10-02,2591.7,Cash,Mongolia
4690458,29888,2025-06-29,1450.17,Cash,Malta
7209001,925455,2022-02-11,1707.41,PayPal,Wallis and Futuna
1010686,121506,2023-01-27,2121.06,Credit Card,Brunei Darussalam
2080845,1193386,2023-04-02,1703.68,Cash,Armenia
1994943,1415659,2023-09-05,1774.92,PayPal,Saint Helena
3584535,982561,2022-01-30,1540.27,Bank Transfer,Hong Kong
5124136,615087,2023-12-02,339.06,Bank Transfer,Bouvet Island (Bouvetoya)
2906925,1082301,2025-02-11,4370.47,Bank Transfer,Sweden
1442924,638330,2022-11-16,397.55,Bank Transfer,Timor-Leste
1778795,499254,2024-01-13,3172.59,PayPal,India
5749748,1290708,2023-01-12,1448.37,Bank Transfer,Suriname
4799314,1741482,2023-12-23,1049.97,Cash,Senegal
3790086,845724,2023-07-13,0.0,Bank Transfer,Cambodia
7316857,1566065,2022-09-11,905.48,Credit Card,Luxembourg
7464967,396629,2021-12-31,2657.99,Credit Card,Finland
3532075,10031,2023-01-11,3528.65,Credit Card,Madagascar
5106791,727040,2022-03-02,3750.99,Bank Transfer,Guernsey
5429972,586212,2023-04-25,4457.05,Cash,Jersey
6440072,1559233,2022-11-14,994.6,PayPal,Saudi Arabia
6392242,1531769,2023-04-02,1976.61,Cash,Sweden
5503393,1074038,2024-05-25,3525.39,Bank Transfer,Liechtenstein
4472474,1709664,2023-10-12,81.87,PayPal,Philippines
4879023,1115533,2023-06-25,2208.2,Cash,Papua New Guinea
248149,1945485,2025-03-22,0.0,Cash,Afghanistan
6059802,1447863,2025-05-28,2356.65,Cash,Hungary
4546546,1568570,2021-11-28,1638.8,PayPal,Ukraine
6116264,16578,2025-06-17,5174.79,Cash,Tajikistan
635738,1270000,2025-07-04,1426.57,PayPal,Germany
5235862,882724,2025-03-19,54.6,Bank Transfer,China
2902673,892927,2025-08-24,889.69,Credit Card,Honduras
3107362,1984100,2025-03-12,0.0,PayPal,Algeria
5933131,1985515,2025-02-10,1212.22,Credit Card,Central African Republic
332874,1477380,2024-11-07,499.94,Cash,Nigeria
4616245,974929,2025-01-11,2245.1,Cash,Russian Federation
3921904,25201,2023-03-01,0.0,Bank Transfer,Botswana
1245668,1868582,2024-01-07,4090.04,PayPal,Tanzania
2796956,822521,2024-03-06,1591.03,Bank Transfer,Timor-Leste
4202094,1793665,2023-08-12,4678.3,Cash,Kuwait
1336805,1675306,2022-07-20,628.37,PayPal,Peru
243646,1524594,2024-01-17,1476.88,Cash,Guatemala
1024967,306094,2024-09-20,4541.74,Credit Card,Rwanda
5552854,518263,2022-06-01,0.0,Credit Card,Afghanistan
7605237,877033,2024-07-14,244.54,PayPal,Canada
2559480,1465181,2022-10-20,3097.17,Credit Card,France
2092325,879918,2023-09-12,2236.56,Cash,Sierra Leone
4574263,321991,2024-11-25,973.36,Cash,Maldives
7154708,117287,2021-11-06,1150.81,Cash,Sierra Leone
124375,1600076,2022-05-25,1086.12,Credit Card,Sri Lanka
673932,1135123,2022-02-02,2160.42,PayPal,United Kingdom
1171526,1575121,2024-06-25,546.05,Credit Card,Cambodia
7656076,833159,2024-10-08,10689.13,Cash,Saint Kitts and Nevis
6236330,1194021,2023-05-12,0.0,Credit Card,Cuba
1246938,317436,2023-04-14,2262.95,Bank Transfer,Heard Island and McDonald Islands
7613953,747669,2024-08-28,2374.81,Bank Transfer,Colombia
2142953,421248,2023-12-20,1566.54,PayPal,Denmark
3732424,791732,2025-04-23,0.0,Cash,British Indian Ocean Territory (Chagos Archipelago)
5736067,841431,2022-04-22,1982.4,Bank Transfer,Liechtenstein
3139416,395548,2024-10-01,1100.49,Bank Transfer,Timor-Leste
5617042,602323,2022-10-19,3400.02,Credit Card,Mauritius
3258518,1493067,2022-07-24,6587.52,PayPal,Burundi
5642817,67266,2022-03-16,1123.3,Bank Transfer,New Zealand
1948314,404255,2025-03-18,0.0,Bank Transfer,China
3657845,337369,2025-08-26,1317.31,Cash,Bermuda
5388177,817409,2024-09-19,3479.09,PayPal,Bosnia and Herzegovina
6467602,1684298,2021-09-18,1376.98,Bank Transfer,Macao
7485480,1954012,2022-10-12,1796.0,Bank Transfer,British Virgin Islands
2707987,376383,2024-08-27,2355.08,Credit Card,Solomon Islands
1656487,1874189,2023-08-08,3063.4,PayPal,Guinea
2962186,1286677,2022-12-18,725.1,Credit Card,Estonia
1234650,171408,2022-12-28,3189.5,Bank Transfer,North Macedonia
6220785,718024,2021-12-04,1834.91,Credit Card,Burundi
2741355,1565057,2021-10-08,4568.64,Credit Card,Austria
3810093,893937,2022-07-09,4106.85,PayPal,Heard Island and McDonald Islands
3936272,1990768,2022-01-22,5841.09,Bank Transfer,Guadeloupe
1081243,522945,2023-02-20,1952.83,PayPal,Saudi Arabia
3611796,458302,2025-03-10,2467.08,PayPal,Nepal
7743413,875965,2024-03-11,135.41,Bank Transfer,Qatar
3138100,146046,2021-10-31,0.0,Credit Card,Rwanda
2618334,748488,2023-01-20,1850.75,PayPal,Azerbaijan
7809300,1066782,2022-03-11,2486.06,Cash,Malaysia
7885801,500408,2023-05-11,177.5,Bank Transfer,Germany
38697,756749,2024-01-28,631.34,Cash,Uzbekistan
6227279,1040665,2025-07-24,2392.49,Bank Transfer,United Kingdom
1525859,1597171,2025-07-19,1176.44,Cash,Myanmar
6924308,1674323,2025-02-20,3189.27,PayPal,Korea
4699205,462925,2025-02-05,739.68,PayPal,Bhutan
4046859,617977,2025-05-25,1806.68,Credit Card,Kazakhstan
2750354,1387607,2023-04-09,244.29,Credit Card,Panama
2322412,186518,2022-05-25,1670.83,Cash,Gabon
1695836,999148,2022-06-18,5790.06,PayPal,Azerbaijan
7708261,1218497,2023-11-25,1294.3,Cash,Romania
2429282,1200006,2023-09-15,667.53,PayPal,Bahrain
3845072,1698007,2022-10-27,801.62,PayPal,Vietnam
7653593,592102,2024-12-21,0.0,Credit Card,Palau
357427,1488325,2025-01-01,960.03,Cash,Grenada
2904723,1007707,2025-03-31,1557.87,Bank Transfer,Aruba
7091867,1303064,2023-01-20,3077.96,Credit Card,Antigua and Barbuda
7187297,1809217,2024-08-13,880.92,PayPal,Greece
3364924,1702011,2023-12-08,0.0,Cash,Benin
1976166,1633885,2023-04-10,1306.95,PayPal,Puerto Rico
3360328,1079330,2024-01-06,1496.41,Cash,Saint Lucia
5523741,635336,2023-04-14,2118.3,Cash,Djibouti
1444449,104575,2024-06-27,3301.67,Cash,Guatemala
5887332,379108,2024-03-29,2815.96,Credit Card,Sweden
960303,1301973,2024-04-07,589.83,PayPal,Brazil
646306,1016868,2024-09-24,2552.64,Credit Card,Palestinian Territory
2994033,788523,2022-05-30,1294.68,Credit Card,Saudi Arabia
1678143,1783245,2022-09-18,0.0,PayPal,Tuvalu
6248798,610469,2024-05-06,1688.08,Cash,Macao
2418675,32476,2022-12-01,1785.4,PayPal,Guinea
7873387,1513619,2024-02-17,1440.31,Cash,Bulgaria
1893704,1195600,2025-07-23,2141.56,PayPal,British Indian Ocean Territory (Chagos Archipelago)
895001,1657658,2025-07-03,1091.02,Credit Card,Wallis and Futuna
2892899,1236062,2022-04-29,1532.65,PayPal,Antarctica (the territory South of 60 deg S)
5271566,712601,2022-10-29,5555.51,Bank Transfer,North Macedonia
6022430,575661,2024-11-11,709.7,Bank Transfer,Barbados
5566879,1324787,2022-12-27,315.7,Cash,Montenegro
7039602,1653171,2023-07-08,2051.31,PayPal,Hong Kong
7032179,1151065,2024-01-05,1557.91,PayPal,Togo
2240669,892222,2024-11-17,2133.47,Bank Transfer,Japan
3338641,930880,2025-07-01,0.0,PayPal,Cayman Islands
1197384,778074,2025-06-10,728.28,PayPal,Macao
6610627,1474960,2023-10-29,4317.92,Credit Card,Italy
5539029,1420222,2025-07-14,910.42,Bank Transfer,Heard Island and McDonald Islands
7941123,415305,2024-03-18,860.18,Bank Transfer,Saint Vincent and the Grenadines
4704511,384577,2022-01-08,1467.48,Bank Transfer,Malaysia
7176524,190278,2022-05-05,1008.53,Credit Card,Pitcairn Islands
2227054,129863,2023-08-10,1106.25,Cash,Cameroon
4086106,322387,2024-04-07,858.51,Bank Transfer,Myanmar
7100393,1122682,2023-11-26,0.0,PayPal,Christmas Island
3542705,90772,2025-06-15,5530.21,PayPal,Cape Verde
4500777,600254,2022-10-10,2851.47,Bank Transfer,Luxembourg
7002890,1097251,2025-07-21,1366.85,PayPal,Guernsey
2592906,590360,2024-08-30,2636.67,PayPal,Congo
3634658,50660,2022-01-14,831.27,Credit Card,Czech Republic
1395222,1357556,2022-12-01,3392.14,Bank Transfer,Western Sahara
5466593,422323,2024-07-20,189.39,Cash,Anguilla
7573648,827242,2024-12-28,1213.56,PayPal,Anguilla
3181700,104877,2022-03-26,70.2,Bank Transfer,Aruba
3122357,715730,2022-01-29,2732.22,PayPal,Malta
3750179,1214882,2023-07-06,1131.2,Cash,Haiti
2098870,748163,2022-09-26,0.0,PayPal,Zambia
3903274,1162858,2023-06-20,856.66,Bank Transfer,Russian Federation
444487,1991439,2025-02-06,3703.44,Cash,British Indian Ocean Territory (Chagos Archipelago)
456717,1570356,2025-01-05,1014.11,Bank Transfer,Poland
7466738,517675,2023-03-30,1755.36,PayPal,Timor-Leste
524784,1474167,2024-05-03,1852.74,PayPal,Cameroon
3719235,624266,2025-07-07,3280.19,Credit Card,Moldova
5093528,155842,2023-09-13,5367.1,Cash,Cocos (Keeling) Islands
7004565,161723,2022-10-22,2510.89,Cash,Kuwait
7137357,619282,2021-11-10,430.15,Bank Transfer,Bosnia and Herzegovina
6508062,426588,2025-02-16,0.0,Credit Card,Cyprus
2607918,1139875,2025-06-07,542.21,Bank Transfer,Bahamas
5772580,1165042,2023-09-06,2365.09,Cash,Benin
4223138,629965,2023-04-03,269.7,Credit Card,Hungary
7015715,398526,2022-10-02,829.45,Cash,Angola
4880892,768894,2025-07-30,4584.9,Cash,Sao Tome and Principe
4606235,201022,2024-11-06,3624.36,Credit Card,Botswana
2759527,529194,2023-11-13,489.79,Bank Transfer,Romania
4379222,228090,2025-01-27,978.28,Bank Transfer,Equatorial Guinea
1910117,1769071,2023-09-08,849.68,Credit Card,Mali
2059232,664704,2024-10-27,1503.61,Cash,Kazakhstan
4006204,614114,2023-10-03,4058.08,PayPal,Bahamas
6754796,1959402,2024-06-06,1863.61,Cash,Iraq
7904201,181355,2023-05-10,1252.71,Credit Card,South Georgia and the South Sandwich Islands
4376753,269230,2025-03-20,370.4,Bank Transfer,Denmark
7823749,760528,2024-01-19,2245.14,Cash,Mozambique
5446338,1279723,2023-07-16,0.0,PayPal,Rwanda
4352123,1516657,2023-12-05,647.34,Bank Transfer,United Arab Emirates
4569433,350113,2022-09-03,4234.08,Bank Transfer,Antigua and Barbuda
1013285,1519039,2024-05-31,5216.34,Credit Card,Paraguay
1228182,770239,2022-11-28,715.2,Bank Transfer,Suriname
3197305,729725,2025-05-14,697.23,Cash,Holy See (Vatican City State)
4378563,395733,2022-05-31,2001.97,Bank Transfer,Taiwan
3935083,131282,2022-11-23,2129.39,Cash,Maldives
2484184,306749,2021-11-18,361.73,Credit Card,Kiribati
6238790,426382,2022-05-08,1612.48,PayPal,Vietnam
7837931,877950,2021-10-11,1436.99,PayPal,Christmas Island
5693109,396872,2022-12-09,1600.02,PayPal,Colombia
2044800,1557210,2023-05-23,3790.13,Cash,Guadeloupe
7907099,1398284,2022-03-23,1557.5,Credit Card,Mayotte
6434855,95335,2024-01-25,3529.99,PayPal,Madagascar
4195563,555973,2023-02-20,0.0,PayPal,Hong Kong
1439862,1017087,2025-01-12,0.0,Cash,Holy See (Vatican City State)
4068431,1623184,2024-03-29,1467.6,PayPal,Congo
7047698,1082661,2022-04-15,1573.55,PayPal,Bahamas
2098343,333432,2022-05-23,0.0,PayPal,Timor-Leste
4310875,140203,2025-03-06,0.0,PayPal,Reunion
682388,848708,2022-09-11,4730.81,PayPal,Saint Pierre and Miquelon
7070202,1843300,2024-04-08,45.84,Cash,Belgium
6603753,1741423,2023-08-22,2416.9,PayPal,Maldives
3934638,322130,2025-06-24,1835.84,Credit Card,United States Minor Outlying Islands
5093661,834034,2025-01-08,6626.09,Bank Transfer,Guinea
3063174,135759,2022-05-23,1166.74,Cash,Gambia
359468,1337791,2023-07-10,5391.1,Bank Transfer,Egypt
3683469,616442,2021-12-28,878.2,Credit Card,New Zealand
2827611,563888,2024-07-13,2589.32,Cash,Samoa
4729719,218427,2023-04-12,1595.08,Bank Transfer,Australia
5577531,450277,2023-09-08,1632.84,Bank Transfer,Malaysia
713128,115026,2025-08-14,920.88,PayPal,Tunisia
5350808,400632,2023-06-06,1605.09,PayPal,Guam
7597365,1396907,2022-07-29,907.7,Bank Transfer,Guernsey
4521378,1660375,2024-02-25,0.0,Credit Card,Marshall Islands
6341392,422929,2022-08-09,3602.94,Cash,Haiti
6462598,928556,2025-03-15,1295.82,Credit Card,Estonia
6349946,439166,2022-06-12,3097.62,Bank Transfer,Gambia
108345,1839175,2022-06-25,563.54,Credit Card,Spain
4797109,548310,2024-07-14,2528.16,Credit Card,Spain
5443139,654406,2022-07-15,353.0,Credit Card,Timor-Leste
4423,800070,2024-05-17,2678.82,Credit Card,Argentina
1606666,1458090,2024-11-07,1247.38,Cash,Bulgaria
4315525,1734614,2023-11-19,718.14,Bank Transfer,Liechtenstein
4699908,1871425,2025-02-12,1861.85,PayPal,Barbados
7742408,955321,2023-03-14,532.65,PayPal,Malta
5871491,295153,2025-05-22,3070.49,Credit Card,United States of America
1299890,619356,2024-09-30,744.25,PayPal,Montenegro
4863442,56639,2022-04-02,0.0,Credit Card,Iceland
729750,1977338,2022-06-20,1236.37,PayPal,Nauru
5987050,1196141,2022-09-15,1948.6,Bank Transfer,Samoa
2149970,105206,2022-11-14,1191.05,PayPal,Iceland
3736835,1500906,2025-06-25,5073.68,PayPal,United States Virgin Islands
5341552,620353,2023-07-23,1782.8,Credit Card,Saudi Arabia
4496428,317292,2024-08-06,1341.57,Credit Card,Timor-Leste
7394089,489384,2022-06-20,266.04,PayPal,Timor-Leste
4249748,1405293,2022-05-07,1302.87,Bank Transfer,Liechtenstein
7173565,805397,2024-02-02,189.24,Bank Transfer,Liechtenstein
2637526,103644,2022-12-19,4328.54,Cash,Israel
190677,1663716,2024-07-24,4341.65,Cash,Slovenia
4091489,347747,2023-06-20,1296.4,Bank Transfer,Liberia
3742057,1868628,2023-01-12,5938.33,Bank Transfer,Malta
4183467,936313,2025-02-09,2716.75,PayPal,Oman
5689073,351869,2024-12-15,1416.37,Credit Card,Australia
1748512,1708840,2023-05-08,2752.74,Cash,Mauritania
4333960,673074,2023-01-03,3789.06,Credit Card,Afghanistan
1692534,718368,2023-02-12,3011.83,Cash,Cook Islands
2768223,755104,2024-10-13,2578.38,Cash,Svalbard & Jan Mayen Islands
173086,1434023,2023-11-08,3452.43,Bank Transfer,Kyrgyz Republic
5613128,1577998,2021-11-23,1689.87,Credit Card,Bouvet Island (Bouvetoya)
1634790,1773747,2022-12-17,1951.22,Credit Card,Luxembourg
1163780,683306,2024-06-15,1986.12,Cash,Macao
209219,1159407,2023-09-29,4859.34,Credit Card,Serbia
3390475,1207808,2024-08-27,2513.92,Cash,Tunisia
3078990,249033,2025-01-14,1634.37,Bank Transfer,Angola
3916649,1625360,2024-08-22,5513.09,PayPal,Australia
6210990,1322708,2024-03-08,1078.38,PayPal,Sri Lanka
3559486,729125,2024-07-24,2397.8,Bank Transfer,Tanzania
1920332,1629361,2024-11-28,4919.73,Credit Card,Kiribati
6210538,641424,2023-11-01,1194.48,Credit Card,Papua New Guinea
4009159,16349,2023-05-17,1641.64,PayPal,Anguilla
7944400,1962021,2022-01-13,934.65,Credit Card,Algeria
5519499,1608690,2024-01-20,3416.87,Bank Transfer,Guernsey
4406190,1627298,2025-07-08,1376.83,Bank Transfer,Haiti
6086734,356422,2024-09-24,712.75,Credit Card,Cape Verde
936030,1648014,2021-10-08,3771.89,Credit Card,Fiji
1347175,1207895,2021-09-04,1843.4,Credit Card,Bolivia
5616251,559733,2022-12-17,0.0,Bank Transfer,Costa Rica
7785990,1663524,2025-03-31,1564.69,Credit Card,Ecuador
5593899,1113733,2025-07-23,4456.15,Credit Card,Liechtenstein
5385009,1840283,2024-07-14,750.66,PayPal,Gambia
7289271,1474841,2022-04-11,0.0,Cash,Moldova
165813,897071,2024-04-07,4939.22,Bank Transfer,Swaziland
4407393,1106400,2024-07-29,1905.81,Credit Card,Seychelles
6025979,614142,2025-02-03,3574.81,PayPal,Germany
6980117,1955100,2022-04-07,1397.24,PayPal,Djibouti
2577514,1383216,2023-11-20,5069.64,Cash,Niger
7972359,760660,2024-06-08,2467.24,Credit Card,Thailand
1057512,1736906,2021-10-03,524.98,Cash,Samoa
3887267,1117264,2022-09-10,3274.57,Bank Transfer,China
2382904,905428,2022-09-16,2530.36,Cash,Isle of Man
4781508,1373954,2023-11-19,3367.32,PayPal,Thailand
7301687,131479,2023-09-29,2788.56,Bank Transfer,Czech Republic
5776709,1961433,2025-05-29,3472.1,Credit Card,Paraguay
1705984,674427,2021-11-22,116.56,Bank Transfer,Iceland
2160422,1702746,2021-10-28,1821.03,Cash,Aruba
6529423,178703,2025-04-01,0.0,Credit Card,Australia
7904426,1045667,2023-10-24,1478.69,PayPal,Niue
6090260,698180,2024-03-28,1669.4,Credit Card,United States Virgin Islands
250900,695313,2024-04-07,730.51,PayPal,North Macedonia
4399571,1913152,2022-09-15,1200.42,Bank Transfer,Burkina Faso
347697,1257314,2023-05-21,1531.22,Cash,Congo
2111190,1538947,2022-06-18,1591.6,Credit Card,Moldova
1831902,1461354,2021-10-31,1428.57,Credit Card,Greece
1040109,387398,2023-04-28,3013.96,Cash,Luxembourg
3080299,1981306,2024-02-28,1691.32,Cash,Croatia
831317,740231,2023-01-06,215.18,Cash,Sudan
1202855,655150,2023-08-05,824.94,Bank Transfer,Moldova
5820392,1855425,2024-06-15,3999.72,PayPal,Bahrain
4607574,1838002,2023-09-27,48.16,PayPal,Pakistan
1920564,948515,2023-04-05,1115.17,Credit Card,British Virgin Islands
5607995,40268,2025-04-17,540.01,PayPal,Germany
2294221,1415606,2023-07-12,4694.23,PayPal,Albania
148690,816968,2022-12-22,0.0,PayPal,Central African Republic
4258704,290065,2022-07-27,1400.2,Bank Transfer,Libyan Arab Jamahiriya
6864320,1315535,2021-12-26,0.0,Cash,Djibouti
4794523,96007,2024-05-23,0.0,Bank Transfer,Anguilla
4226890,765430,2024-12-15,227.96,PayPal,Chad
5751779,1350215,2022-09-15,177.19,PayPal,Bangladesh
1105491,965596,2024-09-05,3149.33,Bank Transfer,Iceland
3865269,1761877,2023-06-22,332.78,Bank Transfer,Saint Martin
2141041,1374275,2023-11-26,99.21,PayPal,Central African Republic
1279489,1312384,2025-07-30,2383.31,Credit Card,Ireland
4419973,1050545,2023-07-31,1307.44,Credit Card,Belize
7520166,395439,2025-03-16,4570.86,Bank Transfer,Netherlands
1675485,263889,2021-11-02,0.0,PayPal,Ireland
894640,330485,2024-04-26,1022.67,Cash,Suriname
1961927,1887668,2022-10-25,1238.69,PayPal,Samoa
4248194,110174,2023-06-10,964.0,Cash,Nicaragua
5015469,1287006,2023-10-26,2249.69,PayPal,Nicaragua
5328749,1696709,2022-06-14,626.33,PayPal,Eritrea
4263435,1906271,2023-03-17,1453.46,PayPal,Palau
6171098,1842780,2024-07-03,3491.16,Bank Transfer,Trinidad and Tobago
4231496,842444,2022-01-28,0.0,Bank Transfer,Tokelau
2457839,421601,2023-08-13,2977.31,Bank Transfer,Germany
3070633,510236,2024-09-24,2342.18,PayPal,Vietnam
2381839,1330717,2024-08-12,1972.25,Cash,Sao Tome and Principe
5378506,1046523,2021-12-27,2111.66,Bank Transfer,Guadeloupe
4491400,283369,2024-01-08,1001.51,PayPal,Netherlands Antilles
1726612,386059,2024-05-02,3245.28,Cash,Montserrat
3196781,1576458,2021-11-19,2033.82,PayPal,Korea
7100508,704879,2022-09-23,0.0,Credit Card,Guadeloupe
6377939,1537848,2023-07-23,2817.0,PayPal,Oman
3834653,395217,2023-12-20,3057.27,Credit Card,Equatorial Guinea
4803645,929729,2024-08-16,0.0,Bank Transfer,Togo
1753052,597153,2022-09-26,1045.3,Bank Transfer,Zimbabwe
3352808,1097754,2021-10-10,405.38,PayPal,Heard Island and McDonald Islands
4857447,1737384,2025-03-08,1373.85,PayPal,Nicaragua
3680349,1803616,2024-11-28,0.0,PayPal,Turks and Caicos Islands
181580,1804867,2022-09-12,4401.18,PayPal,Australia
4138142,247474,2025-07-23,1028.5,PayPal,Montserrat
6835144,474968,2024-11-22,1320.1,Bank Transfer,Paraguay
484431,1270198,2025-07-12,3581.0,Credit Card,Togo
1304428,1117895,2022-01-12,2244.34,PayPal,Korea
4162263,11109,2023-05-29,5258.05,Credit Card,Christmas Island
3486441,263620,2024-01-06,1180.64,PayPal,Ukraine
4341384,768992,2025-05-07,0.0,Cash,India
1957421,38971,2022-07-14,3849.93,Bank Transfer,Barbados
1438725,1434028,2024-06-02,1267.66,Credit Card,Bahrain
2290585,448195,2022-11-20,661.79,PayPal,Tokelau
2110725,380321,2024-09-22,1487.76,Cash,Singapore
7742304,218996,2022-04-22,1249.46,PayPal,Belarus
7707524,1290256,2024-07-11,852.96,Bank Transfer,Vanuatu
7165712,872279,2024-06-07,0.0,Bank Transfer,Cambodia
5113584,152607,2022-02-26,4483.62,Credit Card,Qatar
5988462,1737594,2023-08-26,0.0,PayPal,Malawi
783130,1876000,2025-04-09,2357.9,PayPal,Kenya
951917,856369,2025-06-12,2409.46,Credit Card,Cambodia
4942184,817533,2025-05-18,3025.15,PayPal,Ghana
355232,1349514,2024-10-23,4111.9,Cash,Saint Lucia
7374405,53472,2025-02-12,1430.97,Cash,Jordan
7395777,1858159,2023-12-21,3478.1,Cash,Central African Republic
4182280,1517687,2023-07-12,1437.32,Credit Card,United Arab Emirates
1428822,541898,2024-06-04,660.3,PayPal,Finland
6053057,681454,2023-05-09,777.44,Bank Transfer,Nigeria
2525621,844161,2023-09-08,0.0,Cash,Lesotho
6233746,1851525,2023-07-30,1019.42,Credit Card,Lebanon
1761064,747416,2025-01-06,213.04,Cash,United States Virgin Islands
6859419,687243,2022-05-26,566.01,Bank Transfer,Korea
6671594,1543476,2023-12-31,0.0,PayPal,Mali
5126992,966457,2025-04-20,2047.18,PayPal,Cuba
3525172,594688,2021-12-06,2060.9,Bank Transfer,Indonesia
7412433,1216218,2025-06-12,2635.91,Cash,Tonga
1654949,1623528,2021-11-19,4725.47,Bank Transfer,Czech Republic
5044332,565716,2022-07-18,1801.16,Bank Transfer,Slovakia (Slovak Republic)
993357,1930305,2023-01-21,1201.21,Credit Card,Sierra Leone
5859207,1564543,2022-06-20,697.44,Bank Transfer,Malaysia
7683469,972187,2023-04-19,2305.24,PayPal,Fiji
884743,1333505,2025-04-07,0.0,Credit Card,Denmark
5690089,1360359,2024-04-08,0.0,Credit Card,Guernsey
7949560,1590189,2023-03-01,1050.02,Bank Transfer,Suriname
3627149,1645824,2024-07-10,73.77,Cash,Belgium
6762712,1073931,2025-01-28,6174.92,Bank Transfer,Zimbabwe
5465607,889844,2024-08-12,2689.22,Cash,Korea
2033942,273869,2022-01-15,2264.16,Cash,Svalbard & Jan Mayen Islands
7881119,952136,2021-09-08,521.45,Bank Transfer,Senegal
318396,1379750,2024-12-22,1830.01,Cash,Djibouti
842130,229433,2022-07-15,343.5,Credit Card,Paraguay
5580638,1092813,2023-02-17,925.87,PayPal,Saint Helena
1598600,183552,2023-01-01,965.04,PayPal,Aruba
79898,209537,2023-09-10,3418.35,Cash,Bulgaria
2985064,1299341,2022-02-23,175.09,Credit Card,Cape Verde
818510,957984,2025-06-13,3709.37,Bank Transfer,Guinea
334500,665307,2024-01-11,1733.31,Credit Card,Guadeloupe
3400197,895756,2025-07-06,0.0,Credit Card,Eritrea
4812924,1760373,2024-10-17,574.17,Credit Card,British Indian Ocean Territory (Chagos Archipelago)
2253498,1376812,2023-11-25,5211.0,Bank Transfer,Guam
5471165,1525006,2024-08-15,1469.45,PayPal,Korea
7473955,1320937,2024-12-16,0.0,Cash,Angola
3030480,1368958,2024-08-12,3268.75,PayPal,Mali
3255678,1454916,2023-10-11,3807.2,Bank Transfer,Anguilla
4670150,858444,2023-03-17,2248.73,PayPal,Vanuatu
6032908,936174,2021-10-01,3600.62,Bank Transfer,Saint Pierre and Miquelon
3696499,487380,2024-02-24,506.97,Cash,Monaco
1535089,1872213,2023-06-25,1172.4,Bank Transfer,Mayotte
291623,914301,2022-08-02,2922.53,PayPal,Gambia
1221232,1553777,2023-01-06,2043.84,Credit Card,Libyan Arab Jamahiriya
4616452,929311,2025-03-29,2539.26,Credit Card,Switzerland
750015,1598548,2025-01-05,4346.6,Credit Card,Papua New Guinea
778804,593738,2022-10-09,2836.37,Bank Transfer,French Polynesia
4193289,1588240,2022-02-17,931.08,Cash,Fiji
6135256,1736817,2024-07-08,398.85,Cash,Estonia
2782743,1806573,2022-01-29,1537.32,Cash,Algeria
883841,797884,2022-10-25,0.0,Cash,San Marino
2764327,440482,2023-05-02,4995.7,Cash,Bahrain
4424050,181503,2022-03-01,745.2,PayPal,Armenia
2919091,851899,2024-11-22,0.0,Credit Card,Netherlands Antilles
877215,743281,2025-08-15,920.43,PayPal,Korea
3144820,1702346,2022-06-04,2003.12,Cash,Australia
6357919,468597,2022-10-03,2834.68,Credit Card,Pakistan
3177165,1213984,2025-03-04,815.37,PayPal,Japan
302352,504025,2021-11-08,1418.94,Credit Card,Netherlands Antilles
6464224,1135987,2024-05-01,5112.05,Credit Card,Wallis and Futuna
6094241,271613,2022-11-04,1827.8,PayPal,Seychelles
5380190,381841,2021-10-18,1546.08,Cash,Botswana
4500166,1559159,2023-10-21,4501.55,PayPal,North Macedonia
4229936,401213,2021-11-09,593.96,Credit Card,Honduras
7118286,1719355,2025-04-07,1265.98,Cash,Sao Tome and Principe
858749,1055170,2025-01-29,3566.71,PayPal,Kuwait
2290942,1050905,2025-02-26,4155.16,PayPal,Bahamas
3457427,1528645,2024-06-04,1218.57,PayPal,British Indian Ocean Territory (Chagos Archipelago)
7894037,916665,2023-09-13,1493.87,PayPal,Afghanistan
5666664,540679,2024-05-06,1736.34,Bank Transfer,Argentina
7695444,1812674,2024-11-04,1664.2,PayPal,Italy
7879964,1370974,2021-09-22,3576.83,Cash,United Kingdom
83596,913725,2022-01-27,542.88,Cash,India
7614095,1550653,2024-09-19,4969.24,Cash,Croatia
3476424,760970,2024-05-05,2886.3,PayPal,Uruguay
7511949,1694734,2022-09-22,11048.4,Bank Transfer,Portugal
4926417,1400597,2022-02-22,587.73,PayPal,Uganda
176030,785577,2024-10-30,936.52,PayPal,San Marino
6469810,37400,2022-11-10,1398.38,Cash,Kiribati
724354,830478,2023-11-05,651.26,Bank Transfer,Turks and Caicos Islands
3846656,1443220,2022-05-09,1339.55,Bank Transfer,Marshall Islands
7212737,1570167,2022-11-10,1200.95,PayPal,Chad
3100860,1078421,2025-02-06,1614.02,Bank Transfer,Malawi
7924199,978474,2025-04-18,1264.1,PayPal,Thailand
2649237,454439,2023-10-18,3311.38,Bank Transfer,Bouvet Island (Bouvetoya)
3210957,1671754,2023-02-22,618.88,Credit Card,Kenya
2749864,461164,2025-06-20,700.35,Cash,British Virgin Islands
1016831,1998894,2023-10-10,3691.28,Credit Card,Botswana
11126,729635,2021-10-21,1259.14,Credit Card,Namibia
2548282,168800,2022-07-01,1136.15,Cash,French Polynesia
1456301,1883924,2023-08-07,1996.29,Bank Transfer,Norway
7856631,699460,2024-07-31,1741.56,Cash,Zambia
2854324,97709,2025-03-08,3105.82,PayPal,Maldives
6212054,1448979,2024-10-06,1371.65,Cash,Cook Islands
4441522,1460064,2023-10-22,1448.34,Bank Transfer,Venezuela
1561456,863566,2024-03-26,1743.56,PayPal,Mozambique
3087172,961761,2024-02-08,2233.85,PayPal,Guinea-Bissau
218181,1594091,2024-08-22,1487.2,Credit Card,Morocco
5143464,1915858,2023-09-01,6944.59,Cash,Liechtenstein
1410278,1547009,2024-11-27,1569.88,Credit Card,Lithuania
59995,290218,2023-03-23,835.5,Bank Transfer,Belize
1361636,1649762,2021-10-21,2385.75,Credit Card,Pakistan
5547073,52928,2024-10-13,4657.07,PayPal,Singapore
5559171,721501,2025-01-02,3225.8,Bank Transfer,Guinea
7607888,375495,2022-12-12,2395.32,Cash,Turkmenistan
6238100,945686,2025-03-30,721.05,Cash,Comoros
3192643,1808767,2025-03-21,2189.05,Bank Transfer,Macao
2031703,1956498,2024-01-14,2474.72,Bank Transfer,Ethiopia
4937194,1841486,2024-11-02,3127.63,Cash,Rwanda
4281628,1316776,2025-04-18,1527.32,PayPal,Croatia
5816693,1822316,2024-09-03,753.31,Cash,Kenya
1499623,629207,2022-02-28,2743.44,Cash,Grenada
3804285,1211216,2024-12-21,234.9,Credit Card,Nigeria
1839247,1295191,2022-10-07,2425.33,PayPal,Burkina Faso
3416566,1808147,2023-09-30,1903.44,Credit Card,Indonesia
6426585,1980310,2022-12-11,1016.79,PayPal,Lithuania
641914,473230,2023-09-03,1601.12,Cash,Aruba
2167059,1306873,2025-02-09,1029.05,Bank Transfer,Dominica
3775655,1362392,2022-07-08,923.52,Cash,Cocos (Keeling) Islands
1760906,1856222,2024-12-15,4368.81,PayPal,New Zealand
5543990,1191552,2023-07-06,591.2,Bank Transfer,Vanuatu
5130512,1669667,2025-05-01,0.0,Bank Transfer,Vietnam
3410179,1494136,2021-12-15,1111.55,Credit Card,Japan
6862095,1338720,2023-08-26,3986.29,Cash,Myanmar
6882157,755850,2024-07-11,1286.06,Bank Transfer,United Arab Emirates
6469727,1393134,2023-04-02,4409.73,PayPal,Guernsey
7671340,457725,2022-04-13,1188.14,Bank Transfer,Marshall Islands
6142003,598157,2023-04-21,90.54,Credit Card,Estonia
2769734,871806,2022-07-18,2190.74,Bank Transfer,Austria
7946298,1383908,2024-02-09,1422.09,PayPal,Australia
3461550,271653,2024-12-25,2192.85,Cash,Suriname
2432881,1282470,2025-07-18,518.91,Bank Transfer,Andorra
4187606,1514101,2023-06-12,2744.86,Cash,Congo
862308,9871,2022-06-28,1986.68,Credit Card,Israel
1830979,1899301,2024-06-06,2101.82,Credit Card,Western Sahara
2681227,1524471,2025-06-25,0.0,PayPal,Ireland
3099731,1830186,2024-05-26,1427.45,Cash,Latvia
5243331,9190,2025-01-26,649.33,Cash,Saint Kitts and Nevis
6761354,767515,2023-05-05,2193.78,Credit Card,Gambia
6791135,1052748,2024-06-28,0.0,Cash,United States Minor Outlying Islands
1760458,820852,2024-10-25,984.38,PayPal,Ethiopia
1187400,464062,2024-06-28,162.81,Credit Card,Turkmenistan
767722,1340732,2022-05-14,2282.0,Bank Transfer,Russian Federation
2654191,460765,2022-03-12,2135.6,Bank Transfer,Denmark
3803933,1009930,2023-03-20,1339.8,Credit Card,France
3230542,482302,2024-12-08,0.0,Credit Card,Guatemala
6898195,1871615,2023-06-14,1895.04,Cash,Burkina Faso
3567221,1182470,2022-07-13,0.0,Cash,Holy See (Vatican City State)
6810084,1795437,2023-10-08,1908.72,Bank Transfer,Sweden
7997439,1612999,2025-06-19,3113.36,PayPal,Swaziland
3906436,1745893,2023-09-13,3233.97,Cash,Antarctica (the territory South of 60 deg S)
430796,558228,2024-04-10,3462.06,Bank Transfer,Brazil
2948180,1739260,2023-02-14,1470.05,Credit Card,Taiwan
2968603,163751,2022-04-03,0.0,Cash,Seychelles
6019208,1870952,2022-12-11,1748.52,Credit Card,Czech Republic
759228,558040,2024-09-22,2446.46,Cash,Congo
6694596,1478440,2023-11-23,2543.91,Credit Card,Samoa
688237,1941326,2024-10-01,1349.45,PayPal,Cyprus
5336048,695993,2023-05-17,350.24,Cash,Solomon Islands
6465841,1807903,2023-12-20,2260.18,PayPal,Georgia
439969,943028,2023-10-12,1359.4,PayPal,Taiwan
2454494,1066302,2023-04-23,2842.95,PayPal,Taiwan
6453917,545553,2021-12-21,2501.45,Cash,Saint Barthelemy
1220040,1263243,2024-07-15,4330.7,Credit Card,Japan
3819399,747238,2024-05-28,1459.68,PayPal,South Georgia and the South Sandwich Islands
4923240,909826,2025-03-12,1853.87,Credit Card,Papua New Guinea
2279195,580482,2024-03-04,1505.07,Bank Transfer,Bangladesh
3897566,671632,2023-06-03,906.2,Cash,Malawi
4728004,988755,2022-10-20,1261.13,Bank Transfer,Croatia
3851551,1823202,2024-06-08,3239.18,Credit Card,Panama
3595619,1519285,2023-02-13,2706.74,Credit Card,Isle of Man
5642229,835418,2025-07-05,2688.92,PayPal,Albania
1729270,173642,2022-12-18,3458.4,Bank Transfer,Italy
539820,724853,2023-11-23,4470.15,Credit Card,Senegal
3367096,365610,2023-08-04,69.6,PayPal,Bahamas
2292847,1249687,2022-01-04,733.06,PayPal,Guinea-Bissau
4310919,1768182,2022-11-16,2166.86,Cash,Turks and Caicos Islands
3999217,572546,2023-06-07,164.35,PayPal,Pakistan
7005545,18718,2022-02-18,3337.44,Bank Transfer,Mongolia
5784129,1990578,2022-02-08,0.0,Cash,New Zealand
1103571,1528732,2025-01-16,4382.95,Credit Card,Ukraine
1259847,1036495,2025-07-26,1499.75,Credit Card,Pitcairn Islands
1153438,255006,2023-11-11,1518.88,Credit Card,Bouvet Island (Bouvetoya)
3815484,1440014,2023-12-27,1569.57,PayPal,Saint Vincent and the Grenadines
678653,135147,2025-03-01,677.28,Cash,Guernsey
1702692,1332312,2022-04-26,3291.44,Credit Card,Equatorial Guinea
2064121,97411,2022-08-25,3416.65,Cash,Palestinian Territory
4188623,755392,2024-07-19,160.59,PayPal,Mongolia
7908269,1609083,2024-08-30,1556.0,Cash,Nepal
460933,320602,2025-06-18,2904.84,Bank Transfer,Niue
7909298,141274,2024-05-18,1928.72,PayPal,Finland
1941023,362327,2022-10-31,270.07,Credit Card,Vanuatu
5534460,1150445,2024-02-04,2175.42,PayPal,Benin
6978022,1875259,2023-04-26,1718.14,Cash,United States Virgin Islands
5221784,18764,2021-09-24,98.69,PayPal,Nauru
6668837,1324764,2022-09-07,465.81,Bank Transfer,Nepal
2891194,696017,2023-07-24,1252.25,Cash,Mauritania
7290630,746399,2023-07-26,1461.8,PayPal,Montenegro
952175,795419,2024-08-04,1294.75,PayPal,Saint Lucia
4105129,841685,2025-04-16,3867.79,Bank Transfer,Anguilla
6888725,404483,2023-08-10,1124.13,Cash,Benin
953887,1519554,2024-09-24,435.74,PayPal,Korea
1167311,224972,2025-01-29,115.6,PayPal,Netherlands Antilles
2868690,1399465,2022-04-03,2693.09,PayPal,Malta
4986645,1382019,2023-10-12,1648.06,Credit Card,Paraguay
5730778,1920064,2022-01-16,2342.15,PayPal,North Macedonia
4734851,1761688,2024-07-02,767.92,Credit Card,Spain
4735255,1444405,2023-03-01,2373.13,Bank Transfer,French Southern Territories
5076393,1874020,2023-04-21,1485.05,Cash,Brunei Darussalam
2107093,318048,2022-02-04,2334.9,Credit Card,Angola
5552690,898498,2023-07-23,517.72,PayPal,Spain
4790763,1711982,2022-07-11,107.89,Credit Card,Zimbabwe
6689342,793088,2025-08-24,2238.94,Bank Transfer,Lebanon
164273,863122,2021-12-15,2525.09,PayPal,British Virgin Islands
7946406,1700016,2025-07-21,3071.05,Cash,Honduras
3102092,729133,2024-03-07,2735.84,Cash,Guernsey
5972646,1814204,2024-03-08,1345.76,Bank Transfer,New Caledonia
7279390,300909,2024-06-03,2006.82,Bank Transfer,Brazil
5837515,1340178,2022-09-03,0.0,PayPal,Kyrgyz Republic
3155657,297982,2023-05-13,3791.31,Credit Card,South Africa
6618486,1468839,2023-03-16,1271.24,Bank Transfer,French Southern Territories
268889,258732,2023-09-16,5829.7,Bank Transfer,Bermuda
4756736,517298,2022-03-12,546.76,Credit Card,Tonga
288903,983103,2022-10-23,0.0,Credit Card,Vietnam
1251727,1901400,2024-03-19,3235.33,Credit Card,Finland
6211722,221288,2022-11-16,4394.01,Credit Card,Montenegro
255563,1584845,2024-10-13,4775.31,Bank Transfer,Finland
498772,1716515,2023-08-03,1241.52,Bank Transfer,Guernsey
6670748,666774,2025-04-17,6227.82,Cash,Falkland Islands (Malvinas)
7251999,1361199,2025-08-21,571.89,Credit Card,Dominica
5827529,433130,2025-08-13,8063.88,Credit Card,Kazakhstan
2112970,1365561,2025-08-20,0.0,Credit Card,French Guiana
1512815,793152,2023-02-22,2563.94,Credit Card,Togo
949300,988754,2022-04-09,2184.91,Credit Card,Northern Mariana Islands
1887106,176491,2025-05-17,5902.92,Bank Transfer,Luxembourg
7211449,1602943,2025-02-27,316.05,PayPal,Nauru
1497131,1503301,2025-07-31,541.96,PayPal,Bahamas
1588147,1596235,2024-12-31,1783.2,Bank Transfer,French Guiana
4681812,1778763,2021-11-26,1953.96,Credit Card,Nauru
1399917,1796405,2023-10-12,952.36,Cash,Spain
700921,1361661,2023-08-27,1043.4,PayPal,Palestinian Territory
73599,1170636,2025-03-08,3848.5,Cash,Iran
3523945,1345888,2023-03-22,5218.07,PayPal,Jersey
4663383,1839263,2022-08-27,1637.46,Cash,South Georgia and the South Sandwich Islands
3613333,665584,2022-10-18,1941.25,Credit Card,New Zealand
162966,489782,2023-05-12,2674.18,Cash,Northern Mariana Islands
4309674,1043603,2023-09-17,1181.75,Cash,Netherlands Antilles
3415567,1308305,2024-06-07,4402.02,Cash,Nepal
7748419,367836,2022-02-18,4178.53,PayPal,Namibia
6576773,1761987,2023-12-23,1506.33,Cash,Gibraltar
2973402,1291115,2025-02-15,489.51,Credit Card,Uganda
2332884,1976638,2022-09-13,2905.77,Cash,Malaysia
6186802,1413095,2023-05-07,357.87,PayPal,Montserrat
3240210,752589,2021-09-01,793.41,PayPal,Pitcairn Islands
6148504,1823005,2023-08-17,196.71,PayPal,Marshall Islands
3708839,806136,2021-12-20,0.0,Bank Transfer,Senegal
1625524,1047986,2023-04-29,230.67,Bank Transfer,Morocco
5225375,1107947,2022-08-20,0.0,Cash,Serbia
7259846,385754,2025-07-13,1307.84,PayPal,Niue
454997,2256,2021-09-05,935.3,Bank Transfer,Brunei Darussalam
625831,766876,2022-09-10,2497.75,Bank Transfer,French Southern Territories
6589907,144492,2024-10-22,508.32,Bank Transfer,Indonesia
4297291,267340,2023-09-19,51.18,PayPal,Slovakia (Slovak Republic)
2637452,1962875,2023-03-04,0.0,Cash,Bahrain
696191,1775206,2023-02-01,2380.8,Bank Transfer,Liechtenstein
2395216,1755385,2023-01-14,4247.6,Cash,Bermuda
6096467,1120513,2022-05-05,370.56,Credit Card,Singapore
4586014,1017465,2024-09-27,0.0,Bank Transfer,Korea
6148082,1118774,2025-08-06,1659.94,PayPal,Eritrea
759635,1469350,2022-10-13,1032.2,Credit Card,French Polynesia
343921,1935349,2024-07-15,430.28,PayPal,Swaziland
7662261,773601,2022-08-18,139.1,PayPal,Samoa
4859110,1763594,2024-07-01,0.0,PayPal,Iran
1565166,1529246,2022-06-22,1444.91,PayPal,Zimbabwe
2476431,1138440,2022-07-28,1002.35,Credit Card,Malta
2689889,1363247,2023-06-06,253.23,Cash,Malta
2449918,1366039,2021-10-27,998.24,Credit Card,Kenya
3218835,1367587,2024-09-05,4256.41,Credit Card,Russian Federation
2783649,790723,2025-08-23,890.4,Cash,Azerbaijan
155777,1107005,2024-05-26,2132.95,PayPal,Sao Tome and Principe
1504337,587995,2024-07-17,3672.34,PayPal,Saint Helena
1781266,1036487,2025-01-29,923.48,PayPal,Jordan
110832,1785937,2022-07-19,2973.05,Bank Transfer,Sierra Leone
7904787,1279292,2022-12-26,1477.69,Cash,Switzerland
7091309,1878676,2025-01-24,3442.85,Credit Card,Guam
6977471,982675,2022-01-06,3466.27,Bank Transfer,El Salvador
1105179,304274,2024-06-07,0.0,Credit Card,Australia
6044487,10964,2021-09-26,0.0,Cash,Nigeria
7436485,937655,2021-09-01,1873.49,Bank Transfer,Belize
4765802,889295,2025-04-04,2812.96,Cash,Mauritius
7648692,508285,2024-12-30,970.74,Bank Transfer,Seychelles
1024212,1908504,2023-03-09,6709.53,Bank Transfer,Hungary
3642112,160518,2023-06-11,2368.87,Credit Card,Ethiopia
1657707,1010410,2025-08-13,2476.68,Cash,Cuba
481693,1214749,2024-12-31,1723.51,Bank Transfer,Iceland
4126917,1755328,2025-04-21,691.74,Cash,North Macedonia
4451265,144320,2022-03-26,2737.27,Cash,Equatorial Guinea
5639892,906962,2025-05-24,123.78,Bank Transfer,Cuba
4890458,413550,2024-12-03,1250.48,Bank Transfer,Armenia
990650,383843,2022-09-26,1632.94,PayPal,Northern Mariana Islands
6537253,474882,2025-01-11,0.0,Credit Card,Tuvalu
530325,1274477,2022-02-12,2361.68,Bank Transfer,Senegal
7222803,1214246,2024-06-09,4641.73,PayPal,Slovenia
4823610,1574242,2024-03-29,4832.27,Bank Transfer,Tonga
1393013,69502,2022-06-17,4001.99,Credit Card,Croatia
2397269,1537079,2023-08-04,0.0,PayPal,Mexico
1420530,1545286,2025-03-18,847.06,Credit Card,Romania
500550,526207,2022-11-24,2603.94,PayPal,Malawi
2602888,1067305,2021-10-15,347.57,Cash,Bahrain
6502911,1091183,2022-10-06,3549.78,Cash,Netherlands
3168283,1518293,2023-06-11,167.97,Bank Transfer,Vietnam
5050750,1782541,2022-12-29,102.16,Credit Card,Faroe Islands
4024842,936027,2023-07-01,949.17,PayPal,Saint Vincent and the Grenadines
2424629,374841,2025-02-11,1521.31,Credit Card,Benin
7513346,1745933,2022-10-06,2644.17,Bank Transfer,Malaysia
3099802,570841,2024-05-07,1733.34,Cash,South Africa
7097143,630554,2024-04-29,4008.2,Cash,Netherlands Antilles
312556,556757,2022-11-18,1343.1,Bank Transfer,Mali
3530843,1676025,2023-01-26,1799.45,Credit Card,Bhutan
407655,217107,2024-04-10,2821.47,Cash,China
3568365,853889,2024-05-02,0.0,PayPal,Marshall Islands
2037713,293961,2024-03-22,664.91,Credit Card,Cote d'Ivoire
2208502,111985,2023-10-06,597.67,Cash,Monaco
1493264,289035,2025-07-15,2313.81,PayPal,Tuvalu
4985949,26720,2025-01-09,2127.04,Credit Card,Honduras
948046,403241,2022-06-25,3291.61,Credit Card,Guinea-Bissau
2922774,158475,2022-06-02,1042.95,Cash,Guatemala
1631870,505517,2024-03-11,546.03,Bank Transfer,Venezuela
1742588,283100,2022-05-21,1293.94,Bank Transfer,Chad
1844173,1564643,2021-10-30,803.58,Cash,Mozambique
2722556,1000193,2022-08-01,791.82,Cash,Pakistan
4710969,1339047,2024-06-02,293.8,Cash,Uzbekistan
6060552,1344764,2025-06-05,2307.14,Credit Card,Myanmar
953461,982337,2025-04-04,7183.83,Bank Transfer,Belize
6624690,737703,2023-05-04,419.36,PayPal,Bosnia and Herzegovina
6719178,1510341,2023-12-03,3068.95,Bank Transfer,Poland
6211971,1961945,2023-09-07,2543.77,Bank Transfer,Swaziland
3623226,90859,2022-08-29,2179.69,Cash,Saudi Arabia
7450957,1274631,2022-06-30,633.76,Credit Card,Chile
4334573,1003104,2024-08-24,1493.55,PayPal,Jersey
1124887,264109,2024-10-30,557.2,Cash,Switzerland
4790552,614224,2023-06-20,3967.85,Cash,Mauritius
7185040,191032,2022-06-07,162.76,Bank Transfer,Poland
6575936,1084750,2025-07-09,0.0,Bank Transfer,British Virgin Islands
5428157,531909,2025-01-25,1464.64,PayPal,Ecuador
7723032,1598348,2025-02-20,0.0,PayPal,Saint Lucia
5270318,953586,2025-03-17,3422.75,Bank Transfer,India
5011275,414792,2025-08-14,577.52,Credit Card,Belize
431051,474430,2023-06-17,2158.12,Cash,Macao
34811,402639,2023-12-04,4525.47,PayPal,Turkmenistan
3535856,785886,2024-07-25,2177.22,Credit Card,Guinea-Bissau
1372119,1212849,2021-11-08,1930.92,Cash,Cocos (Keeling) Islands
5737141,739963,2023-01-02,10.52,Credit Card,Azerbaijan
4702355,768934,2023-01-17,647.1,PayPal,Kuwait
5674832,455391,2022-08-14,1540.92,Cash,Tajikistan
3537867,492850,2025-01-04,580.57,Credit Card,Poland
3384344,574528,2025-06-14,2382.74,Bank Transfer,El Salvador
2091563,1635591,2024-12-09,1011.16,Cash,Tonga
2160192,1829117,2025-03-27,1063.28,Cash,Uzbekistan
7845951,742995,2021-08-31,1358.93,Credit Card,Ukraine
1010753,551716,2021-12-09,5711.89,Credit Card,Gambia
7551536,961684,2023-02-15,1320.68,Cash,Isle of Man
3879095,1860581,2023-01-16,1177.11,PayPal,Congo
265858,1444580,2024-06-23,1402.65,Bank Transfer,Saint Martin
1105874,1581844,2024-12-16,4682.04,Credit Card,Belarus
4043930,1690170,2023-04-14,4180.58,Cash,Tajikistan
5569906,173580,2022-07-26,1014.55,Bank Transfer,Vanuatu
7229176,338979,2021-10-11,2003.13,Credit Card,Albania
6956868,548213,2025-03-05,3093.93,Cash,Fiji
7151768,676439,2022-01-06,1390.17,Bank Transfer,Dominican Republic
1376821,662722,2022-01-19,41.6,PayPal,Burkina Faso
6578278,1824745,2024-07-04,807.89,PayPal,Cambodia
3766919,1497764,2021-12-07,552.98,Bank Transfer,Montserrat
912686,1948832,2023-05-07,3922.27,Credit Card,Peru
255991,615653,2024-08-03,2305.19,Cash,Croatia
5937788,1493131,2023-03-17,3961.69,Bank Transfer,Nepal
728496,1557228,2021-12-02,84.0,Bank Transfer,Gabon
1275045,202820,2023-07-10,3002.98,Cash,Cuba
6584285,1497639,2022-10-06,252.03,Credit Card,Serbia
1242923,571598,2022-04-30,1224.48,Bank Transfer,Guatemala
1614847,1411945,2022-02-26,1488.2,PayPal,Estonia
3496120,1182140,2022-09-01,0.0,Cash,Fiji
1271374,434403,2022-09-08,2851.15,Credit Card,Netherlands
7824617,354086,2024-07-28,3810.47,Credit Card,Dominica
3865323,1677021,2023-09-24,3444.9,PayPal,Trinidad and Tobago
1615103,676861,2025-02-28,1396.42,Credit Card,United Kingdom
3128526,749981,2025-02-10,929.59,Credit Card,Uruguay
2130121,847718,2024-12-10,3473.7,Credit Card,Turkey
5424175,1865296,2023-05-14,0.0,PayPal,Congo
5196066,1889894,2024-01-25,4193.6,Bank Transfer,Djibouti
2543751,1842573,2024-02-10,2901.13,PayPal,Cayman Islands
2228182,1271176,2024-11-21,3841.26,Credit Card,Burundi
6461959,1909788,2022-11-05,4324.73,Credit Card,Korea
4553894,843317,2024-10-09,2882.52,Bank Transfer,Russian Federation
2965922,554199,2022-08-24,1416.34,Credit Card,Cameroon
571433,1835491,2025-06-09,3479.93,Bank Transfer,Brunei Darussalam
1963455,1014814,2024-05-31,2858.2,Cash,Guernsey
7383634,939739,2025-05-14,5467.69,Credit Card,Cote d'Ivoire
3698351,745285,2022-01-15,432.53,Cash,Zimbabwe
6694310,1802069,2025-03-19,6619.99,Credit Card,Kenya
3818842,1419672,2022-11-08,210.82,PayPal,Ethiopia
7971813,29633,2024-05-24,312.63,Credit Card,Svalbard & Jan Mayen Islands
1269511,784417,2025-01-25,556.44,Credit Card,Jersey
3919535,708129,2022-08-15,3638.16,PayPal,Norfolk Island
1326127,747145,2021-12-05,1081.14,Bank Transfer,Japan
4557318,1567996,2023-05-31,580.72,Cash,Kenya
3152016,1457447,2024-12-25,2376.65,PayPal,Mauritania
4356162,1658409,2025-06-21,3820.35,Credit Card,Madagascar
1166205,609676,2024-12-11,1007.34,PayPal,Argentina
6747511,1399278,2022-01-13,1181.49,PayPal,Nigeria
7486274,985438,2024-04-20,3790.0,Credit Card,Tuvalu
4279516,1840572,2024-09-26,963.6,Credit Card,Jordan
5675963,581810,2024-11-14,1899.35,Credit Card,Netherlands Antilles
6082468,490042,2023-12-24,384.9,Bank Transfer,Antarctica (the territory South of 60 deg S)
5500234,1955897,2023-10-16,1962.42,Cash,British Indian Ocean Territory (Chagos Archipelago)
6855520,261824,2025-04-01,78.31,PayPal,Azerbaijan
1967393,1318021,2021-10-05,255.75,PayPal,China
5890477,520587,2022-09-24,1255.2,Credit Card,Syrian Arab Republic
5396223,1391230,2025-06-24,50.28,Credit Card,Western Sahara
5149019,961877,2022-04-21,1530.6,Bank Transfer,Singapore
5459583,79384,2025-06-15,2074.4,Credit Card,New Zealand
4913463,70856,2025-04-09,2945.76,Credit Card,Sri Lanka
4880308,1585648,2022-06-10,397.84,PayPal,Vanuatu
365125,1552665,2023-04-15,2659.57,Cash,Burundi
6974286,875714,2024-12-27,0.0,Cash,Mozambique
2352375,1177138,2022-08-07,1538.67,PayPal,Switzerland
4060591,511555,2025-04-15,2200.41,Bank Transfer,Barbados
3711802,177861,2022-10-25,2738.96,Credit Card,Brazil
3594448,1235994,2024-05-07,290.66,Credit Card,Namibia
1773322,1303308,2022-06-15,2940.82,PayPal,Spain
4836250,634521,2022-01-11,365.64,Bank Transfer,Jamaica
1764733,33903,2023-09-11,1782.95,Cash,Jamaica
6397078,42097,2024-01-02,1237.56,PayPal,Ethiopia
6378370,218042,2022-07-18,54.25,Cash,Ghana
6802656,1741212,2023-06-02,2204.63,PayPal,Chile
7410580,1396823,2024-05-13,4080.14,PayPal,Bosnia and Herzegovina
608026,870387,2024-04-17,49.8,Bank Transfer,Burkina Faso
1905911,1648246,2022-03-24,1648.08,Cash,Palestinian Territory
1073867,646623,2025-03-22,1889.99,Bank Transfer,Greenland
1583039,1692244,2023-03-13,3022.77,PayPal,Chad
1125692,1752759,2024-08-25,2067.94,Cash,Tunisia
7071519,1064948,2023-02-22,2410.01,Bank Transfer,Chad
6251304,1663920,2025-01-30,2162.15,Bank Transfer,Congo
20839,1056779,2025-07-18,2038.94,Cash,Bosnia and Herzegovina
3150293,1731350,2023-08-14,1461.66,Cash,China
4916908,582249,2022-01-23,2268.59,Cash,Namibia
1342368,1088038,2022-05-10,1165.26,Cash,Liberia
5871045,908838,2022-03-08,0.0,Bank Transfer,Anguilla
173669,762660,2023-05-06,1840.6,Credit Card,Moldova
6282747,665180,2022-04-15,352.96,PayPal,Korea
5646694,484260,2022-10-04,2828.65,Cash,Chile
827521,790633,2022-11-18,1360.15,Bank Transfer,Philippines
757127,713186,2024-06-10,0.0,Cash,Tanzania
2971611,1401992,2022-03-24,904.6,PayPal,Papua New Guinea
608397,1539987,2022-12-20,2154.01,Bank Transfer,Cyprus
7681815,1328533,2021-09-29,4911.73,Cash,Christmas Island
4046657,1839680,2024-04-22,1562.32,PayPal,Poland
6520871,871177,2024-01-10,3892.86,PayPal,Algeria
4285838,1684288,2024-11-01,2387.17,PayPal,Sweden
4576187,1625902,2023-08-23,882.9,PayPal,Monaco
7913448,294010,2024-01-06,1367.54,Cash,French Southern Territories
7230658,1533557,2021-09-06,201.83,Cash,Peru
1630419,1386823,2023-04-08,415.25,Credit Card,China
2427114,840877,2021-10-08,2050.92,Credit Card,Montserrat
